{
  "type": "FeatureCollection",
  "features": [
    {
      "type": "Feature",
      "properties": {
        "NAME": "가야",
        "name": "가야",
        "color": "#ef4444",
        "fill": "#ef4444",
        "fill-opacity": 0.5,
        "stroke": "#ef4444",
        "stroke-width": 2,
        "originalType": "polygon"
      },
      "geometry": {
        "type": "Polygon",
        "coordinates": [
          [
            [
              127.8479,
              35.51822
            ],
            [
              127.8479,
              35.491371
            ],
            [
              127.8479,
              35.464512
            ],
            [
              127.8479,
              35.437645
            ],
            [
              127.8479,
              35.410768
            ],
            [
              127.8479,
              35.383882
            ],
            [
              127.8479,
              35.356988
            ],
            [
              127.836914,
              35.330084
            ],
            [
              127.836914,
              35.303172
            ],
            [
              127.836914,
              35.267275
            ],
            [
              127.825928,
              35.231362
            ],
            [
              127.825928,
              35.204416
            ],
            [
              127.825928,
              35.177462
            ],
            [
              127.825928,
              35.150499
            ],
            [
              127.825928,
              35.123527
            ],
            [
              127.825928,
              35.096546
            ],
            [
              127.836914,
              35.078554
            ],
            [
              127.836914,
              35.051558
            ],
            [
              127.8479,
              35.024553
            ],
            [
              127.858887,
              34.997539
            ],
            [
              127.880859,
              34.979525
            ],
            [
              127.902832,
              34.961507
            ],
            [
              127.946777,
              34.961507
            ],
            [
              127.990723,
              34.961507
            ],
            [
              128.023682,
              34.961507
            ],
            [
              128.045654,
              34.970517
            ],
            [
              128.111572,
              34.970517
            ],
            [
              128.144531,
              34.970517
            ],
            [
              128.17749,
              34.970517
            ],
            [
              128.210449,
              34.961507
            ],
            [
              128.243408,
              34.961507
            ],
            [
              128.276367,
              34.961507
            ],
            [
              128.309326,
              34.952496
            ],
            [
              128.353271,
              34.952496
            ],
            [
              128.397217,
              34.952496
            ],
            [
              128.430176,
              34.961507
            ],
            [
              128.463135,
              34.970517
            ],
            [
              128.496094,
              34.979525
            ],
            [
              128.518066,
              34.988533
            ],
            [
              128.551025,
              34.997539
            ],
            [
              128.594971,
              35.006545
            ],
            [
              128.62793,
              35.015549
            ],
            [
              128.649902,
              35.024553
            ],
            [
              128.660889,
              35.042557
            ],
            [
              128.693848,
              35.060557
            ],
            [
              128.704834,
              35.078554
            ],
            [
              128.737793,
              35.08755
            ],
            [
              128.748779,
              35.105541
            ],
            [
              128.781738,
              35.114534
            ],
            [
              128.803711,
              35.123527
            ],
            [
              128.825684,
              35.132519
            ],
            [
              128.847656,
              35.141509
            ],
            [
              128.869629,
              35.150499
            ],
            [
              128.902588,
              35.150499
            ],
            [
              128.935547,
              35.150499
            ],
            [
              128.968506,
              35.159488
            ],
            [
              128.990479,
              35.168475
            ],
            [
              129.012451,
              35.177462
            ],
            [
              129.04541,
              35.186448
            ],
            [
              129.078369,
              35.195433
            ],
            [
              129.100342,
              35.204416
            ],
            [
              129.122314,
              35.222381
            ],
            [
              129.144287,
              35.231362
            ],
            [
              129.16626,
              35.240341
            ],
            [
              129.188232,
              35.258298
            ],
            [
              129.221191,
              35.276251
            ],
            [
              129.243164,
              35.285225
            ],
            [
              129.25415,
              35.303172
            ],
            [
              129.276123,
              35.312144
            ],
            [
              129.298096,
              35.330084
            ],
            [
              129.320068,
              35.348021
            ],
            [
              129.342041,
              35.374919
            ],
            [
              129.364014,
              35.401807
            ],
            [
              129.375,
              35.419728
            ],
            [
              129.385986,
              35.437645
            ],
            [
              129.385986,
              35.464512
            ],
            [
              129.396973,
              35.482419
            ],
            [
              129.396973,
              35.509272
            ],
            [
              129.418945,
              35.536115
            ],
            [
              129.429932,
              35.56295
            ],
            [
              129.429932,
              35.589776
            ],
            [
              129.440918,
              35.607655
            ],
            [
              129.451904,
              35.634465
            ],
            [
              129.462891,
              35.661267
            ],
            [
              129.462891,
              35.68806
            ],
            [
              129.473877,
              35.723769
            ],
            [
              129.473877,
              35.750541
            ],
            [
              129.484863,
              35.777304
            ],
            [
              129.49585,
              35.795141
            ],
            [
              129.506836,
              35.821889
            ],
            [
              129.506836,
              35.857538
            ],
            [
              129.517822,
              35.884265
            ],
            [
              129.517822,
              35.910983
            ],
            [
              129.517822,
              35.937691
            ],
            [
              129.517822,
              35.964391
            ],
            [
              129.528809,
              35.991082
            ],
            [
              129.528809,
              36.017763
            ],
            [
              129.517822,
              36.035546
            ],
            [
              129.506836,
              36.053325
            ],
            [
              129.484863,
              36.062213
            ],
            [
              129.451904,
              36.062213
            ],
            [
              129.418945,
              36.062213
            ],
            [
              129.385986,
              36.062213
            ],
            [
              129.353027,
              36.053325
            ],
            [
              129.320068,
              36.053325
            ],
            [
              129.287109,
              36.053325
            ],
            [
              129.265137,
              36.044436
            ],
            [
              129.232178,
              36.044436
            ],
            [
              129.210205,
              36.035546
            ],
            [
              129.16626,
              36.035546
            ],
            [
              129.122314,
              36.035546
            ],
            [
              129.078369,
              36.035546
            ],
            [
              129.056396,
              36.026655
            ],
            [
              129.012451,
              36.026655
            ],
            [
              128.979492,
              36.026655
            ],
            [
              128.935547,
              36.026655
            ],
            [
              128.902588,
              36.017763
            ],
            [
              128.869629,
              36.017763
            ],
            [
              128.83667,
              36.00887
            ],
            [
              128.803711,
              36.00887
            ],
            [
              128.781738,
              35.999977
            ],
            [
              128.759766,
              35.991082
            ],
            [
              128.726807,
              35.991082
            ],
            [
              128.693848,
              35.982186
            ],
            [
              128.660889,
              35.982186
            ],
            [
              128.62793,
              35.973289
            ],
            [
              128.572998,
              35.973289
            ],
            [
              128.540039,
              35.964391
            ],
            [
              128.50708,
              35.964391
            ],
            [
              128.485107,
              35.955492
            ],
            [
              128.452148,
              35.955492
            ],
            [
              128.419189,
              35.946592
            ],
            [
              128.364258,
              35.937691
            ],
            [
              128.331299,
              35.92879
            ],
            [
              128.287354,
              35.92879
            ],
            [
              128.265381,
              35.919887
            ],
            [
              128.232422,
              35.919887
            ],
            [
              128.210449,
              35.910983
            ],
            [
              128.188477,
              35.902078
            ],
            [
              128.166504,
              35.893172
            ],
            [
              128.133545,
              35.884265
            ],
            [
              128.111572,
              35.875357
            ],
            [
              128.0896,
              35.866448
            ],
            [
              128.067627,
              35.857538
            ],
            [
              128.045654,
              35.848627
            ],
            [
              128.023682,
              35.839715
            ],
            [
              128.012695,
              35.821889
            ],
            [
              127.990723,
              35.804058
            ],
            [
              127.96875,
              35.795141
            ],
            [
              127.957764,
              35.777304
            ],
            [
              127.946777,
              35.759463
            ],
            [
              127.924805,
              35.741618
            ],
            [
              127.913818,
              35.723769
            ],
            [
              127.902832,
              35.705917
            ],
            [
              127.891846,
              35.67913
            ],
            [
              127.891846,
              35.652334
            ],
            [
              127.891846,
              35.625529
            ],
            [
              127.891846,
              35.598716
            ],
            [
              127.880859,
              35.580835
            ],
            [
              127.869873,
              35.56295
            ],
            [
              127.858887,
              35.545061
            ],
            [
              127.8479,
              35.527168
            ],
            [
              127.836914,
              35.509272
            ],
            [
              127.836914,
              35.482419
            ],
            [
              127.836914,
              35.482419
            ],
            [
              127.8479,
              35.51822
            ]
          ]
        ]
      }
    },
    {
      "type": "Feature",
      "properties": {
        "NAME": "동예",
        "name": "동예",
        "color": "#ef4444",
        "fill": "#ef4444",
        "fill-opacity": 0.5,
        "stroke": "#ef4444",
        "stroke-width": 2,
        "originalType": "polygon"
      },
      "geometry": {
        "type": "Polygon",
        "coordinates": [
          [
            [
              128.364258,
              38.55398
            ],
            [
              128.342285,
              38.545382
            ],
            [
              128.320313,
              38.528183
            ],
            [
              128.309326,
              38.510979
            ],
            [
              128.29834,
              38.493772
            ],
            [
              128.276367,
              38.485166
            ],
            [
              128.265381,
              38.467953
            ],
            [
              128.243408,
              38.450735
            ],
            [
              128.221436,
              38.433513
            ],
            [
              128.199463,
              38.416287
            ],
            [
              128.188477,
              38.399057
            ],
            [
              128.166504,
              38.39044
            ],
            [
              128.133545,
              38.373204
            ],
            [
              128.111572,
              38.364584
            ],
            [
              128.078613,
              38.355964
            ],
            [
              128.056641,
              38.347342
            ],
            [
              128.023682,
              38.347342
            ],
            [
              128.001709,
              38.338719
            ],
            [
              127.96875,
              38.338719
            ],
            [
              127.924805,
              38.338719
            ],
            [
              127.902832,
              38.330095
            ],
            [
              127.869873,
              38.330095
            ],
            [
              127.836914,
              38.321471
            ],
            [
              127.803955,
              38.321471
            ],
            [
              127.749023,
              38.312845
            ],
            [
              127.727051,
              38.304218
            ],
            [
              127.705078,
              38.29559
            ],
            [
              127.672119,
              38.286961
            ],
            [
              127.63916,
              38.278331
            ],
            [
              127.617188,
              38.2697
            ],
            [
              127.617188,
              38.243801
            ],
            [
              127.606201,
              38.22653
            ],
            [
              127.617188,
              38.209255
            ],
            [
              127.63916,
              38.191976
            ],
            [
              127.650146,
              38.166049
            ],
            [
              127.650146,
              38.140113
            ],
            [
              127.661133,
              38.122817
            ],
            [
              127.661133,
              38.096866
            ],
            [
              127.672119,
              38.07956
            ],
            [
              127.683105,
              38.044936
            ],
            [
              127.694092,
              38.018957
            ],
            [
              127.694092,
              37.992968
            ],
            [
              127.705078,
              37.966971
            ],
            [
              127.716064,
              37.940964
            ],
            [
              127.727051,
              37.914949
            ],
            [
              127.727051,
              37.888924
            ],
            [
              127.749023,
              37.871569
            ],
            [
              127.76001,
              37.854209
            ],
            [
              127.770996,
              37.836846
            ],
            [
              127.781982,
              37.819479
            ],
            [
              127.792969,
              37.802107
            ],
            [
              127.803955,
              37.784732
            ],
            [
              127.814941,
              37.767352
            ],
            [
              127.825928,
              37.749968
            ],
            [
              127.836914,
              37.73258
            ],
            [
              127.8479,
              37.706491
            ],
            [
              127.858887,
              37.671691
            ],
            [
              127.869873,
              37.654285
            ],
            [
              127.880859,
              37.628168
            ],
            [
              127.891846,
              37.610751
            ],
            [
              127.902832,
              37.584619
            ],
            [
              127.924805,
              37.558478
            ],
            [
              127.935791,
              37.541045
            ],
            [
              127.946777,
              37.514888
            ],
            [
              127.957764,
              37.497446
            ],
            [
              127.96875,
              37.462548
            ],
            [
              127.979736,
              37.445092
            ],
            [
              127.979736,
              37.41017
            ],
            [
              127.990723,
              37.392703
            ],
            [
              128.001709,
              37.366494
            ],
            [
              128.001709,
              37.331535
            ],
            [
              128.001709,
              37.305305
            ],
            [
              128.001709,
              37.270317
            ],
            [
              128.001709,
              37.244066
            ],
            [
              128.001709,
              37.217806
            ],
            [
              128.001709,
              37.174018
            ],
            [
              128.001709,
              37.147733
            ],
            [
              128.001709,
              37.121439
            ],
            [
              128.001709,
              37.086366
            ],
            [
              128.012695,
              37.068823
            ],
            [
              128.034668,
              37.060051
            ],
            [
              128.067627,
              37.060051
            ],
            [
              128.111572,
              37.060051
            ],
            [
              128.133545,
              37.068823
            ],
            [
              128.166504,
              37.068823
            ],
            [
              128.199463,
              37.077595
            ],
            [
              128.221436,
              37.086366
            ],
            [
              128.276367,
              37.086366
            ],
            [
              128.29834,
              37.095136
            ],
            [
              128.342285,
              37.095136
            ],
            [
              128.364258,
              37.103904
            ],
            [
              128.38623,
              37.121439
            ],
            [
              128.408203,
              37.130205
            ],
            [
              128.441162,
              37.138969
            ],
            [
              128.474121,
              37.147733
            ],
            [
              128.485107,
              37.165257
            ],
            [
              128.518066,
              37.174018
            ],
            [
              128.540039,
              37.182777
            ],
            [
              128.562012,
              37.191536
            ],
            [
              128.594971,
              37.191536
            ],
            [
              128.649902,
              37.191536
            ],
            [
              128.704834,
              37.191536
            ],
            [
              128.748779,
              37.191536
            ],
            [
              128.792725,
              37.191536
            ],
            [
              128.825684,
              37.191536
            ],
            [
              128.858643,
              37.191536
            ],
            [
              128.891602,
              37.191536
            ],
            [
              128.935547,
              37.200293
            ],
            [
              128.979492,
              37.200293
            ],
            [
              129.012451,
              37.200293
            ],
            [
              129.034424,
              37.20905
            ],
            [
              129.078369,
              37.20905
            ],
            [
              129.122314,
              37.20905
            ],
            [
              129.144287,
              37.217806
            ],
            [
              129.16626,
              37.22656
            ],
            [
              129.210205,
              37.22656
            ],
            [
              129.243164,
              37.235314
            ],
            [
              129.276123,
              37.235314
            ],
            [
              129.309082,
              37.244066
            ],
            [
              129.331055,
              37.261568
            ],
            [
              129.342041,
              37.279066
            ],
            [
              129.342041,
              37.305305
            ],
            [
              129.353027,
              37.322793
            ],
            [
              129.364014,
              37.349017
            ],
            [
              129.353027,
              37.366494
            ],
            [
              129.342041,
              37.383967
            ],
            [
              129.320068,
              37.401437
            ],
            [
              129.309082,
              37.418902
            ],
            [
              129.276123,
              37.436363
            ],
            [
              129.25415,
              37.453821
            ],
            [
              129.243164,
              37.471274
            ],
            [
              129.221191,
              37.479999
            ],
            [
              129.210205,
              37.497446
            ],
            [
              129.199219,
              37.514888
            ],
            [
              129.177246,
              37.523608
            ],
            [
              129.155273,
              37.549762
            ],
            [
              129.144287,
              37.567193
            ],
            [
              129.133301,
              37.584619
            ],
            [
              129.111328,
              37.602042
            ],
            [
              129.100342,
              37.61946
            ],
            [
              129.089355,
              37.636875
            ],
            [
              129.067383,
              37.662988
            ],
            [
              129.04541,
              37.689093
            ],
            [
              129.034424,
              37.715189
            ],
            [
              129.023438,
              37.73258
            ],
            [
              129.001465,
              37.749968
            ],
            [
              128.979492,
              37.784732
            ],
            [
              128.968506,
              37.810793
            ],
            [
              128.95752,
              37.828163
            ],
            [
              128.935547,
              37.845528
            ],
            [
              128.913574,
              37.862889
            ],
            [
              128.902588,
              37.880247
            ],
            [
              128.869629,
              37.906275
            ],
            [
              128.858643,
              37.932294
            ],
            [
              128.83667,
              37.958303
            ],
            [
              128.825684,
              37.975638
            ],
            [
              128.803711,
              38.001632
            ],
            [
              128.792725,
              38.027617
            ],
            [
              128.770752,
              38.044936
            ],
            [
              128.748779,
              38.070905
            ],
            [
              128.737793,
              38.096866
            ],
            [
              128.726807,
              38.122817
            ],
            [
              128.704834,
              38.140113
            ],
            [
              128.693848,
              38.157405
            ],
            [
              128.682861,
              38.183334
            ],
            [
              128.671875,
              38.200616
            ],
            [
              128.660889,
              38.22653
            ],
            [
              128.638916,
              38.243801
            ],
            [
              128.616943,
              38.278331
            ],
            [
              128.605957,
              38.29559
            ],
            [
              128.594971,
              38.312845
            ],
            [
              128.572998,
              38.338719
            ],
            [
              128.551025,
              38.364584
            ],
            [
              128.540039,
              38.381823
            ],
            [
              128.529053,
              38.399057
            ],
            [
              128.50708,
              38.424901
            ],
            [
              128.496094,
              38.442124
            ],
            [
              128.474121,
              38.459344
            ],
            [
              128.463135,
              38.47656
            ],
            [
              128.452148,
              38.493772
            ],
            [
              128.430176,
              38.510979
            ],
            [
              128.408203,
              38.519581
            ],
            [
              128.397217,
              38.536783
            ],
            [
              128.375244,
              38.545382
            ],
            [
              128.342285,
              38.545382
            ],
            [
              128.342285,
              38.545382
            ],
            [
              128.364258,
              38.55398
            ]
          ]
        ]
      }
    },
    {
      "type": "Feature",
      "properties": {
        "NAME": "예",
        "name": "예",
        "color": "#ef4444",
        "fill": "#ef4444",
        "fill-opacity": 0.5,
        "stroke": "#ef4444",
        "stroke-width": 2,
        "originalType": "polygon"
      },
      "geometry": {
        "type": "Polygon",
        "coordinates": [
          [
            [
              125.804443,
              39.682875
            ],
            [
              125.81543,
              39.674413
            ],
            [
              125.826416,
              39.670182
            ],
            [
              125.842896,
              39.665951
            ],
            [
              125.853882,
              39.661719
            ],
            [
              125.870361,
              39.657487
            ],
            [
              125.881348,
              39.653255
            ],
            [
              125.892334,
              39.649023
            ],
            [
              125.90332,
              39.64479
            ],
            [
              125.9198,
              39.640557
            ],
            [
              125.936279,
              39.636324
            ],
            [
              125.947266,
              39.632091
            ],
            [
              125.963745,
              39.627857
            ],
            [
              125.974731,
              39.623623
            ],
            [
              125.991211,
              39.619389
            ],
            [
              126.002197,
              39.615154
            ],
            [
              126.013184,
              39.606685
            ],
            [
              126.029663,
              39.593978
            ],
            [
              126.051636,
              39.581269
            ],
            [
              126.057129,
              39.572795
            ],
            [
              126.068115,
              39.568558
            ],
            [
              126.079102,
              39.560083
            ],
            [
              126.090088,
              39.555844
            ],
            [
              126.101074,
              39.547367
            ],
            [
              126.117554,
              39.538889
            ],
            [
              126.134033,
              39.53465
            ],
            [
              126.14502,
              39.52617
            ],
            [
              126.156006,
              39.52193
            ],
            [
              126.166992,
              39.513449
            ],
            [
              126.177979,
              39.504967
            ],
            [
              126.188965,
              39.496484
            ],
            [
              126.199951,
              39.483757
            ],
            [
              126.210938,
              39.471028
            ],
            [
              126.227417,
              39.458297
            ],
            [
              126.238403,
              39.445563
            ],
            [
              126.24939,
              39.437073
            ],
            [
              126.254883,
              39.428581
            ],
            [
              126.265869,
              39.420089
            ],
            [
              126.276855,
              39.411595
            ],
            [
              126.287842,
              39.398853
            ],
            [
              126.298828,
              39.394605
            ],
            [
              126.309814,
              39.386108
            ],
            [
              126.326294,
              39.373361
            ],
            [
              126.331787,
              39.364862
            ],
            [
              126.348267,
              39.360612
            ],
            [
              126.35376,
              39.352111
            ],
            [
              126.364746,
              39.343609
            ],
            [
              126.375732,
              39.335107
            ],
            [
              126.386719,
              39.330855
            ],
            [
              126.392212,
              39.32235
            ],
            [
              126.397705,
              39.313845
            ],
            [
              126.408691,
              39.309592
            ],
            [
              126.414185,
              39.301085
            ],
            [
              126.425171,
              39.288322
            ],
            [
              126.436157,
              39.279813
            ],
            [
              126.447144,
              39.271302
            ],
            [
              126.45813,
              39.262791
            ],
            [
              126.463623,
              39.254278
            ],
            [
              126.480103,
              39.241507
            ],
            [
              126.485596,
              39.232992
            ],
            [
              126.496582,
              39.220217
            ],
            [
              126.507568,
              39.211699
            ],
            [
              126.518555,
              39.19892
            ],
            [
              126.529541,
              39.1904
            ],
            [
              126.540527,
              39.181878
            ],
            [
              126.546021,
              39.173356
            ],
            [
              126.551514,
              39.164832
            ],
            [
              126.5625,
              39.156308
            ],
            [
              126.567993,
              39.147782
            ],
            [
              126.578979,
              39.134992
            ],
            [
              126.584473,
              39.126464
            ],
            [
              126.595459,
              39.117935
            ],
            [
              126.600952,
              39.105139
            ],
            [
              126.611938,
              39.088074
            ],
            [
              126.622925,
              39.075273
            ],
            [
              126.633911,
              39.066738
            ],
            [
              126.639404,
              39.053933
            ],
            [
              126.644897,
              39.045395
            ],
            [
              126.655884,
              39.041125
            ],
            [
              126.661377,
              39.028316
            ],
            [
              126.672363,
              39.011232
            ],
            [
              126.68335,
              38.998417
            ],
            [
              126.694336,
              38.989873
            ],
            [
              126.699829,
              38.981327
            ],
            [
              126.705322,
              38.97278
            ],
            [
              126.710815,
              38.959958
            ],
            [
              126.716309,
              38.951409
            ],
            [
              126.721802,
              38.942858
            ],
            [
              126.727295,
              38.925755
            ],
            [
              126.732788,
              38.917201
            ],
            [
              126.738281,
              38.904369
            ],
            [
              126.743774,
              38.891535
            ],
            [
              126.749268,
              38.874418
            ],
            [
              126.754761,
              38.861579
            ],
            [
              126.760254,
              38.853017
            ],
            [
              126.765747,
              38.844455
            ],
            [
              126.77124,
              38.827328
            ],
            [
              126.776733,
              38.814479
            ],
            [
              126.782227,
              38.805912
            ],
            [
              126.793213,
              38.797345
            ],
            [
              126.798706,
              38.788776
            ],
            [
              126.804199,
              38.77592
            ],
            [
              126.809692,
              38.763063
            ],
            [
              126.815186,
              38.750203
            ],
            [
              126.820679,
              38.737341
            ],
            [
              126.826172,
              38.728764
            ],
            [
              126.837158,
              38.711609
            ],
            [
              126.842651,
              38.70303
            ],
            [
              126.848145,
              38.69445
            ],
            [
              126.853638,
              38.681577
            ],
            [
              126.859131,
              38.668703
            ],
            [
              126.870117,
              38.660118
            ],
            [
              126.87561,
              38.642947
            ],
            [
              126.881104,
              38.621476
            ],
            [
              126.886597,
              38.612886
            ],
            [
              126.89209,
              38.604295
            ],
            [
              126.897583,
              38.595703
            ],
            [
              126.903076,
              38.578516
            ],
            [
              126.908569,
              38.56992
            ],
            [
              126.914063,
              38.561324
            ],
            [
              126.919556,
              38.544129
            ],
            [
              126.925049,
              38.53123
            ],
            [
              126.930542,
              38.522629
            ],
            [
              126.936035,
              38.514027
            ],
            [
              126.941528,
              38.505424
            ],
            [
              126.947021,
              38.49682
            ],
            [
              126.952515,
              38.483912
            ],
            [
              126.958008,
              38.475306
            ],
            [
              126.963501,
              38.466698
            ],
            [
              126.968994,
              38.45809
            ],
            [
              126.974487,
              38.44948
            ],
            [
              126.97998,
              38.44087
            ],
            [
              126.985474,
              38.432258
            ],
            [
              126.990967,
              38.423645
            ],
            [
              127.001953,
              38.415032
            ],
            [
              127.012939,
              38.410725
            ],
            [
              127.018433,
              38.402109
            ],
            [
              127.029419,
              38.393493
            ],
            [
              127.040405,
              38.384876
            ],
            [
              127.051392,
              38.376258
            ],
            [
              127.062378,
              38.363328
            ],
            [
              127.067871,
              38.354707
            ],
            [
              127.078857,
              38.346086
            ],
            [
              127.089844,
              38.341774
            ],
            [
              127.095337,
              38.333151
            ],
            [
              127.106323,
              38.328839
            ],
            [
              127.111816,
              38.320214
            ],
            [
              127.128296,
              38.311588
            ],
            [
              127.144775,
              38.302961
            ],
            [
              127.155762,
              38.298647
            ],
            [
              127.166748,
              38.294333
            ],
            [
              127.188721,
              38.290018
            ],
            [
              127.2052,
              38.285704
            ],
            [
              127.227173,
              38.281389
            ],
            [
              127.238159,
              38.277074
            ],
            [
              127.249146,
              38.272758
            ],
            [
              127.265625,
              38.268443
            ],
            [
              127.282104,
              38.264127
            ],
            [
              127.293091,
              38.25981
            ],
            [
              127.30957,
              38.25981
            ],
            [
              127.342529,
              38.255494
            ],
            [
              127.359009,
              38.251177
            ],
            [
              127.375488,
              38.24686
            ],
            [
              127.391968,
              38.24686
            ],
            [
              127.402954,
              38.242543
            ],
            [
              127.419434,
              38.242543
            ],
            [
              127.435913,
              38.242543
            ],
            [
              127.452393,
              38.242543
            ],
            [
              127.474365,
              38.251177
            ],
            [
              127.479858,
              38.25981
            ],
            [
              127.490845,
              38.268443
            ],
            [
              127.501831,
              38.272758
            ],
            [
              127.518311,
              38.285704
            ],
            [
              127.529297,
              38.294333
            ],
            [
              127.53479,
              38.302961
            ],
            [
              127.545776,
              38.307274
            ],
            [
              127.556763,
              38.311588
            ],
            [
              127.567749,
              38.315901
            ],
            [
              127.578735,
              38.320214
            ],
            [
              127.589722,
              38.324526
            ],
            [
              127.606201,
              38.324526
            ],
            [
              127.633667,
              38.328839
            ],
            [
              127.644653,
              38.333151
            ],
            [
              127.661133,
              38.337463
            ],
            [
              127.672119,
              38.346086
            ],
            [
              127.683105,
              38.350397
            ],
            [
              127.694092,
              38.354707
            ],
            [
              127.710571,
              38.354707
            ],
            [
              127.727051,
              38.354707
            ],
            [
              127.74353,
              38.359018
            ],
            [
              127.770996,
              38.363328
            ],
            [
              127.792969,
              38.371948
            ],
            [
              127.814941,
              38.371948
            ],
            [
              127.831421,
              38.371948
            ],
            [
              127.8479,
              38.376258
            ],
            [
              127.869873,
              38.380567
            ],
            [
              127.891846,
              38.384876
            ],
            [
              127.908325,
              38.389185
            ],
            [
              127.924805,
              38.393493
            ],
            [
              127.941284,
              38.402109
            ],
            [
              127.963257,
              38.410725
            ],
            [
              127.985229,
              38.415032
            ],
            [
              127.996216,
              38.423645
            ],
            [
              128.007202,
              38.427952
            ],
            [
              128.023682,
              38.432258
            ],
            [
              128.034668,
              38.436564
            ],
            [
              128.051147,
              38.436564
            ],
            [
              128.067627,
              38.44087
            ],
            [
              128.084106,
              38.445175
            ],
            [
              128.095093,
              38.44948
            ],
            [
              128.106079,
              38.453785
            ],
            [
              128.111572,
              38.462394
            ],
            [
              128.133545,
              38.466698
            ],
            [
              128.144531,
              38.475306
            ],
            [
              128.161011,
              38.479609
            ],
            [
              128.166504,
              38.488215
            ],
            [
              128.188477,
              38.492518
            ],
            [
              128.199463,
              38.501122
            ],
            [
              128.210449,
              38.505424
            ],
            [
              128.215942,
              38.514027
            ],
            [
              128.232422,
              38.522629
            ],
            [
              128.243408,
              38.53123
            ],
            [
              128.259888,
              38.539829
            ],
            [
              128.276367,
              38.552727
            ],
            [
              128.287354,
              38.557026
            ],
            [
              128.29834,
              38.561324
            ],
            [
              128.309326,
              38.565623
            ],
            [
              128.325806,
              38.574218
            ],
            [
              128.336792,
              38.582813
            ],
            [
              128.347778,
              38.591406
            ],
            [
              128.353271,
              38.599999
            ],
            [
              128.364258,
              38.608591
            ],
            [
              128.369751,
              38.617181
            ],
            [
              128.375244,
              38.630065
            ],
            [
              128.380737,
              38.64724
            ],
            [
              128.380737,
              38.664411
            ],
            [
              128.380737,
              38.677286
            ],
            [
              128.380737,
              38.690159
            ],
            [
              128.375244,
              38.69874
            ],
            [
              128.369751,
              38.70732
            ],
            [
              128.369751,
              38.720187
            ],
            [
              128.364258,
              38.728764
            ],
            [
              128.347778,
              38.737341
            ],
            [
              128.331299,
              38.745916
            ],
            [
              128.320313,
              38.75449
            ],
            [
              128.303833,
              38.758776
            ],
            [
              128.28186,
              38.763063
            ],
            [
              128.259888,
              38.763063
            ],
            [
              128.248901,
              38.767349
            ],
            [
              128.237915,
              38.771635
            ],
            [
              128.210449,
              38.77592
            ],
            [
              128.19397,
              38.780206
            ],
            [
              128.182983,
              38.784491
            ],
            [
              128.166504,
              38.788776
            ],
            [
              128.155518,
              38.797345
            ],
            [
              128.144531,
              38.805912
            ],
            [
              128.122559,
              38.818762
            ],
            [
              128.106079,
              38.827328
            ],
            [
              128.095093,
              38.83161
            ],
            [
              128.084106,
              38.840174
            ],
            [
              128.07312,
              38.853017
            ],
            [
              128.056641,
              38.870139
            ],
            [
              128.045654,
              38.882977
            ],
            [
              128.029175,
              38.891535
            ],
            [
              128.018188,
              38.900091
            ],
            [
              128.007202,
              38.908647
            ],
            [
              127.996216,
              38.921478
            ],
            [
              127.985229,
              38.934307
            ],
            [
              127.963257,
              38.951409
            ],
            [
              127.952271,
              38.959958
            ],
            [
              127.946777,
              38.968506
            ],
            [
              127.935791,
              38.981327
            ],
            [
              127.919312,
              38.989873
            ],
            [
              127.908325,
              38.998417
            ],
            [
              127.897339,
              39.002689
            ],
            [
              127.891846,
              39.011232
            ],
            [
              127.880859,
              39.019775
            ],
            [
              127.869873,
              39.028316
            ],
            [
              127.858887,
              39.041125
            ],
            [
              127.842407,
              39.053933
            ],
            [
              127.831421,
              39.06247
            ],
            [
              127.814941,
              39.075273
            ],
            [
              127.803955,
              39.088074
            ],
            [
              127.787476,
              39.100873
            ],
            [
              127.770996,
              39.105139
            ],
            [
              127.754517,
              39.11367
            ],
            [
              127.74353,
              39.117935
            ],
            [
              127.732544,
              39.122199
            ],
            [
              127.721558,
              39.126464
            ],
            [
              127.710571,
              39.130728
            ],
            [
              127.694092,
              39.139256
            ],
            [
              127.677612,
              39.143519
            ],
            [
              127.661133,
              39.152045
            ],
            [
              127.650146,
              39.156308
            ],
            [
              127.633667,
              39.164832
            ],
            [
              127.622681,
              39.169094
            ],
            [
              127.595215,
              39.173356
            ],
            [
              127.578735,
              39.177617
            ],
            [
              127.567749,
              39.181878
            ],
            [
              127.55127,
              39.186139
            ],
            [
              127.53479,
              39.19466
            ],
            [
              127.512817,
              39.19892
            ],
            [
              127.501831,
              39.20318
            ],
            [
              127.485352,
              39.20744
            ],
            [
              127.474365,
              39.215958
            ],
            [
              127.463379,
              39.224475
            ],
            [
              127.446899,
              39.232992
            ],
            [
              127.43042,
              39.245764
            ],
            [
              127.41394,
              39.258534
            ],
            [
              127.408447,
              39.267047
            ],
            [
              127.402954,
              39.275558
            ],
            [
              127.402954,
              39.288322
            ],
            [
              127.408447,
              39.305338
            ],
            [
              127.424927,
              39.318098
            ],
            [
              127.435913,
              39.32235
            ],
            [
              127.446899,
              39.326603
            ],
            [
              127.457886,
              39.330855
            ],
            [
              127.468872,
              39.335107
            ],
            [
              127.479858,
              39.339358
            ],
            [
              127.490845,
              39.343609
            ],
            [
              127.501831,
              39.34786
            ],
            [
              127.512817,
              39.360612
            ],
            [
              127.518311,
              39.369112
            ],
            [
              127.529297,
              39.37761
            ],
            [
              127.53479,
              39.390357
            ],
            [
              127.540283,
              39.4031
            ],
            [
              127.540283,
              39.428581
            ],
            [
              127.540283,
              39.445563
            ],
            [
              127.545776,
              39.462541
            ],
            [
              127.545776,
              39.471028
            ],
            [
              127.545776,
              39.496484
            ],
            [
              127.545776,
              39.509208
            ],
            [
              127.540283,
              39.52617
            ],
            [
              127.540283,
              39.538889
            ],
            [
              127.540283,
              39.551606
            ],
            [
              127.53479,
              39.568558
            ],
            [
              127.529297,
              39.585506
            ],
            [
              127.529297,
              39.602449
            ],
            [
              127.529297,
              39.615154
            ],
            [
              127.529297,
              39.632091
            ],
            [
              127.529297,
              39.64479
            ],
            [
              127.529297,
              39.657487
            ],
            [
              127.529297,
              39.670182
            ],
            [
              127.53479,
              39.682875
            ],
            [
              127.53479,
              39.695565
            ],
            [
              127.53479,
              39.712482
            ],
            [
              127.540283,
              39.720938
            ],
            [
              127.545776,
              39.729394
            ],
            [
              127.55127,
              39.737849
            ],
            [
              127.556763,
              39.746302
            ],
            [
              127.567749,
              39.754755
            ],
            [
              127.573242,
              39.763207
            ],
            [
              127.578735,
              39.771657
            ],
            [
              127.589722,
              39.775882
            ],
            [
              127.595215,
              39.784331
            ],
            [
              127.606201,
              39.788555
            ],
            [
              127.617188,
              39.792779
            ],
            [
              127.628174,
              39.797003
            ],
            [
              127.63916,
              39.801226
            ],
            [
              127.65564,
              39.809672
            ],
            [
              127.666626,
              39.813894
            ],
            [
              127.677612,
              39.818117
            ],
            [
              127.688599,
              39.82656
            ],
            [
              127.694092,
              39.843445
            ],
            [
              127.705078,
              39.851886
            ],
            [
              127.710571,
              39.868764
            ],
            [
              127.710571,
              39.88142
            ],
            [
              127.710571,
              39.902508
            ],
            [
              127.705078,
              39.915158
            ],
            [
              127.699585,
              39.92359
            ],
            [
              127.688599,
              39.936235
            ],
            [
              127.677612,
              39.944665
            ],
            [
              127.666626,
              39.953093
            ],
            [
              127.63916,
              39.96152
            ],
            [
              127.611694,
              39.969946
            ],
            [
              127.584229,
              39.978371
            ],
            [
              127.55127,
              39.986795
            ],
            [
              127.512817,
              39.995218
            ],
            [
              127.474365,
              40.00364
            ],
            [
              127.435913,
              40.007851
            ],
            [
              127.408447,
              40.012061
            ],
            [
              127.380981,
              40.012061
            ],
            [
              127.359009,
              40.016272
            ],
            [
              127.331543,
              40.016272
            ],
            [
              127.298584,
              40.016272
            ],
            [
              127.271118,
              40.016272
            ],
            [
              127.243652,
              40.012061
            ],
            [
              127.216187,
              40.012061
            ],
            [
              127.188721,
              40.007851
            ],
            [
              127.161255,
              40.00364
            ],
            [
              127.133789,
              39.99943
            ],
            [
              127.095337,
              39.995218
            ],
            [
              127.056885,
              39.995218
            ],
            [
              127.018433,
              39.995218
            ],
            [
              126.97998,
              39.995218
            ],
            [
              126.947021,
              39.995218
            ],
            [
              126.914063,
              39.991007
            ],
            [
              126.881104,
              39.991007
            ],
            [
              126.848145,
              39.986795
            ],
            [
              126.815186,
              39.982584
            ],
            [
              126.782227,
              39.982584
            ],
            [
              126.754761,
              39.982584
            ],
            [
              126.721802,
              39.978371
            ],
            [
              126.688843,
              39.974159
            ],
            [
              126.655884,
              39.969946
            ],
            [
              126.622925,
              39.965733
            ],
            [
              126.589966,
              39.96152
            ],
            [
              126.557007,
              39.957307
            ],
            [
              126.524048,
              39.953093
            ],
            [
              126.485596,
              39.948879
            ],
            [
              126.44165,
              39.94045
            ],
            [
              126.403198,
              39.936235
            ],
            [
              126.364746,
              39.92359
            ],
            [
              126.331787,
              39.915158
            ],
            [
              126.304321,
              39.910941
            ],
            [
              126.282349,
              39.906725
            ],
            [
              126.260376,
              39.898291
            ],
            [
              126.238403,
              39.889856
            ],
            [
              126.210938,
              39.885638
            ],
            [
              126.188965,
              39.877201
            ],
            [
              126.166992,
              39.872983
            ],
            [
              126.14502,
              39.868764
            ],
            [
              126.123047,
              39.860325
            ],
            [
              126.101074,
              39.856106
            ],
            [
              126.079102,
              39.847665
            ],
            [
              126.062622,
              39.843445
            ],
            [
              126.046143,
              39.835003
            ],
            [
              126.035156,
              39.830782
            ],
            [
              126.018677,
              39.82656
            ],
            [
              126.002197,
              39.822339
            ],
            [
              125.985718,
              39.813894
            ],
            [
              125.963745,
              39.809672
            ],
            [
              125.941772,
              39.801226
            ],
            [
              125.930786,
              39.797003
            ],
            [
              125.9198,
              39.792779
            ],
            [
              125.90332,
              39.788555
            ],
            [
              125.892334,
              39.784331
            ],
            [
              125.875854,
              39.775882
            ],
            [
              125.864868,
              39.767432
            ],
            [
              125.853882,
              39.758981
            ],
            [
              125.842896,
              39.750529
            ],
            [
              125.831909,
              39.742076
            ],
            [
              125.820923,
              39.729394
            ],
            [
              125.81543,
              39.720938
            ],
            [
              125.809937,
              39.712482
            ],
            [
              125.804443,
              39.699794
            ],
            [
              125.804443,
              39.687105
            ],
            [
              125.820923,
              39.682875
            ],
            [
              125.831909,
              39.687105
            ],
            [
              125.837402,
              39.687105
            ],
            [
              125.804443,
              39.682875
            ]
          ]
        ]
      }
    },
    {
      "type": "Feature",
      "properties": {
        "NAME": "동부여",
        "name": "동부여",
        "color": "#ef4444",
        "fill": "#ef4444",
        "fill-opacity": 0.5,
        "stroke": "#ef4444",
        "stroke-width": 2,
        "originalType": "polygon"
      },
      "geometry": {
        "type": "Polygon",
        "coordinates": [
          [
            [
              128.056641,
              45.528581
            ],
            [
              128.232422,
              45.774502
            ],
            [
              128.232422,
              45.958235
            ],
            [
              128.320313,
              46.14136
            ],
            [
              128.408203,
              46.323878
            ],
            [
              128.496094,
              46.50579
            ],
            [
              128.583984,
              46.626727
            ],
            [
              128.583984,
              46.807627
            ],
            [
              128.583984,
              46.987921
            ],
            [
              128.671875,
              47.167609
            ],
            [
              128.759766,
              47.287064
            ],
            [
              128.847656,
              47.40625
            ],
            [
              128.935547,
              47.525167
            ],
            [
              129.199219,
              47.643816
            ],
            [
              129.375,
              47.703039
            ],
            [
              129.550781,
              47.762195
            ],
            [
              129.726563,
              47.821284
            ],
            [
              129.902344,
              47.880305
            ],
            [
              130.078125,
              47.93926
            ],
            [
              130.341797,
              47.998147
            ],
            [
              130.605469,
              47.998147
            ],
            [
              130.869141,
              47.998147
            ],
            [
              131.132813,
              48.056967
            ],
            [
              131.396484,
              47.998147
            ],
            [
              131.660156,
              47.998147
            ],
            [
              132.011719,
              47.93926
            ],
            [
              132.363281,
              47.880305
            ],
            [
              132.626953,
              47.821284
            ],
            [
              132.802734,
              47.703039
            ],
            [
              132.978516,
              47.643816
            ],
            [
              133.242188,
              47.525167
            ],
            [
              133.417969,
              47.465743
            ],
            [
              133.59375,
              47.40625
            ],
            [
              133.681641,
              47.287064
            ],
            [
              133.769531,
              47.167609
            ],
            [
              133.769531,
              46.987921
            ],
            [
              133.857422,
              46.867792
            ],
            [
              133.769531,
              46.747394
            ],
            [
              133.769531,
              46.566292
            ],
            [
              133.681641,
              46.384583
            ],
            [
              133.59375,
              46.263106
            ],
            [
              133.59375,
              46.080386
            ],
            [
              133.417969,
              45.958235
            ],
            [
              133.330078,
              45.835814
            ],
            [
              133.154297,
              45.713123
            ],
            [
              132.978516,
              45.651677
            ],
            [
              132.802734,
              45.590162
            ],
            [
              132.626953,
              45.528581
            ],
            [
              132.451172,
              45.466932
            ],
            [
              132.1875,
              45.466932
            ],
            [
              131.923828,
              45.466932
            ],
            [
              131.748047,
              45.405215
            ],
            [
              131.484375,
              45.405215
            ],
            [
              131.220703,
              45.405215
            ],
            [
              130.957031,
              45.405215
            ],
            [
              130.78125,
              45.343431
            ],
            [
              130.517578,
              45.343431
            ],
            [
              130.253906,
              45.343431
            ],
            [
              129.902344,
              45.343431
            ],
            [
              129.638672,
              45.343431
            ],
            [
              129.375,
              45.343431
            ],
            [
              129.111328,
              45.343431
            ],
            [
              128.847656,
              45.343431
            ],
            [
              128.583984,
              45.343431
            ],
            [
              128.408203,
              45.405215
            ],
            [
              128.232422,
              45.528581
            ],
            [
              128.056641,
              45.590162
            ],
            [
              128.056641,
              45.774502
            ],
            [
              128.144531,
              45.835814
            ],
            [
              128.056641,
              45.528581
            ]
          ]
        ]
      }
    },
    {
      "type": "Feature",
      "properties": {
        "NAME": "북부여",
        "name": "북부여",
        "color": "#ef4444",
        "fill": "#ef4444",
        "fill-opacity": 0.5,
        "stroke": "#ef4444",
        "stroke-width": 2,
        "originalType": "polygon"
      },
      "geometry": {
        "type": "Polygon",
        "coordinates": [
          [
            [
              121.816406,
              44.471366
            ],
            [
              122.080078,
              44.534095
            ],
            [
              122.34375,
              44.596757
            ],
            [
              122.607422,
              44.721877
            ],
            [
              122.871094,
              44.784337
            ],
            [
              122.958984,
              44.909052
            ],
            [
              123.134766,
              44.971309
            ],
            [
              123.310547,
              45.033498
            ],
            [
              123.574219,
              45.09562
            ],
            [
              123.837891,
              45.09562
            ],
            [
              124.101563,
              45.09562
            ],
            [
              124.365234,
              45.09562
            ],
            [
              124.628906,
              45.09562
            ],
            [
              124.804688,
              45.157674
            ],
            [
              125.068359,
              45.157674
            ],
            [
              125.244141,
              45.21966
            ],
            [
              125.419922,
              45.281579
            ],
            [
              125.595703,
              45.343431
            ],
            [
              125.771484,
              45.405215
            ],
            [
              126.035156,
              45.405215
            ],
            [
              126.298828,
              45.405215
            ],
            [
              126.5625,
              45.466932
            ],
            [
              126.826172,
              45.466932
            ],
            [
              127.089844,
              45.466932
            ],
            [
              127.353516,
              45.466932
            ],
            [
              127.441406,
              45.590162
            ],
            [
              127.617188,
              45.713123
            ],
            [
              127.792969,
              45.835814
            ],
            [
              127.880859,
              45.958235
            ],
            [
              127.96875,
              46.080386
            ],
            [
              128.144531,
              46.202267
            ],
            [
              128.232422,
              46.384583
            ],
            [
              128.320313,
              46.50579
            ],
            [
              128.408203,
              46.626727
            ],
            [
              128.496094,
              46.747394
            ],
            [
              128.583984,
              46.867792
            ],
            [
              128.583984,
              47.047884
            ],
            [
              128.583984,
              47.22737
            ],
            [
              128.671875,
              47.346691
            ],
            [
              128.671875,
              47.525167
            ],
            [
              128.759766,
              47.643816
            ],
            [
              128.759766,
              47.821284
            ],
            [
              128.847656,
              47.93926
            ],
            [
              128.935547,
              48.056967
            ],
            [
              128.935547,
              48.233025
            ],
            [
              128.935547,
              48.408479
            ],
            [
              128.847656,
              48.525114
            ],
            [
              128.671875,
              48.64148
            ],
            [
              128.583984,
              48.757578
            ],
            [
              128.408203,
              48.815527
            ],
            [
              128.232422,
              48.931224
            ],
            [
              128.056641,
              48.988972
            ],
            [
              127.880859,
              49.046654
            ],
            [
              127.617188,
              49.104268
            ],
            [
              127.265625,
              49.104268
            ],
            [
              126.914063,
              49.161816
            ],
            [
              126.5625,
              49.161816
            ],
            [
              126.210938,
              49.161816
            ],
            [
              125.859375,
              49.161816
            ],
            [
              125.595703,
              49.161816
            ],
            [
              125.332031,
              49.161816
            ],
            [
              125.15625,
              49.104268
            ],
            [
              124.804688,
              49.104268
            ],
            [
              124.628906,
              49.046654
            ],
            [
              124.453125,
              48.988972
            ],
            [
              124.013672,
              48.988972
            ],
            [
              123.75,
              48.931224
            ],
            [
              123.398438,
              48.873409
            ],
            [
              123.046875,
              48.815527
            ],
            [
              122.695313,
              48.815527
            ],
            [
              122.34375,
              48.757578
            ],
            [
              122.080078,
              48.757578
            ],
            [
              121.728516,
              48.699563
            ],
            [
              121.464844,
              48.64148
            ],
            [
              121.025391,
              48.58333
            ],
            [
              120.849609,
              48.525114
            ],
            [
              120.585938,
              48.46683
            ],
            [
              120.322266,
              48.408479
            ],
            [
              120.146484,
              48.350062
            ],
            [
              119.882813,
              48.291577
            ],
            [
              119.707031,
              48.233025
            ],
            [
              119.53125,
              48.11572
            ],
            [
              119.267578,
              47.998147
            ],
            [
              119.091797,
              47.93926
            ],
            [
              119.003906,
              47.821284
            ],
            [
              118.828125,
              47.643816
            ],
            [
              118.652344,
              47.525167
            ],
            [
              118.564453,
              47.40625
            ],
            [
              118.564453,
              47.167609
            ],
            [
              118.564453,
              46.987921
            ],
            [
              118.652344,
              46.867792
            ],
            [
              118.740234,
              46.626727
            ],
            [
              118.740234,
              46.44522
            ],
            [
              118.828125,
              46.323878
            ],
            [
              118.916016,
              46.14136
            ],
            [
              119.091797,
              46.019344
            ],
            [
              119.179688,
              45.835814
            ],
            [
              119.355469,
              45.713123
            ],
            [
              119.53125,
              45.590162
            ],
            [
              119.619141,
              45.466932
            ],
            [
              119.794922,
              45.343431
            ],
            [
              119.970703,
              45.21966
            ],
            [
              120.146484,
              45.09562
            ],
            [
              120.322266,
              45.033498
            ],
            [
              120.585938,
              45.033498
            ],
            [
              120.849609,
              45.033498
            ],
            [
              121.025391,
              44.909052
            ],
            [
              121.201172,
              44.846728
            ],
            [
              121.376953,
              44.721877
            ],
            [
              121.552734,
              44.659351
            ],
            [
              121.728516,
              44.596757
            ],
            [
              121.904297,
              44.534095
            ],
            [
              122.167969,
              44.534095
            ],
            [
              122.255859,
              44.534095
            ],
            [
              121.816406,
              44.471366
            ]
          ]
        ]
      }
    },
    {
      "type": "Feature",
      "properties": {
        "NAME": "고구려",
        "name": "고구려",
        "color": "#ef4444",
        "fill": "#ef4444",
        "fill-opacity": 0.5,
        "stroke": "#ef4444",
        "stroke-width": 2,
        "originalType": "polygon"
      },
      "geometry": {
        "type": "Polygon",
        "coordinates": [
          [
            [
              125.617676,
              39.609864
            ],
            [
              125.661621,
              39.575976
            ],
            [
              125.705566,
              39.542072
            ],
            [
              125.749512,
              39.525113
            ],
            [
              125.793457,
              39.508151
            ],
            [
              125.837402,
              39.491184
            ],
            [
              125.881348,
              39.474214
            ],
            [
              125.925293,
              39.457239
            ],
            [
              125.991211,
              39.457239
            ],
            [
              126.035156,
              39.44026
            ],
            [
              126.079102,
              39.423276
            ],
            [
              126.14502,
              39.372302
            ],
            [
              126.166992,
              39.338298
            ],
            [
              126.210938,
              39.304278
            ],
            [
              126.23291,
              39.270241
            ],
            [
              126.276855,
              39.236188
            ],
            [
              126.298828,
              39.202118
            ],
            [
              126.320801,
              39.168032
            ],
            [
              126.342773,
              39.133929
            ],
            [
              126.386719,
              39.09981
            ],
            [
              126.408691,
              39.065674
            ],
            [
              126.452637,
              39.0486
            ],
            [
              126.474609,
              39.014439
            ],
            [
              126.540527,
              38.980262
            ],
            [
              126.584473,
              38.946068
            ],
            [
              126.606445,
              38.911858
            ],
            [
              126.628418,
              38.860511
            ],
            [
              126.672363,
              38.82626
            ],
            [
              126.694336,
              38.774852
            ],
            [
              126.716309,
              38.740559
            ],
            [
              126.738281,
              38.70625
            ],
            [
              126.760254,
              38.654756
            ],
            [
              126.782227,
              38.620405
            ],
            [
              126.804199,
              38.586039
            ],
            [
              126.804199,
              38.534458
            ],
            [
              126.826172,
              38.50005
            ],
            [
              126.870117,
              38.465625
            ],
            [
              126.870117,
              38.413958
            ],
            [
              126.89209,
              38.379493
            ],
            [
              126.89209,
              38.327764
            ],
            [
              126.870117,
              38.293257
            ],
            [
              126.848145,
              38.258734
            ],
            [
              126.804199,
              38.224195
            ],
            [
              126.760254,
              38.206919
            ],
            [
              126.716309,
              38.172355
            ],
            [
              126.694336,
              38.137775
            ],
            [
              126.672363,
              38.103178
            ],
            [
              126.650391,
              38.068565
            ],
            [
              126.606445,
              38.033936
            ],
            [
              126.584473,
              37.99929
            ],
            [
              126.518555,
              37.981961
            ],
            [
              126.452637,
              37.981961
            ],
            [
              126.408691,
              37.964628
            ],
            [
              126.342773,
              37.964628
            ],
            [
              126.276855,
              37.964628
            ],
            [
              126.188965,
              37.94729
            ],
            [
              126.123047,
              37.94729
            ],
            [
              126.057129,
              37.94729
            ],
            [
              126.013184,
              37.929949
            ],
            [
              125.969238,
              37.912604
            ],
            [
              125.90332,
              37.895254
            ],
            [
              125.837402,
              37.895254
            ],
            [
              125.793457,
              37.8779
            ],
            [
              125.705566,
              37.8779
            ],
            [
              125.639648,
              37.860543
            ],
            [
              125.57373,
              37.843181
            ],
            [
              125.529785,
              37.825815
            ],
            [
              125.48584,
              37.808445
            ],
            [
              125.441895,
              37.773693
            ],
            [
              125.332031,
              37.773693
            ],
            [
              125.266113,
              37.773693
            ],
            [
              125.15625,
              37.791071
            ],
            [
              125.090332,
              37.825815
            ],
            [
              125.024414,
              37.860543
            ],
            [
              124.980469,
              37.895254
            ],
            [
              124.958496,
              37.929949
            ],
            [
              124.914551,
              37.964628
            ],
            [
              124.892578,
              37.99929
            ],
            [
              124.848633,
              38.051253
            ],
            [
              124.82666,
              38.085874
            ],
            [
              124.782715,
              38.120479
            ],
            [
              124.782715,
              38.172355
            ],
            [
              124.782715,
              38.241467
            ],
            [
              124.804688,
              38.293257
            ],
            [
              124.82666,
              38.327764
            ],
            [
              124.870605,
              38.396727
            ],
            [
              124.892578,
              38.448407
            ],
            [
              124.914551,
              38.48284
            ],
            [
              124.936523,
              38.534458
            ],
            [
              124.958496,
              38.568849
            ],
            [
              124.980469,
              38.620405
            ],
            [
              125.002441,
              38.654756
            ],
            [
              125.024414,
              38.689089
            ],
            [
              125.024414,
              38.740559
            ],
            [
              125.046387,
              38.774852
            ],
            [
              125.068359,
              38.860511
            ],
            [
              125.090332,
              38.894746
            ],
            [
              125.090332,
              38.946068
            ],
            [
              125.112305,
              38.980262
            ],
            [
              125.134277,
              39.0486
            ],
            [
              125.15625,
              39.116871
            ],
            [
              125.15625,
              39.185077
            ],
            [
              125.15625,
              39.236188
            ],
            [
              125.178223,
              39.304278
            ],
            [
              125.178223,
              39.372302
            ],
            [
              125.178223,
              39.423276
            ],
            [
              125.178223,
              39.474214
            ],
            [
              125.15625,
              39.508151
            ],
            [
              125.134277,
              39.542072
            ],
            [
              125.090332,
              39.575976
            ],
            [
              125.046387,
              39.592922
            ],
            [
              125.002441,
              39.609864
            ],
            [
              124.958496,
              39.626801
            ],
            [
              124.892578,
              39.660664
            ],
            [
              124.782715,
              39.677589
            ],
            [
              124.716797,
              39.677589
            ],
            [
              124.628906,
              39.677589
            ],
            [
              124.541016,
              39.677589
            ],
            [
              124.475098,
              39.677589
            ],
            [
              124.40918,
              39.677589
            ],
            [
              124.321289,
              39.677589
            ],
            [
              124.233398,
              39.677589
            ],
            [
              124.145508,
              39.677589
            ],
            [
              124.07959,
              39.677589
            ],
            [
              124.035645,
              39.660664
            ],
            [
              123.969727,
              39.660664
            ],
            [
              123.881836,
              39.660664
            ],
            [
              123.815918,
              39.660664
            ],
            [
              123.728027,
              39.660664
            ],
            [
              123.662109,
              39.643735
            ],
            [
              123.596191,
              39.643735
            ],
            [
              123.530273,
              39.626801
            ],
            [
              123.464355,
              39.626801
            ],
            [
              123.398438,
              39.626801
            ],
            [
              123.354492,
              39.609864
            ],
            [
              123.288574,
              39.643735
            ],
            [
              123.222656,
              39.69451
            ],
            [
              123.156738,
              39.745249
            ],
            [
              123.134766,
              39.79595
            ],
            [
              123.112793,
              39.846613
            ],
            [
              123.09082,
              39.897239
            ],
            [
              123.09082,
              39.981533
            ],
            [
              123.09082,
              40.048894
            ],
            [
              123.068848,
              40.116188
            ],
            [
              123.068848,
              40.183415
            ],
            [
              123.046875,
              40.233792
            ],
            [
              123.046875,
              40.31767
            ],
            [
              123.046875,
              40.367947
            ],
            [
              123.046875,
              40.434925
            ],
            [
              123.046875,
              40.501836
            ],
            [
              123.024902,
              40.535266
            ],
            [
              123.00293,
              40.585381
            ],
            [
              122.958984,
              40.635458
            ],
            [
              122.937012,
              40.702169
            ],
            [
              122.915039,
              40.735499
            ],
            [
              122.893066,
              40.768813
            ],
            [
              122.871094,
              40.818752
            ],
            [
              122.849121,
              40.852024
            ],
            [
              122.827148,
              40.88528
            ],
            [
              122.805176,
              40.918518
            ],
            [
              122.783203,
              40.968345
            ],
            [
              122.76123,
              41.034722
            ],
            [
              122.739258,
              41.084461
            ],
            [
              122.695313,
              41.134162
            ],
            [
              122.67334,
              41.183826
            ],
            [
              122.651367,
              41.216914
            ],
            [
              122.629395,
              41.249985
            ],
            [
              122.607422,
              41.299561
            ],
            [
              122.607422,
              41.349099
            ],
            [
              122.585449,
              41.431579
            ],
            [
              122.585449,
              41.481016
            ],
            [
              122.585449,
              41.546875
            ],
            [
              122.585449,
              41.596224
            ],
            [
              122.585449,
              41.661965
            ],
            [
              122.585449,
              41.711227
            ],
            [
              122.563477,
              41.776851
            ],
            [
              122.541504,
              41.842407
            ],
            [
              122.541504,
              41.891531
            ],
            [
              122.541504,
              41.95697
            ],
            [
              122.541504,
              42.022342
            ],
            [
              122.519531,
              42.071327
            ],
            [
              122.497559,
              42.136581
            ],
            [
              122.497559,
              42.185478
            ],
            [
              122.497559,
              42.234337
            ],
            [
              122.497559,
              42.283158
            ],
            [
              122.475586,
              42.315684
            ],
            [
              122.475586,
              42.364443
            ],
            [
              122.453613,
              42.396927
            ],
            [
              122.431641,
              42.429395
            ],
            [
              122.387695,
              42.478065
            ],
            [
              122.365723,
              42.51049
            ],
            [
              122.321777,
              42.559097
            ],
            [
              122.299805,
              42.591481
            ],
            [
              122.255859,
              42.623848
            ],
            [
              122.233887,
              42.656198
            ],
            [
              122.189941,
              42.704691
            ],
            [
              122.167969,
              42.736999
            ],
            [
              122.145996,
              42.801564
            ],
            [
              122.145996,
              42.849944
            ],
            [
              122.145996,
              42.914391
            ],
            [
              122.145996,
              42.962683
            ],
            [
              122.145996,
              43.027013
            ],
            [
              122.124023,
              43.075216
            ],
            [
              122.124023,
              43.123381
            ],
            [
              122.145996,
              43.15547
            ],
            [
              122.145996,
              43.203572
            ],
            [
              122.167969,
              43.251636
            ],
            [
              122.167969,
              43.299662
            ],
            [
              122.189941,
              43.331659
            ],
            [
              122.211914,
              43.395601
            ],
            [
              122.233887,
              43.443514
            ],
            [
              122.255859,
              43.507338
            ],
            [
              122.277832,
              43.539225
            ],
            [
              122.299805,
              43.571095
            ],
            [
              122.321777,
              43.634784
            ],
            [
              122.34375,
              43.682507
            ],
            [
              122.365723,
              43.714301
            ],
            [
              122.365723,
              43.761961
            ],
            [
              122.387695,
              43.793713
            ],
            [
              122.387695,
              43.857167
            ],
            [
              122.409668,
              43.888868
            ],
            [
              122.409668,
              43.95222
            ],
            [
              122.409668,
              43.99969
            ],
            [
              122.409668,
              44.047122
            ],
            [
              122.409668,
              44.094516
            ],
            [
              122.387695,
              44.126091
            ],
            [
              122.387695,
              44.173422
            ],
            [
              122.365723,
              44.220715
            ],
            [
              122.365723,
              44.26797
            ],
            [
              122.387695,
              44.299452
            ],
            [
              122.409668,
              44.362366
            ],
            [
              122.409668,
              44.409507
            ],
            [
              122.431641,
              44.440913
            ],
            [
              122.453613,
              44.472303
            ],
            [
              122.497559,
              44.503675
            ],
            [
              122.563477,
              44.535031
            ],
            [
              122.607422,
              44.550702
            ],
            [
              122.651367,
              44.582032
            ],
            [
              122.695313,
              44.613346
            ],
            [
              122.739258,
              44.628996
            ],
            [
              122.805176,
              44.644642
            ],
            [
              122.849121,
              44.660284
            ],
            [
              122.893066,
              44.675922
            ],
            [
              122.937012,
              44.707185
            ],
            [
              123.00293,
              44.72281
            ],
            [
              123.046875,
              44.738431
            ],
            [
              123.112793,
              44.754048
            ],
            [
              123.178711,
              44.76966
            ],
            [
              123.244629,
              44.785268
            ],
            [
              123.288574,
              44.800872
            ],
            [
              123.33252,
              44.816472
            ],
            [
              123.376465,
              44.832067
            ],
            [
              123.442383,
              44.847659
            ],
            [
              123.508301,
              44.847659
            ],
            [
              123.552246,
              44.863246
            ],
            [
              123.618164,
              44.863246
            ],
            [
              123.706055,
              44.878829
            ],
            [
              123.771973,
              44.878829
            ],
            [
              123.881836,
              44.878829
            ],
            [
              123.991699,
              44.894407
            ],
            [
              124.101563,
              44.909982
            ],
            [
              124.189453,
              44.909982
            ],
            [
              124.277344,
              44.925552
            ],
            [
              124.365234,
              44.925552
            ],
            [
              124.431152,
              44.941118
            ],
            [
              124.519043,
              44.95668
            ],
            [
              124.584961,
              44.95668
            ],
            [
              124.672852,
              44.972238
            ],
            [
              124.73877,
              44.972238
            ],
            [
              124.804688,
              44.987791
            ],
            [
              124.870605,
              44.987791
            ],
            [
              124.914551,
              45.00334
            ],
            [
              124.980469,
              45.00334
            ],
            [
              125.068359,
              45.018885
            ],
            [
              125.15625,
              45.034426
            ],
            [
              125.222168,
              45.034426
            ],
            [
              125.266113,
              45.049962
            ],
            [
              125.310059,
              45.065494
            ],
            [
              125.419922,
              45.081022
            ],
            [
              125.529785,
              45.096546
            ],
            [
              125.595703,
              45.112066
            ],
            [
              125.661621,
              45.127581
            ],
            [
              125.749512,
              45.158599
            ],
            [
              125.837402,
              45.174102
            ],
            [
              125.947266,
              45.205095
            ],
            [
              126.013184,
              45.220585
            ],
            [
              126.057129,
              45.236071
            ],
            [
              126.101074,
              45.251552
            ],
            [
              126.188965,
              45.26703
            ],
            [
              126.23291,
              45.282503
            ],
            [
              126.320801,
              45.282503
            ],
            [
              126.386719,
              45.297972
            ],
            [
              126.430664,
              45.313437
            ],
            [
              126.496582,
              45.313437
            ],
            [
              126.584473,
              45.328897
            ],
            [
              126.650391,
              45.328897
            ],
            [
              126.694336,
              45.344354
            ],
            [
              126.760254,
              45.344354
            ],
            [
              126.848145,
              45.359806
            ],
            [
              126.914063,
              45.375254
            ],
            [
              126.97998,
              45.375254
            ],
            [
              127.067871,
              45.375254
            ],
            [
              127.155762,
              45.390697
            ],
            [
              127.243652,
              45.390697
            ],
            [
              127.30957,
              45.390697
            ],
            [
              127.419434,
              45.375254
            ],
            [
              127.485352,
              45.359806
            ],
            [
              127.55127,
              45.359806
            ],
            [
              127.63916,
              45.328897
            ],
            [
              127.683105,
              45.313437
            ],
            [
              127.749023,
              45.313437
            ],
            [
              127.814941,
              45.297972
            ],
            [
              127.880859,
              45.282503
            ],
            [
              127.96875,
              45.282503
            ],
            [
              128.056641,
              45.282503
            ],
            [
              128.122559,
              45.282503
            ],
            [
              128.188477,
              45.26703
            ],
            [
              128.254395,
              45.26703
            ],
            [
              128.342285,
              45.282503
            ],
            [
              128.408203,
              45.282503
            ],
            [
              128.474121,
              45.297972
            ],
            [
              128.540039,
              45.282503
            ],
            [
              128.693848,
              45.251552
            ],
            [
              128.825684,
              45.205095
            ],
            [
              128.913574,
              45.189601
            ],
            [
              128.95752,
              45.174102
            ],
            [
              129.067383,
              45.174102
            ],
            [
              129.177246,
              45.189601
            ],
            [
              129.287109,
              45.189601
            ],
            [
              129.396973,
              45.189601
            ],
            [
              129.462891,
              45.205095
            ],
            [
              129.528809,
              45.205095
            ],
            [
              129.594727,
              45.220585
            ],
            [
              129.682617,
              45.220585
            ],
            [
              129.79248,
              45.236071
            ],
            [
              129.858398,
              45.251552
            ],
            [
              129.946289,
              45.251552
            ],
            [
              130.03418,
              45.251552
            ],
            [
              130.12207,
              45.251552
            ],
            [
              130.187988,
              45.251552
            ],
            [
              130.253906,
              45.251552
            ],
            [
              130.319824,
              45.251552
            ],
            [
              130.407715,
              45.251552
            ],
            [
              130.473633,
              45.251552
            ],
            [
              130.561523,
              45.251552
            ],
            [
              130.649414,
              45.251552
            ],
            [
              130.759277,
              45.236071
            ],
            [
              130.847168,
              45.236071
            ],
            [
              130.913086,
              45.236071
            ],
            [
              131.000977,
              45.236071
            ],
            [
              131.11084,
              45.236071
            ],
            [
              131.176758,
              45.236071
            ],
            [
              131.242676,
              45.236071
            ],
            [
              131.308594,
              45.236071
            ],
            [
              131.352539,
              45.251552
            ],
            [
              131.462402,
              45.26703
            ],
            [
              131.52832,
              45.26703
            ],
            [
              131.594238,
              45.26703
            ],
            [
              131.682129,
              45.282503
            ],
            [
              131.791992,
              45.297972
            ],
            [
              131.879883,
              45.297972
            ],
            [
              131.945801,
              45.297972
            ],
            [
              132.033691,
              45.297972
            ],
            [
              132.099609,
              45.297972
            ],
            [
              132.143555,
              45.313437
            ],
            [
              132.209473,
              45.313437
            ],
            [
              132.275391,
              45.328897
            ],
            [
              132.341309,
              45.328897
            ],
            [
              132.385254,
              45.344354
            ],
            [
              132.451172,
              45.359806
            ],
            [
              132.495117,
              45.375254
            ],
            [
              132.561035,
              45.390697
            ],
            [
              132.60498,
              45.406137
            ],
            [
              132.648926,
              45.421572
            ],
            [
              132.714844,
              45.437003
            ],
            [
              132.84668,
              45.45243
            ],
            [
              132.93457,
              45.45243
            ],
            [
              133.000488,
              45.45243
            ],
            [
              133.044434,
              45.467852
            ],
            [
              133.088379,
              45.483271
            ],
            [
              133.132324,
              45.498685
            ],
            [
              133.198242,
              45.514095
            ],
            [
              133.26416,
              45.5295
            ],
            [
              133.308105,
              45.544902
            ],
            [
              133.352051,
              45.560299
            ],
            [
              133.417969,
              45.560299
            ],
            [
              133.461914,
              45.575692
            ],
            [
              133.527832,
              45.575692
            ],
            [
              133.571777,
              45.591081
            ],
            [
              133.659668,
              45.591081
            ],
            [
              133.725586,
              45.606466
            ],
            [
              133.813477,
              45.621846
            ],
            [
              133.879395,
              45.637222
            ],
            [
              133.945313,
              45.652594
            ],
            [
              134.033203,
              45.652594
            ],
            [
              134.099121,
              45.667962
            ],
            [
              134.165039,
              45.667962
            ],
            [
              134.208984,
              45.683325
            ],
            [
              134.296875,
              45.683325
            ],
            [
              134.34082,
              45.698685
            ],
            [
              134.406738,
              45.71404
            ],
            [
              134.494629,
              45.71404
            ],
            [
              134.58252,
              45.71404
            ],
            [
              134.648438,
              45.71404
            ],
            [
              134.736328,
              45.71404
            ],
            [
              134.868164,
              45.71404
            ],
            [
              134.978027,
              45.698685
            ],
            [
              135.109863,
              45.683325
            ],
            [
              135.241699,
              45.683325
            ],
            [
              135.32959,
              45.683325
            ],
            [
              135.395508,
              45.667962
            ],
            [
              135.461426,
              45.667962
            ],
            [
              135.527344,
              45.652594
            ],
            [
              135.593262,
              45.652594
            ],
            [
              135.65918,
              45.637222
            ],
            [
              135.725098,
              45.621846
            ],
            [
              135.769043,
              45.606466
            ],
            [
              135.812988,
              45.591081
            ],
            [
              135.856934,
              45.560299
            ],
            [
              135.900879,
              45.544902
            ],
            [
              135.966797,
              45.514095
            ],
            [
              136.010742,
              45.498685
            ],
            [
              136.054688,
              45.45243
            ],
            [
              136.098633,
              45.437003
            ],
            [
              136.120605,
              45.406137
            ],
            [
              136.186523,
              45.359806
            ],
            [
              136.230469,
              45.328897
            ],
            [
              136.252441,
              45.297972
            ],
            [
              136.274414,
              45.220585
            ],
            [
              136.274414,
              45.174102
            ],
            [
              136.296387,
              45.143092
            ],
            [
              136.296387,
              45.096546
            ],
            [
              136.296387,
              45.034426
            ],
            [
              136.296387,
              44.987791
            ],
            [
              136.296387,
              44.941118
            ],
            [
              136.274414,
              44.878829
            ],
            [
              136.274414,
              44.832067
            ],
            [
              136.252441,
              44.76966
            ],
            [
              136.230469,
              44.707185
            ],
            [
              136.208496,
              44.660284
            ],
            [
              136.186523,
              44.613346
            ],
            [
              136.142578,
              44.566369
            ],
            [
              136.120605,
              44.535031
            ],
            [
              136.098633,
              44.472303
            ],
            [
              136.07666,
              44.440913
            ],
            [
              136.054688,
              44.409507
            ],
            [
              136.032715,
              44.378084
            ],
            [
              135.98877,
              44.330917
            ],
            [
              135.944824,
              44.283713
            ],
            [
              135.900879,
              44.252223
            ],
            [
              135.878906,
              44.220715
            ],
            [
              135.856934,
              44.189191
            ],
            [
              135.812988,
              44.173422
            ],
            [
              135.791016,
              44.141873
            ],
            [
              135.769043,
              44.110306
            ],
            [
              135.725098,
              44.094516
            ],
            [
              135.681152,
              44.047122
            ],
            [
              135.615234,
              43.99969
            ],
            [
              135.571289,
              43.968048
            ],
            [
              135.527344,
              43.920553
            ],
            [
              135.483398,
              43.87302
            ],
            [
              135.439453,
              43.84131
            ],
            [
              135.41748,
              43.809583
            ],
            [
              135.373535,
              43.777839
            ],
            [
              135.351563,
              43.730192
            ],
            [
              135.307617,
              43.682507
            ],
            [
              135.285645,
              43.650696
            ],
            [
              135.241699,
              43.602948
            ],
            [
              135.197754,
              43.571095
            ],
            [
              135.175781,
              43.539225
            ],
            [
              135.131836,
              43.491388
            ],
            [
              135.065918,
              43.443514
            ],
            [
              135.021973,
              43.411576
            ],
            [
              134.978027,
              43.379622
            ],
            [
              134.934082,
              43.331659
            ],
            [
              134.868164,
              43.299662
            ],
            [
              134.802246,
              43.267649
            ],
            [
              134.736328,
              43.219598
            ],
            [
              134.67041,
              43.203572
            ],
            [
              134.626465,
              43.171508
            ],
            [
              134.560547,
              43.139427
            ],
            [
              134.472656,
              43.091275
            ],
            [
              134.384766,
              43.059152
            ],
            [
              134.318848,
              43.010936
            ],
            [
              134.25293,
              42.978772
            ],
            [
              134.165039,
              42.962683
            ],
            [
              134.121094,
              42.94659
            ],
            [
              134.033203,
              42.914391
            ],
            [
              133.989258,
              42.898286
            ],
            [
              133.92334,
              42.882176
            ],
            [
              133.857422,
              42.866062
            ],
            [
              133.791504,
              42.833822
            ],
            [
              133.725586,
              42.817695
            ],
            [
              133.681641,
              42.801564
            ],
            [
              133.637695,
              42.785429
            ],
            [
              133.571777,
              42.76929
            ],
            [
              133.527832,
              42.753146
            ],
            [
              133.439941,
              42.736999
            ],
            [
              133.330078,
              42.720847
            ],
            [
              133.242188,
              42.688531
            ],
            [
              133.154297,
              42.688531
            ],
            [
              133.110352,
              42.672366
            ],
            [
              133.044434,
              42.672366
            ],
            [
              132.956543,
              42.672366
            ],
            [
              132.890625,
              42.672366
            ],
            [
              132.824707,
              42.704691
            ],
            [
              132.780762,
              42.720847
            ],
            [
              132.736816,
              42.753146
            ],
            [
              132.692871,
              42.76929
            ],
            [
              132.648926,
              42.801564
            ],
            [
              132.60498,
              42.833822
            ],
            [
              132.561035,
              42.866062
            ],
            [
              132.495117,
              42.898286
            ],
            [
              132.451172,
              42.914391
            ],
            [
              132.407227,
              42.94659
            ],
            [
              132.363281,
              42.962683
            ],
            [
              132.319336,
              42.994856
            ],
            [
              132.297363,
              43.027013
            ],
            [
              132.253418,
              43.043084
            ],
            [
              132.209473,
              43.075216
            ],
            [
              132.165527,
              43.091275
            ],
            [
              132.121582,
              43.10733
            ],
            [
              132.077637,
              43.123381
            ],
            [
              132.011719,
              43.139427
            ],
            [
              131.901855,
              43.139427
            ],
            [
              131.835938,
              43.139427
            ],
            [
              131.791992,
              43.123381
            ],
            [
              131.748047,
              43.10733
            ],
            [
              131.682129,
              43.10733
            ],
            [
              131.638184,
              43.075216
            ],
            [
              131.594238,
              43.059152
            ],
            [
              131.550293,
              43.043084
            ],
            [
              131.506348,
              43.010936
            ],
            [
              131.44043,
              42.978772
            ],
            [
              131.418457,
              42.94659
            ],
            [
              131.374512,
              42.914391
            ],
            [
              131.352539,
              42.882176
            ],
            [
              131.308594,
              42.849944
            ],
            [
              131.286621,
              42.817695
            ],
            [
              131.264648,
              42.785429
            ],
            [
              131.242676,
              42.753146
            ],
            [
              131.220703,
              42.720847
            ],
            [
              131.19873,
              42.688531
            ],
            [
              131.154785,
              42.656198
            ],
            [
              131.11084,
              42.607666
            ],
            [
              131.044922,
              42.559097
            ],
            [
              130.979004,
              42.526697
            ],
            [
              130.913086,
              42.49428
            ],
            [
              130.869141,
              42.478065
            ],
            [
              130.825195,
              42.461846
            ],
            [
              130.759277,
              42.429395
            ],
            [
              130.671387,
              42.380687
            ],
            [
              130.627441,
              42.364443
            ],
            [
              130.583496,
              42.348194
            ],
            [
              130.539551,
              42.315684
            ],
            [
              130.495605,
              42.283158
            ],
            [
              130.45166,
              42.250615
            ],
            [
              130.407715,
              42.218055
            ],
            [
              130.36377,
              42.185478
            ],
            [
              130.319824,
              42.152884
            ],
            [
              130.275879,
              42.136581
            ],
            [
              130.231934,
              42.071327
            ],
            [
              130.187988,
              42.055002
            ],
            [
              130.166016,
              42.022342
            ],
            [
              130.144043,
              41.989664
            ],
            [
              130.100098,
              41.973319
            ],
            [
              130.078125,
              41.940616
            ],
            [
              130.056152,
              41.907897
            ],
            [
              130.012207,
              41.87516
            ],
            [
              129.990234,
              41.809637
            ],
            [
              129.968262,
              41.776851
            ],
            [
              129.924316,
              41.727639
            ],
            [
              129.902344,
              41.645536
            ],
            [
              129.902344,
              41.563329
            ],
            [
              129.902344,
              41.497487
            ],
            [
              129.902344,
              41.431579
            ],
            [
              129.902344,
              41.382103
            ],
            [
              129.902344,
              41.33259
            ],
            [
              129.902344,
              41.28304
            ],
            [
              129.880371,
              41.233451
            ],
            [
              129.858398,
              41.183826
            ],
            [
              129.836426,
              41.134162
            ],
            [
              129.836426,
              41.084461
            ],
            [
              129.814453,
              41.051306
            ],
            [
              129.770508,
              41.018134
            ],
            [
              129.748535,
              40.968345
            ],
            [
              129.726563,
              40.918518
            ],
            [
              129.682617,
              40.88528
            ],
            [
              129.660645,
              40.852024
            ],
            [
              129.616699,
              40.818752
            ],
            [
              129.572754,
              40.785464
            ],
            [
              129.550781,
              40.752158
            ],
            [
              129.528809,
              40.718836
            ],
            [
              129.484863,
              40.668822
            ],
            [
              129.440918,
              40.652142
            ],
            [
              129.396973,
              40.602077
            ],
            [
              129.353027,
              40.585381
            ],
            [
              129.287109,
              40.535266
            ],
            [
              129.221191,
              40.501836
            ],
            [
              129.177246,
              40.468389
            ],
            [
              129.133301,
              40.451659
            ],
            [
              129.089355,
              40.434925
            ],
            [
              129.067383,
              40.401444
            ],
            [
              129.001465,
              40.367947
            ],
            [
              128.95752,
              40.334433
            ],
            [
              128.913574,
              40.31767
            ],
            [
              128.847656,
              40.300903
            ],
            [
              128.803711,
              40.267356
            ],
            [
              128.737793,
              40.250576
            ],
            [
              128.671875,
              40.250576
            ],
            [
              128.62793,
              40.233792
            ],
            [
              128.583984,
              40.217004
            ],
            [
              128.540039,
              40.200212
            ],
            [
              128.474121,
              40.183415
            ],
            [
              128.430176,
              40.166615
            ],
            [
              128.364258,
              40.14981
            ],
            [
              128.29834,
              40.133001
            ],
            [
              128.254395,
              40.116188
            ],
            [
              128.210449,
              40.099371
            ],
            [
              128.144531,
              40.065724
            ],
            [
              128.100586,
              40.048894
            ],
            [
              128.034668,
              40.048894
            ],
            [
              127.990723,
              40.03206
            ],
            [
              127.924805,
              40.03206
            ],
            [
              127.880859,
              40.015222
            ],
            [
              127.814941,
              40.015222
            ],
            [
              127.749023,
              40.015222
            ],
            [
              127.661133,
              40.015222
            ],
            [
              127.617188,
              39.99838
            ],
            [
              127.55127,
              39.99838
            ],
            [
              127.485352,
              39.99838
            ],
            [
              127.419434,
              39.99838
            ],
            [
              127.353516,
              39.99838
            ],
            [
              127.287598,
              40.015222
            ],
            [
              127.243652,
              40.03206
            ],
            [
              127.177734,
              40.03206
            ],
            [
              127.045898,
              40.03206
            ],
            [
              126.97998,
              40.048894
            ],
            [
              126.914063,
              40.048894
            ],
            [
              126.848145,
              40.048894
            ],
            [
              126.782227,
              40.048894
            ],
            [
              126.716309,
              40.048894
            ],
            [
              126.650391,
              40.048894
            ],
            [
              126.5625,
              40.048894
            ],
            [
              126.496582,
              40.048894
            ],
            [
              126.430664,
              40.048894
            ],
            [
              126.364746,
              40.048894
            ],
            [
              126.298828,
              40.048894
            ],
            [
              126.210938,
              40.048894
            ],
            [
              126.14502,
              40.03206
            ],
            [
              126.079102,
              40.03206
            ],
            [
              126.013184,
              40.015222
            ],
            [
              125.90332,
              39.99838
            ],
            [
              125.837402,
              39.981533
            ],
            [
              125.771484,
              39.947828
            ],
            [
              125.727539,
              39.93097
            ],
            [
              125.705566,
              39.897239
            ],
            [
              125.661621,
              39.880368
            ],
            [
              125.617676,
              39.846613
            ],
            [
              125.617676,
              39.79595
            ],
            [
              125.639648,
              39.762153
            ],
            [
              125.661621,
              39.72834
            ],
            [
              125.683594,
              39.677589
            ],
            [
              125.705566,
              39.643735
            ],
            [
              125.727539,
              39.609864
            ],
            [
              125.771484,
              39.575976
            ],
            [
              125.81543,
              39.542072
            ],
            [
              125.837402,
              39.508151
            ],
            [
              125.837402,
              39.474214
            ],
            [
              125.617676,
              39.609864
            ]
          ]
        ]
      }
    },
    {
      "type": "Feature",
      "properties": {
        "NAME": "진한",
        "name": "진한",
        "color": "#ef4444",
        "fill": "#ef4444",
        "fill-opacity": 0.5,
        "stroke": "#ef4444",
        "stroke-width": 2,
        "originalType": "polygon"
      },
      "geometry": {
        "type": "Polygon",
        "coordinates": [
          [
            [
              129.331055,
              37.180317
            ],
            [
              129.309082,
              37.171557
            ],
            [
              129.287109,
              37.162796
            ],
            [
              129.243164,
              37.154034
            ],
            [
              129.210205,
              37.154034
            ],
            [
              129.16626,
              37.154034
            ],
            [
              129.122314,
              37.154034
            ],
            [
              129.067383,
              37.154034
            ],
            [
              129.023438,
              37.154034
            ],
            [
              128.95752,
              37.145271
            ],
            [
              128.913574,
              37.145271
            ],
            [
              128.858643,
              37.136507
            ],
            [
              128.803711,
              37.127742
            ],
            [
              128.759766,
              37.127742
            ],
            [
              128.726807,
              37.118976
            ],
            [
              128.693848,
              37.118976
            ],
            [
              128.660889,
              37.110209
            ],
            [
              128.605957,
              37.101441
            ],
            [
              128.583984,
              37.092672
            ],
            [
              128.540039,
              37.083902
            ],
            [
              128.50708,
              37.075131
            ],
            [
              128.452148,
              37.066359
            ],
            [
              128.419189,
              37.066359
            ],
            [
              128.397217,
              37.057586
            ],
            [
              128.364258,
              37.048812
            ],
            [
              128.331299,
              37.048812
            ],
            [
              128.29834,
              37.040037
            ],
            [
              128.276367,
              37.031261
            ],
            [
              128.232422,
              37.022484
            ],
            [
              128.210449,
              37.013706
            ],
            [
              128.17749,
              37.013706
            ],
            [
              128.155518,
              37.004926
            ],
            [
              128.144531,
              36.987365
            ],
            [
              128.122559,
              36.978583
            ],
            [
              128.100586,
              36.9698
            ],
            [
              128.0896,
              36.95223
            ],
            [
              128.067627,
              36.934657
            ],
            [
              128.045654,
              36.917079
            ],
            [
              128.034668,
              36.899497
            ],
            [
              128.023682,
              36.881912
            ],
            [
              128.023682,
              36.855526
            ],
            [
              128.034668,
              36.82033
            ],
            [
              128.045654,
              36.793923
            ],
            [
              128.045654,
              36.767506
            ],
            [
              128.056641,
              36.74108
            ],
            [
              128.067627,
              36.723458
            ],
            [
              128.078613,
              36.697018
            ],
            [
              128.0896,
              36.679385
            ],
            [
              128.100586,
              36.661749
            ],
            [
              128.111572,
              36.644109
            ],
            [
              128.122559,
              36.626464
            ],
            [
              128.122559,
              36.59999
            ],
            [
              128.122559,
              36.573507
            ],
            [
              128.111572,
              36.555847
            ],
            [
              128.0896,
              36.538182
            ],
            [
              128.067627,
              36.511678
            ],
            [
              128.056641,
              36.494003
            ],
            [
              128.056641,
              36.467484
            ],
            [
              128.045654,
              36.449799
            ],
            [
              128.045654,
              36.423264
            ],
            [
              128.067627,
              36.414417
            ],
            [
              128.111572,
              36.39672
            ],
            [
              128.155518,
              36.39672
            ],
            [
              128.199463,
              36.39672
            ],
            [
              128.265381,
              36.39672
            ],
            [
              128.320313,
              36.405569
            ],
            [
              128.364258,
              36.414417
            ],
            [
              128.408203,
              36.414417
            ],
            [
              128.452148,
              36.423264
            ],
            [
              128.496094,
              36.423264
            ],
            [
              128.551025,
              36.43211
            ],
            [
              128.605957,
              36.440955
            ],
            [
              128.660889,
              36.449799
            ],
            [
              128.704834,
              36.458642
            ],
            [
              128.748779,
              36.467484
            ],
            [
              128.781738,
              36.476324
            ],
            [
              128.814697,
              36.485164
            ],
            [
              128.858643,
              36.485164
            ],
            [
              128.902588,
              36.502841
            ],
            [
              128.935547,
              36.502841
            ],
            [
              128.968506,
              36.520514
            ],
            [
              129.001465,
              36.529348
            ],
            [
              129.023438,
              36.547015
            ],
            [
              129.056396,
              36.564677
            ],
            [
              129.078369,
              36.573507
            ],
            [
              129.122314,
              36.582336
            ],
            [
              129.155273,
              36.591164
            ],
            [
              129.188232,
              36.59999
            ],
            [
              129.210205,
              36.608816
            ],
            [
              129.232178,
              36.617641
            ],
            [
              129.265137,
              36.626464
            ],
            [
              129.287109,
              36.644109
            ],
            [
              129.320068,
              36.652929
            ],
            [
              129.342041,
              36.679385
            ],
            [
              129.353027,
              36.697018
            ],
            [
              129.375,
              36.714646
            ],
            [
              129.396973,
              36.74108
            ],
            [
              129.407959,
              36.758699
            ],
            [
              129.407959,
              36.793923
            ],
            [
              129.418945,
              36.811528
            ],
            [
              129.418945,
              36.83793
            ],
            [
              129.418945,
              36.864322
            ],
            [
              129.418945,
              36.899497
            ],
            [
              129.418945,
              36.925868
            ],
            [
              129.418945,
              36.95223
            ],
            [
              129.418945,
              36.978583
            ],
            [
              129.407959,
              37.004926
            ],
            [
              129.407959,
              37.031261
            ],
            [
              129.407959,
              37.057586
            ],
            [
              129.396973,
              37.075131
            ],
            [
              129.375,
              37.083902
            ],
            [
              129.364014,
              37.101441
            ],
            [
              129.353027,
              37.118976
            ],
            [
              129.342041,
              37.145271
            ],
            [
              129.320068,
              37.154034
            ],
            [
              129.320068,
              37.154034
            ],
            [
              129.331055,
              37.180317
            ]
          ]
        ]
      }
    },
    {
      "type": "Feature",
      "properties": {
        "NAME": "사로",
        "name": "사로",
        "color": "#ef4444",
        "fill": "#ef4444",
        "fill-opacity": 0.5,
        "stroke": "#ef4444",
        "stroke-width": 2,
        "originalType": "polygon"
      },
      "geometry": {
        "type": "Polygon",
        "coordinates": [
          [
            [
              129.375,
              36.635287
            ],
            [
              129.353027,
              36.626464
            ],
            [
              129.331055,
              36.608816
            ],
            [
              129.309082,
              36.59999
            ],
            [
              129.287109,
              36.591164
            ],
            [
              129.25415,
              36.564677
            ],
            [
              129.221191,
              36.555847
            ],
            [
              129.188232,
              36.538182
            ],
            [
              129.16626,
              36.520514
            ],
            [
              129.144287,
              36.511678
            ],
            [
              129.111328,
              36.502841
            ],
            [
              129.078369,
              36.485164
            ],
            [
              129.034424,
              36.467484
            ],
            [
              128.990479,
              36.449799
            ],
            [
              128.95752,
              36.440955
            ],
            [
              128.924561,
              36.43211
            ],
            [
              128.891602,
              36.423264
            ],
            [
              128.858643,
              36.414417
            ],
            [
              128.814697,
              36.405569
            ],
            [
              128.770752,
              36.405569
            ],
            [
              128.737793,
              36.39672
            ],
            [
              128.704834,
              36.387871
            ],
            [
              128.660889,
              36.387871
            ],
            [
              128.616943,
              36.37902
            ],
            [
              128.572998,
              36.370168
            ],
            [
              128.540039,
              36.370168
            ],
            [
              128.496094,
              36.361315
            ],
            [
              128.441162,
              36.361315
            ],
            [
              128.397217,
              36.361315
            ],
            [
              128.364258,
              36.361315
            ],
            [
              128.331299,
              36.361315
            ],
            [
              128.29834,
              36.361315
            ],
            [
              128.265381,
              36.361315
            ],
            [
              128.221436,
              36.352461
            ],
            [
              128.199463,
              36.343606
            ],
            [
              128.17749,
              36.33475
            ],
            [
              128.155518,
              36.325893
            ],
            [
              128.133545,
              36.317035
            ],
            [
              128.122559,
              36.299316
            ],
            [
              128.111572,
              36.281593
            ],
            [
              128.100586,
              36.263866
            ],
            [
              128.078613,
              36.237268
            ],
            [
              128.067627,
              36.219531
            ],
            [
              128.056641,
              36.20179
            ],
            [
              128.045654,
              36.184045
            ],
            [
              128.045654,
              36.157419
            ],
            [
              128.045654,
              36.130785
            ],
            [
              128.034668,
              36.104142
            ],
            [
              128.034668,
              36.068603
            ],
            [
              128.034668,
              36.041939
            ],
            [
              128.045654,
              36.024158
            ],
            [
              128.067627,
              36.006372
            ],
            [
              128.0896,
              35.997478
            ],
            [
              128.122559,
              35.997478
            ],
            [
              128.155518,
              35.988583
            ],
            [
              128.199463,
              35.979687
            ],
            [
              128.232422,
              35.979687
            ],
            [
              128.265381,
              35.979687
            ],
            [
              128.320313,
              35.988583
            ],
            [
              128.364258,
              35.997478
            ],
            [
              128.408203,
              35.997478
            ],
            [
              128.430176,
              36.006372
            ],
            [
              128.463135,
              36.006372
            ],
            [
              128.50708,
              36.006372
            ],
            [
              128.540039,
              36.006372
            ],
            [
              128.572998,
              36.015265
            ],
            [
              128.605957,
              36.015265
            ],
            [
              128.62793,
              36.006372
            ],
            [
              128.660889,
              36.006372
            ],
            [
              128.693848,
              36.006372
            ],
            [
              128.737793,
              36.006372
            ],
            [
              128.770752,
              36.006372
            ],
            [
              128.825684,
              36.015265
            ],
            [
              128.858643,
              36.015265
            ],
            [
              128.880615,
              36.024158
            ],
            [
              128.913574,
              36.024158
            ],
            [
              128.946533,
              36.033049
            ],
            [
              128.979492,
              36.033049
            ],
            [
              129.001465,
              36.041939
            ],
            [
              129.023438,
              36.050828
            ],
            [
              129.067383,
              36.059716
            ],
            [
              129.100342,
              36.059716
            ],
            [
              129.133301,
              36.059716
            ],
            [
              129.16626,
              36.059716
            ],
            [
              129.210205,
              36.059716
            ],
            [
              129.25415,
              36.059716
            ],
            [
              129.287109,
              36.059716
            ],
            [
              129.309082,
              36.068603
            ],
            [
              129.342041,
              36.068603
            ],
            [
              129.364014,
              36.077489
            ],
            [
              129.385986,
              36.086375
            ],
            [
              129.407959,
              36.104142
            ],
            [
              129.418945,
              36.121905
            ],
            [
              129.429932,
              36.139664
            ],
            [
              129.429932,
              36.166295
            ],
            [
              129.440918,
              36.192918
            ],
            [
              129.440918,
              36.2284
            ],
            [
              129.440918,
              36.263866
            ],
            [
              129.451904,
              36.281593
            ],
            [
              129.462891,
              36.317035
            ],
            [
              129.473877,
              36.352461
            ],
            [
              129.484863,
              36.370168
            ],
            [
              129.484863,
              36.39672
            ],
            [
              129.484863,
              36.43211
            ],
            [
              129.484863,
              36.458642
            ],
            [
              129.484863,
              36.494003
            ],
            [
              129.484863,
              36.520514
            ],
            [
              129.473877,
              36.538182
            ],
            [
              129.473877,
              36.564677
            ],
            [
              129.473877,
              36.591164
            ],
            [
              129.462891,
              36.608816
            ],
            [
              129.451904,
              36.626464
            ],
            [
              129.440918,
              36.644109
            ],
            [
              129.418945,
              36.635287
            ],
            [
              129.385986,
              36.635287
            ],
            [
              129.364014,
              36.626464
            ],
            [
              129.353027,
              36.608816
            ],
            [
              129.342041,
              36.59999
            ],
            [
              129.375,
              36.635287
            ]
          ]
        ]
      }
    },
    {
      "type": "Feature",
      "properties": {
        "NAME": "전진",
        "name": "전진",
        "color": "#ef4444",
        "fill": "#ef4444",
        "fill-opacity": 0.5,
        "stroke": "#ef4444",
        "stroke-width": 2,
        "originalType": "polygon"
      },
      "geometry": {
        "type": "Polygon",
        "coordinates": [
          [
            [
              123.398438,
              39.321326
            ],
            [
              123.222656,
              39.253253
            ],
            [
              123.046875,
              39.116907
            ],
            [
              122.783203,
              38.980298
            ],
            [
              122.607422,
              38.911894
            ],
            [
              122.431641,
              38.843424
            ],
            [
              122.167969,
              38.774888
            ],
            [
              121.992188,
              38.706286
            ],
            [
              121.552734,
              38.706286
            ],
            [
              121.289063,
              38.706286
            ],
            [
              121.025391,
              38.706286
            ],
            [
              121.025391,
              38.911894
            ],
            [
              121.025391,
              39.116907
            ],
            [
              121.113281,
              39.321326
            ],
            [
              121.201172,
              39.457274
            ],
            [
              121.289063,
              39.592958
            ],
            [
              121.376953,
              39.728376
            ],
            [
              121.464844,
              39.863528
            ],
            [
              121.640625,
              39.998415
            ],
            [
              121.728516,
              40.133036
            ],
            [
              121.816406,
              40.267391
            ],
            [
              121.904297,
              40.40148
            ],
            [
              121.992188,
              40.535302
            ],
            [
              122.080078,
              40.668857
            ],
            [
              122.080078,
              40.868689
            ],
            [
              121.816406,
              40.868689
            ],
            [
              121.640625,
              40.802145
            ],
            [
              121.376953,
              40.735534
            ],
            [
              121.201172,
              40.602113
            ],
            [
              121.113281,
              40.468424
            ],
            [
              120.9375,
              40.334469
            ],
            [
              120.761719,
              40.200247
            ],
            [
              120.585938,
              40.065759
            ],
            [
              120.322266,
              39.998415
            ],
            [
              120.058594,
              39.863528
            ],
            [
              119.882813,
              39.728376
            ],
            [
              119.707031,
              39.6607
            ],
            [
              119.53125,
              39.525149
            ],
            [
              119.355469,
              39.457274
            ],
            [
              119.267578,
              39.321326
            ],
            [
              119.091797,
              39.253253
            ],
            [
              118.740234,
              39.253253
            ],
            [
              118.476563,
              39.253253
            ],
            [
              118.300781,
              39.321326
            ],
            [
              118.037109,
              39.321326
            ],
            [
              117.861328,
              39.389333
            ],
            [
              117.685547,
              39.457274
            ],
            [
              117.421875,
              39.321326
            ],
            [
              117.246094,
              39.253253
            ],
            [
              117.333984,
              39.116907
            ],
            [
              117.509766,
              38.980298
            ],
            [
              117.685547,
              38.911894
            ],
            [
              117.861328,
              38.774888
            ],
            [
              118.037109,
              38.706286
            ],
            [
              118.212891,
              38.568885
            ],
            [
              118.476563,
              38.500086
            ],
            [
              118.652344,
              38.431221
            ],
            [
              118.828125,
              38.36229
            ],
            [
              119.003906,
              38.224231
            ],
            [
              119.091797,
              38.08591
            ],
            [
              119.091797,
              37.877937
            ],
            [
              119.179688,
              37.738961
            ],
            [
              119.267578,
              37.599723
            ],
            [
              119.355469,
              37.460225
            ],
            [
              119.443359,
              37.320466
            ],
            [
              119.619141,
              37.250488
            ],
            [
              119.882813,
              37.180446
            ],
            [
              120.146484,
              37.250488
            ],
            [
              120.410156,
              37.390378
            ],
            [
              120.673828,
              37.460225
            ],
            [
              120.9375,
              37.530007
            ],
            [
              121.201172,
              37.599723
            ],
            [
              121.376953,
              37.738961
            ],
            [
              121.552734,
              37.808482
            ],
            [
              121.728516,
              37.738961
            ],
            [
              121.992188,
              37.738961
            ],
            [
              122.34375,
              37.738961
            ],
            [
              122.519531,
              37.669375
            ],
            [
              122.783203,
              37.669375
            ],
            [
              123.046875,
              37.669375
            ],
            [
              123.046875,
              37.460225
            ],
            [
              122.958984,
              37.320466
            ],
            [
              122.871094,
              37.180446
            ],
            [
              122.695313,
              36.969929
            ],
            [
              122.607422,
              36.82926
            ],
            [
              122.34375,
              36.758828
            ],
            [
              122.080078,
              36.758828
            ],
            [
              121.904297,
              36.688332
            ],
            [
              121.640625,
              36.617771
            ],
            [
              121.376953,
              36.547145
            ],
            [
              121.201172,
              36.476455
            ],
            [
              121.113281,
              36.334881
            ],
            [
              121.025391,
              36.193048
            ],
            [
              120.849609,
              36.050959
            ],
            [
              120.673828,
              35.908613
            ],
            [
              120.585938,
              35.76601
            ],
            [
              120.410156,
              35.623151
            ],
            [
              120.234375,
              35.551625
            ],
            [
              120.146484,
              35.408383
            ],
            [
              120.058594,
              35.264886
            ],
            [
              119.970703,
              35.121134
            ],
            [
              119.707031,
              35.049162
            ],
            [
              119.443359,
              35.049162
            ],
            [
              119.267578,
              34.977128
            ],
            [
              119.003906,
              34.905029
            ],
            [
              118.828125,
              34.760643
            ],
            [
              118.476563,
              34.688355
            ],
            [
              118.125,
              34.616004
            ],
            [
              117.949219,
              34.543589
            ],
            [
              117.597656,
              34.543589
            ],
            [
              117.333984,
              34.471112
            ],
            [
              117.070313,
              34.471112
            ],
            [
              116.806641,
              34.543589
            ],
            [
              116.542969,
              34.543589
            ],
            [
              116.367188,
              34.616004
            ],
            [
              116.103516,
              34.616004
            ],
            [
              115.839844,
              34.616004
            ],
            [
              115.664063,
              34.688355
            ],
            [
              115.400391,
              34.688355
            ],
            [
              115.224609,
              34.832868
            ],
            [
              115.048828,
              34.905029
            ],
            [
              114.785156,
              34.977128
            ],
            [
              114.521484,
              35.049162
            ],
            [
              114.257813,
              35.049162
            ],
            [
              113.994141,
              35.049162
            ],
            [
              113.642578,
              35.049162
            ],
            [
              113.466797,
              34.977128
            ],
            [
              113.203125,
              34.977128
            ],
            [
              112.939453,
              34.905029
            ],
            [
              112.763672,
              34.832868
            ],
            [
              112.587891,
              34.760643
            ],
            [
              112.412109,
              34.688355
            ],
            [
              112.148438,
              34.688355
            ],
            [
              111.972656,
              34.616004
            ],
            [
              111.708984,
              34.543589
            ],
            [
              111.269531,
              34.543589
            ],
            [
              111.09375,
              34.471112
            ],
            [
              110.742188,
              34.471112
            ],
            [
              110.478516,
              34.471112
            ],
            [
              110.302734,
              34.398571
            ],
            [
              110.039063,
              34.325968
            ],
            [
              109.6875,
              34.325968
            ],
            [
              109.335938,
              34.325968
            ],
            [
              109.072266,
              34.325968
            ],
            [
              108.808594,
              34.325968
            ],
            [
              108.632813,
              34.398571
            ],
            [
              108.369141,
              34.398571
            ],
            [
              108.105469,
              34.471112
            ],
            [
              107.753906,
              34.471112
            ],
            [
              107.490234,
              34.543589
            ],
            [
              107.226563,
              34.543589
            ],
            [
              106.962891,
              34.471112
            ],
            [
              106.787109,
              34.325968
            ],
            [
              106.611328,
              34.180572
            ],
            [
              106.435547,
              34.107781
            ],
            [
              106.259766,
              34.034926
            ],
            [
              106.083984,
              33.962009
            ],
            [
              105.908203,
              33.889029
            ],
            [
              105.732422,
              33.815987
            ],
            [
              105.46875,
              33.815987
            ],
            [
              105.205078,
              33.669715
            ],
            [
              104.853516,
              33.596486
            ],
            [
              104.677734,
              33.523195
            ],
            [
              104.501953,
              33.449841
            ],
            [
              104.326172,
              33.376425
            ],
            [
              104.0625,
              33.302947
            ],
            [
              103.798828,
              33.229408
            ],
            [
              103.623047,
              33.302947
            ],
            [
              103.447266,
              33.376425
            ],
            [
              103.183594,
              33.449841
            ],
            [
              103.007813,
              33.523195
            ],
            [
              102.744141,
              33.523195
            ],
            [
              102.392578,
              33.596486
            ],
            [
              102.041016,
              33.596486
            ],
            [
              101.601563,
              33.669715
            ],
            [
              101.337891,
              33.742882
            ],
            [
              101.074219,
              33.742882
            ],
            [
              100.810547,
              33.742882
            ],
            [
              100.546875,
              33.669715
            ],
            [
              100.195313,
              33.596486
            ],
            [
              99.667969,
              33.523195
            ],
            [
              99.404297,
              33.523195
            ],
            [
              99.316406,
              33.376425
            ],
            [
              99.052734,
              33.302947
            ],
            [
              98.613281,
              33.229408
            ],
            [
              98.349609,
              33.155806
            ],
            [
              98.173828,
              33.082143
            ],
            [
              97.910156,
              33.082143
            ],
            [
              97.734375,
              33.008417
            ],
            [
              97.382813,
              33.008417
            ],
            [
              97.207031,
              32.934631
            ],
            [
              96.943359,
              32.934631
            ],
            [
              96.767578,
              32.860782
            ],
            [
              96.503906,
              32.860782
            ],
            [
              96.240234,
              32.786872
            ],
            [
              95.976563,
              32.786872
            ],
            [
              95.625,
              32.860782
            ],
            [
              95.185547,
              33.082143
            ],
            [
              94.746094,
              33.229408
            ],
            [
              94.21875,
              33.376425
            ],
            [
              93.867188,
              33.669715
            ],
            [
              93.603516,
              33.742882
            ],
            [
              93.515625,
              33.889029
            ],
            [
              93.339844,
              33.962009
            ],
            [
              93.164063,
              34.034926
            ],
            [
              92.900391,
              34.253302
            ],
            [
              92.548828,
              34.471112
            ],
            [
              92.197266,
              34.616004
            ],
            [
              91.933594,
              34.760643
            ],
            [
              91.757813,
              34.905029
            ],
            [
              91.582031,
              35.049162
            ],
            [
              91.318359,
              35.264886
            ],
            [
              91.142578,
              35.408383
            ],
            [
              90.966797,
              35.480036
            ],
            [
              90.791016,
              35.623151
            ],
            [
              90.615234,
              35.694612
            ],
            [
              90.439453,
              35.76601
            ],
            [
              90.263672,
              35.837343
            ],
            [
              90.175781,
              35.979818
            ],
            [
              90.175781,
              36.193048
            ],
            [
              90.263672,
              36.4057
            ],
            [
              90.263672,
              36.617771
            ],
            [
              90.263672,
              36.82926
            ],
            [
              90.351563,
              36.969929
            ],
            [
              90.351563,
              37.250488
            ],
            [
              90.351563,
              37.460225
            ],
            [
              90.263672,
              37.599723
            ],
            [
              90.175781,
              37.738961
            ],
            [
              90.087891,
              37.877937
            ],
            [
              89.912109,
              37.947327
            ],
            [
              89.824219,
              38.08591
            ],
            [
              89.736328,
              38.224231
            ],
            [
              89.912109,
              38.36229
            ],
            [
              90.263672,
              38.431221
            ],
            [
              90.527344,
              38.500086
            ],
            [
              90.791016,
              38.568885
            ],
            [
              90.966797,
              38.637619
            ],
            [
              91.318359,
              38.637619
            ],
            [
              91.582031,
              38.637619
            ],
            [
              91.757813,
              38.706286
            ],
            [
              92.109375,
              38.637619
            ],
            [
              92.373047,
              38.568885
            ],
            [
              92.636719,
              38.568885
            ],
            [
              92.8125,
              38.500086
            ],
            [
              92.988281,
              38.431221
            ],
            [
              93.251953,
              38.431221
            ],
            [
              93.691406,
              38.36229
            ],
            [
              94.042969,
              38.36229
            ],
            [
              94.394531,
              38.36229
            ],
            [
              94.746094,
              38.36229
            ],
            [
              95.097656,
              38.431221
            ],
            [
              95.361328,
              38.431221
            ],
            [
              95.625,
              38.500086
            ],
            [
              95.888672,
              38.500086
            ],
            [
              96.240234,
              38.568885
            ],
            [
              96.503906,
              38.706286
            ],
            [
              96.679688,
              38.774888
            ],
            [
              96.767578,
              38.911894
            ],
            [
              97.03125,
              38.911894
            ],
            [
              97.207031,
              38.980298
            ],
            [
              97.382813,
              39.048635
            ],
            [
              97.734375,
              39.048635
            ],
            [
              97.998047,
              39.048635
            ],
            [
              98.173828,
              39.116907
            ],
            [
              98.4375,
              39.116907
            ],
            [
              98.701172,
              39.116907
            ],
            [
              98.964844,
              39.116907
            ],
            [
              99.228516,
              39.116907
            ],
            [
              99.404297,
              39.185113
            ],
            [
              99.755859,
              39.185113
            ],
            [
              99.931641,
              39.116907
            ],
            [
              100.283203,
              39.048635
            ],
            [
              100.458984,
              39.116907
            ],
            [
              100.722656,
              39.116907
            ],
            [
              100.986328,
              39.185113
            ],
            [
              101.074219,
              39.321326
            ],
            [
              101.337891,
              39.525149
            ],
            [
              101.513672,
              39.592958
            ],
            [
              101.777344,
              39.795985
            ],
            [
              101.953125,
              39.863528
            ],
            [
              102.216797,
              39.998415
            ],
            [
              102.304688,
              40.133036
            ],
            [
              102.480469,
              40.200247
            ],
            [
              102.568359,
              40.334469
            ],
            [
              102.744141,
              40.468424
            ],
            [
              102.919922,
              40.535302
            ],
            [
              103.183594,
              40.735534
            ],
            [
              103.447266,
              40.868689
            ],
            [
              103.535156,
              41.001577
            ],
            [
              103.710938,
              41.06792
            ],
            [
              103.886719,
              41.200407
            ],
            [
              103.974609,
              41.332625
            ],
            [
              104.150391,
              41.398634
            ],
            [
              104.326172,
              41.596259
            ],
            [
              104.501953,
              41.662
            ],
            [
              104.765625,
              41.727674
            ],
            [
              104.941406,
              41.793281
            ],
            [
              105.117188,
              41.85882
            ],
            [
              105.380859,
              41.85882
            ],
            [
              105.732422,
              41.924293
            ],
            [
              105.908203,
              41.989699
            ],
            [
              106.259766,
              42.055037
            ],
            [
              106.611328,
              42.055037
            ],
            [
              106.962891,
              42.055037
            ],
            [
              107.138672,
              42.120308
            ],
            [
              107.402344,
              42.120308
            ],
            [
              107.666016,
              42.120308
            ],
            [
              107.929688,
              42.120308
            ],
            [
              108.193359,
              42.185512
            ],
            [
              108.544922,
              42.250649
            ],
            [
              108.720703,
              42.315719
            ],
            [
              108.984375,
              42.315719
            ],
            [
              109.248047,
              42.380721
            ],
            [
              109.511719,
              42.380721
            ],
            [
              109.775391,
              42.445656
            ],
            [
              109.951172,
              42.510524
            ],
            [
              110.126953,
              42.575325
            ],
            [
              110.302734,
              42.640059
            ],
            [
              110.478516,
              42.704725
            ],
            [
              110.654297,
              42.769324
            ],
            [
              110.742188,
              42.89832
            ],
            [
              111.005859,
              42.962717
            ],
            [
              111.269531,
              43.091309
            ],
            [
              111.533203,
              43.091309
            ],
            [
              111.621094,
              43.219631
            ],
            [
              111.708984,
              43.347684
            ],
            [
              111.796875,
              43.539258
            ],
            [
              111.884766,
              43.666637
            ],
            [
              112.060547,
              43.793747
            ],
            [
              112.236328,
              43.920586
            ],
            [
              112.412109,
              43.983905
            ],
            [
              112.587891,
              44.047156
            ],
            [
              112.675781,
              44.173455
            ],
            [
              112.851563,
              44.236504
            ],
            [
              112.939453,
              44.362399
            ],
            [
              113.115234,
              44.425245
            ],
            [
              113.378906,
              44.488024
            ],
            [
              113.730469,
              44.550735
            ],
            [
              114.082031,
              44.550735
            ],
            [
              114.257813,
              44.613379
            ],
            [
              114.609375,
              44.613379
            ],
            [
              114.785156,
              44.550735
            ],
            [
              115.048828,
              44.738464
            ],
            [
              115.224609,
              44.800905
            ],
            [
              115.3125,
              44.925585
            ],
            [
              115.488281,
              44.987824
            ],
            [
              115.576172,
              45.112099
            ],
            [
              115.751953,
              45.236103
            ],
            [
              115.927734,
              45.298005
            ],
            [
              116.103516,
              45.421604
            ],
            [
              116.279297,
              45.483303
            ],
            [
              116.455078,
              45.544934
            ],
            [
              116.542969,
              45.667994
            ],
            [
              116.71875,
              45.729423
            ],
            [
              116.894531,
              45.852078
            ],
            [
              117.158203,
              45.852078
            ],
            [
              117.333984,
              45.913304
            ],
            [
              117.597656,
              45.913304
            ],
            [
              117.861328,
              45.913304
            ],
            [
              118.037109,
              45.790784
            ],
            [
              118.212891,
              45.729423
            ],
            [
              118.300781,
              45.606498
            ],
            [
              118.564453,
              45.544934
            ],
            [
              118.740234,
              45.483303
            ],
            [
              118.916016,
              45.421604
            ],
            [
              119.091797,
              45.359838
            ],
            [
              119.267578,
              45.298005
            ],
            [
              119.443359,
              45.174135
            ],
            [
              119.707031,
              45.049995
            ],
            [
              119.882813,
              44.987824
            ],
            [
              120.058594,
              44.925585
            ],
            [
              120.234375,
              44.863279
            ],
            [
              120.410156,
              44.800905
            ],
            [
              120.585938,
              44.738464
            ],
            [
              120.9375,
              44.675955
            ],
            [
              121.201172,
              44.613379
            ],
            [
              121.464844,
              44.613379
            ],
            [
              121.552734,
              44.488024
            ],
            [
              121.552734,
              44.299485
            ],
            [
              121.552734,
              44.110339
            ],
            [
              121.640625,
              43.983905
            ],
            [
              121.816406,
              43.8572
            ],
            [
              121.904297,
              43.730226
            ],
            [
              121.992188,
              43.602982
            ],
            [
              121.992188,
              43.41161
            ],
            [
              122.080078,
              43.219631
            ],
            [
              122.167969,
              42.962717
            ],
            [
              122.167969,
              42.769324
            ],
            [
              122.167969,
              42.575325
            ],
            [
              122.167969,
              42.380721
            ],
            [
              122.255859,
              42.250649
            ],
            [
              122.34375,
              42.055037
            ],
            [
              122.431641,
              41.924293
            ],
            [
              122.431641,
              41.727674
            ],
            [
              122.431641,
              41.530451
            ],
            [
              122.519531,
              41.398634
            ],
            [
              122.519531,
              41.200407
            ],
            [
              122.607422,
              41.06792
            ],
            [
              122.695313,
              40.935166
            ],
            [
              122.695313,
              40.735534
            ],
            [
              122.783203,
              40.602113
            ],
            [
              122.783203,
              40.40148
            ],
            [
              122.871094,
              40.267391
            ],
            [
              122.871094,
              40.065759
            ],
            [
              122.871094,
              39.863528
            ],
            [
              122.871094,
              39.6607
            ],
            [
              123.046875,
              39.525149
            ],
            [
              123.310547,
              39.525149
            ],
            [
              123.574219,
              39.525149
            ],
            [
              123.662109,
              39.389333
            ],
            [
              123.662109,
              39.185113
            ],
            [
              123.486328,
              39.116907
            ],
            [
              123.310547,
              39.048635
            ],
            [
              123.310547,
              39.048635
            ],
            [
              123.398438,
              39.321326
            ]
          ]
        ]
      }
    },
    {
      "type": "Feature",
      "properties": {
        "NAME": "진나라",
        "name": "진나라",
        "color": "#ef4444",
        "fill": "#ef4444",
        "fill-opacity": 0.5,
        "stroke": "#ef4444",
        "stroke-width": 2,
        "originalType": "polygon"
      },
      "geometry": {
        "type": "Polygon",
        "coordinates": [
          [
            [
              120.146484,
              34.616004
            ],
            [
              120.234375,
              34.107781
            ],
            [
              120.146484,
              33.889029
            ],
            [
              120.410156,
              33.815987
            ],
            [
              120.585938,
              33.742882
            ],
            [
              120.673828,
              33.596486
            ],
            [
              120.849609,
              33.449841
            ],
            [
              120.9375,
              33.302947
            ],
            [
              121.025391,
              33.155806
            ],
            [
              121.113281,
              33.008417
            ],
            [
              121.201172,
              32.860782
            ],
            [
              121.376953,
              32.786872
            ],
            [
              121.464844,
              32.638868
            ],
            [
              121.552734,
              32.490618
            ],
            [
              121.640625,
              32.342124
            ],
            [
              121.640625,
              32.118925
            ],
            [
              121.728516,
              31.969822
            ],
            [
              121.816406,
              31.820476
            ],
            [
              121.904297,
              31.670888
            ],
            [
              121.904297,
              31.295863
            ],
            [
              121.992188,
              31.070129
            ],
            [
              121.992188,
              30.843858
            ],
            [
              121.992188,
              30.617051
            ],
            [
              121.992188,
              30.237859
            ],
            [
              121.992188,
              30.009637
            ],
            [
              121.992188,
              29.704524
            ],
            [
              121.904297,
              29.475079
            ],
            [
              121.816406,
              29.168342
            ],
            [
              121.728516,
              28.937686
            ],
            [
              121.640625,
              28.706516
            ],
            [
              121.552734,
              28.552117
            ],
            [
              121.464844,
              28.242642
            ],
            [
              121.376953,
              28.009943
            ],
            [
              121.201172,
              27.854531
            ],
            [
              121.113281,
              27.698896
            ],
            [
              120.849609,
              27.465027
            ],
            [
              120.585938,
              27.23066
            ],
            [
              120.410156,
              26.995799
            ],
            [
              120.322266,
              26.760446
            ],
            [
              120.322266,
              26.524605
            ],
            [
              120.234375,
              26.209396
            ],
            [
              120.234375,
              25.893331
            ],
            [
              120.146484,
              25.734979
            ],
            [
              120.058594,
              25.576417
            ],
            [
              119.882813,
              25.417644
            ],
            [
              119.794922,
              25.258662
            ],
            [
              119.619141,
              25.099471
            ],
            [
              119.443359,
              24.940073
            ],
            [
              119.267578,
              24.780468
            ],
            [
              119.091797,
              24.620658
            ],
            [
              118.828125,
              24.460643
            ],
            [
              118.652344,
              24.300425
            ],
            [
              118.388672,
              24.22024
            ],
            [
              118.300781,
              24.059718
            ],
            [
              118.125,
              23.979382
            ],
            [
              117.861328,
              23.818559
            ],
            [
              117.597656,
              23.657537
            ],
            [
              117.333984,
              23.415631
            ],
            [
              117.158203,
              23.254115
            ],
            [
              116.982422,
              23.173283
            ],
            [
              116.806641,
              23.092402
            ],
            [
              116.542969,
              23.011473
            ],
            [
              116.367188,
              22.930495
            ],
            [
              116.191406,
              22.849468
            ],
            [
              116.015625,
              22.768394
            ],
            [
              115.839844,
              22.687271
            ],
            [
              115.664063,
              22.6061
            ],
            [
              115.224609,
              22.443614
            ],
            [
              115.048828,
              22.3623
            ],
            [
              114.785156,
              22.280938
            ],
            [
              114.609375,
              22.199529
            ],
            [
              114.433594,
              22.118073
            ],
            [
              114.082031,
              22.036569
            ],
            [
              113.818359,
              21.955019
            ],
            [
              113.554688,
              21.873421
            ],
            [
              113.291016,
              21.873421
            ],
            [
              113.115234,
              21.791777
            ],
            [
              112.939453,
              21.710087
            ],
            [
              112.763672,
              21.62835
            ],
            [
              112.5,
              21.464738
            ],
            [
              112.324219,
              21.300941
            ],
            [
              112.236328,
              21.136962
            ],
            [
              112.148438,
              20.972802
            ],
            [
              112.060547,
              20.726222
            ],
            [
              111.972656,
              20.314365
            ],
            [
              111.884766,
              20.149314
            ],
            [
              111.708984,
              19.984088
            ],
            [
              111.445313,
              19.818688
            ],
            [
              111.181641,
              19.653116
            ],
            [
              111.005859,
              19.570266
            ],
            [
              110.654297,
              19.404438
            ],
            [
              110.390625,
              19.32146
            ],
            [
              110.302734,
              19.155379
            ],
            [
              110.214844,
              18.98913
            ],
            [
              110.126953,
              18.822715
            ],
            [
              109.951172,
              18.739446
            ],
            [
              109.863281,
              18.572784
            ],
            [
              109.599609,
              18.489392
            ],
            [
              109.423828,
              18.405959
            ],
            [
              109.160156,
              18.405959
            ],
            [
              108.984375,
              18.489392
            ],
            [
              108.720703,
              18.489392
            ],
            [
              108.808594,
              18.822715
            ],
            [
              108.808594,
              19.072275
            ],
            [
              108.896484,
              19.238441
            ],
            [
              108.984375,
              19.487373
            ],
            [
              109.072266,
              19.653116
            ],
            [
              109.072266,
              19.901409
            ],
            [
              109.072266,
              20.149314
            ],
            [
              109.160156,
              20.314365
            ],
            [
              109.248047,
              20.479241
            ],
            [
              109.248047,
              20.80846
            ],
            [
              109.160156,
              20.972802
            ],
            [
              108.896484,
              21.136962
            ],
            [
              108.720703,
              21.218975
            ],
            [
              108.457031,
              21.218975
            ],
            [
              108.105469,
              21.136962
            ],
            [
              107.666016,
              21.054905
            ],
            [
              107.402344,
              20.972802
            ],
            [
              107.226563,
              20.890653
            ],
            [
              106.962891,
              20.726222
            ],
            [
              106.875,
              20.561613
            ],
            [
              106.787109,
              20.396825
            ],
            [
              106.523438,
              20.231861
            ],
            [
              106.523438,
              19.984088
            ],
            [
              106.435547,
              19.818688
            ],
            [
              106.435547,
              19.570266
            ],
            [
              106.523438,
              19.32146
            ],
            [
              106.523438,
              19.072275
            ],
            [
              106.611328,
              18.905943
            ],
            [
              106.699219,
              18.739446
            ],
            [
              106.875,
              18.489392
            ],
            [
              106.962891,
              18.322486
            ],
            [
              107.138672,
              18.071825
            ],
            [
              107.314453,
              17.988191
            ],
            [
              107.402344,
              17.820806
            ],
            [
              107.578125,
              17.737054
            ],
            [
              107.753906,
              17.569433
            ],
            [
              107.929688,
              17.401656
            ],
            [
              108.017578,
              17.233725
            ],
            [
              108.105469,
              17.065642
            ],
            [
              108.193359,
              16.897406
            ],
            [
              108.28125,
              16.644773
            ],
            [
              108.457031,
              16.476165
            ],
            [
              108.544922,
              16.30741
            ],
            [
              108.720703,
              16.138509
            ],
            [
              108.808594,
              15.969464
            ],
            [
              108.896484,
              15.800277
            ],
            [
              108.984375,
              15.630948
            ],
            [
              108.984375,
              15.291871
            ],
            [
              108.984375,
              14.952244
            ],
            [
              109.072266,
              14.782228
            ],
            [
              109.160156,
              14.526955
            ],
            [
              109.248047,
              14.356609
            ],
            [
              109.335938,
              14.100846
            ],
            [
              109.335938,
              13.759384
            ],
            [
              109.248047,
              13.588465
            ],
            [
              108.984375,
              13.588465
            ],
            [
              108.808594,
              13.417423
            ],
            [
              108.632813,
              13.331856
            ],
            [
              108.369141,
              13.331856
            ],
            [
              108.193359,
              13.246258
            ],
            [
              108.017578,
              13.331856
            ],
            [
              107.841797,
              13.417423
            ],
            [
              107.753906,
              13.588465
            ],
            [
              107.666016,
              13.759384
            ],
            [
              107.578125,
              13.930178
            ],
            [
              107.578125,
              14.186132
            ],
            [
              107.490234,
              14.356609
            ],
            [
              107.402344,
              14.612079
            ],
            [
              107.314453,
              14.782228
            ],
            [
              107.314453,
              15.122125
            ],
            [
              107.226563,
              15.291871
            ],
            [
              107.138672,
              15.630948
            ],
            [
              107.050781,
              15.969464
            ],
            [
              106.962891,
              16.222977
            ],
            [
              106.875,
              16.476165
            ],
            [
              106.787109,
              16.729021
            ],
            [
              106.611328,
              16.813233
            ],
            [
              106.523438,
              16.981543
            ],
            [
              106.435547,
              17.149702
            ],
            [
              106.347656,
              17.31771
            ],
            [
              106.259766,
              17.485564
            ],
            [
              106.083984,
              17.737054
            ],
            [
              105.996094,
              17.904518
            ],
            [
              105.908203,
              18.071825
            ],
            [
              105.644531,
              18.238972
            ],
            [
              105.46875,
              18.405959
            ],
            [
              105.380859,
              18.572784
            ],
            [
              105.205078,
              18.739446
            ],
            [
              105.029297,
              18.905943
            ],
            [
              104.941406,
              19.072275
            ],
            [
              104.765625,
              19.155379
            ],
            [
              104.414063,
              19.404438
            ],
            [
              104.238281,
              19.570266
            ],
            [
              104.414063,
              19.735923
            ],
            [
              104.501953,
              19.901409
            ],
            [
              104.589844,
              20.066722
            ],
            [
              104.677734,
              20.231861
            ],
            [
              104.765625,
              20.396825
            ],
            [
              104.765625,
              20.64394
            ],
            [
              104.765625,
              20.890653
            ],
            [
              104.589844,
              21.054905
            ],
            [
              104.501953,
              21.300941
            ],
            [
              104.414063,
              21.464738
            ],
            [
              104.238281,
              21.546567
            ],
            [
              104.0625,
              21.62835
            ],
            [
              103.623047,
              21.710087
            ],
            [
              103.359375,
              21.791777
            ],
            [
              103.183594,
              21.873421
            ],
            [
              103.271484,
              22.036569
            ],
            [
              103.095703,
              22.280938
            ],
            [
              102.744141,
              22.443614
            ],
            [
              102.480469,
              22.6061
            ],
            [
              102.128906,
              22.768394
            ],
            [
              101.953125,
              22.930495
            ],
            [
              101.777344,
              23.092402
            ],
            [
              101.601563,
              23.254115
            ],
            [
              101.513672,
              23.576951
            ],
            [
              101.601563,
              23.738073
            ],
            [
              101.689453,
              23.898996
            ],
            [
              101.865234,
              24.059718
            ],
            [
              102.041016,
              24.22024
            ],
            [
              102.216797,
              24.300425
            ],
            [
              102.392578,
              24.460643
            ],
            [
              102.568359,
              24.540676
            ],
            [
              102.919922,
              24.540676
            ],
            [
              103.095703,
              24.620658
            ],
            [
              103.359375,
              24.620658
            ],
            [
              103.623047,
              24.540676
            ],
            [
              103.886719,
              24.540676
            ],
            [
              104.150391,
              24.620658
            ],
            [
              104.501953,
              24.700589
            ],
            [
              104.677734,
              24.780468
            ],
            [
              104.941406,
              24.940073
            ],
            [
              105.117188,
              25.019798
            ],
            [
              105.205078,
              25.179092
            ],
            [
              105.292969,
              25.338179
            ],
            [
              105.46875,
              25.576417
            ],
            [
              105.556641,
              25.814181
            ],
            [
              105.644531,
              25.972427
            ],
            [
              105.644531,
              26.209396
            ],
            [
              105.644531,
              26.524605
            ],
            [
              105.556641,
              26.681887
            ],
            [
              105.556641,
              26.917403
            ],
            [
              105.556641,
              27.23066
            ],
            [
              105.556641,
              27.465027
            ],
            [
              105.556641,
              27.698896
            ],
            [
              105.46875,
              27.854531
            ],
            [
              105.556641,
              28.009943
            ],
            [
              105.556641,
              28.242642
            ],
            [
              105.644531,
              28.397493
            ],
            [
              105.820313,
              28.474833
            ],
            [
              105.996094,
              28.552117
            ],
            [
              106.259766,
              28.552117
            ],
            [
              106.435547,
              28.629345
            ],
            [
              106.611328,
              28.706516
            ],
            [
              106.787109,
              28.78363
            ],
            [
              106.962891,
              28.860686
            ],
            [
              107.138672,
              29.014629
            ],
            [
              107.226563,
              29.168342
            ],
            [
              107.314453,
              29.321826
            ],
            [
              107.402344,
              29.475079
            ],
            [
              107.490234,
              29.6281
            ],
            [
              107.578125,
              29.78089
            ],
            [
              107.666016,
              30.009637
            ],
            [
              107.666016,
              30.237859
            ],
            [
              107.753906,
              30.465551
            ],
            [
              107.666016,
              30.692713
            ],
            [
              107.666016,
              30.919341
            ],
            [
              107.666016,
              31.145434
            ],
            [
              107.666016,
              31.446053
            ],
            [
              107.666016,
              31.670888
            ],
            [
              107.666016,
              31.895179
            ],
            [
              107.666016,
              32.118925
            ],
            [
              107.490234,
              32.193385
            ],
            [
              107.402344,
              32.342124
            ],
            [
              107.314453,
              32.490618
            ],
            [
              107.226563,
              32.638868
            ],
            [
              107.050781,
              32.786872
            ],
            [
              106.962891,
              32.934631
            ],
            [
              106.787109,
              33.008417
            ],
            [
              106.523438,
              33.082143
            ],
            [
              106.259766,
              33.082143
            ],
            [
              106.083984,
              33.155806
            ],
            [
              105.996094,
              33.376425
            ],
            [
              106.083984,
              33.523195
            ],
            [
              106.171875,
              33.669715
            ],
            [
              106.347656,
              33.815987
            ],
            [
              106.611328,
              33.889029
            ],
            [
              106.875,
              33.889029
            ],
            [
              107.138672,
              33.815987
            ],
            [
              107.402344,
              33.815987
            ],
            [
              107.666016,
              33.815987
            ],
            [
              107.929688,
              33.742882
            ],
            [
              108.105469,
              33.815987
            ],
            [
              108.457031,
              33.889029
            ],
            [
              108.720703,
              33.889029
            ],
            [
              108.896484,
              33.962009
            ],
            [
              109.072266,
              34.034926
            ],
            [
              109.335938,
              34.180572
            ],
            [
              109.6875,
              34.253302
            ],
            [
              109.951172,
              34.325968
            ],
            [
              110.214844,
              34.253302
            ],
            [
              110.478516,
              34.180572
            ],
            [
              110.742188,
              34.180572
            ],
            [
              111.005859,
              34.180572
            ],
            [
              111.269531,
              34.180572
            ],
            [
              111.533203,
              34.180572
            ],
            [
              111.884766,
              34.253302
            ],
            [
              112.148438,
              34.253302
            ],
            [
              112.412109,
              34.253302
            ],
            [
              112.587891,
              34.325968
            ],
            [
              112.851563,
              34.398571
            ],
            [
              113.115234,
              34.398571
            ],
            [
              113.378906,
              34.471112
            ],
            [
              113.730469,
              34.471112
            ],
            [
              113.90625,
              34.543589
            ],
            [
              114.169922,
              34.471112
            ],
            [
              114.345703,
              34.398571
            ],
            [
              114.433594,
              34.253302
            ],
            [
              114.697266,
              34.253302
            ],
            [
              114.873047,
              34.180572
            ],
            [
              115.3125,
              34.180572
            ],
            [
              115.664063,
              34.253302
            ],
            [
              116.015625,
              34.253302
            ],
            [
              116.367188,
              34.253302
            ],
            [
              116.630859,
              34.325968
            ],
            [
              116.894531,
              34.325968
            ],
            [
              117.158203,
              34.325968
            ],
            [
              117.421875,
              34.325968
            ],
            [
              117.597656,
              34.253302
            ],
            [
              117.861328,
              34.180572
            ],
            [
              118.125,
              34.180572
            ],
            [
              118.300781,
              34.253302
            ],
            [
              118.476563,
              34.325968
            ],
            [
              118.740234,
              34.398571
            ],
            [
              119.003906,
              34.398571
            ],
            [
              119.091797,
              34.543589
            ],
            [
              119.267578,
              34.616004
            ],
            [
              119.443359,
              34.688355
            ],
            [
              119.707031,
              34.688355
            ],
            [
              119.882813,
              34.616004
            ],
            [
              119.970703,
              34.471112
            ],
            [
              120.234375,
              34.471112
            ],
            [
              120.234375,
              34.471112
            ],
            [
              120.146484,
              34.616004
            ]
          ]
        ]
      }
    },
    {
      "type": "Feature",
      "properties": {
        "NAME": "백제",
        "name": "337-351",
        "color": "#ef4444",
        "fill": "#ef4444",
        "fill-opacity": 0.5,
        "stroke": "#ef4444",
        "stroke-width": 2,
        "originalType": "polyline"
      },
      "geometry": {
        "type": "Polygon",
        "coordinates": [
          [
            [
              127.29858398437501,
              38.18970609886258
            ],
            [
              127.24365234375001,
              38.18106461603718
            ],
            [
              127.21069335937501,
              38.17242210816904
            ],
            [
              127.17773437500001,
              38.17242210816904
            ],
            [
              127.15576171875001,
              38.16377857533328
            ],
            [
              127.10083007812501,
              38.16377857533328
            ],
            [
              127.07885742187501,
              38.15513401760502
            ],
            [
              127.03491210937501,
              38.146488435059524
            ],
            [
              127.00195312500001,
              38.137841827772235
            ],
            [
              126.96899414062501,
              38.137841827772235
            ],
            [
              126.94702148437501,
              38.12919419581862
            ],
            [
              126.92504882812501,
              38.120545539274254
            ],
            [
              126.90307617187501,
              38.1118958582148
            ],
            [
              126.87011718750001,
              38.1118958582148
            ],
            [
              126.84814453125001,
              38.10324515271609
            ],
            [
              126.82617187500001,
              38.085940668704524
            ],
            [
              126.80419921875001,
              38.068632087847945
            ],
            [
              126.78222656250001,
              38.05131941075632
            ],
            [
              126.77124023437501,
              38.0253427160167
            ],
            [
              126.76025390625,
              38.00801980101713
            ],
            [
              126.74926757812501,
              37.98202775229742
            ],
            [
              126.73828125000001,
              37.96469460323839
            ],
            [
              126.71630859375001,
              37.94735736163888
            ],
            [
              126.69433593750001,
              37.93001602812042
            ],
            [
              126.67236328125001,
              37.921343827086275
            ],
            [
              126.65039062500001,
              37.91267060330619
            ],
            [
              126.61743164062501,
              37.895321087820996
            ],
            [
              126.59545898437501,
              37.88664479627244
            ],
            [
              126.57348632812501,
              37.87796748229123
            ],
            [
              126.54052734375001,
              37.86928914595588
            ],
            [
              126.48559570312501,
              37.86060978734507
            ],
            [
              126.45263671875001,
              37.86060978734507
            ],
            [
              126.43066406250001,
              37.851929406537536
            ],
            [
              126.39770507812501,
              37.851929406537536
            ],
            [
              126.36474609375001,
              37.851929406537536
            ],
            [
              126.33178710937501,
              37.851929406537536
            ],
            [
              126.29882812500001,
              37.851929406537536
            ],
            [
              126.26586914062501,
              37.851929406537536
            ],
            [
              126.23291015625001,
              37.851929406537536
            ],
            [
              126.17797851562501,
              37.851929406537536
            ],
            [
              126.13403320312501,
              37.851929406537536
            ],
            [
              126.09008789062501,
              37.851929406537536
            ],
            [
              126.06811523437501,
              37.843248003612224
            ],
            [
              126.03515625000001,
              37.843248003612224
            ],
            [
              126.03515625000001,
              37.80851217231376
            ],
            [
              126.04614257812501,
              37.782449570482946
            ],
            [
              126.05712890625001,
              37.7650693950475
            ],
            [
              126.09008789062501,
              37.74768513431849
            ],
            [
              126.12304687500001,
              37.73029678893648
            ],
            [
              126.14501953125,
              37.71290435954354
            ],
            [
              126.17797851562501,
              37.695507846783514
            ],
            [
              126.21093750000001,
              37.678107251301824
            ],
            [
              126.22192382812501,
              37.66070257374563
            ],
            [
              126.24389648437501,
              37.65199870439224
            ],
            [
              126.26586914062501,
              37.634587904941235
            ],
            [
              126.28784179687501,
              37.61717302504073
            ],
            [
              126.32080078125001,
              37.59104305577592
            ],
            [
              126.34277343750001,
              37.57361797761185
            ],
            [
              126.36474609375001,
              37.55618882129084
            ],
            [
              126.37573242187501,
              37.530037441706405
            ],
            [
              126.39770507812501,
              37.512598092878534
            ],
            [
              126.40869140625001,
              37.48643142763664
            ],
            [
              126.41967773437501,
              37.46025559399019
            ],
            [
              126.43066406250001,
              37.42534022439384
            ],
            [
              126.441650390625,
              37.40787643050312
            ],
            [
              126.45263671875001,
              37.38167310519338
            ],
            [
              126.46362304687501,
              37.364199132988794
            ],
            [
              126.47460937500001,
              37.33798054337748
            ],
            [
              126.49658203125001,
              37.3204963970908
            ],
            [
              126.50756835937501,
              37.294262549545195
            ],
            [
              126.51855468750001,
              37.27676823343433
            ],
            [
              126.52954101562501,
              37.24176740170498
            ],
            [
              126.54052734375001,
              37.224260887462464
            ],
            [
              126.54052734375001,
              37.19799349506771
            ],
            [
              126.55151367187501,
              37.18047682046062
            ],
            [
              126.55151367187501,
              37.15419419077084
            ],
            [
              126.54052734375001,
              37.13666736014098
            ],
            [
              126.49658203125001,
              37.127902421837
            ],
            [
              126.46362304687501,
              37.119136468323596
            ],
            [
              126.43066406250001,
              37.119136468323596
            ],
            [
              126.40869140625001,
              37.11036949968846
            ],
            [
              126.38671875000001,
              37.1016015160193
            ],
            [
              126.36474609375001,
              37.09283251740392
            ],
            [
              126.33178710937501,
              37.07529147568644
            ],
            [
              126.29882812500001,
              37.06651943276053
            ],
            [
              126.27685546875001,
              37.057746375240804
            ],
            [
              126.25488281250001,
              37.04897230321563
            ],
            [
              126.24389648437501,
              37.03142111600295
            ],
            [
              126.22192382812501,
              37.02264400099265
            ],
            [
              126.21093750000001,
              37.005086728608106
            ],
            [
              126.19995117187501,
              36.98752540033141
            ],
            [
              126.17797851562501,
              36.96996001687575
            ],
            [
              126.15600585937501,
              36.95239057895606
            ],
            [
              126.15600585937501,
              36.92602882152446
            ],
            [
              126.15600585937501,
              36.89086562769385
            ],
            [
              126.16699218750001,
              36.86448259753687
            ],
            [
              126.18896484375001,
              36.83809045456732
            ],
            [
              126.19995117187501,
              36.82049063112556
            ],
            [
              126.22192382812501,
              36.802886759364746
            ],
            [
              126.23291015625001,
              36.78527884001587
            ],
            [
              126.24389648437501,
              36.767666873811585
            ],
            [
              126.25488281250001,
              36.750050861486336
            ],
            [
              126.26586914062501,
              36.73243080377616
            ],
            [
              126.27685546875001,
              36.714806701418844
            ],
            [
              126.29882812500001,
              36.67954636572244
            ],
            [
              126.30981445312501,
              36.66191013386739
            ],
            [
              126.32080078125001,
              36.62662554586659
            ],
            [
              126.33178710937501,
              36.60015149905432
            ],
            [
              126.34277343750001,
              36.58249708553195
            ],
            [
              126.35375976562501,
              36.55600789365778
            ],
            [
              126.37573242187501,
              36.52950961813865
            ],
            [
              126.39770507812501,
              36.50300226152928
            ],
            [
              126.40869140625001,
              36.46764499767481
            ],
            [
              126.41967773437501,
              36.449960315301865
            ],
            [
              126.43066406250001,
              36.43227160031796
            ],
            [
              126.441650390625,
              36.405730968374364
            ],
            [
              126.46362304687501,
              36.379181267376914
            ],
            [
              126.47460937500001,
              36.35262249992937
            ],
            [
              126.48559570312501,
              36.317196711149116
            ],
            [
              126.49658203125001,
              36.29947777614252
            ],
            [
              126.49658203125001,
              36.27289182505422
            ],
            [
              126.50756835937501,
              36.2462968180178
            ],
            [
              126.51855468750001,
              36.21969275768053
            ],
            [
              126.51855468750001,
              36.193079646698315
            ],
            [
              126.51855468750001,
              36.157581424547885
            ],
            [
              126.51855468750001,
              36.12206712344056
            ],
            [
              126.50756835937501,
              36.086536749744226
            ],
            [
              126.50756835937501,
              36.05099030985444
            ],
            [
              126.50756835937501,
              36.024319940360485
            ],
            [
              126.50756835937501,
              35.979849257214575
            ],
            [
              126.50756835937501,
              35.953154811385
            ],
            [
              126.50756835937501,
              35.91754818070149
            ],
            [
              126.50756835937501,
              35.890832684075214
            ],
            [
              126.49658203125001,
              35.864108170278726
            ],
            [
              126.48559570312501,
              35.83737464208458
            ],
            [
              126.48559570312501,
              35.801715920237925
            ],
            [
              126.48559570312501,
              35.75711999897362
            ],
            [
              126.48559570312501,
              35.694643697106784
            ],
            [
              126.48559570312501,
              35.61424505528027
            ],
            [
              126.47460937500001,
              35.54271168345811
            ],
            [
              126.46362304687501,
              35.471114450758755
            ],
            [
              126.45263671875001,
              35.40841452940994
            ],
            [
              126.441650390625,
              35.36359898275686
            ],
            [
              126.43066406250001,
              35.345665793647164
            ],
            [
              126.41967773437501,
              35.32772862273191
            ],
            [
              126.39770507812501,
              35.31875854437032
            ],
            [
              126.37573242187501,
              35.30081540238646
            ],
            [
              126.35375976562501,
              35.28286828078599
            ],
            [
              126.33178710937501,
              35.26491718044757
            ],
            [
              126.30981445312501,
              35.24696210225164
            ],
            [
              126.28784179687501,
              35.229003047080376
            ],
            [
              126.26586914062501,
              35.202057009428806
            ],
            [
              126.24389648437501,
              35.18408801569029
            ],
            [
              126.22192382812501,
              35.166115048077906
            ],
            [
              126.19995117187501,
              35.15712707434714
            ],
            [
              126.17797851562501,
              35.1481381074818
            ],
            [
              126.14501953125,
              35.130157194793775
            ],
            [
              126.12304687500001,
              35.11217231090751
            ],
            [
              126.09008789062501,
              35.10317838004473
            ],
            [
              126.06811523437501,
              35.07619063312343
            ],
            [
              126.04614257812501,
              35.04919395706213
            ],
            [
              126.01318359375001,
              35.031191213889464
            ],
            [
              125.99121093750001,
              35.00417966269106
            ],
            [
              125.96923828125001,
              34.9771591904826
            ],
            [
              125.96923828125001,
              34.95012980032922
            ],
            [
              125.96923828125001,
              34.92309149530493
            ],
            [
              125.96923828125001,
              34.896044278492774
            ],
            [
              125.96923828125001,
              34.86898815298474
            ],
            [
              125.96923828125001,
              34.8419231218817
            ],
            [
              125.96923828125001,
              34.81484918829361
            ],
            [
              125.96923828125001,
              34.7877663553393
            ],
            [
              125.96923828125001,
              34.76067462614663
            ],
            [
              125.98022460937501,
              34.742608532545596
            ],
            [
              125.98022460937501,
              34.71550198326418
            ],
            [
              125.99121093750001,
              34.688386546129315
            ],
            [
              125.99121093750001,
              34.634129020951306
            ],
            [
              125.99121093750001,
              34.59793760627733
            ],
            [
              125.99121093750001,
              34.55267615359587
            ],
            [
              125.99121093750001,
              34.525507456032116
            ],
            [
              126.00219726562501,
              34.489268735666116
            ],
            [
              126.01318359375001,
              34.46207935686192
            ],
            [
              126.02416992187501,
              34.443948183013326
            ],
            [
              126.04614257812501,
              34.42581307323571
            ],
            [
              126.09008789062501,
              34.41674404267431
            ],
            [
              126.11206054687501,
              34.407674028491854
            ],
            [
              126.13403320312501,
              34.39860303080896
            ],
            [
              126.15600585937501,
              34.389531049746395
            ],
            [
              126.21093750000001,
              34.3713841379657
            ],
            [
              126.25488281250001,
              34.353233294117935
            ],
            [
              126.28784179687501,
              34.33507851917309
            ],
            [
              126.32080078125001,
              34.33507851917309
            ],
            [
              126.34277343750001,
              34.325999657842885
            ],
            [
              126.37573242187501,
              34.316919814102924
            ],
            [
              126.41967773437501,
              34.316919814102924
            ],
            [
              126.47460937500001,
              34.30783898807499
            ],
            [
              126.51855468750001,
              34.29875717988092
            ],
            [
              126.56250000000001,
              34.29875717988092
            ],
            [
              126.59545898437501,
              34.29875717988092
            ],
            [
              126.63940429687501,
              34.30783898807499
            ],
            [
              126.67236328125001,
              34.30783898807499
            ],
            [
              126.70532226562501,
              34.29875717988092
            ],
            [
              126.73828125000001,
              34.29875717988092
            ],
            [
              126.79321289062501,
              34.29875717988092
            ],
            [
              126.83715820312501,
              34.30783898807499
            ],
            [
              126.87011718750001,
              34.316919814102924
            ],
            [
              126.90307617187501,
              34.325999657842885
            ],
            [
              126.92504882812501,
              34.33507851917309
            ],
            [
              126.97998046875001,
              34.33507851917309
            ],
            [
              127.01293945312501,
              34.344156397971965
            ],
            [
              127.04589843750001,
              34.353233294117935
            ],
            [
              127.08984375000001,
              34.36230920748961
            ],
            [
              127.12280273437501,
              34.3713841379657
            ],
            [
              127.15576171875001,
              34.380458085425
            ],
            [
              127.18872070312501,
              34.389531049746395
            ],
            [
              127.22167968750001,
              34.39860303080896
            ],
            [
              127.25463867187501,
              34.39860303080896
            ],
            [
              127.28759765625001,
              34.407674028491854
            ],
            [
              127.32055664062501,
              34.42581307323571
            ],
            [
              127.34252929687501,
              34.453014261988855
            ],
            [
              127.36450195312501,
              34.46207935686192
            ],
            [
              127.38647460937501,
              34.47114346751241
            ],
            [
              127.40844726562501,
              34.49832989292966
            ],
            [
              127.43041992187501,
              34.507390065491514
            ],
            [
              127.45239257812501,
              34.525507456032116
            ],
            [
              127.46337890625001,
              34.5436209063331
            ],
            [
              127.48535156250001,
              34.56173041544147
            ],
            [
              127.51831054687501,
              34.588887287287584
            ],
            [
              127.54028320312501,
              34.60698693925678
            ],
            [
              127.55126953125001,
              34.6250826467119
            ],
            [
              127.57324218750001,
              34.64317440870796
            ],
            [
              127.60620117187501,
              34.66126222430176
            ],
            [
              127.62817382812501,
              34.688386546129315
            ],
            [
              127.62817382812501,
              34.71550198326418
            ],
            [
              127.62817382812501,
              34.742608532545596
            ],
            [
              127.62817382812501,
              34.77873676725794
            ],
            [
              127.62817382812501,
              34.80582256597303
            ],
            [
              127.62817382812501,
              34.83289946636352
            ],
            [
              127.63916015625001,
              34.850945788234796
            ],
            [
              127.66113281250001,
              34.887026559692245
            ],
            [
              127.672119140625,
              34.91407674641369
            ],
            [
              127.69409179687501,
              34.932105253997435
            ],
            [
              127.70507812500001,
              34.95012980032922
            ],
            [
              127.71606445312501,
              34.96815038449596
            ],
            [
              127.72705078125001,
              34.986167005586424
            ],
            [
              127.73803710937501,
              35.01318450446498
            ],
            [
              127.74902343750001,
              35.04019308131379
            ],
            [
              127.74902343750001,
              35.06719273307964
            ],
            [
              127.74902343750001,
              35.09418345671832
            ],
            [
              127.74902343750001,
              35.121165249194505
            ],
            [
              127.74902343750001,
              35.1481381074818
            ],
            [
              127.74902343750001,
              35.18408801569029
            ],
            [
              127.74902343750001,
              35.21104001581773
            ],
            [
              127.76000976562501,
              35.237983071732714
            ],
            [
              127.77099609375001,
              35.26491718044757
            ],
            [
              127.78198242187501,
              35.28286828078599
            ],
            [
              127.79296875000001,
              35.30081540238646
            ],
            [
              127.80395507812501,
              35.33669770586064
            ],
            [
              127.80395507812501,
              35.36359898275686
            ],
            [
              127.81494140625001,
              35.3815281891884
            ],
            [
              127.81494140625001,
              35.41737465053583
            ],
            [
              127.81494140625001,
              35.444249035552716
            ],
            [
              127.81494140625001,
              35.480067595366116
            ],
            [
              127.82592773437501,
              35.506921046298004
            ],
            [
              127.82592773437501,
              35.533765520641055
            ],
            [
              127.83691406250001,
              35.56060101550514
            ],
            [
              127.83691406250001,
              35.587427528009
            ],
            [
              127.84790039062501,
              35.623182233823805
            ],
            [
              127.84790039062501,
              35.6589209591085
            ],
            [
              127.84790039062501,
              35.694643697106784
            ],
            [
              127.85888671875001,
              35.71249906876977
            ],
            [
              127.85888671875001,
              35.739274627235375
            ],
            [
              127.86987304687501,
              35.75711999897362
            ],
            [
              127.86987304687501,
              35.79279873732449
            ],
            [
              127.86987304687501,
              35.81954728332961
            ],
            [
              127.88085937500001,
              35.83737464208458
            ],
            [
              127.89184570312501,
              35.864108170278726
            ],
            [
              127.90283203125001,
              35.881925514580786
            ],
            [
              127.91381835937501,
              35.89973885166177
            ],
            [
              127.92480468750001,
              35.91754818070149
            ],
            [
              127.93579101562501,
              35.953154811385
            ],
            [
              127.93579101562501,
              35.979849257214575
            ],
            [
              127.93579101562501,
              36.00653467669549
            ],
            [
              127.94677734375001,
              36.033211067093134
            ],
            [
              127.94677734375001,
              36.059878425681724
            ],
            [
              127.94677734375001,
              36.09542084962425
            ],
            [
              127.95776367187501,
              36.11318603657233
            ],
            [
              127.95776367187501,
              36.13982628346649
            ],
            [
              127.97973632812501,
              36.16645748773585
            ],
            [
              127.99072265625001,
              36.20195168915528
            ],
            [
              127.99072265625001,
              36.2374298036967
            ],
            [
              127.99072265625001,
              36.26402782879464
            ],
            [
              127.99072265625001,
              36.29061679882592
            ],
            [
              127.97973632812501,
              36.317196711149116
            ],
            [
              127.96875000000001,
              36.34376756313144
            ],
            [
              127.96875000000001,
              36.37032935214891
            ],
            [
              127.96875000000001,
              36.405730968374364
            ],
            [
              127.95776367187501,
              36.42342573083646
            ],
            [
              127.95776367187501,
              36.449960315301865
            ],
            [
              127.95776367187501,
              36.47648582639303
            ],
            [
              127.96875000000001,
              36.50300226152928
            ],
            [
              127.96875000000001,
              36.52950961813865
            ],
            [
              127.96875000000001,
              36.55600789365778
            ],
            [
              127.96875000000001,
              36.58249708553195
            ],
            [
              127.96875000000001,
              36.62662554586659
            ],
            [
              127.95776367187501,
              36.653090502263645
            ],
            [
              127.95776367187501,
              36.67954636572244
            ],
            [
              127.94677734375001,
              36.69717855515388
            ],
            [
              127.93579101562501,
              36.72361925813223
            ],
            [
              127.92480468750001,
              36.750050861486336
            ],
            [
              127.91381835937501,
              36.767666873811585
            ],
            [
              127.91381835937501,
              36.79408330559305
            ],
            [
              127.91381835937501,
              36.829291048931935
            ],
            [
              127.91381835937501,
              36.85568622896074
            ],
            [
              127.92480468750001,
              36.87327795357821
            ],
            [
              127.92480468750001,
              36.90844925058343
            ],
            [
              127.92480468750001,
              36.95239057895606
            ],
            [
              127.93579101562501,
              36.978743215456305
            ],
            [
              127.93579101562501,
              37.005086728608106
            ],
            [
              127.93579101562501,
              37.04019721677351
            ],
            [
              127.93579101562501,
              37.06651943276053
            ],
            [
              127.93579101562501,
              37.09283251740392
            ],
            [
              127.93579101562501,
              37.127902421837
            ],
            [
              127.93579101562501,
              37.16295608292196
            ],
            [
              127.94677734375001,
              37.18047682046062
            ],
            [
              127.94677734375001,
              37.20675030855477
            ],
            [
              127.94677734375001,
              37.25051913436097
            ],
            [
              127.94677734375001,
              37.27676823343433
            ],
            [
              127.94677734375001,
              37.30300818236199
            ],
            [
              127.94677734375001,
              37.329238978831995
            ],
            [
              127.94677734375001,
              37.355460620540825
            ],
            [
              127.93579101562501,
              37.38167310519338
            ],
            [
              127.92480468750001,
              37.39914300657877
            ],
            [
              127.91381835937501,
              37.41660883646953
            ],
            [
              127.90283203125001,
              37.43407059419194
            ],
            [
              127.89184570312501,
              37.468981890445065
            ],
            [
              127.88085937500001,
              37.503876889981555
            ],
            [
              127.86987304687501,
              37.530037441706405
            ],
            [
              127.85888671875001,
              37.55618882129084
            ],
            [
              127.83691406250001,
              37.57361797761185
            ],
            [
              127.82592773437501,
              37.59104305577592
            ],
            [
              127.81494140625001,
              37.61717302504073
            ],
            [
              127.80395507812501,
              37.634587904941235
            ],
            [
              127.79296875000001,
              37.65199870439224
            ],
            [
              127.78198242187501,
              37.678107251301824
            ],
            [
              127.77099609375001,
              37.71290435954354
            ],
            [
              127.76000976562501,
              37.73029678893648
            ],
            [
              127.74902343750001,
              37.7563777753047
            ],
            [
              127.73803710937501,
              37.7911381260159
            ],
            [
              127.72705078125001,
              37.817197662919575
            ],
            [
              127.71606445312501,
              37.83456557864805
            ],
            [
              127.71606445312501,
              37.86060978734507
            ],
            [
              127.70507812500001,
              37.88664479627244
            ],
            [
              127.69409179687501,
              37.90399635685834
            ],
            [
              127.68310546875001,
              37.921343827086275
            ],
            [
              127.672119140625,
              37.956026493967386
            ],
            [
              127.66113281250001,
              37.98202775229742
            ],
            [
              127.65014648437501,
              37.99935680819615
            ],
            [
              127.62817382812501,
              38.0166817703163
            ],
            [
              127.61718750000001,
              38.04266153631347
            ],
            [
              127.60620117187501,
              38.059976261293336
            ],
            [
              127.58422851562501,
              38.07728689034377
            ],
            [
              127.56225585937501,
              38.094593422854
            ],
            [
              127.54028320312501,
              38.10324515271609
            ],
            [
              127.51831054687501,
              38.120545539274254
            ],
            [
              127.48535156250001,
              38.12919419581862
            ],
            [
              127.46337890625001,
              38.146488435059524
            ],
            [
              127.44140625000001,
              38.15513401760502
            ],
            [
              127.40844726562501,
              38.15513401760502
            ],
            [
              127.37548828125001,
              38.16377857533328
            ],
            [
              127.34252929687501,
              38.16377857533328
            ],
            [
              127.32055664062501,
              38.17242210816904
            ],
            [
              127.28759765625001,
              38.17242210816904
            ],
            [
              127.25463867187501,
              38.18106461603718
            ],
            [
              127.23266601562501,
              38.18106461603718
            ],
            [
              127.29858398437501,
              38.18970609886258
            ]
          ]
        ]
      }
    }
  ]
}