{
  "type": "FeatureCollection",
  "features": [
    {
      "type": "Feature",
      "properties": {
        "NAME": "가야",
        "name": "가야",
        "color": "#ef4444",
        "fill": "#ef4444",
        "fill-opacity": 0.5,
        "stroke": "#ef4444",
        "stroke-width": 2,
        "originalType": "polygon"
      },
      "geometry": {
        "type": "Polygon",
        "coordinates": [
          [
            [
              127.8479,
              35.51822
            ],
            [
              127.8479,
              35.491371
            ],
            [
              127.8479,
              35.464512
            ],
            [
              127.8479,
              35.437645
            ],
            [
              127.8479,
              35.410768
            ],
            [
              127.8479,
              35.383882
            ],
            [
              127.8479,
              35.356988
            ],
            [
              127.836914,
              35.330084
            ],
            [
              127.836914,
              35.303172
            ],
            [
              127.836914,
              35.267275
            ],
            [
              127.825928,
              35.231362
            ],
            [
              127.825928,
              35.204416
            ],
            [
              127.825928,
              35.177462
            ],
            [
              127.825928,
              35.150499
            ],
            [
              127.825928,
              35.123527
            ],
            [
              127.825928,
              35.096546
            ],
            [
              127.836914,
              35.078554
            ],
            [
              127.836914,
              35.051558
            ],
            [
              127.8479,
              35.024553
            ],
            [
              127.858887,
              34.997539
            ],
            [
              127.880859,
              34.979525
            ],
            [
              127.902832,
              34.961507
            ],
            [
              127.946777,
              34.961507
            ],
            [
              127.990723,
              34.961507
            ],
            [
              128.023682,
              34.961507
            ],
            [
              128.045654,
              34.970517
            ],
            [
              128.111572,
              34.970517
            ],
            [
              128.144531,
              34.970517
            ],
            [
              128.17749,
              34.970517
            ],
            [
              128.210449,
              34.961507
            ],
            [
              128.243408,
              34.961507
            ],
            [
              128.276367,
              34.961507
            ],
            [
              128.309326,
              34.952496
            ],
            [
              128.353271,
              34.952496
            ],
            [
              128.397217,
              34.952496
            ],
            [
              128.430176,
              34.961507
            ],
            [
              128.463135,
              34.970517
            ],
            [
              128.496094,
              34.979525
            ],
            [
              128.518066,
              34.988533
            ],
            [
              128.551025,
              34.997539
            ],
            [
              128.594971,
              35.006545
            ],
            [
              128.62793,
              35.015549
            ],
            [
              128.649902,
              35.024553
            ],
            [
              128.660889,
              35.042557
            ],
            [
              128.693848,
              35.060557
            ],
            [
              128.704834,
              35.078554
            ],
            [
              128.737793,
              35.08755
            ],
            [
              128.748779,
              35.105541
            ],
            [
              128.781738,
              35.114534
            ],
            [
              128.803711,
              35.123527
            ],
            [
              128.825684,
              35.132519
            ],
            [
              128.847656,
              35.141509
            ],
            [
              128.869629,
              35.150499
            ],
            [
              128.902588,
              35.150499
            ],
            [
              128.935547,
              35.150499
            ],
            [
              128.968506,
              35.159488
            ],
            [
              128.990479,
              35.168475
            ],
            [
              129.012451,
              35.177462
            ],
            [
              129.04541,
              35.186448
            ],
            [
              129.078369,
              35.195433
            ],
            [
              129.100342,
              35.204416
            ],
            [
              129.122314,
              35.222381
            ],
            [
              129.144287,
              35.231362
            ],
            [
              129.16626,
              35.240341
            ],
            [
              129.188232,
              35.258298
            ],
            [
              129.221191,
              35.276251
            ],
            [
              129.243164,
              35.285225
            ],
            [
              129.25415,
              35.303172
            ],
            [
              129.276123,
              35.312144
            ],
            [
              129.298096,
              35.330084
            ],
            [
              129.320068,
              35.348021
            ],
            [
              129.342041,
              35.374919
            ],
            [
              129.364014,
              35.401807
            ],
            [
              129.375,
              35.419728
            ],
            [
              129.385986,
              35.437645
            ],
            [
              129.385986,
              35.464512
            ],
            [
              129.396973,
              35.482419
            ],
            [
              129.396973,
              35.509272
            ],
            [
              129.418945,
              35.536115
            ],
            [
              129.429932,
              35.56295
            ],
            [
              129.429932,
              35.589776
            ],
            [
              129.440918,
              35.607655
            ],
            [
              129.451904,
              35.634465
            ],
            [
              129.462891,
              35.661267
            ],
            [
              129.462891,
              35.68806
            ],
            [
              129.473877,
              35.723769
            ],
            [
              129.473877,
              35.750541
            ],
            [
              129.484863,
              35.777304
            ],
            [
              129.49585,
              35.795141
            ],
            [
              129.506836,
              35.821889
            ],
            [
              129.506836,
              35.857538
            ],
            [
              129.517822,
              35.884265
            ],
            [
              129.517822,
              35.910983
            ],
            [
              129.517822,
              35.937691
            ],
            [
              129.517822,
              35.964391
            ],
            [
              129.528809,
              35.991082
            ],
            [
              129.528809,
              36.017763
            ],
            [
              129.517822,
              36.035546
            ],
            [
              129.506836,
              36.053325
            ],
            [
              129.484863,
              36.062213
            ],
            [
              129.451904,
              36.062213
            ],
            [
              129.418945,
              36.062213
            ],
            [
              129.385986,
              36.062213
            ],
            [
              129.353027,
              36.053325
            ],
            [
              129.320068,
              36.053325
            ],
            [
              129.287109,
              36.053325
            ],
            [
              129.265137,
              36.044436
            ],
            [
              129.232178,
              36.044436
            ],
            [
              129.210205,
              36.035546
            ],
            [
              129.16626,
              36.035546
            ],
            [
              129.122314,
              36.035546
            ],
            [
              129.078369,
              36.035546
            ],
            [
              129.056396,
              36.026655
            ],
            [
              129.012451,
              36.026655
            ],
            [
              128.979492,
              36.026655
            ],
            [
              128.935547,
              36.026655
            ],
            [
              128.902588,
              36.017763
            ],
            [
              128.869629,
              36.017763
            ],
            [
              128.83667,
              36.00887
            ],
            [
              128.803711,
              36.00887
            ],
            [
              128.781738,
              35.999977
            ],
            [
              128.759766,
              35.991082
            ],
            [
              128.726807,
              35.991082
            ],
            [
              128.693848,
              35.982186
            ],
            [
              128.660889,
              35.982186
            ],
            [
              128.62793,
              35.973289
            ],
            [
              128.572998,
              35.973289
            ],
            [
              128.540039,
              35.964391
            ],
            [
              128.50708,
              35.964391
            ],
            [
              128.485107,
              35.955492
            ],
            [
              128.452148,
              35.955492
            ],
            [
              128.419189,
              35.946592
            ],
            [
              128.364258,
              35.937691
            ],
            [
              128.331299,
              35.92879
            ],
            [
              128.287354,
              35.92879
            ],
            [
              128.265381,
              35.919887
            ],
            [
              128.232422,
              35.919887
            ],
            [
              128.210449,
              35.910983
            ],
            [
              128.188477,
              35.902078
            ],
            [
              128.166504,
              35.893172
            ],
            [
              128.133545,
              35.884265
            ],
            [
              128.111572,
              35.875357
            ],
            [
              128.0896,
              35.866448
            ],
            [
              128.067627,
              35.857538
            ],
            [
              128.045654,
              35.848627
            ],
            [
              128.023682,
              35.839715
            ],
            [
              128.012695,
              35.821889
            ],
            [
              127.990723,
              35.804058
            ],
            [
              127.96875,
              35.795141
            ],
            [
              127.957764,
              35.777304
            ],
            [
              127.946777,
              35.759463
            ],
            [
              127.924805,
              35.741618
            ],
            [
              127.913818,
              35.723769
            ],
            [
              127.902832,
              35.705917
            ],
            [
              127.891846,
              35.67913
            ],
            [
              127.891846,
              35.652334
            ],
            [
              127.891846,
              35.625529
            ],
            [
              127.891846,
              35.598716
            ],
            [
              127.880859,
              35.580835
            ],
            [
              127.869873,
              35.56295
            ],
            [
              127.858887,
              35.545061
            ],
            [
              127.8479,
              35.527168
            ],
            [
              127.836914,
              35.509272
            ],
            [
              127.836914,
              35.482419
            ],
            [
              127.836914,
              35.482419
            ],
            [
              127.8479,
              35.51822
            ]
          ]
        ]
      }
    },
    {
      "type": "Feature",
      "properties": {
        "NAME": "동예",
        "name": "동예",
        "color": "#ef4444",
        "fill": "#ef4444",
        "fill-opacity": 0.5,
        "stroke": "#ef4444",
        "stroke-width": 2,
        "originalType": "polygon"
      },
      "geometry": {
        "type": "Polygon",
        "coordinates": [
          [
            [
              128.364258,
              38.55398
            ],
            [
              128.342285,
              38.545382
            ],
            [
              128.320313,
              38.528183
            ],
            [
              128.309326,
              38.510979
            ],
            [
              128.29834,
              38.493772
            ],
            [
              128.276367,
              38.485166
            ],
            [
              128.265381,
              38.467953
            ],
            [
              128.243408,
              38.450735
            ],
            [
              128.221436,
              38.433513
            ],
            [
              128.199463,
              38.416287
            ],
            [
              128.188477,
              38.399057
            ],
            [
              128.166504,
              38.39044
            ],
            [
              128.133545,
              38.373204
            ],
            [
              128.111572,
              38.364584
            ],
            [
              128.078613,
              38.355964
            ],
            [
              128.056641,
              38.347342
            ],
            [
              128.023682,
              38.347342
            ],
            [
              128.001709,
              38.338719
            ],
            [
              127.96875,
              38.338719
            ],
            [
              127.924805,
              38.338719
            ],
            [
              127.902832,
              38.330095
            ],
            [
              127.869873,
              38.330095
            ],
            [
              127.836914,
              38.321471
            ],
            [
              127.803955,
              38.321471
            ],
            [
              127.749023,
              38.312845
            ],
            [
              127.727051,
              38.304218
            ],
            [
              127.705078,
              38.29559
            ],
            [
              127.672119,
              38.286961
            ],
            [
              127.63916,
              38.278331
            ],
            [
              127.617188,
              38.2697
            ],
            [
              127.617188,
              38.243801
            ],
            [
              127.606201,
              38.22653
            ],
            [
              127.617188,
              38.209255
            ],
            [
              127.63916,
              38.191976
            ],
            [
              127.650146,
              38.166049
            ],
            [
              127.650146,
              38.140113
            ],
            [
              127.661133,
              38.122817
            ],
            [
              127.661133,
              38.096866
            ],
            [
              127.672119,
              38.07956
            ],
            [
              127.683105,
              38.044936
            ],
            [
              127.694092,
              38.018957
            ],
            [
              127.694092,
              37.992968
            ],
            [
              127.705078,
              37.966971
            ],
            [
              127.716064,
              37.940964
            ],
            [
              127.727051,
              37.914949
            ],
            [
              127.727051,
              37.888924
            ],
            [
              127.749023,
              37.871569
            ],
            [
              127.76001,
              37.854209
            ],
            [
              127.770996,
              37.836846
            ],
            [
              127.781982,
              37.819479
            ],
            [
              127.792969,
              37.802107
            ],
            [
              127.803955,
              37.784732
            ],
            [
              127.814941,
              37.767352
            ],
            [
              127.825928,
              37.749968
            ],
            [
              127.836914,
              37.73258
            ],
            [
              127.8479,
              37.706491
            ],
            [
              127.858887,
              37.671691
            ],
            [
              127.869873,
              37.654285
            ],
            [
              127.880859,
              37.628168
            ],
            [
              127.891846,
              37.610751
            ],
            [
              127.902832,
              37.584619
            ],
            [
              127.924805,
              37.558478
            ],
            [
              127.935791,
              37.541045
            ],
            [
              127.946777,
              37.514888
            ],
            [
              127.957764,
              37.497446
            ],
            [
              127.96875,
              37.462548
            ],
            [
              127.979736,
              37.445092
            ],
            [
              127.979736,
              37.41017
            ],
            [
              127.990723,
              37.392703
            ],
            [
              128.001709,
              37.366494
            ],
            [
              128.001709,
              37.331535
            ],
            [
              128.001709,
              37.305305
            ],
            [
              128.001709,
              37.270317
            ],
            [
              128.001709,
              37.244066
            ],
            [
              128.001709,
              37.217806
            ],
            [
              128.001709,
              37.174018
            ],
            [
              128.001709,
              37.147733
            ],
            [
              128.001709,
              37.121439
            ],
            [
              128.001709,
              37.086366
            ],
            [
              128.012695,
              37.068823
            ],
            [
              128.034668,
              37.060051
            ],
            [
              128.067627,
              37.060051
            ],
            [
              128.111572,
              37.060051
            ],
            [
              128.133545,
              37.068823
            ],
            [
              128.166504,
              37.068823
            ],
            [
              128.199463,
              37.077595
            ],
            [
              128.221436,
              37.086366
            ],
            [
              128.276367,
              37.086366
            ],
            [
              128.29834,
              37.095136
            ],
            [
              128.342285,
              37.095136
            ],
            [
              128.364258,
              37.103904
            ],
            [
              128.38623,
              37.121439
            ],
            [
              128.408203,
              37.130205
            ],
            [
              128.441162,
              37.138969
            ],
            [
              128.474121,
              37.147733
            ],
            [
              128.485107,
              37.165257
            ],
            [
              128.518066,
              37.174018
            ],
            [
              128.540039,
              37.182777
            ],
            [
              128.562012,
              37.191536
            ],
            [
              128.594971,
              37.191536
            ],
            [
              128.649902,
              37.191536
            ],
            [
              128.704834,
              37.191536
            ],
            [
              128.748779,
              37.191536
            ],
            [
              128.792725,
              37.191536
            ],
            [
              128.825684,
              37.191536
            ],
            [
              128.858643,
              37.191536
            ],
            [
              128.891602,
              37.191536
            ],
            [
              128.935547,
              37.200293
            ],
            [
              128.979492,
              37.200293
            ],
            [
              129.012451,
              37.200293
            ],
            [
              129.034424,
              37.20905
            ],
            [
              129.078369,
              37.20905
            ],
            [
              129.122314,
              37.20905
            ],
            [
              129.144287,
              37.217806
            ],
            [
              129.16626,
              37.22656
            ],
            [
              129.210205,
              37.22656
            ],
            [
              129.243164,
              37.235314
            ],
            [
              129.276123,
              37.235314
            ],
            [
              129.309082,
              37.244066
            ],
            [
              129.331055,
              37.261568
            ],
            [
              129.342041,
              37.279066
            ],
            [
              129.342041,
              37.305305
            ],
            [
              129.353027,
              37.322793
            ],
            [
              129.364014,
              37.349017
            ],
            [
              129.353027,
              37.366494
            ],
            [
              129.342041,
              37.383967
            ],
            [
              129.320068,
              37.401437
            ],
            [
              129.309082,
              37.418902
            ],
            [
              129.276123,
              37.436363
            ],
            [
              129.25415,
              37.453821
            ],
            [
              129.243164,
              37.471274
            ],
            [
              129.221191,
              37.479999
            ],
            [
              129.210205,
              37.497446
            ],
            [
              129.199219,
              37.514888
            ],
            [
              129.177246,
              37.523608
            ],
            [
              129.155273,
              37.549762
            ],
            [
              129.144287,
              37.567193
            ],
            [
              129.133301,
              37.584619
            ],
            [
              129.111328,
              37.602042
            ],
            [
              129.100342,
              37.61946
            ],
            [
              129.089355,
              37.636875
            ],
            [
              129.067383,
              37.662988
            ],
            [
              129.04541,
              37.689093
            ],
            [
              129.034424,
              37.715189
            ],
            [
              129.023438,
              37.73258
            ],
            [
              129.001465,
              37.749968
            ],
            [
              128.979492,
              37.784732
            ],
            [
              128.968506,
              37.810793
            ],
            [
              128.95752,
              37.828163
            ],
            [
              128.935547,
              37.845528
            ],
            [
              128.913574,
              37.862889
            ],
            [
              128.902588,
              37.880247
            ],
            [
              128.869629,
              37.906275
            ],
            [
              128.858643,
              37.932294
            ],
            [
              128.83667,
              37.958303
            ],
            [
              128.825684,
              37.975638
            ],
            [
              128.803711,
              38.001632
            ],
            [
              128.792725,
              38.027617
            ],
            [
              128.770752,
              38.044936
            ],
            [
              128.748779,
              38.070905
            ],
            [
              128.737793,
              38.096866
            ],
            [
              128.726807,
              38.122817
            ],
            [
              128.704834,
              38.140113
            ],
            [
              128.693848,
              38.157405
            ],
            [
              128.682861,
              38.183334
            ],
            [
              128.671875,
              38.200616
            ],
            [
              128.660889,
              38.22653
            ],
            [
              128.638916,
              38.243801
            ],
            [
              128.616943,
              38.278331
            ],
            [
              128.605957,
              38.29559
            ],
            [
              128.594971,
              38.312845
            ],
            [
              128.572998,
              38.338719
            ],
            [
              128.551025,
              38.364584
            ],
            [
              128.540039,
              38.381823
            ],
            [
              128.529053,
              38.399057
            ],
            [
              128.50708,
              38.424901
            ],
            [
              128.496094,
              38.442124
            ],
            [
              128.474121,
              38.459344
            ],
            [
              128.463135,
              38.47656
            ],
            [
              128.452148,
              38.493772
            ],
            [
              128.430176,
              38.510979
            ],
            [
              128.408203,
              38.519581
            ],
            [
              128.397217,
              38.536783
            ],
            [
              128.375244,
              38.545382
            ],
            [
              128.342285,
              38.545382
            ],
            [
              128.342285,
              38.545382
            ],
            [
              128.364258,
              38.55398
            ]
          ]
        ]
      }
    },
    {
      "type": "Feature",
      "properties": {
        "NAME": "예",
        "name": "예",
        "color": "#ef4444",
        "fill": "#ef4444",
        "fill-opacity": 0.5,
        "stroke": "#ef4444",
        "stroke-width": 2,
        "originalType": "polygon"
      },
      "geometry": {
        "type": "Polygon",
        "coordinates": [
          [
            [
              125.804443,
              39.682875
            ],
            [
              125.81543,
              39.674413
            ],
            [
              125.826416,
              39.670182
            ],
            [
              125.842896,
              39.665951
            ],
            [
              125.853882,
              39.661719
            ],
            [
              125.870361,
              39.657487
            ],
            [
              125.881348,
              39.653255
            ],
            [
              125.892334,
              39.649023
            ],
            [
              125.90332,
              39.64479
            ],
            [
              125.9198,
              39.640557
            ],
            [
              125.936279,
              39.636324
            ],
            [
              125.947266,
              39.632091
            ],
            [
              125.963745,
              39.627857
            ],
            [
              125.974731,
              39.623623
            ],
            [
              125.991211,
              39.619389
            ],
            [
              126.002197,
              39.615154
            ],
            [
              126.013184,
              39.606685
            ],
            [
              126.029663,
              39.593978
            ],
            [
              126.051636,
              39.581269
            ],
            [
              126.057129,
              39.572795
            ],
            [
              126.068115,
              39.568558
            ],
            [
              126.079102,
              39.560083
            ],
            [
              126.090088,
              39.555844
            ],
            [
              126.101074,
              39.547367
            ],
            [
              126.117554,
              39.538889
            ],
            [
              126.134033,
              39.53465
            ],
            [
              126.14502,
              39.52617
            ],
            [
              126.156006,
              39.52193
            ],
            [
              126.166992,
              39.513449
            ],
            [
              126.177979,
              39.504967
            ],
            [
              126.188965,
              39.496484
            ],
            [
              126.199951,
              39.483757
            ],
            [
              126.210938,
              39.471028
            ],
            [
              126.227417,
              39.458297
            ],
            [
              126.238403,
              39.445563
            ],
            [
              126.24939,
              39.437073
            ],
            [
              126.254883,
              39.428581
            ],
            [
              126.265869,
              39.420089
            ],
            [
              126.276855,
              39.411595
            ],
            [
              126.287842,
              39.398853
            ],
            [
              126.298828,
              39.394605
            ],
            [
              126.309814,
              39.386108
            ],
            [
              126.326294,
              39.373361
            ],
            [
              126.331787,
              39.364862
            ],
            [
              126.348267,
              39.360612
            ],
            [
              126.35376,
              39.352111
            ],
            [
              126.364746,
              39.343609
            ],
            [
              126.375732,
              39.335107
            ],
            [
              126.386719,
              39.330855
            ],
            [
              126.392212,
              39.32235
            ],
            [
              126.397705,
              39.313845
            ],
            [
              126.408691,
              39.309592
            ],
            [
              126.414185,
              39.301085
            ],
            [
              126.425171,
              39.288322
            ],
            [
              126.436157,
              39.279813
            ],
            [
              126.447144,
              39.271302
            ],
            [
              126.45813,
              39.262791
            ],
            [
              126.463623,
              39.254278
            ],
            [
              126.480103,
              39.241507
            ],
            [
              126.485596,
              39.232992
            ],
            [
              126.496582,
              39.220217
            ],
            [
              126.507568,
              39.211699
            ],
            [
              126.518555,
              39.19892
            ],
            [
              126.529541,
              39.1904
            ],
            [
              126.540527,
              39.181878
            ],
            [
              126.546021,
              39.173356
            ],
            [
              126.551514,
              39.164832
            ],
            [
              126.5625,
              39.156308
            ],
            [
              126.567993,
              39.147782
            ],
            [
              126.578979,
              39.134992
            ],
            [
              126.584473,
              39.126464
            ],
            [
              126.595459,
              39.117935
            ],
            [
              126.600952,
              39.105139
            ],
            [
              126.611938,
              39.088074
            ],
            [
              126.622925,
              39.075273
            ],
            [
              126.633911,
              39.066738
            ],
            [
              126.639404,
              39.053933
            ],
            [
              126.644897,
              39.045395
            ],
            [
              126.655884,
              39.041125
            ],
            [
              126.661377,
              39.028316
            ],
            [
              126.672363,
              39.011232
            ],
            [
              126.68335,
              38.998417
            ],
            [
              126.694336,
              38.989873
            ],
            [
              126.699829,
              38.981327
            ],
            [
              126.705322,
              38.97278
            ],
            [
              126.710815,
              38.959958
            ],
            [
              126.716309,
              38.951409
            ],
            [
              126.721802,
              38.942858
            ],
            [
              126.727295,
              38.925755
            ],
            [
              126.732788,
              38.917201
            ],
            [
              126.738281,
              38.904369
            ],
            [
              126.743774,
              38.891535
            ],
            [
              126.749268,
              38.874418
            ],
            [
              126.754761,
              38.861579
            ],
            [
              126.760254,
              38.853017
            ],
            [
              126.765747,
              38.844455
            ],
            [
              126.77124,
              38.827328
            ],
            [
              126.776733,
              38.814479
            ],
            [
              126.782227,
              38.805912
            ],
            [
              126.793213,
              38.797345
            ],
            [
              126.798706,
              38.788776
            ],
            [
              126.804199,
              38.77592
            ],
            [
              126.809692,
              38.763063
            ],
            [
              126.815186,
              38.750203
            ],
            [
              126.820679,
              38.737341
            ],
            [
              126.826172,
              38.728764
            ],
            [
              126.837158,
              38.711609
            ],
            [
              126.842651,
              38.70303
            ],
            [
              126.848145,
              38.69445
            ],
            [
              126.853638,
              38.681577
            ],
            [
              126.859131,
              38.668703
            ],
            [
              126.870117,
              38.660118
            ],
            [
              126.87561,
              38.642947
            ],
            [
              126.881104,
              38.621476
            ],
            [
              126.886597,
              38.612886
            ],
            [
              126.89209,
              38.604295
            ],
            [
              126.897583,
              38.595703
            ],
            [
              126.903076,
              38.578516
            ],
            [
              126.908569,
              38.56992
            ],
            [
              126.914063,
              38.561324
            ],
            [
              126.919556,
              38.544129
            ],
            [
              126.925049,
              38.53123
            ],
            [
              126.930542,
              38.522629
            ],
            [
              126.936035,
              38.514027
            ],
            [
              126.941528,
              38.505424
            ],
            [
              126.947021,
              38.49682
            ],
            [
              126.952515,
              38.483912
            ],
            [
              126.958008,
              38.475306
            ],
            [
              126.963501,
              38.466698
            ],
            [
              126.968994,
              38.45809
            ],
            [
              126.974487,
              38.44948
            ],
            [
              126.97998,
              38.44087
            ],
            [
              126.985474,
              38.432258
            ],
            [
              126.990967,
              38.423645
            ],
            [
              127.001953,
              38.415032
            ],
            [
              127.012939,
              38.410725
            ],
            [
              127.018433,
              38.402109
            ],
            [
              127.029419,
              38.393493
            ],
            [
              127.040405,
              38.384876
            ],
            [
              127.051392,
              38.376258
            ],
            [
              127.062378,
              38.363328
            ],
            [
              127.067871,
              38.354707
            ],
            [
              127.078857,
              38.346086
            ],
            [
              127.089844,
              38.341774
            ],
            [
              127.095337,
              38.333151
            ],
            [
              127.106323,
              38.328839
            ],
            [
              127.111816,
              38.320214
            ],
            [
              127.128296,
              38.311588
            ],
            [
              127.144775,
              38.302961
            ],
            [
              127.155762,
              38.298647
            ],
            [
              127.166748,
              38.294333
            ],
            [
              127.188721,
              38.290018
            ],
            [
              127.2052,
              38.285704
            ],
            [
              127.227173,
              38.281389
            ],
            [
              127.238159,
              38.277074
            ],
            [
              127.249146,
              38.272758
            ],
            [
              127.265625,
              38.268443
            ],
            [
              127.282104,
              38.264127
            ],
            [
              127.293091,
              38.25981
            ],
            [
              127.30957,
              38.25981
            ],
            [
              127.342529,
              38.255494
            ],
            [
              127.359009,
              38.251177
            ],
            [
              127.375488,
              38.24686
            ],
            [
              127.391968,
              38.24686
            ],
            [
              127.402954,
              38.242543
            ],
            [
              127.419434,
              38.242543
            ],
            [
              127.435913,
              38.242543
            ],
            [
              127.452393,
              38.242543
            ],
            [
              127.474365,
              38.251177
            ],
            [
              127.479858,
              38.25981
            ],
            [
              127.490845,
              38.268443
            ],
            [
              127.501831,
              38.272758
            ],
            [
              127.518311,
              38.285704
            ],
            [
              127.529297,
              38.294333
            ],
            [
              127.53479,
              38.302961
            ],
            [
              127.545776,
              38.307274
            ],
            [
              127.556763,
              38.311588
            ],
            [
              127.567749,
              38.315901
            ],
            [
              127.578735,
              38.320214
            ],
            [
              127.589722,
              38.324526
            ],
            [
              127.606201,
              38.324526
            ],
            [
              127.633667,
              38.328839
            ],
            [
              127.644653,
              38.333151
            ],
            [
              127.661133,
              38.337463
            ],
            [
              127.672119,
              38.346086
            ],
            [
              127.683105,
              38.350397
            ],
            [
              127.694092,
              38.354707
            ],
            [
              127.710571,
              38.354707
            ],
            [
              127.727051,
              38.354707
            ],
            [
              127.74353,
              38.359018
            ],
            [
              127.770996,
              38.363328
            ],
            [
              127.792969,
              38.371948
            ],
            [
              127.814941,
              38.371948
            ],
            [
              127.831421,
              38.371948
            ],
            [
              127.8479,
              38.376258
            ],
            [
              127.869873,
              38.380567
            ],
            [
              127.891846,
              38.384876
            ],
            [
              127.908325,
              38.389185
            ],
            [
              127.924805,
              38.393493
            ],
            [
              127.941284,
              38.402109
            ],
            [
              127.963257,
              38.410725
            ],
            [
              127.985229,
              38.415032
            ],
            [
              127.996216,
              38.423645
            ],
            [
              128.007202,
              38.427952
            ],
            [
              128.023682,
              38.432258
            ],
            [
              128.034668,
              38.436564
            ],
            [
              128.051147,
              38.436564
            ],
            [
              128.067627,
              38.44087
            ],
            [
              128.084106,
              38.445175
            ],
            [
              128.095093,
              38.44948
            ],
            [
              128.106079,
              38.453785
            ],
            [
              128.111572,
              38.462394
            ],
            [
              128.133545,
              38.466698
            ],
            [
              128.144531,
              38.475306
            ],
            [
              128.161011,
              38.479609
            ],
            [
              128.166504,
              38.488215
            ],
            [
              128.188477,
              38.492518
            ],
            [
              128.199463,
              38.501122
            ],
            [
              128.210449,
              38.505424
            ],
            [
              128.215942,
              38.514027
            ],
            [
              128.232422,
              38.522629
            ],
            [
              128.243408,
              38.53123
            ],
            [
              128.259888,
              38.539829
            ],
            [
              128.276367,
              38.552727
            ],
            [
              128.287354,
              38.557026
            ],
            [
              128.29834,
              38.561324
            ],
            [
              128.309326,
              38.565623
            ],
            [
              128.325806,
              38.574218
            ],
            [
              128.336792,
              38.582813
            ],
            [
              128.347778,
              38.591406
            ],
            [
              128.353271,
              38.599999
            ],
            [
              128.364258,
              38.608591
            ],
            [
              128.369751,
              38.617181
            ],
            [
              128.375244,
              38.630065
            ],
            [
              128.380737,
              38.64724
            ],
            [
              128.380737,
              38.664411
            ],
            [
              128.380737,
              38.677286
            ],
            [
              128.380737,
              38.690159
            ],
            [
              128.375244,
              38.69874
            ],
            [
              128.369751,
              38.70732
            ],
            [
              128.369751,
              38.720187
            ],
            [
              128.364258,
              38.728764
            ],
            [
              128.347778,
              38.737341
            ],
            [
              128.331299,
              38.745916
            ],
            [
              128.320313,
              38.75449
            ],
            [
              128.303833,
              38.758776
            ],
            [
              128.28186,
              38.763063
            ],
            [
              128.259888,
              38.763063
            ],
            [
              128.248901,
              38.767349
            ],
            [
              128.237915,
              38.771635
            ],
            [
              128.210449,
              38.77592
            ],
            [
              128.19397,
              38.780206
            ],
            [
              128.182983,
              38.784491
            ],
            [
              128.166504,
              38.788776
            ],
            [
              128.155518,
              38.797345
            ],
            [
              128.144531,
              38.805912
            ],
            [
              128.122559,
              38.818762
            ],
            [
              128.106079,
              38.827328
            ],
            [
              128.095093,
              38.83161
            ],
            [
              128.084106,
              38.840174
            ],
            [
              128.07312,
              38.853017
            ],
            [
              128.056641,
              38.870139
            ],
            [
              128.045654,
              38.882977
            ],
            [
              128.029175,
              38.891535
            ],
            [
              128.018188,
              38.900091
            ],
            [
              128.007202,
              38.908647
            ],
            [
              127.996216,
              38.921478
            ],
            [
              127.985229,
              38.934307
            ],
            [
              127.963257,
              38.951409
            ],
            [
              127.952271,
              38.959958
            ],
            [
              127.946777,
              38.968506
            ],
            [
              127.935791,
              38.981327
            ],
            [
              127.919312,
              38.989873
            ],
            [
              127.908325,
              38.998417
            ],
            [
              127.897339,
              39.002689
            ],
            [
              127.891846,
              39.011232
            ],
            [
              127.880859,
              39.019775
            ],
            [
              127.869873,
              39.028316
            ],
            [
              127.858887,
              39.041125
            ],
            [
              127.842407,
              39.053933
            ],
            [
              127.831421,
              39.06247
            ],
            [
              127.814941,
              39.075273
            ],
            [
              127.803955,
              39.088074
            ],
            [
              127.787476,
              39.100873
            ],
            [
              127.770996,
              39.105139
            ],
            [
              127.754517,
              39.11367
            ],
            [
              127.74353,
              39.117935
            ],
            [
              127.732544,
              39.122199
            ],
            [
              127.721558,
              39.126464
            ],
            [
              127.710571,
              39.130728
            ],
            [
              127.694092,
              39.139256
            ],
            [
              127.677612,
              39.143519
            ],
            [
              127.661133,
              39.152045
            ],
            [
              127.650146,
              39.156308
            ],
            [
              127.633667,
              39.164832
            ],
            [
              127.622681,
              39.169094
            ],
            [
              127.595215,
              39.173356
            ],
            [
              127.578735,
              39.177617
            ],
            [
              127.567749,
              39.181878
            ],
            [
              127.55127,
              39.186139
            ],
            [
              127.53479,
              39.19466
            ],
            [
              127.512817,
              39.19892
            ],
            [
              127.501831,
              39.20318
            ],
            [
              127.485352,
              39.20744
            ],
            [
              127.474365,
              39.215958
            ],
            [
              127.463379,
              39.224475
            ],
            [
              127.446899,
              39.232992
            ],
            [
              127.43042,
              39.245764
            ],
            [
              127.41394,
              39.258534
            ],
            [
              127.408447,
              39.267047
            ],
            [
              127.402954,
              39.275558
            ],
            [
              127.402954,
              39.288322
            ],
            [
              127.408447,
              39.305338
            ],
            [
              127.424927,
              39.318098
            ],
            [
              127.435913,
              39.32235
            ],
            [
              127.446899,
              39.326603
            ],
            [
              127.457886,
              39.330855
            ],
            [
              127.468872,
              39.335107
            ],
            [
              127.479858,
              39.339358
            ],
            [
              127.490845,
              39.343609
            ],
            [
              127.501831,
              39.34786
            ],
            [
              127.512817,
              39.360612
            ],
            [
              127.518311,
              39.369112
            ],
            [
              127.529297,
              39.37761
            ],
            [
              127.53479,
              39.390357
            ],
            [
              127.540283,
              39.4031
            ],
            [
              127.540283,
              39.428581
            ],
            [
              127.540283,
              39.445563
            ],
            [
              127.545776,
              39.462541
            ],
            [
              127.545776,
              39.471028
            ],
            [
              127.545776,
              39.496484
            ],
            [
              127.545776,
              39.509208
            ],
            [
              127.540283,
              39.52617
            ],
            [
              127.540283,
              39.538889
            ],
            [
              127.540283,
              39.551606
            ],
            [
              127.53479,
              39.568558
            ],
            [
              127.529297,
              39.585506
            ],
            [
              127.529297,
              39.602449
            ],
            [
              127.529297,
              39.615154
            ],
            [
              127.529297,
              39.632091
            ],
            [
              127.529297,
              39.64479
            ],
            [
              127.529297,
              39.657487
            ],
            [
              127.529297,
              39.670182
            ],
            [
              127.53479,
              39.682875
            ],
            [
              127.53479,
              39.695565
            ],
            [
              127.53479,
              39.712482
            ],
            [
              127.540283,
              39.720938
            ],
            [
              127.545776,
              39.729394
            ],
            [
              127.55127,
              39.737849
            ],
            [
              127.556763,
              39.746302
            ],
            [
              127.567749,
              39.754755
            ],
            [
              127.573242,
              39.763207
            ],
            [
              127.578735,
              39.771657
            ],
            [
              127.589722,
              39.775882
            ],
            [
              127.595215,
              39.784331
            ],
            [
              127.606201,
              39.788555
            ],
            [
              127.617188,
              39.792779
            ],
            [
              127.628174,
              39.797003
            ],
            [
              127.63916,
              39.801226
            ],
            [
              127.65564,
              39.809672
            ],
            [
              127.666626,
              39.813894
            ],
            [
              127.677612,
              39.818117
            ],
            [
              127.688599,
              39.82656
            ],
            [
              127.694092,
              39.843445
            ],
            [
              127.705078,
              39.851886
            ],
            [
              127.710571,
              39.868764
            ],
            [
              127.710571,
              39.88142
            ],
            [
              127.710571,
              39.902508
            ],
            [
              127.705078,
              39.915158
            ],
            [
              127.699585,
              39.92359
            ],
            [
              127.688599,
              39.936235
            ],
            [
              127.677612,
              39.944665
            ],
            [
              127.666626,
              39.953093
            ],
            [
              127.63916,
              39.96152
            ],
            [
              127.611694,
              39.969946
            ],
            [
              127.584229,
              39.978371
            ],
            [
              127.55127,
              39.986795
            ],
            [
              127.512817,
              39.995218
            ],
            [
              127.474365,
              40.00364
            ],
            [
              127.435913,
              40.007851
            ],
            [
              127.408447,
              40.012061
            ],
            [
              127.380981,
              40.012061
            ],
            [
              127.359009,
              40.016272
            ],
            [
              127.331543,
              40.016272
            ],
            [
              127.298584,
              40.016272
            ],
            [
              127.271118,
              40.016272
            ],
            [
              127.243652,
              40.012061
            ],
            [
              127.216187,
              40.012061
            ],
            [
              127.188721,
              40.007851
            ],
            [
              127.161255,
              40.00364
            ],
            [
              127.133789,
              39.99943
            ],
            [
              127.095337,
              39.995218
            ],
            [
              127.056885,
              39.995218
            ],
            [
              127.018433,
              39.995218
            ],
            [
              126.97998,
              39.995218
            ],
            [
              126.947021,
              39.995218
            ],
            [
              126.914063,
              39.991007
            ],
            [
              126.881104,
              39.991007
            ],
            [
              126.848145,
              39.986795
            ],
            [
              126.815186,
              39.982584
            ],
            [
              126.782227,
              39.982584
            ],
            [
              126.754761,
              39.982584
            ],
            [
              126.721802,
              39.978371
            ],
            [
              126.688843,
              39.974159
            ],
            [
              126.655884,
              39.969946
            ],
            [
              126.622925,
              39.965733
            ],
            [
              126.589966,
              39.96152
            ],
            [
              126.557007,
              39.957307
            ],
            [
              126.524048,
              39.953093
            ],
            [
              126.485596,
              39.948879
            ],
            [
              126.44165,
              39.94045
            ],
            [
              126.403198,
              39.936235
            ],
            [
              126.364746,
              39.92359
            ],
            [
              126.331787,
              39.915158
            ],
            [
              126.304321,
              39.910941
            ],
            [
              126.282349,
              39.906725
            ],
            [
              126.260376,
              39.898291
            ],
            [
              126.238403,
              39.889856
            ],
            [
              126.210938,
              39.885638
            ],
            [
              126.188965,
              39.877201
            ],
            [
              126.166992,
              39.872983
            ],
            [
              126.14502,
              39.868764
            ],
            [
              126.123047,
              39.860325
            ],
            [
              126.101074,
              39.856106
            ],
            [
              126.079102,
              39.847665
            ],
            [
              126.062622,
              39.843445
            ],
            [
              126.046143,
              39.835003
            ],
            [
              126.035156,
              39.830782
            ],
            [
              126.018677,
              39.82656
            ],
            [
              126.002197,
              39.822339
            ],
            [
              125.985718,
              39.813894
            ],
            [
              125.963745,
              39.809672
            ],
            [
              125.941772,
              39.801226
            ],
            [
              125.930786,
              39.797003
            ],
            [
              125.9198,
              39.792779
            ],
            [
              125.90332,
              39.788555
            ],
            [
              125.892334,
              39.784331
            ],
            [
              125.875854,
              39.775882
            ],
            [
              125.864868,
              39.767432
            ],
            [
              125.853882,
              39.758981
            ],
            [
              125.842896,
              39.750529
            ],
            [
              125.831909,
              39.742076
            ],
            [
              125.820923,
              39.729394
            ],
            [
              125.81543,
              39.720938
            ],
            [
              125.809937,
              39.712482
            ],
            [
              125.804443,
              39.699794
            ],
            [
              125.804443,
              39.687105
            ],
            [
              125.820923,
              39.682875
            ],
            [
              125.831909,
              39.687105
            ],
            [
              125.837402,
              39.687105
            ],
            [
              125.804443,
              39.682875
            ]
          ]
        ]
      }
    },
    {
      "type": "Feature",
      "properties": {
        "NAME": "북부여",
        "name": "북부여",
        "color": "#ef4444",
        "fill": "#ef4444",
        "fill-opacity": 0.5,
        "stroke": "#ef4444",
        "stroke-width": 2,
        "originalType": "polygon"
      },
      "geometry": {
        "type": "Polygon",
        "coordinates": [
          [
            [
              121.816406,
              44.471366
            ],
            [
              122.080078,
              44.534095
            ],
            [
              122.34375,
              44.596757
            ],
            [
              122.607422,
              44.721877
            ],
            [
              122.871094,
              44.784337
            ],
            [
              122.958984,
              44.909052
            ],
            [
              123.134766,
              44.971309
            ],
            [
              123.310547,
              45.033498
            ],
            [
              123.574219,
              45.09562
            ],
            [
              123.837891,
              45.09562
            ],
            [
              124.101563,
              45.09562
            ],
            [
              124.365234,
              45.09562
            ],
            [
              124.628906,
              45.09562
            ],
            [
              124.804688,
              45.157674
            ],
            [
              125.068359,
              45.157674
            ],
            [
              125.244141,
              45.21966
            ],
            [
              125.419922,
              45.281579
            ],
            [
              125.595703,
              45.343431
            ],
            [
              125.771484,
              45.405215
            ],
            [
              126.035156,
              45.405215
            ],
            [
              126.298828,
              45.405215
            ],
            [
              126.5625,
              45.466932
            ],
            [
              126.826172,
              45.466932
            ],
            [
              127.089844,
              45.466932
            ],
            [
              127.353516,
              45.466932
            ],
            [
              127.441406,
              45.590162
            ],
            [
              127.617188,
              45.713123
            ],
            [
              127.792969,
              45.835814
            ],
            [
              127.880859,
              45.958235
            ],
            [
              127.96875,
              46.080386
            ],
            [
              128.144531,
              46.202267
            ],
            [
              128.232422,
              46.384583
            ],
            [
              128.320313,
              46.50579
            ],
            [
              128.408203,
              46.626727
            ],
            [
              128.496094,
              46.747394
            ],
            [
              128.583984,
              46.867792
            ],
            [
              128.583984,
              47.047884
            ],
            [
              128.583984,
              47.22737
            ],
            [
              128.671875,
              47.346691
            ],
            [
              128.671875,
              47.525167
            ],
            [
              128.759766,
              47.643816
            ],
            [
              128.759766,
              47.821284
            ],
            [
              128.847656,
              47.93926
            ],
            [
              128.935547,
              48.056967
            ],
            [
              128.935547,
              48.233025
            ],
            [
              128.935547,
              48.408479
            ],
            [
              128.847656,
              48.525114
            ],
            [
              128.671875,
              48.64148
            ],
            [
              128.583984,
              48.757578
            ],
            [
              128.408203,
              48.815527
            ],
            [
              128.232422,
              48.931224
            ],
            [
              128.056641,
              48.988972
            ],
            [
              127.880859,
              49.046654
            ],
            [
              127.617188,
              49.104268
            ],
            [
              127.265625,
              49.104268
            ],
            [
              126.914063,
              49.161816
            ],
            [
              126.5625,
              49.161816
            ],
            [
              126.210938,
              49.161816
            ],
            [
              125.859375,
              49.161816
            ],
            [
              125.595703,
              49.161816
            ],
            [
              125.332031,
              49.161816
            ],
            [
              125.15625,
              49.104268
            ],
            [
              124.804688,
              49.104268
            ],
            [
              124.628906,
              49.046654
            ],
            [
              124.453125,
              48.988972
            ],
            [
              124.013672,
              48.988972
            ],
            [
              123.75,
              48.931224
            ],
            [
              123.398438,
              48.873409
            ],
            [
              123.046875,
              48.815527
            ],
            [
              122.695313,
              48.815527
            ],
            [
              122.34375,
              48.757578
            ],
            [
              122.080078,
              48.757578
            ],
            [
              121.728516,
              48.699563
            ],
            [
              121.464844,
              48.64148
            ],
            [
              121.025391,
              48.58333
            ],
            [
              120.849609,
              48.525114
            ],
            [
              120.585938,
              48.46683
            ],
            [
              120.322266,
              48.408479
            ],
            [
              120.146484,
              48.350062
            ],
            [
              119.882813,
              48.291577
            ],
            [
              119.707031,
              48.233025
            ],
            [
              119.53125,
              48.11572
            ],
            [
              119.267578,
              47.998147
            ],
            [
              119.091797,
              47.93926
            ],
            [
              119.003906,
              47.821284
            ],
            [
              118.828125,
              47.643816
            ],
            [
              118.652344,
              47.525167
            ],
            [
              118.564453,
              47.40625
            ],
            [
              118.564453,
              47.167609
            ],
            [
              118.564453,
              46.987921
            ],
            [
              118.652344,
              46.867792
            ],
            [
              118.740234,
              46.626727
            ],
            [
              118.740234,
              46.44522
            ],
            [
              118.828125,
              46.323878
            ],
            [
              118.916016,
              46.14136
            ],
            [
              119.091797,
              46.019344
            ],
            [
              119.179688,
              45.835814
            ],
            [
              119.355469,
              45.713123
            ],
            [
              119.53125,
              45.590162
            ],
            [
              119.619141,
              45.466932
            ],
            [
              119.794922,
              45.343431
            ],
            [
              119.970703,
              45.21966
            ],
            [
              120.146484,
              45.09562
            ],
            [
              120.322266,
              45.033498
            ],
            [
              120.585938,
              45.033498
            ],
            [
              120.849609,
              45.033498
            ],
            [
              121.025391,
              44.909052
            ],
            [
              121.201172,
              44.846728
            ],
            [
              121.376953,
              44.721877
            ],
            [
              121.552734,
              44.659351
            ],
            [
              121.728516,
              44.596757
            ],
            [
              121.904297,
              44.534095
            ],
            [
              122.167969,
              44.534095
            ],
            [
              122.255859,
              44.534095
            ],
            [
              121.816406,
              44.471366
            ]
          ]
        ]
      }
    },
    {
      "type": "Feature",
      "properties": {
        "NAME": "진나라",
        "name": "진나라",
        "color": "#ef4444",
        "fill": "#ef4444",
        "fill-opacity": 0.5,
        "stroke": "#ef4444",
        "stroke-width": 2,
        "originalType": "polygon"
      },
      "geometry": {
        "type": "Polygon",
        "coordinates": [
          [
            [
              120.146484,
              34.616004
            ],
            [
              120.234375,
              34.107781
            ],
            [
              120.146484,
              33.889029
            ],
            [
              120.410156,
              33.815987
            ],
            [
              120.585938,
              33.742882
            ],
            [
              120.673828,
              33.596486
            ],
            [
              120.849609,
              33.449841
            ],
            [
              120.9375,
              33.302947
            ],
            [
              121.025391,
              33.155806
            ],
            [
              121.113281,
              33.008417
            ],
            [
              121.201172,
              32.860782
            ],
            [
              121.376953,
              32.786872
            ],
            [
              121.464844,
              32.638868
            ],
            [
              121.552734,
              32.490618
            ],
            [
              121.640625,
              32.342124
            ],
            [
              121.640625,
              32.118925
            ],
            [
              121.728516,
              31.969822
            ],
            [
              121.816406,
              31.820476
            ],
            [
              121.904297,
              31.670888
            ],
            [
              121.904297,
              31.295863
            ],
            [
              121.992188,
              31.070129
            ],
            [
              121.992188,
              30.843858
            ],
            [
              121.992188,
              30.617051
            ],
            [
              121.992188,
              30.237859
            ],
            [
              121.992188,
              30.009637
            ],
            [
              121.992188,
              29.704524
            ],
            [
              121.904297,
              29.475079
            ],
            [
              121.816406,
              29.168342
            ],
            [
              121.728516,
              28.937686
            ],
            [
              121.640625,
              28.706516
            ],
            [
              121.552734,
              28.552117
            ],
            [
              121.464844,
              28.242642
            ],
            [
              121.376953,
              28.009943
            ],
            [
              121.201172,
              27.854531
            ],
            [
              121.113281,
              27.698896
            ],
            [
              120.849609,
              27.465027
            ],
            [
              120.585938,
              27.23066
            ],
            [
              120.410156,
              26.995799
            ],
            [
              120.322266,
              26.760446
            ],
            [
              120.322266,
              26.524605
            ],
            [
              120.234375,
              26.209396
            ],
            [
              120.234375,
              25.893331
            ],
            [
              120.146484,
              25.734979
            ],
            [
              120.058594,
              25.576417
            ],
            [
              119.882813,
              25.417644
            ],
            [
              119.794922,
              25.258662
            ],
            [
              119.619141,
              25.099471
            ],
            [
              119.443359,
              24.940073
            ],
            [
              119.267578,
              24.780468
            ],
            [
              119.091797,
              24.620658
            ],
            [
              118.828125,
              24.460643
            ],
            [
              118.652344,
              24.300425
            ],
            [
              118.388672,
              24.22024
            ],
            [
              118.300781,
              24.059718
            ],
            [
              118.125,
              23.979382
            ],
            [
              117.861328,
              23.818559
            ],
            [
              117.597656,
              23.657537
            ],
            [
              117.333984,
              23.415631
            ],
            [
              117.158203,
              23.254115
            ],
            [
              116.982422,
              23.173283
            ],
            [
              116.806641,
              23.092402
            ],
            [
              116.542969,
              23.011473
            ],
            [
              116.367188,
              22.930495
            ],
            [
              116.191406,
              22.849468
            ],
            [
              116.015625,
              22.768394
            ],
            [
              115.839844,
              22.687271
            ],
            [
              115.664063,
              22.6061
            ],
            [
              115.224609,
              22.443614
            ],
            [
              115.048828,
              22.3623
            ],
            [
              114.785156,
              22.280938
            ],
            [
              114.609375,
              22.199529
            ],
            [
              114.433594,
              22.118073
            ],
            [
              114.082031,
              22.036569
            ],
            [
              113.818359,
              21.955019
            ],
            [
              113.554688,
              21.873421
            ],
            [
              113.291016,
              21.873421
            ],
            [
              113.115234,
              21.791777
            ],
            [
              112.939453,
              21.710087
            ],
            [
              112.763672,
              21.62835
            ],
            [
              112.5,
              21.464738
            ],
            [
              112.324219,
              21.300941
            ],
            [
              112.236328,
              21.136962
            ],
            [
              112.148438,
              20.972802
            ],
            [
              112.060547,
              20.726222
            ],
            [
              111.972656,
              20.314365
            ],
            [
              111.884766,
              20.149314
            ],
            [
              111.708984,
              19.984088
            ],
            [
              111.445313,
              19.818688
            ],
            [
              111.181641,
              19.653116
            ],
            [
              111.005859,
              19.570266
            ],
            [
              110.654297,
              19.404438
            ],
            [
              110.390625,
              19.32146
            ],
            [
              110.302734,
              19.155379
            ],
            [
              110.214844,
              18.98913
            ],
            [
              110.126953,
              18.822715
            ],
            [
              109.951172,
              18.739446
            ],
            [
              109.863281,
              18.572784
            ],
            [
              109.599609,
              18.489392
            ],
            [
              109.423828,
              18.405959
            ],
            [
              109.160156,
              18.405959
            ],
            [
              108.984375,
              18.489392
            ],
            [
              108.720703,
              18.489392
            ],
            [
              108.808594,
              18.822715
            ],
            [
              108.808594,
              19.072275
            ],
            [
              108.896484,
              19.238441
            ],
            [
              108.984375,
              19.487373
            ],
            [
              109.072266,
              19.653116
            ],
            [
              109.072266,
              19.901409
            ],
            [
              109.072266,
              20.149314
            ],
            [
              109.160156,
              20.314365
            ],
            [
              109.248047,
              20.479241
            ],
            [
              109.248047,
              20.80846
            ],
            [
              109.160156,
              20.972802
            ],
            [
              108.896484,
              21.136962
            ],
            [
              108.720703,
              21.218975
            ],
            [
              108.457031,
              21.218975
            ],
            [
              108.105469,
              21.136962
            ],
            [
              107.666016,
              21.054905
            ],
            [
              107.402344,
              20.972802
            ],
            [
              107.226563,
              20.890653
            ],
            [
              106.962891,
              20.726222
            ],
            [
              106.875,
              20.561613
            ],
            [
              106.787109,
              20.396825
            ],
            [
              106.523438,
              20.231861
            ],
            [
              106.523438,
              19.984088
            ],
            [
              106.435547,
              19.818688
            ],
            [
              106.435547,
              19.570266
            ],
            [
              106.523438,
              19.32146
            ],
            [
              106.523438,
              19.072275
            ],
            [
              106.611328,
              18.905943
            ],
            [
              106.699219,
              18.739446
            ],
            [
              106.875,
              18.489392
            ],
            [
              106.962891,
              18.322486
            ],
            [
              107.138672,
              18.071825
            ],
            [
              107.314453,
              17.988191
            ],
            [
              107.402344,
              17.820806
            ],
            [
              107.578125,
              17.737054
            ],
            [
              107.753906,
              17.569433
            ],
            [
              107.929688,
              17.401656
            ],
            [
              108.017578,
              17.233725
            ],
            [
              108.105469,
              17.065642
            ],
            [
              108.193359,
              16.897406
            ],
            [
              108.28125,
              16.644773
            ],
            [
              108.457031,
              16.476165
            ],
            [
              108.544922,
              16.30741
            ],
            [
              108.720703,
              16.138509
            ],
            [
              108.808594,
              15.969464
            ],
            [
              108.896484,
              15.800277
            ],
            [
              108.984375,
              15.630948
            ],
            [
              108.984375,
              15.291871
            ],
            [
              108.984375,
              14.952244
            ],
            [
              109.072266,
              14.782228
            ],
            [
              109.160156,
              14.526955
            ],
            [
              109.248047,
              14.356609
            ],
            [
              109.335938,
              14.100846
            ],
            [
              109.335938,
              13.759384
            ],
            [
              109.248047,
              13.588465
            ],
            [
              108.984375,
              13.588465
            ],
            [
              108.808594,
              13.417423
            ],
            [
              108.632813,
              13.331856
            ],
            [
              108.369141,
              13.331856
            ],
            [
              108.193359,
              13.246258
            ],
            [
              108.017578,
              13.331856
            ],
            [
              107.841797,
              13.417423
            ],
            [
              107.753906,
              13.588465
            ],
            [
              107.666016,
              13.759384
            ],
            [
              107.578125,
              13.930178
            ],
            [
              107.578125,
              14.186132
            ],
            [
              107.490234,
              14.356609
            ],
            [
              107.402344,
              14.612079
            ],
            [
              107.314453,
              14.782228
            ],
            [
              107.314453,
              15.122125
            ],
            [
              107.226563,
              15.291871
            ],
            [
              107.138672,
              15.630948
            ],
            [
              107.050781,
              15.969464
            ],
            [
              106.962891,
              16.222977
            ],
            [
              106.875,
              16.476165
            ],
            [
              106.787109,
              16.729021
            ],
            [
              106.611328,
              16.813233
            ],
            [
              106.523438,
              16.981543
            ],
            [
              106.435547,
              17.149702
            ],
            [
              106.347656,
              17.31771
            ],
            [
              106.259766,
              17.485564
            ],
            [
              106.083984,
              17.737054
            ],
            [
              105.996094,
              17.904518
            ],
            [
              105.908203,
              18.071825
            ],
            [
              105.644531,
              18.238972
            ],
            [
              105.46875,
              18.405959
            ],
            [
              105.380859,
              18.572784
            ],
            [
              105.205078,
              18.739446
            ],
            [
              105.029297,
              18.905943
            ],
            [
              104.941406,
              19.072275
            ],
            [
              104.765625,
              19.155379
            ],
            [
              104.414063,
              19.404438
            ],
            [
              104.238281,
              19.570266
            ],
            [
              104.414063,
              19.735923
            ],
            [
              104.501953,
              19.901409
            ],
            [
              104.589844,
              20.066722
            ],
            [
              104.677734,
              20.231861
            ],
            [
              104.765625,
              20.396825
            ],
            [
              104.765625,
              20.64394
            ],
            [
              104.765625,
              20.890653
            ],
            [
              104.589844,
              21.054905
            ],
            [
              104.501953,
              21.300941
            ],
            [
              104.414063,
              21.464738
            ],
            [
              104.238281,
              21.546567
            ],
            [
              104.0625,
              21.62835
            ],
            [
              103.623047,
              21.710087
            ],
            [
              103.359375,
              21.791777
            ],
            [
              103.183594,
              21.873421
            ],
            [
              103.271484,
              22.036569
            ],
            [
              103.095703,
              22.280938
            ],
            [
              102.744141,
              22.443614
            ],
            [
              102.480469,
              22.6061
            ],
            [
              102.128906,
              22.768394
            ],
            [
              101.953125,
              22.930495
            ],
            [
              101.777344,
              23.092402
            ],
            [
              101.601563,
              23.254115
            ],
            [
              101.513672,
              23.576951
            ],
            [
              101.601563,
              23.738073
            ],
            [
              101.689453,
              23.898996
            ],
            [
              101.865234,
              24.059718
            ],
            [
              102.041016,
              24.22024
            ],
            [
              102.216797,
              24.300425
            ],
            [
              102.392578,
              24.460643
            ],
            [
              102.568359,
              24.540676
            ],
            [
              102.919922,
              24.540676
            ],
            [
              103.095703,
              24.620658
            ],
            [
              103.359375,
              24.620658
            ],
            [
              103.623047,
              24.540676
            ],
            [
              103.886719,
              24.540676
            ],
            [
              104.150391,
              24.620658
            ],
            [
              104.501953,
              24.700589
            ],
            [
              104.677734,
              24.780468
            ],
            [
              104.941406,
              24.940073
            ],
            [
              105.117188,
              25.019798
            ],
            [
              105.205078,
              25.179092
            ],
            [
              105.292969,
              25.338179
            ],
            [
              105.46875,
              25.576417
            ],
            [
              105.556641,
              25.814181
            ],
            [
              105.644531,
              25.972427
            ],
            [
              105.644531,
              26.209396
            ],
            [
              105.644531,
              26.524605
            ],
            [
              105.556641,
              26.681887
            ],
            [
              105.556641,
              26.917403
            ],
            [
              105.556641,
              27.23066
            ],
            [
              105.556641,
              27.465027
            ],
            [
              105.556641,
              27.698896
            ],
            [
              105.46875,
              27.854531
            ],
            [
              105.556641,
              28.009943
            ],
            [
              105.556641,
              28.242642
            ],
            [
              105.644531,
              28.397493
            ],
            [
              105.820313,
              28.474833
            ],
            [
              105.996094,
              28.552117
            ],
            [
              106.259766,
              28.552117
            ],
            [
              106.435547,
              28.629345
            ],
            [
              106.611328,
              28.706516
            ],
            [
              106.787109,
              28.78363
            ],
            [
              106.962891,
              28.860686
            ],
            [
              107.138672,
              29.014629
            ],
            [
              107.226563,
              29.168342
            ],
            [
              107.314453,
              29.321826
            ],
            [
              107.402344,
              29.475079
            ],
            [
              107.490234,
              29.6281
            ],
            [
              107.578125,
              29.78089
            ],
            [
              107.666016,
              30.009637
            ],
            [
              107.666016,
              30.237859
            ],
            [
              107.753906,
              30.465551
            ],
            [
              107.666016,
              30.692713
            ],
            [
              107.666016,
              30.919341
            ],
            [
              107.666016,
              31.145434
            ],
            [
              107.666016,
              31.446053
            ],
            [
              107.666016,
              31.670888
            ],
            [
              107.666016,
              31.895179
            ],
            [
              107.666016,
              32.118925
            ],
            [
              107.490234,
              32.193385
            ],
            [
              107.402344,
              32.342124
            ],
            [
              107.314453,
              32.490618
            ],
            [
              107.226563,
              32.638868
            ],
            [
              107.050781,
              32.786872
            ],
            [
              106.962891,
              32.934631
            ],
            [
              106.787109,
              33.008417
            ],
            [
              106.523438,
              33.082143
            ],
            [
              106.259766,
              33.082143
            ],
            [
              106.083984,
              33.155806
            ],
            [
              105.996094,
              33.376425
            ],
            [
              106.083984,
              33.523195
            ],
            [
              106.171875,
              33.669715
            ],
            [
              106.347656,
              33.815987
            ],
            [
              106.611328,
              33.889029
            ],
            [
              106.875,
              33.889029
            ],
            [
              107.138672,
              33.815987
            ],
            [
              107.402344,
              33.815987
            ],
            [
              107.666016,
              33.815987
            ],
            [
              107.929688,
              33.742882
            ],
            [
              108.105469,
              33.815987
            ],
            [
              108.457031,
              33.889029
            ],
            [
              108.720703,
              33.889029
            ],
            [
              108.896484,
              33.962009
            ],
            [
              109.072266,
              34.034926
            ],
            [
              109.335938,
              34.180572
            ],
            [
              109.6875,
              34.253302
            ],
            [
              109.951172,
              34.325968
            ],
            [
              110.214844,
              34.253302
            ],
            [
              110.478516,
              34.180572
            ],
            [
              110.742188,
              34.180572
            ],
            [
              111.005859,
              34.180572
            ],
            [
              111.269531,
              34.180572
            ],
            [
              111.533203,
              34.180572
            ],
            [
              111.884766,
              34.253302
            ],
            [
              112.148438,
              34.253302
            ],
            [
              112.412109,
              34.253302
            ],
            [
              112.587891,
              34.325968
            ],
            [
              112.851563,
              34.398571
            ],
            [
              113.115234,
              34.398571
            ],
            [
              113.378906,
              34.471112
            ],
            [
              113.730469,
              34.471112
            ],
            [
              113.90625,
              34.543589
            ],
            [
              114.169922,
              34.471112
            ],
            [
              114.345703,
              34.398571
            ],
            [
              114.433594,
              34.253302
            ],
            [
              114.697266,
              34.253302
            ],
            [
              114.873047,
              34.180572
            ],
            [
              115.3125,
              34.180572
            ],
            [
              115.664063,
              34.253302
            ],
            [
              116.015625,
              34.253302
            ],
            [
              116.367188,
              34.253302
            ],
            [
              116.630859,
              34.325968
            ],
            [
              116.894531,
              34.325968
            ],
            [
              117.158203,
              34.325968
            ],
            [
              117.421875,
              34.325968
            ],
            [
              117.597656,
              34.253302
            ],
            [
              117.861328,
              34.180572
            ],
            [
              118.125,
              34.180572
            ],
            [
              118.300781,
              34.253302
            ],
            [
              118.476563,
              34.325968
            ],
            [
              118.740234,
              34.398571
            ],
            [
              119.003906,
              34.398571
            ],
            [
              119.091797,
              34.543589
            ],
            [
              119.267578,
              34.616004
            ],
            [
              119.443359,
              34.688355
            ],
            [
              119.707031,
              34.688355
            ],
            [
              119.882813,
              34.616004
            ],
            [
              119.970703,
              34.471112
            ],
            [
              120.234375,
              34.471112
            ],
            [
              120.234375,
              34.471112
            ],
            [
              120.146484,
              34.616004
            ]
          ]
        ]
      }
    },
    {
      "type": "Feature",
      "properties": {
        "NAME": "사로",
        "name": "사로",
        "color": "#ef4444",
        "fill": "#ef4444",
        "fill-opacity": 0.5,
        "stroke": "#ef4444",
        "stroke-width": 2,
        "originalType": "polygon"
      },
      "geometry": {
        "type": "Polygon",
        "coordinates": [
          [
            [
              129.375,
              37.237533
            ],
            [
              129.375,
              37.132427
            ],
            [
              129.243164,
              37.097359
            ],
            [
              129.111328,
              37.097359
            ],
            [
              128.979492,
              37.097359
            ],
            [
              128.891602,
              37.062275
            ],
            [
              128.759766,
              37.062275
            ],
            [
              128.62793,
              37.062275
            ],
            [
              128.540039,
              37.027174
            ],
            [
              128.408203,
              37.027174
            ],
            [
              128.320313,
              36.992058
            ],
            [
              128.232422,
              36.956925
            ],
            [
              128.144531,
              36.921776
            ],
            [
              128.100586,
              36.85143
            ],
            [
              128.056641,
              36.781018
            ],
            [
              128.056641,
              36.67528
            ],
            [
              128.100586,
              36.569396
            ],
            [
              128.100586,
              36.463367
            ],
            [
              128.100586,
              36.357193
            ],
            [
              128.056641,
              36.286329
            ],
            [
              128.100586,
              36.215401
            ],
            [
              128.144531,
              36.144409
            ],
            [
              128.100586,
              36.073352
            ],
            [
              128.144531,
              36.002231
            ],
            [
              128.232422,
              35.966647
            ],
            [
              128.320313,
              36.002231
            ],
            [
              128.452148,
              36.0378
            ],
            [
              128.540039,
              36.073352
            ],
            [
              128.671875,
              36.073352
            ],
            [
              128.759766,
              36.108889
            ],
            [
              128.847656,
              36.144409
            ],
            [
              128.979492,
              36.144409
            ],
            [
              129.111328,
              36.144409
            ],
            [
              129.243164,
              36.108889
            ],
            [
              129.375,
              36.108889
            ],
            [
              129.462891,
              36.144409
            ],
            [
              129.550781,
              36.108889
            ],
            [
              129.638672,
              36.073352
            ],
            [
              129.726563,
              36.108889
            ],
            [
              129.770508,
              36.179913
            ],
            [
              129.726563,
              36.286329
            ],
            [
              129.682617,
              36.357193
            ],
            [
              129.726563,
              36.463367
            ],
            [
              129.726563,
              36.569396
            ],
            [
              129.726563,
              36.67528
            ],
            [
              129.682617,
              36.745789
            ],
            [
              129.682617,
              36.85143
            ],
            [
              129.682617,
              36.956925
            ],
            [
              129.726563,
              37.027174
            ],
            [
              129.682617,
              37.097359
            ],
            [
              129.594727,
              37.132427
            ],
            [
              129.506836,
              37.167478
            ],
            [
              129.418945,
              37.132427
            ],
            [
              129.331055,
              37.097359
            ],
            [
              129.331055,
              37.097359
            ],
            [
              129.375,
              37.237533
            ]
          ]
        ]
      }
    },
    {
      "type": "Feature",
      "properties": {
        "NAME": "백제",
        "name": "백제",
        "color": "#ef4444",
        "fill": "#ef4444",
        "fill-opacity": 0.5,
        "stroke": "#ef4444",
        "stroke-width": 2,
        "originalType": "polygon"
      },
      "geometry": {
        "type": "Polygon",
        "coordinates": [
          [
            [
              127.858887,
              37.480605
            ],
            [
              127.792969,
              37.463154
            ],
            [
              127.749023,
              37.445699
            ],
            [
              127.683105,
              37.445699
            ],
            [
              127.595215,
              37.445699
            ],
            [
              127.507324,
              37.42824
            ],
            [
              127.441406,
              37.42824
            ],
            [
              127.375488,
              37.42824
            ],
            [
              127.287598,
              37.42824
            ],
            [
              127.243652,
              37.410777
            ],
            [
              127.177734,
              37.410777
            ],
            [
              127.111816,
              37.410777
            ],
            [
              127.067871,
              37.39331
            ],
            [
              127.001953,
              37.375839
            ],
            [
              126.936035,
              37.375839
            ],
            [
              126.89209,
              37.358363
            ],
            [
              126.848145,
              37.340884
            ],
            [
              126.826172,
              37.305913
            ],
            [
              126.804199,
              37.270926
            ],
            [
              126.782227,
              37.218414
            ],
            [
              126.804199,
              37.165866
            ],
            [
              126.804199,
              37.113282
            ],
            [
              126.782227,
              37.060661
            ],
            [
              126.782227,
              37.008003
            ],
            [
              126.782227,
              36.955309
            ],
            [
              126.738281,
              36.937736
            ],
            [
              126.672363,
              36.937736
            ],
            [
              126.606445,
              36.937736
            ],
            [
              126.5625,
              36.955309
            ],
            [
              126.518555,
              36.972878
            ],
            [
              126.474609,
              37.008003
            ],
            [
              126.430664,
              37.02556
            ],
            [
              126.364746,
              37.043112
            ],
            [
              126.298828,
              37.043112
            ],
            [
              126.23291,
              37.043112
            ],
            [
              126.188965,
              37.008003
            ],
            [
              126.188965,
              36.955309
            ],
            [
              126.166992,
              36.920159
            ],
            [
              126.188965,
              36.884993
            ],
            [
              126.23291,
              36.849811
            ],
            [
              126.254883,
              36.814613
            ],
            [
              126.276855,
              36.779398
            ],
            [
              126.276855,
              36.726546
            ],
            [
              126.276855,
              36.673658
            ],
            [
              126.298828,
              36.638379
            ],
            [
              126.298828,
              36.585429
            ],
            [
              126.298828,
              36.532444
            ],
            [
              126.320801,
              36.4971
            ],
            [
              126.342773,
              36.444054
            ],
            [
              126.364746,
              36.390972
            ],
            [
              126.386719,
              36.355564
            ],
            [
              126.408691,
              36.302421
            ],
            [
              126.430664,
              36.249242
            ],
            [
              126.430664,
              36.196027
            ],
            [
              126.430664,
              36.142775
            ],
            [
              126.452637,
              36.089488
            ],
            [
              126.474609,
              36.053943
            ],
            [
              126.496582,
              36.018382
            ],
            [
              126.518555,
              35.982804
            ],
            [
              126.540527,
              35.947211
            ],
            [
              126.540527,
              35.893791
            ],
            [
              126.518555,
              35.858158
            ],
            [
              126.496582,
              35.786843
            ],
            [
              126.474609,
              35.751162
            ],
            [
              126.452637,
              35.697609
            ],
            [
              126.452637,
              35.644021
            ],
            [
              126.430664,
              35.590397
            ],
            [
              126.408691,
              35.500944
            ],
            [
              126.386719,
              35.429309
            ],
            [
              126.342773,
              35.375542
            ],
            [
              126.320801,
              35.339677
            ],
            [
              126.276855,
              35.321738
            ],
            [
              126.254883,
              35.285849
            ],
            [
              126.210938,
              35.249944
            ],
            [
              126.166992,
              35.231986
            ],
            [
              126.123047,
              35.196057
            ],
            [
              126.101074,
              35.124152
            ],
            [
              126.057129,
              35.052183
            ],
            [
              126.035156,
              35.016175
            ],
            [
              126.035156,
              34.962133
            ],
            [
              126.035156,
              34.908056
            ],
            [
              126.013184,
              34.871984
            ],
            [
              125.991211,
              34.835897
            ],
            [
              125.991211,
              34.781736
            ],
            [
              125.969238,
              34.745609
            ],
            [
              125.947266,
              34.691389
            ],
            [
              125.947266,
              34.637134
            ],
            [
              125.947266,
              34.582843
            ],
            [
              125.947266,
              34.528516
            ],
            [
              125.969238,
              34.474154
            ],
            [
              125.969238,
              34.419757
            ],
            [
              125.969238,
              34.347172
            ],
            [
              125.969238,
              34.292691
            ],
            [
              125.991211,
              34.256352
            ],
            [
              126.035156,
              34.219996
            ],
            [
              126.079102,
              34.201813
            ],
            [
              126.166992,
              34.183625
            ],
            [
              126.298828,
              34.165434
            ],
            [
              126.386719,
              34.165434
            ],
            [
              126.474609,
              34.165434
            ],
            [
              126.540527,
              34.165434
            ],
            [
              126.584473,
              34.147239
            ],
            [
              126.650391,
              34.165434
            ],
            [
              126.694336,
              34.183625
            ],
            [
              126.782227,
              34.201813
            ],
            [
              126.826172,
              34.219996
            ],
            [
              126.89209,
              34.238176
            ],
            [
              126.958008,
              34.256352
            ],
            [
              127.023926,
              34.274524
            ],
            [
              127.067871,
              34.292691
            ],
            [
              127.133789,
              34.310855
            ],
            [
              127.199707,
              34.310855
            ],
            [
              127.243652,
              34.347172
            ],
            [
              127.287598,
              34.365324
            ],
            [
              127.331543,
              34.383472
            ],
            [
              127.375488,
              34.401616
            ],
            [
              127.419434,
              34.437893
            ],
            [
              127.463379,
              34.474154
            ],
            [
              127.507324,
              34.528516
            ],
            [
              127.507324,
              34.582843
            ],
            [
              127.529297,
              34.619041
            ],
            [
              127.55127,
              34.655223
            ],
            [
              127.573242,
              34.691389
            ],
            [
              127.595215,
              34.72754
            ],
            [
              127.63916,
              34.745609
            ],
            [
              127.683105,
              34.763675
            ],
            [
              127.705078,
              34.799794
            ],
            [
              127.727051,
              34.835897
            ],
            [
              127.749023,
              34.871984
            ],
            [
              127.749023,
              34.944112
            ],
            [
              127.770996,
              34.998165
            ],
            [
              127.770996,
              35.052183
            ],
            [
              127.770996,
              35.124152
            ],
            [
              127.770996,
              35.178087
            ],
            [
              127.770996,
              35.231986
            ],
            [
              127.770996,
              35.285849
            ],
            [
              127.770996,
              35.357611
            ],
            [
              127.792969,
              35.393468
            ],
            [
              127.792969,
              35.465135
            ],
            [
              127.814941,
              35.500944
            ],
            [
              127.814941,
              35.554628
            ],
            [
              127.814941,
              35.608276
            ],
            [
              127.836914,
              35.644021
            ],
            [
              127.836914,
              35.697609
            ],
            [
              127.836914,
              35.769004
            ],
            [
              127.858887,
              35.822508
            ],
            [
              127.880859,
              35.875976
            ],
            [
              127.902832,
              35.911602
            ],
            [
              127.924805,
              35.947211
            ],
            [
              127.96875,
              35.982804
            ],
            [
              127.990723,
              36.018382
            ],
            [
              128.012695,
              36.053943
            ],
            [
              128.034668,
              36.107254
            ],
            [
              128.034668,
              36.17828
            ],
            [
              128.056641,
              36.231508
            ],
            [
              128.056641,
              36.302421
            ],
            [
              128.056641,
              36.37327
            ],
            [
              128.056641,
              36.426364
            ],
            [
              128.056641,
              36.479422
            ],
            [
              128.056641,
              36.532444
            ],
            [
              128.056641,
              36.603083
            ],
            [
              128.034668,
              36.638379
            ],
            [
              128.034668,
              36.691291
            ],
            [
              128.034668,
              36.744168
            ],
            [
              128.034668,
              36.797008
            ],
            [
              128.034668,
              36.849811
            ],
            [
              128.034668,
              36.902578
            ],
            [
              128.034668,
              36.955309
            ],
            [
              128.012695,
              36.990442
            ],
            [
              127.990723,
              37.060661
            ],
            [
              127.990723,
              37.113282
            ],
            [
              127.990723,
              37.165866
            ],
            [
              127.990723,
              37.218414
            ],
            [
              127.990723,
              37.270926
            ],
            [
              127.96875,
              37.305913
            ],
            [
              127.96875,
              37.358363
            ],
            [
              127.946777,
              37.39331
            ],
            [
              127.924805,
              37.42824
            ],
            [
              127.902832,
              37.463154
            ],
            [
              127.836914,
              37.463154
            ],
            [
              127.836914,
              37.463154
            ],
            [
              127.858887,
              37.480605
            ]
          ]
        ]
      }
    },
    {
      "type": "Feature",
      "properties": {
        "NAME": "거란",
        "name": "거란",
        "color": "#ef4444",
        "fill": "#ef4444",
        "fill-opacity": 0.5,
        "stroke": "#ef4444",
        "stroke-width": 2,
        "originalType": "polygon"
      },
      "geometry": {
        "type": "Polygon",
        "coordinates": [
          [
            [
              113.422852,
              46.422361
            ],
            [
              113.510742,
              46.392038
            ],
            [
              113.642578,
              46.392038
            ],
            [
              113.774414,
              46.392038
            ],
            [
              113.950195,
              46.392038
            ],
            [
              114.082031,
              46.392038
            ],
            [
              114.301758,
              46.392038
            ],
            [
              114.477539,
              46.392038
            ],
            [
              114.697266,
              46.392038
            ],
            [
              114.785156,
              46.422361
            ],
            [
              114.960938,
              46.422361
            ],
            [
              115.092773,
              46.422361
            ],
            [
              115.224609,
              46.422361
            ],
            [
              115.3125,
              46.452667
            ],
            [
              115.444336,
              46.482956
            ],
            [
              115.576172,
              46.513229
            ],
            [
              115.751953,
              46.513229
            ],
            [
              115.839844,
              46.543484
            ],
            [
              116.015625,
              46.543484
            ],
            [
              116.235352,
              46.543484
            ],
            [
              116.411133,
              46.543484
            ],
            [
              116.542969,
              46.573723
            ],
            [
              116.674805,
              46.573723
            ],
            [
              116.806641,
              46.573723
            ],
            [
              116.938477,
              46.573723
            ],
            [
              117.070313,
              46.573723
            ],
            [
              117.202148,
              46.573723
            ],
            [
              117.333984,
              46.573723
            ],
            [
              117.509766,
              46.543484
            ],
            [
              117.597656,
              46.513229
            ],
            [
              117.685547,
              46.482956
            ],
            [
              117.817383,
              46.482956
            ],
            [
              117.949219,
              46.482956
            ],
            [
              118.037109,
              46.452667
            ],
            [
              118.168945,
              46.422361
            ],
            [
              118.256836,
              46.392038
            ],
            [
              118.344727,
              46.361699
            ],
            [
              118.476563,
              46.300969
            ],
            [
              118.564453,
              46.270579
            ],
            [
              118.652344,
              46.240171
            ],
            [
              118.696289,
              46.148849
            ],
            [
              118.740234,
              46.087883
            ],
            [
              118.78418,
              46.026849
            ],
            [
              118.87207,
              45.965748
            ],
            [
              118.916016,
              45.90458
            ],
            [
              118.959961,
              45.843344
            ],
            [
              119.003906,
              45.782041
            ],
            [
              119.047852,
              45.72067
            ],
            [
              119.135742,
              45.689959
            ],
            [
              119.223633,
              45.628487
            ],
            [
              119.267578,
              45.566948
            ],
            [
              119.267578,
              45.474512
            ],
            [
              119.223633,
              45.412803
            ],
            [
              119.179688,
              45.351028
            ],
            [
              119.135742,
              45.289184
            ],
            [
              119.091797,
              45.227273
            ],
            [
              119.003906,
              45.196293
            ],
            [
              118.916016,
              45.165295
            ],
            [
              118.78418,
              45.165295
            ],
            [
              118.696289,
              45.134281
            ],
            [
              118.608398,
              45.103249
            ],
            [
              118.520508,
              45.041136
            ],
            [
              118.432617,
              45.010054
            ],
            [
              118.344727,
              44.94784
            ],
            [
              118.300781,
              44.885557
            ],
            [
              118.256836,
              44.823208
            ],
            [
              118.212891,
              44.760791
            ],
            [
              118.256836,
              44.667039
            ],
            [
              118.300781,
              44.604453
            ],
            [
              118.344727,
              44.510447
            ],
            [
              118.344727,
              44.41629
            ],
            [
              118.344727,
              44.321981
            ],
            [
              118.388672,
              44.259024
            ],
            [
              118.476563,
              44.164462
            ],
            [
              118.520508,
              44.101336
            ],
            [
              118.564453,
              44.006521
            ],
            [
              118.608398,
              43.943227
            ],
            [
              118.608398,
              43.848159
            ],
            [
              118.696289,
              43.784695
            ],
            [
              118.740234,
              43.721165
            ],
            [
              118.828125,
              43.657567
            ],
            [
              118.87207,
              43.593902
            ],
            [
              118.959961,
              43.562044
            ],
            [
              119.047852,
              43.498277
            ],
            [
              119.135742,
              43.466369
            ],
            [
              119.223633,
              43.434443
            ],
            [
              119.311523,
              43.402501
            ],
            [
              119.355469,
              43.338566
            ],
            [
              119.399414,
              43.242537
            ],
            [
              119.355469,
              43.178433
            ],
            [
              119.267578,
              43.146356
            ],
            [
              119.179688,
              43.082152
            ],
            [
              119.091797,
              43.050024
            ],
            [
              119.003906,
              43.01788
            ],
            [
              118.87207,
              42.985719
            ],
            [
              118.78418,
              42.953541
            ],
            [
              118.696289,
              42.921346
            ],
            [
              118.608398,
              42.889134
            ],
            [
              118.432617,
              42.856906
            ],
            [
              118.344727,
              42.82466
            ],
            [
              118.256836,
              42.760119
            ],
            [
              118.168945,
              42.727823
            ],
            [
              118.081055,
              42.663181
            ],
            [
              117.993164,
              42.598472
            ],
            [
              117.905273,
              42.566092
            ],
            [
              117.817383,
              42.501281
            ],
            [
              117.729492,
              42.436404
            ],
            [
              117.641602,
              42.371459
            ],
            [
              117.553711,
              42.306447
            ],
            [
              117.46582,
              42.273916
            ],
            [
              117.37793,
              42.241367
            ],
            [
              117.290039,
              42.208803
            ],
            [
              117.158203,
              42.208803
            ],
            [
              117.070313,
              42.176221
            ],
            [
              116.894531,
              42.143623
            ],
            [
              116.762695,
              42.111007
            ],
            [
              116.630859,
              42.111007
            ],
            [
              116.499023,
              42.111007
            ],
            [
              116.367188,
              42.078375
            ],
            [
              116.279297,
              42.045727
            ],
            [
              116.147461,
              42.013061
            ],
            [
              116.015625,
              42.013061
            ],
            [
              115.927734,
              41.980379
            ],
            [
              115.795898,
              41.980379
            ],
            [
              115.664063,
              41.980379
            ],
            [
              115.532227,
              41.980379
            ],
            [
              115.444336,
              41.947679
            ],
            [
              115.3125,
              41.947679
            ],
            [
              115.136719,
              41.947679
            ],
            [
              115.048828,
              41.914964
            ],
            [
              114.916992,
              41.914964
            ],
            [
              114.785156,
              41.914964
            ],
            [
              114.697266,
              41.882231
            ],
            [
              114.521484,
              41.882231
            ],
            [
              114.433594,
              41.849481
            ],
            [
              114.301758,
              41.816715
            ],
            [
              114.125977,
              41.783932
            ],
            [
              113.994141,
              41.751132
            ],
            [
              113.862305,
              41.718316
            ],
            [
              113.774414,
              41.652632
            ],
            [
              113.730469,
              41.586882
            ],
            [
              113.642578,
              41.553981
            ],
            [
              113.554688,
              41.521064
            ],
            [
              113.466797,
              41.422212
            ],
            [
              113.378906,
              41.389228
            ],
            [
              113.291016,
              41.32321
            ],
            [
              113.15918,
              41.290175
            ],
            [
              113.027344,
              41.224057
            ],
            [
              112.939453,
              41.190972
            ],
            [
              112.807617,
              41.157871
            ],
            [
              112.719727,
              41.124753
            ],
            [
              112.587891,
              41.091618
            ],
            [
              112.456055,
              41.058467
            ],
            [
              112.324219,
              41.058467
            ],
            [
              112.236328,
              41.025298
            ],
            [
              112.104492,
              41.025298
            ],
            [
              111.972656,
              41.025298
            ],
            [
              111.84082,
              41.025298
            ],
            [
              111.708984,
              41.025298
            ],
            [
              111.577148,
              41.025298
            ],
            [
              111.445313,
              41.058467
            ],
            [
              111.313477,
              41.058467
            ],
            [
              111.181641,
              41.091618
            ],
            [
              111.049805,
              41.124753
            ],
            [
              110.874023,
              41.157871
            ],
            [
              110.742188,
              41.190972
            ],
            [
              110.610352,
              41.190972
            ],
            [
              110.522461,
              41.224057
            ],
            [
              110.390625,
              41.257124
            ],
            [
              110.302734,
              41.290175
            ],
            [
              110.170898,
              41.290175
            ],
            [
              110.083008,
              41.32321
            ],
            [
              109.951172,
              41.32321
            ],
            [
              109.863281,
              41.356227
            ],
            [
              109.6875,
              41.356227
            ],
            [
              109.555664,
              41.356227
            ],
            [
              109.423828,
              41.389228
            ],
            [
              109.291992,
              41.389228
            ],
            [
              109.204102,
              41.422212
            ],
            [
              109.072266,
              41.422212
            ],
            [
              108.94043,
              41.422212
            ],
            [
              108.808594,
              41.422212
            ],
            [
              108.676758,
              41.422212
            ],
            [
              108.544922,
              41.422212
            ],
            [
              108.369141,
              41.422212
            ],
            [
              108.237305,
              41.422212
            ],
            [
              107.929688,
              41.422212
            ],
            [
              107.841797,
              41.45518
            ],
            [
              107.709961,
              41.48813
            ],
            [
              107.578125,
              41.48813
            ],
            [
              107.490234,
              41.521064
            ],
            [
              107.402344,
              41.553981
            ],
            [
              107.314453,
              41.586882
            ],
            [
              107.226563,
              41.652632
            ],
            [
              107.138672,
              41.685482
            ],
            [
              107.050781,
              41.751132
            ],
            [
              106.918945,
              41.849481
            ],
            [
              106.831055,
              41.882231
            ],
            [
              106.787109,
              41.947679
            ],
            [
              106.699219,
              41.980379
            ],
            [
              106.611328,
              42.045727
            ],
            [
              106.523438,
              42.111007
            ],
            [
              106.391602,
              42.176221
            ],
            [
              106.303711,
              42.241367
            ],
            [
              106.21582,
              42.338961
            ],
            [
              106.12793,
              42.371459
            ],
            [
              106.040039,
              42.436404
            ],
            [
              105.952148,
              42.468851
            ],
            [
              105.864258,
              42.501281
            ],
            [
              105.776367,
              42.533695
            ],
            [
              105.688477,
              42.566092
            ],
            [
              105.600586,
              42.598472
            ],
            [
              105.512695,
              42.630835
            ],
            [
              105.380859,
              42.630835
            ],
            [
              105.292969,
              42.663181
            ],
            [
              105.117188,
              42.663181
            ],
            [
              104.985352,
              42.69551
            ],
            [
              104.80957,
              42.727823
            ],
            [
              104.633789,
              42.760119
            ],
            [
              104.501953,
              42.792398
            ],
            [
              104.326172,
              42.82466
            ],
            [
              104.194336,
              42.856906
            ],
            [
              104.0625,
              42.889134
            ],
            [
              103.886719,
              42.921346
            ],
            [
              103.754883,
              42.953541
            ],
            [
              103.535156,
              42.985719
            ],
            [
              103.359375,
              42.985719
            ],
            [
              103.227539,
              42.985719
            ],
            [
              103.095703,
              42.985719
            ],
            [
              102.919922,
              42.985719
            ],
            [
              102.832031,
              43.01788
            ],
            [
              102.700195,
              42.953541
            ],
            [
              102.568359,
              42.953541
            ],
            [
              102.392578,
              42.856906
            ],
            [
              102.304688,
              42.82466
            ],
            [
              102.216797,
              42.792398
            ],
            [
              102.041016,
              42.760119
            ],
            [
              101.90918,
              42.760119
            ],
            [
              101.821289,
              42.727823
            ],
            [
              101.733398,
              42.663181
            ],
            [
              101.601563,
              42.630835
            ],
            [
              101.513672,
              42.566092
            ],
            [
              101.337891,
              42.533695
            ],
            [
              101.25,
              42.501281
            ],
            [
              101.074219,
              42.501281
            ],
            [
              100.854492,
              42.501281
            ],
            [
              100.678711,
              42.501281
            ],
            [
              100.59082,
              42.533695
            ],
            [
              100.50293,
              42.566092
            ],
            [
              100.415039,
              42.630835
            ],
            [
              100.415039,
              42.727823
            ],
            [
              100.50293,
              42.792398
            ],
            [
              100.546875,
              42.856906
            ],
            [
              100.634766,
              42.889134
            ],
            [
              100.722656,
              42.921346
            ],
            [
              100.898438,
              43.050024
            ],
            [
              100.986328,
              43.114263
            ],
            [
              101.074219,
              43.178433
            ],
            [
              101.206055,
              43.274563
            ],
            [
              101.25,
              43.338566
            ],
            [
              101.337891,
              43.370542
            ],
            [
              101.425781,
              43.402501
            ],
            [
              101.513672,
              43.466369
            ],
            [
              101.601563,
              43.498277
            ],
            [
              101.689453,
              43.530169
            ],
            [
              101.777344,
              43.562044
            ],
            [
              101.865234,
              43.593902
            ],
            [
              101.99707,
              43.625743
            ],
            [
              102.128906,
              43.657567
            ],
            [
              102.304688,
              43.657567
            ],
            [
              102.480469,
              43.689374
            ],
            [
              102.65625,
              43.721165
            ],
            [
              102.832031,
              43.752939
            ],
            [
              102.963867,
              43.752939
            ],
            [
              103.051758,
              43.784695
            ],
            [
              103.183594,
              43.784695
            ],
            [
              103.31543,
              43.784695
            ],
            [
              103.40332,
              43.816435
            ],
            [
              103.535156,
              43.848159
            ],
            [
              103.710938,
              43.879865
            ],
            [
              103.842773,
              43.879865
            ],
            [
              103.974609,
              43.911554
            ],
            [
              104.0625,
              43.943227
            ],
            [
              104.238281,
              43.974882
            ],
            [
              104.370117,
              43.974882
            ],
            [
              104.458008,
              44.006521
            ],
            [
              104.589844,
              44.038143
            ],
            [
              104.80957,
              44.038143
            ],
            [
              104.941406,
              44.069748
            ],
            [
              105.117188,
              44.101336
            ],
            [
              105.249023,
              44.132908
            ],
            [
              105.424805,
              44.164462
            ],
            [
              105.600586,
              44.196
            ],
            [
              105.776367,
              44.259024
            ],
            [
              105.908203,
              44.290511
            ],
            [
              106.040039,
              44.321981
            ],
            [
              106.12793,
              44.384871
            ],
            [
              106.21582,
              44.479079
            ],
            [
              106.303711,
              44.573135
            ],
            [
              106.347656,
              44.635754
            ],
            [
              106.347656,
              44.760791
            ],
            [
              106.435547,
              44.823208
            ],
            [
              106.479492,
              44.885557
            ],
            [
              106.567383,
              44.978955
            ],
            [
              106.699219,
              45.041136
            ],
            [
              106.831055,
              45.103249
            ],
            [
              106.918945,
              45.165295
            ],
            [
              107.050781,
              45.258237
            ],
            [
              107.182617,
              45.351028
            ],
            [
              107.270508,
              45.381924
            ],
            [
              107.402344,
              45.474512
            ],
            [
              107.490234,
              45.536152
            ],
            [
              107.578125,
              45.597726
            ],
            [
              107.709961,
              45.659232
            ],
            [
              107.841797,
              45.689959
            ],
            [
              107.929688,
              45.751364
            ],
            [
              108.017578,
              45.782041
            ],
            [
              108.149414,
              45.812701
            ],
            [
              108.28125,
              45.843344
            ],
            [
              108.457031,
              45.90458
            ],
            [
              108.632813,
              45.935173
            ],
            [
              108.764648,
              45.935173
            ],
            [
              108.896484,
              45.965748
            ],
            [
              109.072266,
              45.996307
            ],
            [
              109.248047,
              46.026849
            ],
            [
              109.467773,
              46.057374
            ],
            [
              109.731445,
              46.087883
            ],
            [
              109.951172,
              46.087883
            ],
            [
              110.083008,
              46.087883
            ],
            [
              110.170898,
              46.118374
            ],
            [
              110.302734,
              46.118374
            ],
            [
              110.478516,
              46.118374
            ],
            [
              110.610352,
              46.087883
            ],
            [
              110.786133,
              46.087883
            ],
            [
              110.917969,
              46.087883
            ],
            [
              111.005859,
              46.118374
            ],
            [
              111.225586,
              46.118374
            ],
            [
              111.357422,
              46.148849
            ],
            [
              111.533203,
              46.179307
            ],
            [
              111.621094,
              46.209747
            ],
            [
              111.665039,
              46.270579
            ],
            [
              111.75293,
              46.331342
            ],
            [
              111.84082,
              46.361699
            ],
            [
              111.928711,
              46.422361
            ],
            [
              112.016602,
              46.452667
            ],
            [
              112.104492,
              46.482956
            ],
            [
              112.236328,
              46.482956
            ],
            [
              112.368164,
              46.482956
            ],
            [
              112.5,
              46.452667
            ],
            [
              112.631836,
              46.452667
            ],
            [
              112.719727,
              46.422361
            ],
            [
              112.851563,
              46.392038
            ],
            [
              112.983398,
              46.361699
            ],
            [
              113.115234,
              46.331342
            ],
            [
              113.291016,
              46.361699
            ],
            [
              113.422852,
              46.361699
            ],
            [
              113.510742,
              46.392038
            ],
            [
              113.510742,
              46.392038
            ],
            [
              113.422852,
              46.422361
            ]
          ]
        ]
      }
    },
    {
      "type": "Feature",
      "properties": {
        "NAME": "북위",
        "name": "북위",
        "color": "#ef4444",
        "fill": "#ef4444",
        "fill-opacity": 0.5,
        "stroke": "#ef4444",
        "stroke-width": 2,
        "originalType": "polygon"
      },
      "geometry": {
        "type": "Polygon",
        "coordinates": [
          [
            [
              109.379883,
              41.224057
            ],
            [
              109.291992,
              41.190972
            ],
            [
              109.204102,
              41.157871
            ],
            [
              109.072266,
              41.157871
            ],
            [
              108.896484,
              41.190972
            ],
            [
              108.720703,
              41.190972
            ],
            [
              108.588867,
              41.190972
            ],
            [
              108.413086,
              41.190972
            ],
            [
              108.237305,
              41.224057
            ],
            [
              108.105469,
              41.224057
            ],
            [
              107.929688,
              41.224057
            ],
            [
              107.797852,
              41.224057
            ],
            [
              107.666016,
              41.224057
            ],
            [
              107.53418,
              41.224057
            ],
            [
              107.358398,
              41.224057
            ],
            [
              107.138672,
              41.224057
            ],
            [
              107.006836,
              41.257124
            ],
            [
              106.875,
              41.290175
            ],
            [
              106.743164,
              41.32321
            ],
            [
              106.655273,
              41.389228
            ],
            [
              106.611328,
              41.45518
            ],
            [
              106.567383,
              41.553981
            ],
            [
              106.523438,
              41.619765
            ],
            [
              106.391602,
              41.619765
            ],
            [
              106.259766,
              41.652632
            ],
            [
              106.171875,
              41.685482
            ],
            [
              106.083984,
              41.718316
            ],
            [
              105.952148,
              41.751132
            ],
            [
              105.864258,
              41.783932
            ],
            [
              105.776367,
              41.849481
            ],
            [
              105.644531,
              41.849481
            ],
            [
              105.556641,
              41.882231
            ],
            [
              105.424805,
              41.914964
            ],
            [
              105.292969,
              41.947679
            ],
            [
              105.161133,
              41.947679
            ],
            [
              105.029297,
              41.980379
            ],
            [
              104.897461,
              42.013061
            ],
            [
              104.72168,
              42.013061
            ],
            [
              104.545898,
              42.045727
            ],
            [
              104.414063,
              42.045727
            ],
            [
              104.282227,
              42.078375
            ],
            [
              104.150391,
              42.078375
            ],
            [
              104.018555,
              42.078375
            ],
            [
              103.930664,
              42.111007
            ],
            [
              103.798828,
              42.111007
            ],
            [
              103.623047,
              42.111007
            ],
            [
              103.491211,
              42.078375
            ],
            [
              103.31543,
              42.078375
            ],
            [
              103.183594,
              42.078375
            ],
            [
              103.095703,
              42.045727
            ],
            [
              102.919922,
              42.045727
            ],
            [
              102.744141,
              42.045727
            ],
            [
              102.612305,
              42.045727
            ],
            [
              102.480469,
              42.045727
            ],
            [
              102.348633,
              42.045727
            ],
            [
              102.172852,
              42.045727
            ],
            [
              102.041016,
              42.013061
            ],
            [
              101.953125,
              41.980379
            ],
            [
              101.821289,
              41.947679
            ],
            [
              101.645508,
              41.914964
            ],
            [
              101.557617,
              41.849481
            ],
            [
              101.469727,
              41.816715
            ],
            [
              101.337891,
              41.751132
            ],
            [
              101.25,
              41.718316
            ],
            [
              101.162109,
              41.685482
            ],
            [
              101.074219,
              41.652632
            ],
            [
              100.942383,
              41.586882
            ],
            [
              100.854492,
              41.521064
            ],
            [
              100.722656,
              41.48813
            ],
            [
              100.634766,
              41.45518
            ],
            [
              100.546875,
              41.422212
            ],
            [
              100.415039,
              41.356227
            ],
            [
              100.327148,
              41.32321
            ],
            [
              100.239258,
              41.290175
            ],
            [
              100.107422,
              41.257124
            ],
            [
              100.019531,
              41.224057
            ],
            [
              99.931641,
              41.190972
            ],
            [
              99.84375,
              41.157871
            ],
            [
              99.755859,
              41.124753
            ],
            [
              99.624023,
              41.058467
            ],
            [
              99.536133,
              41.025298
            ],
            [
              99.448242,
              40.992114
            ],
            [
              99.360352,
              40.958912
            ],
            [
              99.272461,
              40.892459
            ],
            [
              99.18457,
              40.859207
            ],
            [
              99.052734,
              40.792653
            ],
            [
              99.008789,
              40.726033
            ],
            [
              98.964844,
              40.659346
            ],
            [
              99.052734,
              40.525772
            ],
            [
              99.140625,
              40.425416
            ],
            [
              99.228516,
              40.358429
            ],
            [
              99.316406,
              40.324911
            ],
            [
              99.404297,
              40.257823
            ],
            [
              99.492188,
              40.157068
            ],
            [
              99.580078,
              40.089815
            ],
            [
              99.667969,
              40.056163
            ],
            [
              99.799805,
              40.022495
            ],
            [
              99.931641,
              39.955108
            ],
            [
              100.107422,
              39.955108
            ],
            [
              100.283203,
              39.955108
            ],
            [
              100.415039,
              39.955108
            ],
            [
              100.59082,
              39.955108
            ],
            [
              100.722656,
              39.955108
            ],
            [
              100.898438,
              39.955108
            ],
            [
              101.030273,
              39.955108
            ],
            [
              101.162109,
              39.98881
            ],
            [
              101.337891,
              39.98881
            ],
            [
              101.469727,
              39.98881
            ],
            [
              101.601563,
              39.955108
            ],
            [
              101.689453,
              39.92139
            ],
            [
              101.821289,
              39.853904
            ],
            [
              101.90918,
              39.786351
            ],
            [
              101.953125,
              39.718732
            ],
            [
              102.041016,
              39.617179
            ],
            [
              102.128906,
              39.515477
            ],
            [
              102.172852,
              39.447593
            ],
            [
              102.216797,
              39.379643
            ],
            [
              102.304688,
              39.311626
            ],
            [
              102.348633,
              39.243543
            ],
            [
              102.436523,
              39.175394
            ],
            [
              102.480469,
              39.107179
            ],
            [
              102.568359,
              39.073046
            ],
            [
              102.65625,
              39.004732
            ],
            [
              102.744141,
              38.97055
            ],
            [
              102.788086,
              38.902137
            ],
            [
              102.875977,
              38.867906
            ],
            [
              102.963867,
              38.833658
            ],
            [
              103.095703,
              38.833658
            ],
            [
              103.183594,
              38.799393
            ],
            [
              103.447266,
              38.799393
            ],
            [
              103.623047,
              38.799393
            ],
            [
              103.798828,
              38.833658
            ],
            [
              103.930664,
              38.833658
            ],
            [
              104.0625,
              38.867906
            ],
            [
              104.194336,
              38.902137
            ],
            [
              104.282227,
              38.936352
            ],
            [
              104.414063,
              39.004732
            ],
            [
              104.501953,
              39.038898
            ],
            [
              104.545898,
              39.107179
            ],
            [
              104.677734,
              39.141295
            ],
            [
              104.765625,
              39.175394
            ],
            [
              104.897461,
              39.243543
            ],
            [
              105.029297,
              39.277593
            ],
            [
              105.117188,
              39.311626
            ],
            [
              105.249023,
              39.311626
            ],
            [
              105.424805,
              39.311626
            ],
            [
              105.512695,
              39.277593
            ],
            [
              105.600586,
              39.243543
            ],
            [
              105.732422,
              39.243543
            ],
            [
              105.864258,
              39.209477
            ],
            [
              105.996094,
              39.209477
            ],
            [
              106.12793,
              39.209477
            ],
            [
              106.21582,
              39.175394
            ],
            [
              106.347656,
              39.175394
            ],
            [
              106.479492,
              39.175394
            ],
            [
              106.567383,
              39.141295
            ],
            [
              106.699219,
              39.141295
            ],
            [
              106.787109,
              39.107179
            ],
            [
              106.962891,
              39.073046
            ],
            [
              107.050781,
              39.038898
            ],
            [
              107.138672,
              39.004732
            ],
            [
              107.270508,
              38.936352
            ],
            [
              107.402344,
              38.902137
            ],
            [
              107.490234,
              38.867906
            ],
            [
              107.578125,
              38.833658
            ],
            [
              107.709961,
              38.799393
            ],
            [
              107.841797,
              38.765113
            ],
            [
              107.929688,
              38.730815
            ],
            [
              108.017578,
              38.696501
            ],
            [
              108.105469,
              38.662171
            ],
            [
              108.193359,
              38.627824
            ],
            [
              108.325195,
              38.627824
            ],
            [
              108.457031,
              38.593461
            ],
            [
              108.632813,
              38.593461
            ],
            [
              108.764648,
              38.627824
            ],
            [
              108.94043,
              38.627824
            ],
            [
              109.02832,
              38.662171
            ],
            [
              109.116211,
              38.696501
            ],
            [
              109.335938,
              38.730815
            ],
            [
              109.467773,
              38.730815
            ],
            [
              109.555664,
              38.765113
            ],
            [
              109.643555,
              38.799393
            ],
            [
              109.731445,
              38.867906
            ],
            [
              109.775391,
              38.936352
            ],
            [
              109.819336,
              39.004732
            ],
            [
              109.819336,
              39.107179
            ],
            [
              109.863281,
              39.209477
            ],
            [
              109.863281,
              39.311626
            ],
            [
              109.863281,
              39.413626
            ],
            [
              109.951172,
              39.515477
            ],
            [
              109.951172,
              39.617179
            ],
            [
              110.039063,
              39.684898
            ],
            [
              110.083008,
              39.75255
            ],
            [
              110.126953,
              39.853904
            ],
            [
              110.170898,
              39.92139
            ],
            [
              110.258789,
              39.98881
            ],
            [
              110.34668,
              40.056163
            ],
            [
              110.390625,
              40.12345
            ],
            [
              110.43457,
              40.19067
            ],
            [
              110.478516,
              40.257823
            ],
            [
              110.522461,
              40.324911
            ],
            [
              110.566406,
              40.391931
            ],
            [
              110.610352,
              40.458885
            ],
            [
              110.698242,
              40.525772
            ],
            [
              110.786133,
              40.559191
            ],
            [
              110.874023,
              40.625978
            ],
            [
              110.917969,
              40.692698
            ],
            [
              111.005859,
              40.759352
            ],
            [
              110.961914,
              40.825939
            ],
            [
              110.874023,
              40.892459
            ],
            [
              110.830078,
              40.958912
            ],
            [
              110.742188,
              40.992114
            ],
            [
              110.566406,
              41.025298
            ],
            [
              110.478516,
              41.058467
            ],
            [
              110.34668,
              41.091618
            ],
            [
              110.214844,
              41.091618
            ],
            [
              110.126953,
              41.124753
            ],
            [
              109.995117,
              41.124753
            ],
            [
              109.907227,
              41.157871
            ],
            [
              109.775391,
              41.190972
            ],
            [
              109.643555,
              41.190972
            ],
            [
              109.555664,
              41.224057
            ],
            [
              109.423828,
              41.224057
            ],
            [
              109.335938,
              41.190972
            ],
            [
              109.248047,
              41.157871
            ],
            [
              109.248047,
              41.157871
            ],
            [
              109.379883,
              41.224057
            ]
          ]
        ]
      }
    },
    {
      "type": "Feature",
      "properties": {
        "NAME": "서진",
        "name": "서진",
        "color": "#ef4444",
        "fill": "#ef4444",
        "fill-opacity": 0.5,
        "stroke": "#ef4444",
        "stroke-width": 2,
        "originalType": "polygon"
      },
      "geometry": {
        "type": "Polygon",
        "coordinates": [
          [
            [
              105.996094,
              36.678277
            ],
            [
              106.083984,
              36.643
            ],
            [
              106.171875,
              36.607707
            ],
            [
              106.21582,
              36.537072
            ],
            [
              106.303711,
              36.430998
            ],
            [
              106.347656,
              36.32478
            ],
            [
              106.391602,
              36.253887
            ],
            [
              106.479492,
              36.218416
            ],
            [
              106.567383,
              36.111907
            ],
            [
              106.655273,
              36.040821
            ],
            [
              106.699219,
              35.969671
            ],
            [
              106.787109,
              35.898457
            ],
            [
              106.875,
              35.791515
            ],
            [
              106.918945,
              35.72014
            ],
            [
              106.962891,
              35.648702
            ],
            [
              106.962891,
              35.541424
            ],
            [
              106.962891,
              35.398163
            ],
            [
              106.962891,
              35.29055
            ],
            [
              106.875,
              35.218729
            ],
            [
              106.831055,
              35.146844
            ],
            [
              106.787109,
              35.074895
            ],
            [
              106.743164,
              35.002883
            ],
            [
              106.699219,
              34.930808
            ],
            [
              106.655273,
              34.858669
            ],
            [
              106.523438,
              34.786467
            ],
            [
              106.435547,
              34.714201
            ],
            [
              106.347656,
              34.678045
            ],
            [
              106.21582,
              34.641872
            ],
            [
              106.12793,
              34.605684
            ],
            [
              105.996094,
              34.56948
            ],
            [
              105.908203,
              34.533261
            ],
            [
              105.820313,
              34.460774
            ],
            [
              105.732422,
              34.424508
            ],
            [
              105.688477,
              34.351927
            ],
            [
              105.644531,
              34.279283
            ],
            [
              105.600586,
              34.206576
            ],
            [
              105.556641,
              34.133807
            ],
            [
              105.556641,
              34.024535
            ],
            [
              105.600586,
              33.951609
            ],
            [
              105.644531,
              33.842103
            ],
            [
              105.688477,
              33.76902
            ],
            [
              105.732422,
              33.695876
            ],
            [
              105.776367,
              33.622669
            ],
            [
              105.820313,
              33.549399
            ],
            [
              105.864258,
              33.476068
            ],
            [
              105.952148,
              33.439379
            ],
            [
              105.996094,
              33.365954
            ],
            [
              106.040039,
              33.292468
            ],
            [
              106.12793,
              33.218919
            ],
            [
              106.171875,
              33.145309
            ],
            [
              106.259766,
              33.071636
            ],
            [
              106.347656,
              32.961012
            ],
            [
              106.435547,
              32.887186
            ],
            [
              106.523438,
              32.85025
            ],
            [
              106.567383,
              32.776331
            ],
            [
              106.655273,
              32.702351
            ],
            [
              106.743164,
              32.665337
            ],
            [
              106.831055,
              32.591265
            ],
            [
              106.918945,
              32.517132
            ],
            [
              106.962891,
              32.405817
            ],
            [
              107.006836,
              32.294364
            ],
            [
              107.050781,
              32.182774
            ],
            [
              107.094727,
              32.071048
            ],
            [
              107.138672,
              31.959184
            ],
            [
              107.182617,
              31.884533
            ],
            [
              107.182617,
              31.772443
            ],
            [
              107.138672,
              31.69764
            ],
            [
              107.050781,
              31.660216
            ],
            [
              107.006836,
              31.585323
            ],
            [
              106.875,
              31.585323
            ],
            [
              106.743164,
              31.51037
            ],
            [
              106.611328,
              31.51037
            ],
            [
              106.523438,
              31.47287
            ],
            [
              106.391602,
              31.47287
            ],
            [
              106.259766,
              31.47287
            ],
            [
              106.083984,
              31.47287
            ],
            [
              105.908203,
              31.47287
            ],
            [
              105.776367,
              31.47287
            ],
            [
              105.644531,
              31.47287
            ],
            [
              105.512695,
              31.47287
            ],
            [
              105.380859,
              31.47287
            ],
            [
              105.249023,
              31.47287
            ],
            [
              105.117188,
              31.47287
            ],
            [
              104.941406,
              31.47287
            ],
            [
              104.765625,
              31.47287
            ],
            [
              104.633789,
              31.51037
            ],
            [
              104.501953,
              31.585323
            ],
            [
              104.458008,
              31.660216
            ],
            [
              104.370117,
              31.772443
            ],
            [
              104.326172,
              31.847185
            ],
            [
              104.238281,
              31.921866
            ],
            [
              104.106445,
              31.959184
            ],
            [
              104.018555,
              31.996487
            ],
            [
              103.886719,
              32.033775
            ],
            [
              103.754883,
              32.071048
            ],
            [
              103.623047,
              32.108305
            ],
            [
              103.491211,
              32.108305
            ],
            [
              103.40332,
              32.145547
            ],
            [
              103.31543,
              32.182774
            ],
            [
              103.183594,
              32.219986
            ],
            [
              103.095703,
              32.294364
            ],
            [
              103.007813,
              32.33153
            ],
            [
              102.963867,
              32.405817
            ],
            [
              102.919922,
              32.480042
            ],
            [
              102.832031,
              32.591265
            ],
            [
              102.832031,
              32.702351
            ],
            [
              102.744141,
              32.813298
            ],
            [
              102.700195,
              32.887186
            ],
            [
              102.700195,
              32.997902
            ],
            [
              102.700195,
              33.10848
            ],
            [
              102.744141,
              33.255701
            ],
            [
              102.744141,
              33.365954
            ],
            [
              102.788086,
              33.439379
            ],
            [
              102.788086,
              33.549399
            ],
            [
              102.832031,
              33.622669
            ],
            [
              102.875977,
              33.695876
            ],
            [
              102.832031,
              33.76902
            ],
            [
              102.832031,
              33.87862
            ],
            [
              102.788086,
              33.951609
            ],
            [
              102.744141,
              34.024535
            ],
            [
              102.612305,
              34.024535
            ],
            [
              102.436523,
              33.98808
            ],
            [
              102.348633,
              33.951609
            ],
            [
              102.304688,
              33.87862
            ],
            [
              102.216797,
              33.842103
            ],
            [
              102.128906,
              33.76902
            ],
            [
              101.99707,
              33.65928
            ],
            [
              101.865234,
              33.622669
            ],
            [
              101.733398,
              33.622669
            ],
            [
              101.645508,
              33.65928
            ],
            [
              101.557617,
              33.695876
            ],
            [
              101.469727,
              33.732456
            ],
            [
              101.381836,
              33.805569
            ],
            [
              101.293945,
              33.87862
            ],
            [
              101.162109,
              33.98808
            ],
            [
              101.118164,
              34.097399
            ],
            [
              101.074219,
              34.170199
            ],
            [
              101.074219,
              34.279283
            ],
            [
              101.118164,
              34.351927
            ],
            [
              101.162109,
              34.424508
            ],
            [
              101.206055,
              34.497026
            ],
            [
              101.293945,
              34.56948
            ],
            [
              101.381836,
              34.605684
            ],
            [
              101.513672,
              34.641872
            ],
            [
              101.601563,
              34.678045
            ],
            [
              101.689453,
              34.714201
            ],
            [
              101.821289,
              34.786467
            ],
            [
              101.865234,
              34.858669
            ],
            [
              101.953125,
              34.966853
            ],
            [
              102.041016,
              35.038897
            ],
            [
              102.084961,
              35.110878
            ],
            [
              102.128906,
              35.182794
            ],
            [
              102.172852,
              35.29055
            ],
            [
              102.216797,
              35.469825
            ],
            [
              102.216797,
              35.577199
            ],
            [
              102.216797,
              35.72014
            ],
            [
              102.260742,
              35.898457
            ],
            [
              102.260742,
              36.005254
            ],
            [
              102.260742,
              36.111907
            ],
            [
              102.304688,
              36.253887
            ],
            [
              102.304688,
              36.395608
            ],
            [
              102.304688,
              36.50173
            ],
            [
              102.304688,
              36.607707
            ],
            [
              102.304688,
              36.784011
            ],
            [
              102.304688,
              36.8896
            ],
            [
              102.304688,
              37.030158
            ],
            [
              102.260742,
              37.135406
            ],
            [
              102.216797,
              37.20549
            ],
            [
              102.260742,
              37.275509
            ],
            [
              102.348633,
              37.310494
            ],
            [
              102.436523,
              37.345463
            ],
            [
              102.65625,
              37.310494
            ],
            [
              102.788086,
              37.310494
            ],
            [
              102.875977,
              37.275509
            ],
            [
              103.051758,
              37.275509
            ],
            [
              103.183594,
              37.240507
            ],
            [
              103.40332,
              37.20549
            ],
            [
              103.491211,
              37.170456
            ],
            [
              103.623047,
              37.170456
            ],
            [
              103.710938,
              37.135406
            ],
            [
              103.842773,
              37.135406
            ],
            [
              103.930664,
              37.100339
            ],
            [
              104.0625,
              37.100339
            ],
            [
              104.194336,
              37.100339
            ],
            [
              104.326172,
              37.100339
            ],
            [
              104.458008,
              37.100339
            ],
            [
              104.589844,
              37.100339
            ],
            [
              104.677734,
              37.135406
            ],
            [
              104.765625,
              37.170456
            ],
            [
              104.853516,
              37.20549
            ],
            [
              104.985352,
              37.20549
            ],
            [
              105.117188,
              37.170456
            ],
            [
              105.249023,
              37.135406
            ],
            [
              105.336914,
              37.100339
            ],
            [
              105.424805,
              37.065257
            ],
            [
              105.512695,
              37.030158
            ],
            [
              105.644531,
              36.995042
            ],
            [
              105.776367,
              36.959911
            ],
            [
              105.864258,
              36.924764
            ],
            [
              105.908203,
              36.85442
            ],
            [
              105.996094,
              36.819224
            ],
            [
              106.040039,
              36.748783
            ],
            [
              106.083984,
              36.678277
            ],
            [
              106.12793,
              36.607707
            ],
            [
              106.21582,
              36.537072
            ],
            [
              106.303711,
              36.50173
            ],
            [
              106.347656,
              36.466372
            ],
            [
              105.996094,
              36.678277
            ]
          ]
        ]
      }
    },
    {
      "type": "Feature",
      "properties": {
        "NAME": "동부여",
        "name": "395-398",
        "color": "#ef4444",
        "fill": "#ef4444",
        "fill-opacity": 0.5,
        "stroke": "#ef4444",
        "stroke-width": 2,
        "originalType": "polyline"
      },
      "geometry": {
        "type": "Polygon",
        "coordinates": [
          [
            [
              128.14453125000003,
              45.560396341909914
            ],
            [
              128.23242187500003,
              45.59117814704082
            ],
            [
              128.32031250000003,
              45.621943079255665
            ],
            [
              128.36425781250003,
              45.68342232649127
            ],
            [
              128.40820312500003,
              45.74483408691686
            ],
            [
              128.49609375000003,
              45.80617836413936
            ],
            [
              128.54003906250003,
              45.86745516207123
            ],
            [
              128.62792968750003,
              45.928664484929605
            ],
            [
              128.67187500000003,
              45.98980633723509
            ],
            [
              128.71582031250003,
              46.05088072381087
            ],
            [
              128.75976562500003,
              46.111887649781586
            ],
            [
              128.80371093750003,
              46.17282712057229
            ],
            [
              128.84765625000003,
              46.23369914190754
            ],
            [
              128.89160156250003,
              46.29450371981012
            ],
            [
              128.93554687500003,
              46.35524086060021
            ],
            [
              128.93554687500003,
              46.446220141753685
            ],
            [
              128.97949218750003,
              46.506788719355114
            ],
            [
              128.97949218750003,
              46.627723644206775
            ],
            [
              129.02343750000003,
              46.68809000703918
            ],
            [
              129.02343750000003,
              46.77851319983333
            ],
            [
              129.02343750000003,
              46.86878479675759
            ],
            [
              129.02343750000003,
              46.958904828258035
            ],
            [
              129.02343750000003,
              47.048873326230506
            ],
            [
              129.02343750000003,
              47.13869032401321
            ],
            [
              129.02343750000003,
              47.22835585637854
            ],
            [
              129.06738281250003,
              47.28804874831882
            ],
            [
              129.11132812500003,
              47.34767434943115
            ],
            [
              129.15527343750003,
              47.43698660571322
            ],
            [
              129.19921875000003,
              47.49644403004353
            ],
            [
              129.24316406250003,
              47.55583420450423
            ],
            [
              129.28710937500003,
              47.61515714141967
            ],
            [
              129.33105468750003,
              47.674412853388674
            ],
            [
              129.41894531250003,
              47.70401550403022
            ],
            [
              129.46289062500003,
              47.763170402800405
            ],
            [
              129.55078125000003,
              47.79272265424926
            ],
            [
              129.63867187500003,
              47.82225810931561
            ],
            [
              129.68261718750003,
              47.88127863712743
            ],
            [
              129.77050781250003,
              47.9402320000573
            ],
            [
              129.85839843750003,
              47.969683499084255
            ],
            [
              130.03417968750003,
              47.999118212195555
            ],
            [
              130.16601562500003,
              47.999118212195555
            ],
            [
              130.29785156250003,
              48.028536141194344
            ],
            [
              130.42968750000003,
              48.028536141194344
            ],
            [
              130.56152343750003,
              48.028536141194344
            ],
            [
              130.64941406250003,
              48.05793728790042
            ],
            [
              130.78125000000003,
              48.05793728790042
            ],
            [
              130.95703125000003,
              48.05793728790042
            ],
            [
              131.08886718750003,
              48.08732165415021
            ],
            [
              131.22070312500003,
              48.08732165415021
            ],
            [
              131.30859375000003,
              48.05793728790042
            ],
            [
              131.39648437500003,
              48.028536141194344
            ],
            [
              131.48437500000003,
              47.999118212195555
            ],
            [
              131.57226562500003,
              47.9402320000573
            ],
            [
              131.70410156250003,
              47.91076371332825
            ],
            [
              131.83593750000003,
              47.88127863712743
            ],
            [
              131.92382812500003,
              47.85177676970192
            ],
            [
              132.05566406250003,
              47.85177676970192
            ],
            [
              132.18750000000003,
              47.85177676970192
            ],
            [
              132.27539062500003,
              47.82225810931561
            ],
            [
              132.36328125000003,
              47.79272265424926
            ],
            [
              132.40722656250003,
              47.733601353283596
            ],
            [
              132.49511718750003,
              47.674412853388674
            ],
            [
              132.53906250000003,
              47.61515714141967
            ],
            [
              132.53906250000003,
              47.526147522743756
            ],
            [
              132.49511718750003,
              47.46672372487161
            ],
            [
              132.45117187500003,
              47.40723267107093
            ],
            [
              132.36328125000003,
              47.37746191946453
            ],
            [
              132.27539062500003,
              47.34767434943115
            ],
            [
              132.18750000000003,
              47.31786995952531
            ],
            [
              132.09960937500003,
              47.25821071440098
            ],
            [
              132.01171875000003,
              47.22835585637854
            ],
            [
              131.92382812500003,
              47.198484172875695
            ],
            [
              131.83593750000003,
              47.16859566253415
            ],
            [
              131.74804687500003,
              47.10876815598973
            ],
            [
              131.66015625000003,
              47.048873326230506
            ],
            [
              131.61621093750003,
              46.98891116302411
            ],
            [
              131.57226562500003,
              46.92888165642141
            ],
            [
              131.48437500000003,
              46.898841646315056
            ],
            [
              131.39648437500003,
              46.838711106585585
            ],
            [
              131.30859375000003,
              46.77851319983333
            ],
            [
              131.26464843750003,
              46.718247917108904
            ],
            [
              131.17675781250003,
              46.65791524975099
            ],
            [
              131.08886718750003,
              46.597515189387195
            ],
            [
              131.00097656250003,
              46.53704772793529
            ],
            [
              130.91308593750003,
              46.506788719355114
            ],
            [
              130.86914062500003,
              46.446220141753685
            ],
            [
              130.78125000000003,
              46.41591057089427
            ],
            [
              130.73730468750003,
              46.35524086060021
            ],
            [
              130.69335937500003,
              46.29450371981012
            ],
            [
              130.64941406250003,
              46.23369914190754
            ],
            [
              130.60546875000003,
              46.17282712057229
            ],
            [
              130.56152343750003,
              46.111887649781586
            ],
            [
              130.47363281250003,
              46.05088072381087
            ],
            [
              130.38574218750003,
              46.020351963425966
            ],
            [
              130.34179687500003,
              45.95924384460709
            ],
            [
              130.25390625000003,
              45.928664484929605
            ],
            [
              130.16601562500003,
              45.89806825760917
            ],
            [
              130.03417968750003,
              45.86745516207123
            ],
            [
              129.85839843750003,
              45.836825197760184
            ],
            [
              129.77050781250003,
              45.80617836413936
            ],
            [
              129.63867187500003,
              45.7755146606911
            ],
            [
              129.50683593750003,
              45.74483408691686
            ],
            [
              129.37500000000003,
              45.71413664233706
            ],
            [
              129.24316406250003,
              45.68342232649127
            ],
            [
              129.11132812500003,
              45.65269113893817
            ],
            [
              129.02343750000003,
              45.621943079255665
            ],
            [
              128.89160156250003,
              45.59117814704082
            ],
            [
              128.75976562500003,
              45.59117814704082
            ],
            [
              128.58398437500003,
              45.59117814704082
            ],
            [
              128.45214843750003,
              45.59117814704082
            ],
            [
              128.32031250000003,
              45.59117814704082
            ],
            [
              128.18847656250003,
              45.59117814704082
            ],
            [
              128.14453125000003,
              45.59117814704082
            ],
            [
              128.14453125000003,
              45.560396341909914
            ]
          ]
        ]
      }
    },
    {
      "type": "Feature",
      "properties": {
        "NAME": "고구려",
        "name": "395-398",
        "color": "#ef4444",
        "fill": "#ef4444",
        "fill-opacity": 0.5,
        "stroke": "#ef4444",
        "stroke-width": 2,
        "originalType": "polyline"
      },
      "geometry": {
        "type": "Polygon",
        "coordinates": [
          [
            [
              125.68359375000001,
              39.57608316393478
            ],
            [
              125.77148437500001,
              39.54217893858277
            ],
            [
              125.85937500000001,
              39.50825814206779
            ],
            [
              125.90332031250001,
              39.440366850756405
            ],
            [
              125.99121093750001,
              39.40639636362665
            ],
            [
              126.03515625000001,
              39.33840572577398
            ],
            [
              126.12304687500001,
              39.27034889589783
            ],
            [
              126.16699218750001,
              39.20222590567246
            ],
            [
              126.25488281250001,
              39.168139610437656
            ],
            [
              126.29882812500001,
              39.099917439963264
            ],
            [
              126.34277343750001,
              39.03162919009788
            ],
            [
              126.43066406250001,
              38.997460295719726
            ],
            [
              126.47460937500001,
              38.92907298894777
            ],
            [
              126.51855468750001,
              38.86061968628648
            ],
            [
              126.56250000000001,
              38.792100421851764
            ],
            [
              126.60644531250001,
              38.723515230169504
            ],
            [
              126.65039062500001,
              38.65486414617662
            ],
            [
              126.69433593750001,
              38.5861472052217
            ],
            [
              126.73828125000001,
              38.51736444306598
            ],
            [
              126.82617187500001,
              38.4829483903263
            ],
            [
              126.87011718750001,
              38.41406696432662
            ],
            [
              126.91406250000001,
              38.34511980834031
            ],
            [
              127.00195312500001,
              38.31062159321477
            ],
            [
              127.04589843750001,
              38.241575912151745
            ],
            [
              127.13378906250001,
              38.20702845567359
            ],
            [
              127.22167968750001,
              38.17246459491409
            ],
            [
              127.35351562500001,
              38.17246459491409
            ],
            [
              127.48535156250001,
              38.17246459491409
            ],
            [
              127.52929687500001,
              38.10328767975697
            ],
            [
              127.52929687500001,
              37.999399395635955
            ],
            [
              127.57324218750001,
              37.93005865579588
            ],
            [
              127.66113281250001,
              37.86065245523164
            ],
            [
              127.70507812500001,
              37.79118083408881
            ],
            [
              127.74902343750001,
              37.68685082764774
            ],
            [
              127.70507812500001,
              37.617215833469196
            ],
            [
              127.61718750000001,
              37.58237385498505
            ],
            [
              127.52929687500001,
              37.54751556255318
            ],
            [
              127.44140625000001,
              37.47775005695246
            ],
            [
              127.30957031250001,
              37.442842854403295
            ],
            [
              127.17773437500001,
              37.442842854403295
            ],
            [
              127.04589843750001,
              37.442842854403295
            ],
            [
              126.91406250000001,
              37.442842854403295
            ],
            [
              126.78222656250001,
              37.442842854403295
            ],
            [
              126.69433593750001,
              37.47775005695246
            ],
            [
              126.60644531250001,
              37.51264096144347
            ],
            [
              126.56250000000001,
              37.58237385498505
            ],
            [
              126.56250000000001,
              37.68685082764774
            ],
            [
              126.51855468750001,
              37.75642050346136
            ],
            [
              126.47460937500001,
              37.825924819706955
            ],
            [
              126.34277343750001,
              37.825924819706955
            ],
            [
              126.21093750000001,
              37.825924819706955
            ],
            [
              126.07910156250001,
              37.825924819706955
            ],
            [
              125.99121093750001,
              37.79118083408881
            ],
            [
              125.90332031250001,
              37.75642050346136
            ],
            [
              125.77148437500001,
              37.72164383293529
            ],
            [
              125.63964843750001,
              37.68685082764774
            ],
            [
              125.55175781250001,
              37.65204149276232
            ],
            [
              125.46386718750001,
              37.617215833469196
            ],
            [
              125.33203125000001,
              37.617215833469196
            ],
            [
              125.20019531250001,
              37.65204149276232
            ],
            [
              125.11230468750001,
              37.68685082764774
            ],
            [
              125.02441406250001,
              37.75642050346136
            ],
            [
              124.98046875000001,
              37.825924819706955
            ],
            [
              124.93652343750001,
              37.895363735605066
            ],
            [
              124.93652343750001,
              38.03404520535421
            ],
            [
              124.89257812500001,
              38.10328767975697
            ],
            [
              124.89257812500001,
              38.20702845567359
            ],
            [
              124.89257812500001,
              38.31062159321477
            ],
            [
              124.89257812500001,
              38.41406696432662
            ],
            [
              124.93652343750001,
              38.51736444306598
            ],
            [
              124.98046875000001,
              38.620513905594024
            ],
            [
              125.02441406250001,
              38.68919792251227
            ],
            [
              125.06835937500001,
              38.792100421851764
            ],
            [
              125.11230468750001,
              38.89485458498065
            ],
            [
              125.15625000000001,
              38.96327489393615
            ],
            [
              125.20019531250001,
              39.065781572895574
            ],
            [
              125.24414062500001,
              39.13403678717687
            ],
            [
              125.24414062500001,
              39.23629566883336
            ],
            [
              125.24414062500001,
              39.33840572577398
            ],
            [
              125.24414062500001,
              39.40639636362665
            ],
            [
              125.20019531250001,
              39.47432077818542
            ],
            [
              125.15625000000001,
              39.54217893858277
            ],
            [
              125.11230468750001,
              39.609970814353254
            ],
            [
              125.02441406250001,
              39.64384188609266
            ],
            [
              124.89257812500001,
              39.64384188609266
            ],
            [
              124.76074218750001,
              39.64384188609266
            ],
            [
              124.62890625000001,
              39.6776963754325
            ],
            [
              124.49707031250001,
              39.6776963754325
            ],
            [
              124.36523437500001,
              39.711534278677235
            ],
            [
              124.23339843750001,
              39.74535559215633
            ],
            [
              124.14550781250001,
              39.77916031222414
            ],
            [
              124.05761718750001,
              39.84671995766783
            ],
            [
              124.01367187500001,
              39.91421318634069
            ],
            [
              123.96972656250001,
              39.98163996997211
            ],
            [
              123.92578125000001,
              40.04900028068763
            ],
            [
              123.83789062500001,
              40.11629409100786
            ],
            [
              123.79394531250001,
              40.18352137384777
            ],
            [
              123.75000000000001,
              40.2506821025155
            ],
            [
              123.66210937500001,
              40.284237500800955
            ],
            [
              123.57421875000001,
              40.351298349021505
            ],
            [
              123.48632812500001,
              40.384803792528494
            ],
            [
              123.39843750000001,
              40.45176470244838
            ],
            [
              123.31054687500001,
              40.518658955343554
            ],
            [
              123.22265625000001,
              40.58548652647481
            ],
            [
              123.17871093750001,
              40.65224739149068
            ],
            [
              123.0908203125,
              40.68560280170122
            ],
            [
              123.04687500000001,
              40.752263562730654
            ],
            [
              122.91503906250001,
              40.81885755845585
            ],
            [
              122.87109375000001,
              40.88538476587484
            ],
            [
              122.82714843750001,
              40.95184516236896
            ],
            [
              122.78320312500001,
              41.01823872570215
            ],
            [
              122.69531250000001,
              41.08456543401974
            ],
            [
              122.65136718750001,
              41.15082526584767
            ],
            [
              122.56347656250001,
              41.25008957413088
            ],
            [
              122.51953125000001,
              41.316182123274345
            ],
            [
              122.4755859375,
              41.41519541204702
            ],
            [
              122.38769531250001,
              41.51405799999026
            ],
            [
              122.34375000000001,
              41.57988263732881
            ],
            [
              122.29980468750001,
              41.6456402491549
            ],
            [
              122.25585937500001,
              41.71133081719006
            ],
            [
              122.16796875000001,
              41.80974092306438
            ],
            [
              122.12402343750001,
              41.90800008132996
            ],
            [
              122.03613281250001,
              41.9734222988292
            ],
            [
              121.99218750000001,
              42.038777386695735
            ],
            [
              121.94824218750001,
              42.104065328864465
            ],
            [
              121.8603515625,
              42.16928610963555
            ],
            [
              121.77246093750001,
              42.266991319725136
            ],
            [
              121.68457031250001,
              42.397029728201474
            ],
            [
              121.64062500000001,
              42.461948098147005
            ],
            [
              121.59667968750001,
              42.526799226833816
            ],
            [
              121.46484375000001,
              42.59158310091327
            ],
            [
              121.42089843750001,
              42.65629970739454
            ],
            [
              121.33300781250001,
              42.720949033643784
            ],
            [
              121.28906250000001,
              42.785531067383154
            ],
            [
              121.20117187500001,
              42.817796845821874
            ],
            [
              121.11328125000001,
              42.85004579668967
            ],
            [
              121.02539062500001,
              42.882277918551495
            ],
            [
              120.93750000000001,
              42.91449320999435
            ],
            [
              120.84960937500001,
              42.97887329608111
            ],
            [
              120.76171875000001,
              43.04318604408579
            ],
            [
              120.67382812500001,
              43.07531716300826
            ],
            [
              120.58593750000001,
              43.1074314434951
            ],
            [
              120.49804687500001,
              43.13952888428685
            ],
            [
              120.41015625000001,
              43.17160948414575
            ],
            [
              120.32226562500001,
              43.203673241855945
            ],
            [
              120.19042968750001,
              43.203673241855945
            ],
            [
              120.10253906250001,
              43.2357201562232
            ],
            [
              119.97070312500001,
              43.26775022607514
            ],
            [
              119.88281250000001,
              43.299763450260905
            ],
            [
              119.75097656250001,
              43.33175982765138
            ],
            [
              119.66308593750001,
              43.36373935713904
            ],
            [
              119.57519531250001,
              43.42764786808378
            ],
            [
              119.48730468750001,
              43.49148897466597
            ],
            [
              119.3994140625,
              43.555262668800324
            ],
            [
              119.31152343750001,
              43.618968942744395
            ],
            [
              119.22363281250001,
              43.68260778909738
            ],
            [
              119.13574218750001,
              43.71440192470773
            ],
            [
              119.09179687500001,
              43.80968317112999
            ],
            [
              119.00390625000001,
              43.87311969370774
            ],
            [
              118.95996093750001,
              43.93648876248869
            ],
            [
              118.91601562500001,
              43.99979037176559
            ],
            [
              118.82812500000001,
              44.0314158773983
            ],
            [
              118.7841796875,
              44.09461628745193
            ],
            [
              118.74023437500001,
              44.15774922519946
            ],
            [
              118.69628906250001,
              44.22081468610387
            ],
            [
              118.65234375000001,
              44.315286349271624
            ],
            [
              118.60839843750001,
              44.37818310039495
            ],
            [
              118.60839843750001,
              44.47240168214823
            ],
            [
              118.60839843750001,
              44.56646840119876
            ],
            [
              118.60839843750001,
              44.66038324918001
            ],
            [
              118.56445312500001,
              44.72290877163215
            ],
            [
              118.60839843750001,
              44.78536679122517
            ],
            [
              118.60839843750001,
              44.87892725007881
            ],
            [
              118.69628906250001,
              44.94121650770126
            ],
            [
              118.74023437500001,
              45.00343825944874
            ],
            [
              118.82812500000001,
              45.03452382056267
            ],
            [
              118.91601562500001,
              45.06559250517958
            ],
            [
              119.04785156250001,
              45.06559250517958
            ],
            [
              119.13574218750001,
              45.09664431333146
            ],
            [
              119.26757812500001,
              45.09664431333146
            ],
            [
              119.3994140625,
              45.09664431333146
            ],
            [
              119.57519531250001,
              45.09664431333146
            ],
            [
              119.70703125000001,
              45.03452382056267
            ],
            [
              119.88281250000001,
              45.00343825944874
            ],
            [
              119.97070312500001,
              44.94121650770126
            ],
            [
              120.05859375000001,
              44.9100803171031
            ],
            [
              120.10253906250001,
              44.847757306695996
            ],
            [
              120.19042968750001,
              44.81657048704224
            ],
            [
              120.27832031250001,
              44.78536679122517
            ],
            [
              120.36621093750001,
              44.75414621937255
            ],
            [
              120.45410156250001,
              44.72290877163215
            ],
            [
              120.58593750000001,
              44.72290877163215
            ],
            [
              120.71777343750001,
              44.72290877163215
            ],
            [
              120.84960937500001,
              44.72290877163215
            ],
            [
              120.98144531250001,
              44.6916544481719
            ],
            [
              121.11328125000001,
              44.66038324918001
            ],
            [
              121.2451171875,
              44.66038324918001
            ],
            [
              121.28906250000001,
              44.59779022545472
            ],
            [
              121.37695312500001,
              44.56646840119876
            ],
            [
              121.46484375000001,
              44.535129702365964
            ],
            [
              121.55273437500001,
              44.503774129245855
            ],
            [
              121.68457031250001,
              44.47240168214823
            ],
            [
              121.81640625000001,
              44.47240168214823
            ],
            [
              121.90429687500001,
              44.44101236140337
            ],
            [
              122.03613281250001,
              44.44101236140337
            ],
            [
              122.16796875000001,
              44.44101236140337
            ],
            [
              122.38769531250001,
              44.44101236140337
            ],
            [
              122.51953125000001,
              44.44101236140337
            ],
            [
              122.69531250000001,
              44.44101236140337
            ],
            [
              122.78320312500001,
              44.47240168214823
            ],
            [
              122.87109375000001,
              44.503774129245855
            ],
            [
              123.00292968750001,
              44.503774129245855
            ],
            [
              123.0908203125,
              44.56646840119876
            ],
            [
              123.17871093750001,
              44.62909517486474
            ],
            [
              123.26660156250001,
              44.66038324918001
            ],
            [
              123.31054687500001,
              44.72290877163215
            ],
            [
              123.39843750000001,
              44.75414621937255
            ],
            [
              123.48632812500001,
              44.78536679122517
            ],
            [
              123.57421875000001,
              44.81657048704224
            ],
            [
              123.66210937500001,
              44.847757306695996
            ],
            [
              123.79394531250001,
              44.87892725007881
            ],
            [
              123.88183593750001,
              44.9100803171031
            ],
            [
              123.96972656250001,
              44.94121650770126
            ],
            [
              124.10156250000001,
              44.94121650770126
            ],
            [
              124.23339843750001,
              44.94121650770126
            ],
            [
              124.40917968750001,
              44.94121650770126
            ],
            [
              124.54101562500001,
              44.97233582182569
            ],
            [
              124.67285156250001,
              44.97233582182569
            ],
            [
              124.76074218750001,
              45.00343825944874
            ],
            [
              124.93652343750001,
              45.00343825944874
            ],
            [
              125.02441406250001,
              45.03452382056267
            ],
            [
              125.11230468750001,
              45.06559250517958
            ],
            [
              125.24414062500001,
              45.06559250517958
            ],
            [
              125.33203125000001,
              45.09664431333146
            ],
            [
              125.46386718750001,
              45.12767924507011
            ],
            [
              125.63964843750001,
              45.12767924507011
            ],
            [
              125.77148437500001,
              45.158697300467104
            ],
            [
              125.90332031250001,
              45.158697300467104
            ],
            [
              125.99121093750001,
              45.18969847961377
            ],
            [
              126.12304687500001,
              45.18969847961377
            ],
            [
              126.21093750000001,
              45.22068278262116
            ],
            [
              126.34277343750001,
              45.22068278262116
            ],
            [
              126.47460937500001,
              45.22068278262116
            ],
            [
              126.56250000000001,
              45.251650209619996
            ],
            [
              126.73828125000001,
              45.251650209619996
            ],
            [
              126.87011718750001,
              45.251650209619996
            ],
            [
              127.00195312500001,
              45.28260076076065
            ],
            [
              127.17773437500001,
              45.28260076076065
            ],
            [
              127.30957031250001,
              45.31353443621316
            ],
            [
              127.44140625000001,
              45.31353443621316
            ],
            [
              127.57324218750001,
              45.31353443621316
            ],
            [
              127.70507812500001,
              45.344451236167124
            ],
            [
              127.92480468750001,
              45.344451236167124
            ],
            [
              128.10058593750003,
              45.375351160831684
            ],
            [
              128.23242187500003,
              45.375351160831684
            ],
            [
              128.36425781250003,
              45.375351160831684
            ],
            [
              128.49609375000003,
              45.375351160831684
            ],
            [
              128.58398437500003,
              45.40623421043549
            ],
            [
              128.71582031250003,
              45.40623421043549
            ],
            [
              128.80371093750003,
              45.437100385226756
            ],
            [
              128.89160156250003,
              45.46794968547307
            ],
            [
              129.02343750000003,
              45.49878211146154
            ],
            [
              129.11132812500003,
              45.52959766349854
            ],
            [
              129.24316406250003,
              45.560396341909914
            ],
            [
              129.33105468750003,
              45.59117814704082
            ],
            [
              129.41894531250003,
              45.621943079255665
            ],
            [
              129.55078125000003,
              45.65269113893817
            ],
            [
              129.72656250000003,
              45.68342232649127
            ],
            [
              129.81445312500003,
              45.71413664233706
            ],
            [
              129.94628906250003,
              45.71413664233706
            ],
            [
              130.03417968750003,
              45.74483408691686
            ],
            [
              130.16601562500003,
              45.7755146606911
            ],
            [
              130.25390625000003,
              45.80617836413936
            ],
            [
              130.34179687500003,
              45.836825197760184
            ],
            [
              130.42968750000003,
              45.89806825760917
            ],
            [
              130.51757812500003,
              45.928664484929605
            ],
            [
              130.60546875000003,
              45.98980633723509
            ],
            [
              130.64941406250003,
              46.05088072381087
            ],
            [
              130.73730468750003,
              46.081392619039796
            ],
            [
              130.78125000000003,
              46.14236581672369
            ],
            [
              130.86914062500003,
              46.17282712057229
            ],
            [
              130.95703125000003,
              46.203271562052414
            ],
            [
              131.04492187500003,
              46.23369914190754
            ],
            [
              131.13281250000003,
              46.26410986089986
            ],
            [
              131.22070312500003,
              46.29450371981012
            ],
            [
              131.30859375000003,
              46.32488071943763
            ],
            [
              131.39648437500003,
              46.38558414413417
            ],
            [
              131.48437500000003,
              46.446220141753685
            ],
            [
              131.52832031250003,
              46.506788719355114
            ],
            [
              131.57226562500003,
              46.56728988429104
            ],
            [
              131.61621093750003,
              46.65791524975099
            ],
            [
              131.70410156250003,
              46.68809000703918
            ],
            [
              131.74804687500003,
              46.74838898101571
            ],
            [
              131.83593750000003,
              46.77851319983333
            ],
            [
              131.92382812500003,
              46.838711106585585
            ],
            [
              132.01171875000003,
              46.86878479675759
            ],
            [
              132.09960937500003,
              46.92888165642141
            ],
            [
              132.18750000000003,
              46.98891116302411
            ],
            [
              132.27539062500003,
              47.048873326230506
            ],
            [
              132.31933593750003,
              47.10876815598973
            ],
            [
              132.36328125000003,
              47.16859566253415
            ],
            [
              132.40722656250003,
              47.22835585637854
            ],
            [
              132.45117187500003,
              47.31786995952531
            ],
            [
              132.53906250000003,
              47.34767434943115
            ],
            [
              132.62695312500003,
              47.40723267107093
            ],
            [
              132.71484375000003,
              47.43698660571322
            ],
            [
              132.75878906250003,
              47.49644403004353
            ],
            [
              132.80273437500003,
              47.55583420450423
            ],
            [
              132.80273437500003,
              47.644793399724364
            ],
            [
              132.80273437500003,
              47.733601353283596
            ],
            [
              132.84667968750003,
              47.79272265424926
            ],
            [
              132.93457031250003,
              47.85177676970192
            ],
            [
              132.97851562500003,
              47.91076371332825
            ],
            [
              133.06640625000003,
              47.969683499084255
            ],
            [
              133.15429687500003,
              47.999118212195555
            ],
            [
              133.24218750000003,
              48.028536141194344
            ],
            [
              133.33007812500003,
              48.05793728790042
            ],
            [
              133.46191406250003,
              48.05793728790042
            ],
            [
              133.54980468750003,
              48.08732165415021
            ],
            [
              133.63769531250003,
              48.116689241796834
            ],
            [
              133.72558593750003,
              48.14604005270988
            ],
            [
              133.85742187500003,
              48.14604005270988
            ],
            [
              134.03320312500003,
              48.14604005270988
            ],
            [
              134.16503906250003,
              48.14604005270988
            ],
            [
              134.25292968750003,
              48.17537408877558
            ],
            [
              134.34082031250003,
              48.14604005270988
            ],
            [
              134.38476562500003,
              48.08732165415021
            ],
            [
              134.47265625000003,
              48.05793728790042
            ],
            [
              134.51660156250003,
              47.999118212195555
            ],
            [
              134.56054687500003,
              47.9402320000573
            ],
            [
              134.60449218750003,
              47.88127863712743
            ],
            [
              134.60449218750003,
              47.79272265424926
            ],
            [
              134.60449218750003,
              47.70401550403022
            ],
            [
              134.56054687500003,
              47.644793399724364
            ],
            [
              134.51660156250003,
              47.55583420450423
            ],
            [
              134.47265625000003,
              47.46672372487161
            ],
            [
              134.42871093750003,
              47.40723267107093
            ],
            [
              134.38476562500003,
              47.34767434943115
            ],
            [
              134.34082031250003,
              47.28804874831882
            ],
            [
              134.29687500000003,
              47.22835585637854
            ],
            [
              134.25292968750003,
              47.16859566253415
            ],
            [
              134.20898437500003,
              47.078829157158125
            ],
            [
              134.16503906250003,
              46.98891116302411
            ],
            [
              134.16503906250003,
              46.898841646315056
            ],
            [
              134.16503906250003,
              46.80862057465336
            ],
            [
              134.12109375000003,
              46.74838898101571
            ],
            [
              134.12109375000003,
              46.627723644206775
            ],
            [
              134.12109375000003,
              46.53704772793529
            ],
            [
              134.12109375000003,
              46.446220141753685
            ],
            [
              134.12109375000003,
              46.35524086060021
            ],
            [
              134.07714843750003,
              46.29450371981012
            ],
            [
              134.03320312500003,
              46.23369914190754
            ],
            [
              134.03320312500003,
              46.14236581672369
            ],
            [
              134.03320312500003,
              46.05088072381087
            ],
            [
              133.98925781250003,
              45.98980633723509
            ],
            [
              133.98925781250003,
              45.89806825760917
            ],
            [
              134.03320312500003,
              45.80617836413936
            ],
            [
              134.03320312500003,
              45.71413664233706
            ],
            [
              134.07714843750003,
              45.65269113893817
            ],
            [
              134.07714843750003,
              45.560396341909914
            ],
            [
              134.12109375000003,
              45.49878211146154
            ],
            [
              134.12109375000003,
              45.40623421043549
            ],
            [
              134.16503906250003,
              45.31353443621316
            ],
            [
              134.16503906250003,
              45.22068278262116
            ],
            [
              134.16503906250003,
              45.12767924507011
            ],
            [
              134.20898437500003,
              45.06559250517958
            ],
            [
              134.25292968750003,
              45.00343825944874
            ],
            [
              134.29687500000003,
              44.9100803171031
            ],
            [
              134.29687500000003,
              44.81657048704224
            ],
            [
              134.34082031250003,
              44.75414621937255
            ],
            [
              134.38476562500003,
              44.66038324918001
            ],
            [
              134.38476562500003,
              44.56646840119876
            ],
            [
              134.38476562500003,
              44.47240168214823
            ],
            [
              134.38476562500003,
              44.37818310039495
            ],
            [
              134.38476562500003,
              44.25232211141289
            ],
            [
              134.38476562500003,
              44.15774922519946
            ],
            [
              134.34082031250003,
              44.0314158773983
            ],
            [
              134.34082031250003,
              43.93648876248869
            ],
            [
              134.34082031250003,
              43.80968317112999
            ],
            [
              134.34082031250003,
              43.71440192470773
            ],
            [
              134.29687500000003,
              43.65079679481901
            ],
            [
              134.25292968750003,
              43.52338424878104
            ],
            [
              134.25292968750003,
              43.42764786808378
            ],
            [
              134.20898437500003,
              43.36373935713904
            ],
            [
              134.16503906250003,
              43.299763450260905
            ],
            [
              134.12109375000003,
              43.2357201562232
            ],
            [
              134.07714843750003,
              43.17160948414575
            ],
            [
              133.98925781250003,
              43.13952888428685
            ],
            [
              133.94531250000003,
              43.07531716300826
            ],
            [
              133.90136718750003,
              43.011038088009
            ],
            [
              133.81347656250003,
              42.94669166962721
            ],
            [
              133.72558593750003,
              42.91449320999435
            ],
            [
              133.63769531250003,
              42.85004579668967
            ],
            [
              133.54980468750003,
              42.817796845821874
            ],
            [
              133.41796875000003,
              42.817796845821874
            ],
            [
              133.33007812500003,
              42.785531067383154
            ],
            [
              133.24218750000003,
              42.75324846283071
            ],
            [
              133.15429687500003,
              42.720949033643784
            ],
            [
              133.06640625000003,
              42.68863278132387
            ],
            [
              132.93457031250003,
              42.68863278132387
            ],
            [
              132.84667968750003,
              42.720949033643784
            ],
            [
              132.71484375000003,
              42.720949033643784
            ],
            [
              132.62695312500003,
              42.75324846283071
            ],
            [
              132.53906250000003,
              42.785531067383154
            ],
            [
              132.45117187500003,
              42.817796845821874
            ],
            [
              132.36328125000003,
              42.85004579668967
            ],
            [
              132.27539062500003,
              42.91449320999435
            ],
            [
              132.23144531250003,
              42.97887329608111
            ],
            [
              132.14355468750003,
              43.011038088009
            ],
            [
              132.09960937500003,
              43.07531716300826
            ],
            [
              132.01171875000003,
              43.1074314434951
            ],
            [
              131.87988281250003,
              43.07531716300826
            ],
            [
              131.79199218750003,
              43.011038088009
            ],
            [
              131.70410156250003,
              42.97887329608111
            ],
            [
              131.66015625000003,
              42.91449320999435
            ],
            [
              131.52832031250003,
              42.85004579668967
            ],
            [
              131.48437500000003,
              42.785531067383154
            ],
            [
              131.39648437500003,
              42.75324846283071
            ],
            [
              131.30859375000003,
              42.68863278132387
            ],
            [
              131.22070312500003,
              42.65629970739454
            ],
            [
              131.17675781250003,
              42.59158310091327
            ],
            [
              131.08886718750003,
              42.559199571519784
            ],
            [
              131.00097656250003,
              42.494382068490424
            ],
            [
              130.91308593750003,
              42.461948098147005
            ],
            [
              130.86914062500003,
              42.397029728201474
            ],
            [
              130.78125000000003,
              42.36454533202632
            ],
            [
              130.69335937500003,
              42.299526126007166
            ],
            [
              130.60546875000003,
              42.234439713673765
            ],
            [
              130.51757812500003,
              42.16928610963555
            ],
            [
              130.47363281250003,
              42.104065328864465
            ],
            [
              130.42968750000003,
              42.038777386695735
            ],
            [
              130.34179687500003,
              41.9734222988292
            ],
            [
              130.29785156250003,
              41.90800008132996
            ],
            [
              130.25390625000003,
              41.84251075062965
            ],
            [
              130.25390625000003,
              41.71133081719006
            ],
            [
              130.25390625000003,
              41.61276982258204
            ],
            [
              130.20996093750003,
              41.54697869569165
            ],
            [
              130.16601562500003,
              41.481120552567575
            ],
            [
              130.12207031250003,
              41.41519541204702
            ],
            [
              130.07812500000003,
              41.349203293341006
            ],
            [
              130.03417968750003,
              41.283144216035325
            ],
            [
              129.99023437500003,
              41.21701820009149
            ],
            [
              129.94628906250003,
              41.15082526584767
            ],
            [
              129.90234375000003,
              41.08456543401974
            ],
            [
              129.81445312500003,
              41.01823872570215
            ],
            [
              129.77050781250003,
              40.95184516236896
            ],
            [
              129.68261718750003,
              40.9186233168862
            ],
            [
              129.55078125000003,
              40.85212951212625
            ],
            [
              129.46289062500003,
              40.78556890770292
            ],
            [
              129.33105468750003,
              40.752263562730654
            ],
            [
              129.24316406250003,
              40.71894152642635
            ],
            [
              129.15527343750003,
              40.65224739149068
            ],
            [
              129.02343750000003,
              40.55208107766073
            ],
            [
              128.93554687500003,
              40.518658955343554
            ],
            [
              128.84765625000003,
              40.48522016257935
            ],
            [
              128.80371093750003,
              40.418292578055144
            ],
            [
              128.67187500000003,
              40.384803792528494
            ],
            [
              128.58398437500003,
              40.351298349021505
            ],
            [
              128.49609375000003,
              40.317776250711724
            ],
            [
              128.40820312500003,
              40.284237500800955
            ],
            [
              128.32031250000003,
              40.2506821025155
            ],
            [
              128.23242187500003,
              40.18352137384777
            ],
            [
              128.14453125000003,
              40.1499160500403
            ],
            [
              128.05664062500003,
              40.11629409100786
            ],
            [
              127.96875000000001,
              40.082655500099186
            ],
            [
              127.88085937500001,
              40.11629409100786
            ],
            [
              127.79296875000001,
              40.1499160500403
            ],
            [
              127.70507812500001,
              40.18352137384777
            ],
            [
              127.61718750000001,
              40.21711005910604
            ],
            [
              127.48535156250001,
              40.21711005910604
            ],
            [
              127.35351562500001,
              40.21711005910604
            ],
            [
              127.22167968750001,
              40.21711005910604
            ],
            [
              127.13378906250001,
              40.18352137384777
            ],
            [
              127.00195312500001,
              40.18352137384777
            ],
            [
              126.87011718750001,
              40.18352137384777
            ],
            [
              126.73828125000001,
              40.1499160500403
            ],
            [
              126.60644531250001,
              40.1499160500403
            ],
            [
              126.47460937500001,
              40.1499160500403
            ],
            [
              126.38671875000001,
              40.11629409100786
            ],
            [
              126.29882812500001,
              40.082655500099186
            ],
            [
              126.12304687500001,
              40.04900028068763
            ],
            [
              125.99121093750001,
              40.01532843617107
            ],
            [
              125.85937500000001,
              39.98163996997211
            ],
            [
              125.72753906250001,
              39.98163996997211
            ],
            [
              125.68359375000001,
              39.91421318634069
            ],
            [
              125.63964843750001,
              39.84671995766783
            ],
            [
              125.59570312500001,
              39.77916031222414
            ],
            [
              125.59570312500001,
              39.6776963754325
            ],
            [
              125.63964843750001,
              39.609970814353254
            ],
            [
              125.72753906250001,
              39.57608316393478
            ],
            [
              125.81542968750001,
              39.50825814206779
            ],
            [
              125.81542968750001,
              39.50825814206779
            ],
            [
              125.68359375000001,
              39.57608316393478
            ]
          ]
        ]
      }
    },
    {
      "type": "Feature",
      "properties": {
        "NAME": "후연",
        "name": "395-398",
        "color": "#ef4444",
        "fill": "#ef4444",
        "fill-opacity": 0.5,
        "stroke": "#ef4444",
        "stroke-width": 2,
        "originalType": "polyline"
      },
      "geometry": {
        "type": "Polygon",
        "coordinates": [
          [
            [
              111.68701171875001,
              40.80035683352294
            ],
            [
              111.64306640625001,
              40.78370995516379
            ],
            [
              111.59912109375001,
              40.767058903289616
            ],
            [
              111.55517578125001,
              40.75040367826067
            ],
            [
              111.46728515625,
              40.70041296787117
            ],
            [
              111.42333984375,
              40.68374105385651
            ],
            [
              111.4013671875,
              40.650384712204776
            ],
            [
              111.35742187500001,
              40.63370028530788
            ],
            [
              111.31347656250001,
              40.6170116881929
            ],
            [
              111.24755859375001,
              40.58362198480577
            ],
            [
              111.20361328125001,
              40.550215605052344
            ],
            [
              111.15966796875001,
              40.516792551965835
            ],
            [
              111.09375000000001,
              40.4833528286036
            ],
            [
              111.04980468750001,
              40.44989643804729
            ],
            [
              111.00585937500001,
              40.43316199354097
            ],
            [
              110.98388671875001,
              40.39968060802464
            ],
            [
              110.91796875000001,
              40.349427294394054
            ],
            [
              110.8740234375,
              40.31590426636321
            ],
            [
              110.830078125,
              40.29913650786357
            ],
            [
              110.80810546875,
              40.26558850390932
            ],
            [
              110.76416015625001,
              40.23202385338422
            ],
            [
              110.74218750000001,
              40.19844255955248
            ],
            [
              110.69824218750001,
              40.181645672423464
            ],
            [
              110.63232421875001,
              40.13123005514893
            ],
            [
              110.61035156250001,
              40.09759885122823
            ],
            [
              110.56640625000001,
              40.06395101730321
            ],
            [
              110.54443359375001,
              40.03028655676092
            ],
            [
              110.52246093750001,
              39.996605473013
            ],
            [
              110.50048828125001,
              39.929193449669974
            ],
            [
              110.47851562500001,
              39.89546251702156
            ],
            [
              110.45654296875001,
              39.86171497506084
            ],
            [
              110.43457031250001,
              39.82795082732301
            ],
            [
              110.41259765625001,
              39.7772734776785
            ],
            [
              110.39062500000001,
              39.726558785171115
            ],
            [
              110.36865234375001,
              39.692728250173346
            ],
            [
              110.32470703125001,
              39.62501742067662
            ],
            [
              110.30273437500001,
              39.57419077355948
            ],
            [
              110.28076171875001,
              39.54028562296218
            ],
            [
              110.2587890625,
              39.50636390141312
            ],
            [
              110.23681640625,
              39.472425612709365
            ],
            [
              110.19287109375,
              39.42148712460639
            ],
            [
              110.1708984375,
              39.37051138201673
            ],
            [
              110.14892578125001,
              39.33650686316681
            ],
            [
              110.14892578125001,
              39.285469059013735
            ],
            [
              110.12695312500001,
              39.23439403567946
            ],
            [
              110.10498046875001,
              39.2003233494489
            ],
            [
              110.08300781250001,
              39.13213238549136
            ],
            [
              110.08300781250001,
              39.06387532666079
            ],
            [
              110.06103515625001,
              39.029722021934234
            ],
            [
              110.03906250000001,
              38.961365882613435
            ],
            [
              110.03906250000001,
              38.910055455996314
            ],
            [
              110.01708984375001,
              38.87582788326083
            ],
            [
              110.01708984375001,
              38.80732326502306
            ],
            [
              110.01708984375001,
              38.75590152963475
            ],
            [
              109.99511718750001,
              38.72159977527585
            ],
            [
              109.97314453125001,
              38.68728154807814
            ],
            [
              109.97314453125001,
              38.63577333035644
            ],
            [
              109.97314453125001,
              38.58422807365228
            ],
            [
              109.99511718750001,
              38.53264579307901
            ],
            [
              110.03906250000001,
              38.49823704473669
            ],
            [
              110.06103515625001,
              38.46381185266313
            ],
            [
              110.08300781250001,
              38.42937022143345
            ],
            [
              110.12695312500001,
              38.41214324257185
            ],
            [
              110.1708984375,
              38.39491215564865
            ],
            [
              110.21484375,
              38.37767696124299
            ],
            [
              110.2587890625,
              38.36043765993571
            ],
            [
              110.32470703125001,
              38.34319425230922
            ],
            [
              110.36865234375001,
              38.32594673894764
            ],
            [
              110.41259765625001,
              38.30869512043655
            ],
            [
              110.45654296875001,
              38.29143939736339
            ],
            [
              110.52246093750001,
              38.27417957031704
            ],
            [
              110.56640625000001,
              38.256915639888064
            ],
            [
              110.61035156250001,
              38.23964760666868
            ],
            [
              110.63232421875001,
              38.20509923423569
            ],
            [
              110.67626953125001,
              38.17053445778835
            ],
            [
              110.72021484375001,
              38.13595328212306
            ],
            [
              110.74218750000001,
              38.0840507806481
            ],
            [
              110.74218750000001,
              38.01479009331583
            ],
            [
              110.7861328125,
              37.962801585235354
            ],
            [
              110.830078125,
              37.92812211645434
            ],
            [
              110.85205078125,
              37.876072230642144
            ],
            [
              110.89599609375001,
              37.85871408917213
            ],
            [
              110.93994140625001,
              37.82398554071022
            ],
            [
              110.98388671875001,
              37.80661513498313
            ],
            [
              111.02783203125001,
              37.77186206371122
            ],
            [
              111.07177734375001,
              37.754479399441095
            ],
            [
              111.13769531250001,
              37.7370926502674
            ],
            [
              111.20361328125001,
              37.7370926502674
            ],
            [
              111.24755859375001,
              37.71970181683169
            ],
            [
              111.31347656250001,
              37.702306899777064
            ],
            [
              111.42333984375,
              37.702306899777064
            ],
            [
              111.46728515625,
              37.684907899748374
            ],
            [
              111.53320312500001,
              37.684907899748374
            ],
            [
              111.59912109375001,
              37.684907899748374
            ],
            [
              111.66503906250001,
              37.66750481739204
            ],
            [
              111.75292968750001,
              37.66750481739204
            ],
            [
              111.79687500000001,
              37.65009765335621
            ],
            [
              111.86279296875001,
              37.65009765335621
            ],
            [
              111.97265625000001,
              37.65009765335621
            ],
            [
              112.03857421875,
              37.65009765335621
            ],
            [
              112.12646484375001,
              37.65009765335621
            ],
            [
              112.21435546875001,
              37.65009765335621
            ],
            [
              112.28027343750001,
              37.632686408290716
            ],
            [
              112.34619140625001,
              37.61527108284692
            ],
            [
              112.43408203125001,
              37.59785167767799
            ],
            [
              112.50000000000001,
              37.58042819343863
            ],
            [
              112.56591796875001,
              37.563000630785346
            ],
            [
              112.60986328125001,
              37.52813327287083
            ],
            [
              112.65380859375,
              37.5106934789308
            ],
            [
              112.69775390625,
              37.49324960921918
            ],
            [
              112.74169921875001,
              37.458349645141645
            ],
            [
              112.78564453125001,
              37.44089355211028
            ],
            [
              112.82958984375001,
              37.42343338597629
            ],
            [
              112.87353515625001,
              37.405969147411106
            ],
            [
              112.91748046875001,
              37.38850083708778
            ],
            [
              112.96142578125001,
              37.35355200386752
            ],
            [
              113.00537109375001,
              37.33607148232512
            ],
            [
              113.07128906250001,
              37.30109823277463
            ],
            [
              113.11523437500001,
              37.28360550613113
            ],
            [
              113.18115234375001,
              37.28360550613113
            ],
            [
              113.2470703125,
              37.26610871248799
            ],
            [
              113.31298828125,
              37.26610871248799
            ],
            [
              113.37890625000001,
              37.26610871248799
            ],
            [
              113.48876953125001,
              37.28360550613113
            ],
            [
              113.59863281250001,
              37.30109823277463
            ],
            [
              113.68652343750001,
              37.318586891733666
            ],
            [
              113.79638671875001,
              37.33607148232512
            ],
            [
              113.8623046875,
              37.35355200386752
            ],
            [
              113.92822265625,
              37.371028455681106
            ],
            [
              113.97216796875001,
              37.38850083708778
            ],
            [
              114.03808593750001,
              37.405969147411106
            ],
            [
              114.10400390625001,
              37.42343338597629
            ],
            [
              114.14794921875001,
              37.44089355211028
            ],
            [
              114.23583984375001,
              37.458349645141645
            ],
            [
              114.30175781250001,
              37.47580166440062
            ],
            [
              114.34570312500001,
              37.49324960921918
            ],
            [
              114.38964843750001,
              37.5106934789308
            ],
            [
              114.43359375000001,
              37.52813327287083
            ],
            [
              114.4775390625,
              37.54556899037614
            ],
            [
              114.521484375,
              37.563000630785346
            ],
            [
              114.58740234375001,
              37.59785167767799
            ],
            [
              114.63134765625001,
              37.61527108284692
            ],
            [
              114.74121093750001,
              37.65009765335621
            ],
            [
              114.78515625000001,
              37.66750481739204
            ],
            [
              114.85107421875001,
              37.702306899777064
            ],
            [
              114.91699218750001,
              37.71970181683169
            ],
            [
              114.98291015625001,
              37.754479399441095
            ],
            [
              115.04882812500001,
              37.77186206371122
            ],
            [
              115.11474609375,
              37.80661513498313
            ],
            [
              115.15869140625001,
              37.82398554071022
            ],
            [
              115.26855468750001,
              37.84135185898427
            ],
            [
              115.33447265625001,
              37.876072230642144
            ],
            [
              115.37841796875001,
              37.89342628276444
            ],
            [
              115.42236328125001,
              37.91077624491072
            ],
            [
              115.48828125000001,
              37.92812211645434
            ],
            [
              115.53222656250001,
              37.94546389677035
            ],
            [
              115.57617187500001,
              37.962801585235354
            ],
            [
              115.66406250000001,
              37.98013518122768
            ],
            [
              115.72998046875,
              37.997464684127316
            ],
            [
              115.79589843750001,
              38.01479009331583
            ],
            [
              115.86181640625001,
              38.03211140817646
            ],
            [
              115.94970703125001,
              38.03211140817646
            ],
            [
              116.03759765625001,
              38.03211140817646
            ],
            [
              116.10351562500001,
              38.049428628094056
            ],
            [
              116.16943359375001,
              38.049428628094056
            ],
            [
              116.23535156250001,
              38.049428628094056
            ],
            [
              116.3232421875,
              38.049428628094056
            ],
            [
              116.38916015625001,
              38.049428628094056
            ],
            [
              116.45507812500001,
              38.049428628094056
            ],
            [
              116.52099609375001,
              38.049428628094056
            ],
            [
              116.58691406250001,
              38.049428628094056
            ],
            [
              116.67480468750001,
              38.049428628094056
            ],
            [
              116.74072265625001,
              38.049428628094056
            ],
            [
              116.82861328125001,
              38.049428628094056
            ],
            [
              116.89453125000001,
              38.049428628094056
            ],
            [
              116.982421875,
              38.06674175245523
            ],
            [
              117.07031250000001,
              38.06674175245523
            ],
            [
              117.13623046875001,
              38.06674175245523
            ],
            [
              117.18017578125001,
              38.0840507806481
            ],
            [
              117.24609375000001,
              38.0840507806481
            ],
            [
              117.33398437500001,
              38.0840507806481
            ],
            [
              117.37792968750001,
              38.10135571206244
            ],
            [
              117.44384765625001,
              38.10135571206244
            ],
            [
              117.5537109375,
              38.10135571206244
            ],
            [
              117.61962890625001,
              38.11865654608974
            ],
            [
              117.68554687500001,
              38.11865654608974
            ],
            [
              117.72949218750001,
              38.13595328212306
            ],
            [
              117.77343750000001,
              38.17053445778835
            ],
            [
              117.79541015625001,
              38.222375471252754
            ],
            [
              117.81738281250001,
              38.256915639888064
            ],
            [
              117.81738281250001,
              38.30869512043655
            ],
            [
              117.81738281250001,
              38.36043765993571
            ],
            [
              117.81738281250001,
              38.42937022143345
            ],
            [
              117.79541015625001,
              38.46381185266313
            ],
            [
              117.75146484375001,
              38.51544347465918
            ],
            [
              117.75146484375001,
              38.58422807365228
            ],
            [
              117.75146484375001,
              38.63577333035644
            ],
            [
              117.77343750000001,
              38.704442720507
            ],
            [
              117.77343750000001,
              38.75590152963475
            ],
            [
              117.79541015625001,
              38.80732326502306
            ],
            [
              117.79541015625001,
              38.858707911993164
            ],
            [
              117.81738281250001,
              38.8929437314399
            ],
            [
              117.81738281250001,
              38.944266532113154
            ],
            [
              117.81738281250001,
              39.012639177554995
            ],
            [
              117.83935546875001,
              39.04680073847605
            ],
            [
              117.86132812500001,
              39.080945785970414
            ],
            [
              117.90527343750001,
              39.11507431589979
            ],
            [
              117.92724609375001,
              39.149186324151415
            ],
            [
              117.97119140625001,
              39.16623613136979
            ],
            [
              118.01513671875001,
              39.18328180663796
            ],
            [
              118.05908203125001,
              39.149186324151415
            ],
            [
              118.10302734375001,
              39.11507431589979
            ],
            [
              118.12500000000001,
              39.080945785970414
            ],
            [
              118.14697265625001,
              39.04680073847605
            ],
            [
              118.1689453125,
              39.012639177554995
            ],
            [
              118.21289062500001,
              38.97846110737096
            ],
            [
              118.25683593750001,
              38.944266532113154
            ],
            [
              118.30078125000001,
              38.927163056397674
            ],
            [
              118.32275390625001,
              38.8929437314399
            ],
            [
              118.36669921875001,
              38.87582788326083
            ],
            [
              118.45458984375001,
              38.87582788326083
            ],
            [
              118.52050781250001,
              38.87582788326083
            ],
            [
              118.60839843750001,
              38.87582788326083
            ],
            [
              118.67431640625001,
              38.87582788326083
            ],
            [
              118.71826171875001,
              38.8929437314399
            ],
            [
              118.7841796875,
              38.8929437314399
            ],
            [
              118.82812500000001,
              38.927163056397674
            ],
            [
              118.87207031250001,
              38.961365882613435
            ],
            [
              118.91601562500001,
              38.99555220585961
            ],
            [
              118.93798828125001,
              39.029722021934234
            ],
            [
              118.98193359375001,
              39.06387532666079
            ],
            [
              119.00390625000001,
              39.09801211588836
            ],
            [
              119.04785156250001,
              39.13213238549136
            ],
            [
              119.09179687500001,
              39.16623613136979
            ],
            [
              119.13574218750001,
              39.18328180663796
            ],
            [
              119.17968750000001,
              39.21736075929735
            ],
            [
              119.22363281250001,
              39.23439403567946
            ],
            [
              119.26757812500001,
              39.26844818603748
            ],
            [
              119.31152343750001,
              39.30248579652435
            ],
            [
              119.35546875000001,
              39.319498398073485
            ],
            [
              119.3994140625,
              39.3535111913116
            ],
            [
              119.44335937500001,
              39.387507434792624
            ],
            [
              119.46533203125001,
              39.42148712460639
            ],
            [
              119.46533203125001,
              39.472425612709365
            ],
            [
              119.46533203125001,
              39.523326833319885
            ],
            [
              119.46533203125001,
              39.57419077355948
            ],
            [
              119.48730468750001,
              39.60807934943308
            ],
            [
              119.50927734375001,
              39.65888112744702
            ],
            [
              119.55322265625001,
              39.692728250173346
            ],
            [
              119.57519531250001,
              39.726558785171115
            ],
            [
              119.61914062500001,
              39.760372728780894
            ],
            [
              119.66308593750001,
              39.79417007736808
            ],
            [
              119.70703125000001,
              39.82795082732301
            ],
            [
              119.75097656250001,
              39.86171497506084
            ],
            [
              119.79492187500001,
              39.89546251702156
            ],
            [
              119.83886718750001,
              39.91233005972979
            ],
            [
              119.90478515625001,
              39.9460526864041
            ],
            [
              119.94873046875001,
              39.97975869850977
            ],
            [
              119.99267578125,
              39.996605473013
            ],
            [
              120.03662109375,
              40.013448092573476
            ],
            [
              120.10253906250001,
              40.04712086514659
            ],
            [
              120.14648437500001,
              40.06395101730321
            ],
            [
              120.21240234375001,
              40.080777012805136
            ],
            [
              120.25634765625001,
              40.09759885122823
            ],
            [
              120.30029296875001,
              40.13123005514893
            ],
            [
              120.34423828125001,
              40.16484462570298
            ],
            [
              120.38818359375001,
              40.181645672423464
            ],
            [
              120.41015625000001,
              40.21523528667671
            ],
            [
              120.47607421875001,
              40.24880825926468
            ],
            [
              120.54199218750001,
              40.28236458691088
            ],
            [
              120.60791015625,
              40.28236458691088
            ],
            [
              120.67382812500001,
              40.31590426636321
            ],
            [
              120.71777343750001,
              40.349427294394054
            ],
            [
              120.76171875000001,
              40.38293366780018
            ],
            [
              120.80566406250001,
              40.39968060802464
            ],
            [
              120.82763671875001,
              40.43316199354097
            ],
            [
              120.87158203125001,
              40.4833528286036
            ],
            [
              120.89355468750001,
              40.516792551965835
            ],
            [
              120.93750000000001,
              40.533506162485196
            ],
            [
              121.02539062500001,
              40.566920879285824
            ],
            [
              121.11328125000001,
              40.566920879285824
            ],
            [
              121.17919921875001,
              40.58362198480577
            ],
            [
              121.2451171875,
              40.6170116881929
            ],
            [
              121.33300781250001,
              40.63370028530788
            ],
            [
              121.42089843750001,
              40.63370028530788
            ],
            [
              121.48681640625001,
              40.63370028530788
            ],
            [
              121.53076171875001,
              40.650384712204776
            ],
            [
              121.61865234375001,
              40.650384712204776
            ],
            [
              121.68457031250001,
              40.650384712204776
            ],
            [
              121.75048828125001,
              40.63370028530788
            ],
            [
              121.81640625000001,
              40.6170116881929
            ],
            [
              121.8603515625,
              40.58362198480577
            ],
            [
              121.90429687500001,
              40.566920879285824
            ],
            [
              121.94824218750001,
              40.533506162485196
            ],
            [
              121.97021484375001,
              40.50007477387713
            ],
            [
              121.99218750000001,
              40.46662671653115
            ],
            [
              121.99218750000001,
              40.41642338340277
            ],
            [
              121.99218750000001,
              40.349427294394054
            ],
            [
              121.94824218750001,
              40.28236458691088
            ],
            [
              121.90429687500001,
              40.24880825926468
            ],
            [
              121.8603515625,
              40.21523528667671
            ],
            [
              121.83837890625,
              40.181645672423464
            ],
            [
              121.79443359375001,
              40.16484462570298
            ],
            [
              121.75048828125001,
              40.13123005514893
            ],
            [
              121.70654296875001,
              40.09759885122823
            ],
            [
              121.64062500000001,
              40.06395101730321
            ],
            [
              121.59667968750001,
              40.04712086514659
            ],
            [
              121.55273437500001,
              40.03028655676092
            ],
            [
              121.48681640625001,
              39.996605473013
            ],
            [
              121.44287109375001,
              39.97975869850977
            ],
            [
              121.39892578125001,
              39.9460526864041
            ],
            [
              121.35498046875001,
              39.929193449669974
            ],
            [
              121.31103515625001,
              39.87859082198485
            ],
            [
              121.26708984375001,
              39.82795082732301
            ],
            [
              121.22314453125,
              39.7772734776785
            ],
            [
              121.22314453125,
              39.7096455913676
            ],
            [
              121.22314453125,
              39.65888112744702
            ],
            [
              121.22314453125,
              39.60807934943308
            ],
            [
              121.2451171875,
              39.57419077355948
            ],
            [
              121.26708984375001,
              39.54028562296218
            ],
            [
              121.28906250000001,
              39.50636390141312
            ],
            [
              121.31103515625001,
              39.472425612709365
            ],
            [
              121.35498046875001,
              39.438470760673006
            ],
            [
              121.39892578125001,
              39.404499349151315
            ],
            [
              121.44287109375001,
              39.37051138201673
            ],
            [
              121.46484375000001,
              39.319498398073485
            ],
            [
              121.46484375000001,
              39.26844818603748
            ],
            [
              121.44287109375001,
              39.23439403567946
            ],
            [
              121.37695312500001,
              39.2003233494489
            ],
            [
              121.31103515625001,
              39.16623613136979
            ],
            [
              121.28906250000001,
              39.13213238549136
            ],
            [
              121.2451171875,
              39.11507431589979
            ],
            [
              121.20117187500001,
              39.080945785970414
            ],
            [
              121.17919921875001,
              39.04680073847605
            ],
            [
              121.13525390625001,
              38.99555220585961
            ],
            [
              121.09130859375001,
              38.944266532113154
            ],
            [
              121.09130859375001,
              38.8929437314399
            ],
            [
              121.09130859375001,
              38.84158381817255
            ],
            [
              121.13525390625001,
              38.80732326502306
            ],
            [
              121.17919921875001,
              38.79018680677342
            ],
            [
              121.2451171875,
              38.79018680677342
            ],
            [
              121.31103515625001,
              38.773046228129445
            ],
            [
              121.39892578125001,
              38.75590152963475
            ],
            [
              121.50878906250001,
              38.738752711834586
            ],
            [
              121.61865234375001,
              38.738752711834586
            ],
            [
              121.70654296875001,
              38.773046228129445
            ],
            [
              121.79443359375001,
              38.79018680677342
            ],
            [
              121.8603515625,
              38.82445560233626
            ],
            [
              121.90429687500001,
              38.84158381817255
            ],
            [
              121.97021484375001,
              38.87582788326083
            ],
            [
              122.01416015625001,
              38.910055455996314
            ],
            [
              122.03613281250001,
              38.944266532113154
            ],
            [
              122.08007812500001,
              38.961365882613435
            ],
            [
              122.10205078125001,
              38.99555220585961
            ],
            [
              122.14599609375001,
              39.029722021934234
            ],
            [
              122.18994140625001,
              39.06387532666079
            ],
            [
              122.23388671875001,
              39.11507431589979
            ],
            [
              122.27783203125001,
              39.149186324151415
            ],
            [
              122.32177734375001,
              39.18328180663796
            ],
            [
              122.38769531250001,
              39.21736075929735
            ],
            [
              122.45361328125,
              39.26844818603748
            ],
            [
              122.49755859375001,
              39.30248579652435
            ],
            [
              122.54150390625001,
              39.33650686316681
            ],
            [
              122.56347656250001,
              39.37051138201673
            ],
            [
              122.60742187500001,
              39.387507434792624
            ],
            [
              122.65136718750001,
              39.404499349151315
            ],
            [
              122.71728515625001,
              39.438470760673006
            ],
            [
              122.76123046875001,
              39.472425612709365
            ],
            [
              122.80517578125001,
              39.489396827717286
            ],
            [
              122.84912109375001,
              39.50636390141312
            ],
            [
              122.91503906250001,
              39.55724026986613
            ],
            [
              122.95898437500001,
              39.57419077355948
            ],
            [
              123.02490234375001,
              39.591137133571515
            ],
            [
              123.0908203125,
              39.60807934943308
            ],
            [
              123.15673828125001,
              39.64195134683609
            ],
            [
              123.22265625000001,
              39.64195134683609
            ],
            [
              123.26660156250001,
              39.65888112744702
            ],
            [
              123.33251953125001,
              39.675806762046555
            ],
            [
              123.39843750000001,
              39.675806762046555
            ],
            [
              123.50830078125001,
              39.675806762046555
            ],
            [
              123.57421875000001,
              39.675806762046555
            ],
            [
              123.64013671875001,
              39.675806762046555
            ],
            [
              123.7060546875,
              39.675806762046555
            ],
            [
              123.77197265625001,
              39.692728250173346
            ],
            [
              123.83789062500001,
              39.7096455913676
            ],
            [
              123.85986328125001,
              39.74346783112725
            ],
            [
              123.85986328125001,
              39.79417007736808
            ],
            [
              123.85986328125001,
              39.844834976692134
            ],
            [
              123.88183593750001,
              39.87859082198485
            ],
            [
              123.88183593750001,
              39.929193449669974
            ],
            [
              123.88183593750001,
              39.97975869850977
            ],
            [
              123.83789062500001,
              40.013448092573476
            ],
            [
              123.79394531250001,
              40.04712086514659
            ],
            [
              123.75000000000001,
              40.080777012805136
            ],
            [
              123.7060546875,
              40.09759885122823
            ],
            [
              123.66210937500001,
              40.13123005514893
            ],
            [
              123.61816406250001,
              40.16484462570298
            ],
            [
              123.57421875000001,
              40.19844255955248
            ],
            [
              123.53027343750001,
              40.21523528667671
            ],
            [
              123.46435546875001,
              40.26558850390932
            ],
            [
              123.39843750000001,
              40.28236458691088
            ],
            [
              123.35449218750001,
              40.31590426636321
            ],
            [
              123.31054687500001,
              40.332667862007106
            ],
            [
              123.26660156250001,
              40.349427294394054
            ],
            [
              123.22265625000001,
              40.36618256312446
            ],
            [
              123.17871093750001,
              40.39968060802464
            ],
            [
              123.11279296875001,
              40.41642338340277
            ],
            [
              123.04687500000001,
              40.43316199354097
            ],
            [
              123.00292968750001,
              40.44989643804729
            ],
            [
              122.93701171875001,
              40.4833528286036
            ],
            [
              122.89306640625001,
              40.516792551965835
            ],
            [
              122.84912109375001,
              40.550215605052344
            ],
            [
              122.80517578125001,
              40.58362198480577
            ],
            [
              122.78320312500001,
              40.6170116881929
            ],
            [
              122.73925781250001,
              40.6670649685113
            ],
            [
              122.69531250000001,
              40.70041296787117
            ],
            [
              122.67333984375001,
              40.73374428043883
            ],
            [
              122.65136718750001,
              40.78370995516379
            ],
            [
              122.62939453125001,
              40.816999538008176
            ],
            [
              122.62939453125001,
              40.86690260465491
            ],
            [
              122.60742187500001,
              40.90015043987227
            ],
            [
              122.58544921875001,
              40.9499908718659
            ],
            [
              122.54150390625001,
              40.999793710544864
            ],
            [
              122.51953125000001,
              41.032974713252564
            ],
            [
              122.4755859375,
              41.06613900099998
            ],
            [
              122.45361328125,
              41.09928657110148
            ],
            [
              122.40966796875001,
              41.132417420895244
            ],
            [
              122.38769531250001,
              41.18208233924452
            ],
            [
              122.34375000000001,
              41.21517137677901
            ],
            [
              122.29980468750001,
              41.24824368487589
            ],
            [
              122.25585937500001,
              41.297820773742245
            ],
            [
              122.21191406250001,
              41.33085124711694
            ],
            [
              122.16796875000001,
              41.36386498221326
            ],
            [
              122.14599609375001,
              41.41335419518265
            ],
            [
              122.12402343750001,
              41.44632607381514
            ],
            [
              122.10205078125001,
              41.47928120561647
            ],
            [
              122.08007812500001,
              41.51221958819566
            ],
            [
              122.03613281250001,
              41.57804609624034
            ],
            [
              121.99218750000001,
              41.64380557928815
            ],
            [
              121.97021484375001,
              41.67666018070846
            ],
            [
              121.94824218750001,
              41.74231909208544
            ],
            [
              121.92626953125001,
              41.79151926187142
            ],
            [
              121.90429687500001,
              41.84068169741779
            ],
            [
              121.8603515625,
              41.88980639149716
            ],
            [
              121.83837890625,
              41.92253521655212
            ],
            [
              121.81640625000001,
              41.955247262380844
            ],
            [
              121.79443359375001,
              41.98794252692811
            ],
            [
              121.75048828125001,
              42.036953954406876
            ],
            [
              121.72851562500001,
              42.08592761267257
            ],
            [
              121.70654296875001,
              42.13486349507834
            ],
            [
              121.66259765625001,
              42.167466426863164
            ],
            [
              121.64062500000001,
              42.20005256456489
            ],
            [
              121.61865234375001,
              42.232621906299386
            ],
            [
              121.59667968750001,
              42.28144442239702
            ],
            [
              121.55273437500001,
              42.31397176611941
            ],
            [
              121.50878906250001,
              42.36273127667693
            ],
            [
              121.46484375000001,
              42.37897604463278
            ],
            [
              121.42089843750001,
              42.39521661110699
            ],
            [
              121.37695312500001,
              42.42768513874064
            ],
            [
              121.33300781250001,
              42.47635641367849
            ],
            [
              121.28906250000001,
              42.49257176673738
            ],
            [
              121.2451171875,
              42.524989863715966
            ],
            [
              121.22314453125,
              42.55739114712904
            ],
            [
              121.17919921875001,
              42.589775615340336
            ],
            [
              121.13525390625001,
              42.638320785629645
            ],
            [
              121.09130859375001,
              42.67066320882448
            ],
            [
              121.06933593750001,
              42.71914530422414
            ],
            [
              121.02539062500001,
              42.76758954776975
            ],
            [
              120.95947265625001,
              42.79986467882587
            ],
            [
              120.84960937500001,
              42.83212298311828
            ],
            [
              120.73974609375001,
              42.88047888621493
            ],
            [
              120.67382812500001,
              42.91269511731425
            ],
            [
              120.6298828125,
              42.92879692105024
            ],
            [
              120.56396484375001,
              42.94489451668066
            ],
            [
              120.52001953125001,
              42.960987904034994
            ],
            [
              120.45410156250001,
              42.99316205323974
            ],
            [
              120.41015625000001,
              43.00924281475585
            ],
            [
              120.34423828125001,
              43.02531936732721
            ],
            [
              120.25634765625001,
              43.04139171079005
            ],
            [
              120.16845703125001,
              43.05745984498203
            ],
            [
              120.10253906250001,
              43.073523769742124
            ],
            [
              120.03662109375,
              43.073523769742124
            ],
            [
              119.97070312500001,
              43.08958348491072
            ],
            [
              119.88281250000001,
              43.10563899032953
            ],
            [
              119.81689453125001,
              43.10563899032953
            ],
            [
              119.72900390625001,
              43.12169028584167
            ],
            [
              119.64111328125001,
              43.12169028584167
            ],
            [
              119.57519531250001,
              43.10563899032953
            ],
            [
              119.50927734375001,
              43.10563899032953
            ],
            [
              119.46533203125001,
              43.08958348491072
            ],
            [
              119.3994140625,
              43.073523769742124
            ],
            [
              119.35546875000001,
              43.05745984498203
            ],
            [
              119.31152343750001,
              43.04139171079005
            ],
            [
              119.24560546875001,
              43.04139171079005
            ],
            [
              119.15771484375001,
              43.00924281475585
            ],
            [
              119.11376953125001,
              42.97707708294395
            ],
            [
              119.02587890625001,
              42.94489451668066
            ],
            [
              118.95996093750001,
              42.91269511731425
            ],
            [
              118.89404296875001,
              42.86436445919966
            ],
            [
              118.87207031250001,
              42.83212298311828
            ],
            [
              118.82812500000001,
              42.79986467882587
            ],
            [
              118.80615234375,
              42.76758954776975
            ],
            [
              118.7841796875,
              42.7352975914194
            ],
            [
              118.74023437500001,
              42.71914530422414
            ],
            [
              118.71826171875001,
              42.68682811273607
            ],
            [
              118.67431640625001,
              42.67066320882448
            ],
            [
              118.63037109375001,
              42.65449409972434
            ],
            [
              118.54248046875001,
              42.60596154324009
            ],
            [
              118.49853515625001,
              42.589775615340336
            ],
            [
              118.45458984375001,
              42.55739114712904
            ],
            [
              118.36669921875001,
              42.54119260722097
            ],
            [
              118.27880859375001,
              42.524989863715966
            ],
            [
              118.21289062500001,
              42.50878291681921
            ],
            [
              118.1689453125,
              42.49257176673738
            ],
            [
              118.12500000000001,
              42.47635641367849
            ],
            [
              118.08105468750001,
              42.46013685785194
            ],
            [
              118.03710937500001,
              42.4439130994686
            ],
            [
              117.99316406250001,
              42.42768513874064
            ],
            [
              117.94921875000001,
              42.41145297588178
            ],
            [
              117.90527343750001,
              42.37897604463278
            ],
            [
              117.83935546875001,
              42.34648230745877
            ],
            [
              117.79541015625001,
              42.31397176611941
            ],
            [
              117.75146484375001,
              42.29771019444384
            ],
            [
              117.70751953125001,
              42.28144442239702
            ],
            [
              117.64160156250001,
              42.232621906299386
            ],
            [
              117.57568359375,
              42.21633933504492
            ],
            [
              117.53173828125001,
              42.18376159509273
            ],
            [
              117.46582031250001,
              42.167466426863164
            ],
            [
              117.42187500000001,
              42.13486349507834
            ],
            [
              117.37792968750001,
              42.118555731999734
            ],
            [
              117.31201171875001,
              42.10224377111718
            ],
            [
              117.24609375000001,
              42.08592761267257
            ],
            [
              117.18017578125001,
              42.05328270407197
            ],
            [
              117.13623046875001,
              42.036953954406876
            ],
            [
              117.07031250000001,
              42.020621008161605
            ],
            [
              117.02636718750001,
              42.00428386558521
            ],
            [
              116.96044921875,
              42.00428386558521
            ],
            [
              116.91650390625001,
              41.98794252692811
            ],
            [
              116.82861328125001,
              41.98794252692811
            ],
            [
              116.76269531250001,
              41.98794252692811
            ],
            [
              116.69677734375001,
              41.98794252692811
            ],
            [
              116.58691406250001,
              41.9715969924422
            ],
            [
              116.49902343750001,
              41.9715969924422
            ],
            [
              116.38916015625001,
              41.9715969924422
            ],
            [
              116.27929687500001,
              41.9715969924422
            ],
            [
              116.21337890625001,
              41.9715969924422
            ],
            [
              116.14746093750001,
              41.9715969924422
            ],
            [
              116.08154296875001,
              41.9715969924422
            ],
            [
              116.01562500000001,
              41.9715969924422
            ],
            [
              115.94970703125001,
              41.955247262380844
            ],
            [
              115.88378906250001,
              41.93889333699876
            ],
            [
              115.79589843750001,
              41.92253521655212
            ],
            [
              115.72998046875,
              41.92253521655212
            ],
            [
              115.66406250000001,
              41.92253521655212
            ],
            [
              115.59814453125001,
              41.92253521655212
            ],
            [
              115.53222656250001,
              41.90617290129858
            ],
            [
              115.42236328125001,
              41.90617290129858
            ],
            [
              115.37841796875001,
              41.88980639149716
            ],
            [
              115.29052734375001,
              41.88980639149716
            ],
            [
              115.22460937500001,
              41.87343568740838
            ],
            [
              115.13671875,
              41.85706078929413
            ],
            [
              115.07080078125001,
              41.85706078929413
            ],
            [
              115.02685546875001,
              41.84068169741779
            ],
            [
              114.96093750000001,
              41.82429841204416
            ],
            [
              114.87304687500001,
              41.807910933439494
            ],
            [
              114.78515625000001,
              41.807910933439494
            ],
            [
              114.69726562500001,
              41.79151926187142
            ],
            [
              114.60937500000001,
              41.77512339760913
            ],
            [
              114.521484375,
              41.75872334092311
            ],
            [
              114.43359375000001,
              41.75872334092311
            ],
            [
              114.34570312500001,
              41.74231909208544
            ],
            [
              114.30175781250001,
              41.725910651369496
            ],
            [
              114.23583984375001,
              41.70949801905022
            ],
            [
              114.19189453125001,
              41.69308119540394
            ],
            [
              114.12597656250001,
              41.67666018070846
            ],
            [
              114.10400390625001,
              41.64380557928815
            ],
            [
              114.06005859375001,
              41.627371993126204
            ],
            [
              114.03808593750001,
              41.59449225131655
            ],
            [
              113.97216796875001,
              41.57804609624034
            ],
            [
              113.90625,
              41.528682497786136
            ],
            [
              113.8623046875,
              41.51221958819566
            ],
            [
              113.79638671875001,
              41.47928120561647
            ],
            [
              113.73046875000001,
              41.44632607381514
            ],
            [
              113.66455078125001,
              41.42984222770243
            ],
            [
              113.62060546875001,
              41.39686197655827
            ],
            [
              113.57666015625001,
              41.38036557213333
            ],
            [
              113.51074218750001,
              41.36386498221326
            ],
            [
              113.46679687500001,
              41.34736020710499
            ],
            [
              113.42285156250001,
              41.33085124711694
            ],
            [
              113.37890625000001,
              41.297820773742245
            ],
            [
              113.33496093750001,
              41.28129926097978
            ],
            [
              113.291015625,
              41.26477356458573
            ],
            [
              113.2470703125,
              41.24824368487589
            ],
            [
              113.18115234375001,
              41.19862894903083
            ],
            [
              113.11523437500001,
              41.16553154774319
            ],
            [
              113.07128906250001,
              41.148976574851424
            ],
            [
              113.02734375000001,
              41.132417420895244
            ],
            [
              112.98339843750001,
              41.09928657110148
            ],
            [
              112.93945312500001,
              41.08271487592339
            ],
            [
              112.89550781250001,
              41.06613900099998
            ],
            [
              112.85156250000001,
              41.049558946664725
            ],
            [
              112.76367187500001,
              41.032974713252564
            ],
            [
              112.69775390625,
              40.999793710544864
            ],
            [
              112.6318359375,
              40.98319694192662
            ],
            [
              112.54394531250001,
              40.966595995586175
            ],
            [
              112.47802734375001,
              40.966595995586175
            ],
            [
              112.41210937500001,
              40.9499908718659
            ],
            [
              112.34619140625001,
              40.93338157110964
            ],
            [
              112.28027343750001,
              40.93338157110964
            ],
            [
              112.21435546875001,
              40.91676809366285
            ],
            [
              112.14843750000001,
              40.91676809366285
            ],
            [
              112.060546875,
              40.91676809366285
            ],
            [
              112.0166015625,
              40.90015043987227
            ],
            [
              111.92871093750001,
              40.90015043987227
            ],
            [
              111.86279296875001,
              40.90015043987227
            ],
            [
              111.79687500000001,
              40.90015043987227
            ],
            [
              111.73095703125001,
              40.86690260465491
            ],
            [
              111.68701171875001,
              40.85027242392925
            ],
            [
              111.64306640625001,
              40.833638068262246
            ],
            [
              111.62109375000001,
              40.80035683352294
            ],
            [
              111.59912109375001,
              40.767058903289616
            ],
            [
              111.57714843750001,
              40.767058903289616
            ],
            [
              111.68701171875001,
              40.80035683352294
            ]
          ]
        ]
      }
    },
    {
      "type": "Feature",
      "properties": {
        "NAME": "남연",
        "name": "395-398",
        "color": "#ef4444",
        "fill": "#ef4444",
        "fill-opacity": 0.5,
        "stroke": "#ef4444",
        "stroke-width": 2,
        "originalType": "polyline"
      },
      "geometry": {
        "type": "Polygon",
        "coordinates": [
          [
            [
              113.291015625,
              37.07337575796814
            ],
            [
              113.35693359375001,
              37.07337575796814
            ],
            [
              113.40087890625001,
              37.090917242930736
            ],
            [
              113.44482421875001,
              37.108454668537306
            ],
            [
              113.48876953125001,
              37.12598803408455
            ],
            [
              113.53271484375001,
              37.14351733887084
            ],
            [
              113.59863281250001,
              37.161042582196316
            ],
            [
              113.70849609375001,
              37.17856376336268
            ],
            [
              113.79638671875001,
              37.17856376336268
            ],
            [
              113.8623046875,
              37.17856376336268
            ],
            [
              113.92822265625,
              37.17856376336268
            ],
            [
              114.06005859375001,
              37.17856376336268
            ],
            [
              114.12597656250001,
              37.17856376336268
            ],
            [
              114.19189453125001,
              37.17856376336268
            ],
            [
              114.27978515625001,
              37.17856376336268
            ],
            [
              114.36767578125001,
              37.196080881673446
            ],
            [
              114.45556640625001,
              37.196080881673446
            ],
            [
              114.49951171875,
              37.213593936433675
            ],
            [
              114.56542968750001,
              37.23110292695028
            ],
            [
              114.63134765625001,
              37.26610871248799
            ],
            [
              114.67529296875001,
              37.28360550613113
            ],
            [
              114.74121093750001,
              37.318586891733666
            ],
            [
              114.78515625000001,
              37.33607148232512
            ],
            [
              114.82910156250001,
              37.35355200386752
            ],
            [
              114.89501953125001,
              37.38850083708778
            ],
            [
              114.98291015625001,
              37.42343338597629
            ],
            [
              115.07080078125001,
              37.44089355211028
            ],
            [
              115.11474609375,
              37.458349645141645
            ],
            [
              115.15869140625001,
              37.47580166440062
            ],
            [
              115.20263671875001,
              37.49324960921918
            ],
            [
              115.24658203125001,
              37.5106934789308
            ],
            [
              115.29052734375001,
              37.52813327287083
            ],
            [
              115.33447265625001,
              37.54556899037614
            ],
            [
              115.40039062500001,
              37.563000630785346
            ],
            [
              115.48828125000001,
              37.58042819343863
            ],
            [
              115.55419921875001,
              37.59785167767799
            ],
            [
              115.62011718750001,
              37.61527108284692
            ],
            [
              115.68603515625001,
              37.632686408290716
            ],
            [
              115.751953125,
              37.66750481739204
            ],
            [
              115.81787109375001,
              37.684907899748374
            ],
            [
              115.88378906250001,
              37.702306899777064
            ],
            [
              115.94970703125001,
              37.702306899777064
            ],
            [
              116.01562500000001,
              37.71970181683169
            ],
            [
              116.05957031250001,
              37.7370926502674
            ],
            [
              116.10351562500001,
              37.754479399441095
            ],
            [
              116.14746093750001,
              37.77186206371122
            ],
            [
              116.25732421875001,
              37.78924064243796
            ],
            [
              116.3232421875,
              37.78924064243796
            ],
            [
              116.38916015625001,
              37.80661513498313
            ],
            [
              116.49902343750001,
              37.82398554071022
            ],
            [
              116.54296875000001,
              37.84135185898427
            ],
            [
              116.65283203125001,
              37.85871408917213
            ],
            [
              116.71875000000001,
              37.85871408917213
            ],
            [
              116.78466796875001,
              37.876072230642144
            ],
            [
              116.87255859375001,
              37.876072230642144
            ],
            [
              116.96044921875,
              37.876072230642144
            ],
            [
              117.02636718750001,
              37.876072230642144
            ],
            [
              117.09228515625001,
              37.876072230642144
            ],
            [
              117.15820312500001,
              37.89342628276444
            ],
            [
              117.24609375000001,
              37.89342628276444
            ],
            [
              117.31201171875001,
              37.92812211645434
            ],
            [
              117.37792968750001,
              37.94546389677035
            ],
            [
              117.46582031250001,
              37.94546389677035
            ],
            [
              117.50976562500001,
              37.962801585235354
            ],
            [
              117.57568359375,
              37.962801585235354
            ],
            [
              117.64160156250001,
              37.962801585235354
            ],
            [
              117.68554687500001,
              37.98013518122768
            ],
            [
              117.72949218750001,
              37.997464684127316
            ],
            [
              117.77343750000001,
              38.01479009331583
            ],
            [
              117.79541015625001,
              38.049428628094056
            ],
            [
              117.83935546875001,
              38.06674175245523
            ],
            [
              117.88330078125001,
              38.0840507806481
            ],
            [
              117.92724609375001,
              38.10135571206244
            ],
            [
              117.97119140625001,
              38.11865654608974
            ],
            [
              118.03710937500001,
              38.11865654608974
            ],
            [
              118.10302734375001,
              38.11865654608974
            ],
            [
              118.1689453125,
              38.11865654608974
            ],
            [
              118.21289062500001,
              38.0840507806481
            ],
            [
              118.27880859375001,
              38.06674175245523
            ],
            [
              118.32275390625001,
              38.049428628094056
            ],
            [
              118.38867187500001,
              38.03211140817646
            ],
            [
              118.45458984375001,
              38.03211140817646
            ],
            [
              118.52050781250001,
              38.01479009331583
            ],
            [
              118.60839843750001,
              38.01479009331583
            ],
            [
              118.69628906250001,
              38.01479009331583
            ],
            [
              118.76220703125001,
              38.01479009331583
            ],
            [
              118.82812500000001,
              38.01479009331583
            ],
            [
              118.89404296875001,
              38.03211140817646
            ],
            [
              118.93798828125001,
              38.049428628094056
            ],
            [
              119.02587890625001,
              38.049428628094056
            ],
            [
              119.09179687500001,
              38.049428628094056
            ],
            [
              119.15771484375001,
              38.049428628094056
            ],
            [
              119.20166015625001,
              38.03211140817646
            ],
            [
              119.24560546875001,
              38.01479009331583
            ],
            [
              119.26757812500001,
              37.98013518122768
            ],
            [
              119.26757812500001,
              37.92812211645434
            ],
            [
              119.26757812500001,
              37.876072230642144
            ],
            [
              119.26757812500001,
              37.82398554071022
            ],
            [
              119.28955078125001,
              37.78924064243796
            ],
            [
              119.26757812500001,
              37.754479399441095
            ],
            [
              119.24560546875001,
              37.71970181683169
            ],
            [
              119.20166015625001,
              37.684907899748374
            ],
            [
              119.13574218750001,
              37.65009765335621
            ],
            [
              119.09179687500001,
              37.61527108284692
            ],
            [
              119.04785156250001,
              37.563000630785346
            ],
            [
              119.02587890625001,
              37.52813327287083
            ],
            [
              119.00390625000001,
              37.49324960921918
            ],
            [
              119.00390625000001,
              37.42343338597629
            ],
            [
              119.02587890625001,
              37.33607148232512
            ],
            [
              119.06982421875001,
              37.30109823277463
            ],
            [
              119.11376953125001,
              37.28360550613113
            ],
            [
              119.15771484375001,
              37.26610871248799
            ],
            [
              119.24560546875001,
              37.24860785253164
            ],
            [
              119.31152343750001,
              37.24860785253164
            ],
            [
              119.37744140625001,
              37.213593936433675
            ],
            [
              119.46533203125001,
              37.213593936433675
            ],
            [
              119.53125000000001,
              37.213593936433675
            ],
            [
              119.61914062500001,
              37.196080881673446
            ],
            [
              119.68505859375001,
              37.196080881673446
            ],
            [
              119.75097656250001,
              37.17856376336268
            ],
            [
              119.81689453125001,
              37.17856376336268
            ],
            [
              119.88281250000001,
              37.196080881673446
            ],
            [
              119.92675781250001,
              37.213593936433675
            ],
            [
              120.0146484375,
              37.23110292695028
            ],
            [
              120.05859375000001,
              37.24860785253164
            ],
            [
              120.10253906250001,
              37.28360550613113
            ],
            [
              120.14648437500001,
              37.33607148232512
            ],
            [
              120.16845703125001,
              37.371028455681106
            ],
            [
              120.19042968750001,
              37.405969147411106
            ],
            [
              120.21240234375001,
              37.44089355211028
            ],
            [
              120.25634765625001,
              37.49324960921918
            ],
            [
              120.27832031250001,
              37.52813327287083
            ],
            [
              120.32226562500001,
              37.563000630785346
            ],
            [
              120.34423828125001,
              37.59785167767799
            ],
            [
              120.38818359375001,
              37.61527108284692
            ],
            [
              120.43212890625001,
              37.65009765335621
            ],
            [
              120.47607421875001,
              37.684907899748374
            ],
            [
              120.52001953125001,
              37.702306899777064
            ],
            [
              120.56396484375001,
              37.71970181683169
            ],
            [
              120.6298828125,
              37.71970181683169
            ],
            [
              120.67382812500001,
              37.7370926502674
            ],
            [
              120.73974609375001,
              37.7370926502674
            ],
            [
              120.80566406250001,
              37.7370926502674
            ],
            [
              120.84960937500001,
              37.71970181683169
            ],
            [
              120.91552734375001,
              37.71970181683169
            ],
            [
              120.98144531250001,
              37.702306899777064
            ],
            [
              121.02539062500001,
              37.684907899748374
            ],
            [
              121.06933593750001,
              37.65009765335621
            ],
            [
              121.11328125000001,
              37.632686408290716
            ],
            [
              121.15722656250001,
              37.61527108284692
            ],
            [
              121.17919921875001,
              37.58042819343863
            ],
            [
              121.22314453125,
              37.563000630785346
            ],
            [
              121.26708984375001,
              37.54556899037614
            ],
            [
              121.31103515625001,
              37.52813327287083
            ],
            [
              121.35498046875001,
              37.5106934789308
            ],
            [
              121.42089843750001,
              37.5106934789308
            ],
            [
              121.48681640625001,
              37.49324960921918
            ],
            [
              121.57470703125001,
              37.49324960921918
            ],
            [
              121.64062500000001,
              37.49324960921918
            ],
            [
              121.70654296875001,
              37.49324960921918
            ],
            [
              121.75048828125001,
              37.47580166440062
            ],
            [
              121.81640625000001,
              37.47580166440062
            ],
            [
              121.88232421875001,
              37.47580166440062
            ],
            [
              121.94824218750001,
              37.49324960921918
            ],
            [
              121.99218750000001,
              37.5106934789308
            ],
            [
              122.10205078125001,
              37.5106934789308
            ],
            [
              122.18994140625001,
              37.5106934789308
            ],
            [
              122.23388671875001,
              37.52813327287083
            ],
            [
              122.34375000000001,
              37.54556899037614
            ],
            [
              122.43164062500001,
              37.54556899037614
            ],
            [
              122.51953125000001,
              37.54556899037614
            ],
            [
              122.58544921875001,
              37.54556899037614
            ],
            [
              122.65136718750001,
              37.54556899037614
            ],
            [
              122.67333984375001,
              37.5106934789308
            ],
            [
              122.71728515625001,
              37.47580166440062
            ],
            [
              122.76123046875001,
              37.44089355211028
            ],
            [
              122.78320312500001,
              37.38850083708778
            ],
            [
              122.80517578125001,
              37.35355200386752
            ],
            [
              122.78320312500001,
              37.318586891733666
            ],
            [
              122.76123046875001,
              37.24860785253164
            ],
            [
              122.73925781250001,
              37.196080881673446
            ],
            [
              122.69531250000001,
              37.161042582196316
            ],
            [
              122.62939453125001,
              37.12598803408455
            ],
            [
              122.58544921875001,
              37.090917242930736
            ],
            [
              122.56347656250001,
              37.05583021435441
            ],
            [
              122.51953125000001,
              37.03828061279626
            ],
            [
              122.4755859375,
              37.020726954002015
            ],
            [
              122.43164062500001,
              37.0031692386817
            ],
            [
              122.38769531250001,
              36.96804164131135
            ],
            [
              122.34375000000001,
              36.95047176068982
            ],
            [
              122.27783203125001,
              36.93289782639922
            ],
            [
              122.23388671875001,
              36.897737799686254
            ],
            [
              122.18994140625001,
              36.88015170870591
            ],
            [
              122.12402343750001,
              36.88015170870591
            ],
            [
              122.08007812500001,
              36.8449673751153
            ],
            [
              122.03613281250001,
              36.82736913395718
            ],
            [
              121.97021484375001,
              36.8097668441948
            ],
            [
              121.88232421875001,
              36.8097668441948
            ],
            [
              121.81640625000001,
              36.79216050655849
            ],
            [
              121.75048828125001,
              36.77455012178024
            ],
            [
              121.68457031250001,
              36.756935690593835
            ],
            [
              121.61865234375001,
              36.7393172137346
            ],
            [
              121.55273437500001,
              36.72169469193976
            ],
            [
              121.50878906250001,
              36.70406812594802
            ],
            [
              121.44287109375001,
              36.686437516499986
            ],
            [
              121.37695312500001,
              36.686437516499986
            ],
            [
              121.31103515625001,
              36.651164170205455
            ],
            [
              121.2451171875,
              36.63352143484853
            ],
            [
              121.17919921875001,
              36.59822384345197
            ],
            [
              121.15722656250001,
              36.56291009614717
            ],
            [
              121.11328125000001,
              36.52758019896053
            ],
            [
              121.06933593750001,
              36.509909196052206
            ],
            [
              121.00341796875001,
              36.45687197918357
            ],
            [
              120.93750000000001,
              36.43918484005513
            ],
            [
              120.91552734375001,
              36.403798466133935
            ],
            [
              120.84960937500001,
              36.35068867763453
            ],
            [
              120.80566406250001,
              36.332977357193464
            ],
            [
              120.73974609375001,
              36.29754263455535
            ],
            [
              120.69580078125001,
              36.279819233916214
            ],
            [
              120.6298828125,
              36.26209180810516
            ],
            [
              120.56396484375001,
              36.226624884102165
            ],
            [
              120.49804687500001,
              36.191141868833085
            ],
            [
              120.45410156250001,
              36.17339432894594
            ],
            [
              120.38818359375001,
              36.137887188625655
            ],
            [
              120.34423828125001,
              36.12012758978146
            ],
            [
              120.30029296875001,
              36.08459633871017
            ],
            [
              120.25634765625001,
              36.06682468808233
            ],
            [
              120.21240234375001,
              36.03126934065334
            ],
            [
              120.16845703125001,
              35.99569793702816
            ],
            [
              120.12451171875001,
              35.96011048367296
            ],
            [
              120.05859375000001,
              35.924506987081514
            ],
            [
              120.03662109375,
              35.88888745377537
            ],
            [
              119.99267578125,
              35.87107167539984
            ],
            [
              119.97070312500001,
              35.81760030324351
            ],
            [
              119.92675781250001,
              35.79976850293061
            ],
            [
              119.88281250000001,
              35.74624908480427
            ],
            [
              119.83886718750001,
              35.71054946671808
            ],
            [
              119.79492187500001,
              35.67483385162916
            ],
            [
              119.75097656250001,
              35.62123044931457
            ],
            [
              119.70703125000001,
              35.60335465733506
            ],
            [
              119.66308593750001,
              35.56759109164562
            ],
            [
              119.61914062500001,
              35.54970331963557
            ],
            [
              119.57519531250001,
              35.4960160571805
            ],
            [
              119.53125000000001,
              35.46020460208816
            ],
            [
              119.46533203125001,
              35.406457516475236
            ],
            [
              119.44335937500001,
              35.352674568059406
            ],
            [
              119.42138671875,
              35.29885578033301
            ],
            [
              119.37744140625001,
              35.28090822421381
            ],
            [
              119.35546875000001,
              35.24500117693039
            ],
            [
              119.33349609375001,
              35.20907822213316
            ],
            [
              119.31152343750001,
              35.17313936690217
            ],
            [
              119.28955078125001,
              35.13718461834572
            ],
            [
              119.26757812500001,
              35.065227469830205
            ],
            [
              119.24560546875001,
              35.02922508422859
            ],
            [
              119.22363281250001,
              34.99320683401641
            ],
            [
              119.17968750000001,
              34.975191761945695
            ],
            [
              119.15771484375001,
              34.93914972841896
            ],
            [
              119.15771484375001,
              34.88505696835105
            ],
            [
              119.15771484375001,
              34.8309285785417
            ],
            [
              119.13574218750001,
              34.79482320331152
            ],
            [
              119.11376953125001,
              34.740635485942896
            ],
            [
              119.06982421875001,
              34.70449058219911
            ],
            [
              119.02587890625001,
              34.668329880108146
            ],
            [
              118.98193359375001,
              34.650243607026496
            ],
            [
              118.95996093750001,
              34.61405922149462
            ],
            [
              118.91601562500001,
              34.59596111093115
            ],
            [
              118.87207031250001,
              34.5597530589395
            ],
            [
              118.82812500000001,
              34.54164311940881
            ],
            [
              118.76220703125001,
              34.50541141803472
            ],
            [
              118.69628906250001,
              34.50541141803472
            ],
            [
              118.65234375000001,
              34.48728965809952
            ],
            [
              118.58642578125001,
              34.48728965809952
            ],
            [
              118.52050781250001,
              34.48728965809952
            ],
            [
              118.43261718750001,
              34.48728965809952
            ],
            [
              118.38867187500001,
              34.50541141803472
            ],
            [
              118.32275390625001,
              34.50541141803472
            ],
            [
              118.25683593750001,
              34.50541141803472
            ],
            [
              118.19091796875,
              34.48728965809952
            ],
            [
              118.10302734375001,
              34.48728965809952
            ],
            [
              118.03710937500001,
              34.46916395994063
            ],
            [
              117.94921875000001,
              34.46916395994063
            ],
            [
              117.88330078125001,
              34.46916395994063
            ],
            [
              117.81738281250001,
              34.46916395994063
            ],
            [
              117.75146484375001,
              34.451034324516584
            ],
            [
              117.66357421875001,
              34.451034324516584
            ],
            [
              117.61962890625001,
              34.43290075278772
            ],
            [
              117.53173828125001,
              34.43290075278772
            ],
            [
              117.46582031250001,
              34.43290075278772
            ],
            [
              117.39990234375001,
              34.414763245716145
            ],
            [
              117.33398437500001,
              34.414763245716145
            ],
            [
              117.24609375000001,
              34.414763245716145
            ],
            [
              117.15820312500001,
              34.414763245716145
            ],
            [
              117.09228515625001,
              34.414763245716145
            ],
            [
              117.02636718750001,
              34.414763245716145
            ],
            [
              116.96044921875,
              34.414763245716145
            ],
            [
              116.89453125000001,
              34.39662180426579
            ],
            [
              116.82861328125001,
              34.39662180426579
            ],
            [
              116.78466796875001,
              34.414763245716145
            ],
            [
              116.69677734375001,
              34.414763245716145
            ],
            [
              116.63085937500001,
              34.414763245716145
            ],
            [
              116.54296875000001,
              34.414763245716145
            ],
            [
              116.49902343750001,
              34.43290075278772
            ],
            [
              116.43310546875001,
              34.43290075278772
            ],
            [
              116.34521484375,
              34.43290075278772
            ],
            [
              116.25732421875001,
              34.43290075278772
            ],
            [
              116.19140625000001,
              34.43290075278772
            ],
            [
              116.10351562500001,
              34.43290075278772
            ],
            [
              116.03759765625001,
              34.43290075278772
            ],
            [
              115.97167968750001,
              34.43290075278772
            ],
            [
              115.90576171875001,
              34.43290075278772
            ],
            [
              115.86181640625001,
              34.414763245716145
            ],
            [
              115.77392578125001,
              34.414763245716145
            ],
            [
              115.68603515625001,
              34.414763245716145
            ],
            [
              115.62011718750001,
              34.414763245716145
            ],
            [
              115.53222656250001,
              34.414763245716145
            ],
            [
              115.48828125000001,
              34.43290075278772
            ],
            [
              115.44433593750001,
              34.48728965809952
            ],
            [
              115.40039062500001,
              34.50541141803472
            ],
            [
              115.37841796875001,
              34.54164311940881
            ],
            [
              115.35644531250001,
              34.57785905643016
            ],
            [
              115.33447265625001,
              34.63215338717449
            ],
            [
              115.33447265625001,
              34.68641220547866
            ],
            [
              115.31250000000001,
              34.72256500933233
            ],
            [
              115.31250000000001,
              34.79482320331152
            ],
            [
              115.29052734375001,
              34.8309285785417
            ],
            [
              115.26855468750001,
              34.921122768785914
            ],
            [
              115.24658203125001,
              35.01121794174643
            ],
            [
              115.24658203125001,
              35.065227469830205
            ],
            [
              115.22460937500001,
              35.119201286299464
            ],
            [
              115.20263671875001,
              35.155163978844286
            ],
            [
              115.15869140625001,
              35.17313936690217
            ],
            [
              115.13671875,
              35.20907822213316
            ],
            [
              115.11474609375,
              35.262956689452736
            ],
            [
              115.0927734375,
              35.29885578033301
            ],
            [
              115.07080078125001,
              35.33473895313201
            ],
            [
              115.04882812500001,
              35.38853385060199
            ],
            [
              115.00488281250001,
              35.406457516475236
            ],
            [
              114.98291015625001,
              35.442292893084016
            ],
            [
              114.96093750000001,
              35.478112323740746
            ],
            [
              114.93896484375001,
              35.51391580154781
            ],
            [
              114.87304687500001,
              35.56759109164562
            ],
            [
              114.85107421875001,
              35.60335465733506
            ],
            [
              114.78515625000001,
              35.67483385162916
            ],
            [
              114.76318359375001,
              35.71054946671808
            ],
            [
              114.71923828125001,
              35.74624908480427
            ],
            [
              114.67529296875001,
              35.79976850293061
            ],
            [
              114.65332031250001,
              35.83542809931004
            ],
            [
              114.63134765625001,
              35.87107167539984
            ],
            [
              114.58740234375001,
              35.90669922460913
            ],
            [
              114.54345703125001,
              35.942310740374836
            ],
            [
              114.521484375,
              35.97790621616161
            ],
            [
              114.49951171875,
              36.01348564546178
            ],
            [
              114.45556640625001,
              36.049049021795405
            ],
            [
              114.41162109375001,
              36.10236397287672
            ],
            [
              114.36767578125001,
              36.17339432894594
            ],
            [
              114.34570312500001,
              36.226624884102165
            ],
            [
              114.27978515625001,
              36.279819233916214
            ],
            [
              114.25781250000001,
              36.31526200924106
            ],
            [
              114.23583984375001,
              36.35068867763453
            ],
            [
              114.16992187500001,
              36.403798466133935
            ],
            [
              114.10400390625001,
              36.45687197918357
            ],
            [
              114.06005859375001,
              36.49223415794566
            ],
            [
              114.03808593750001,
              36.52758019896053
            ],
            [
              113.99414062500001,
              36.56291009614717
            ],
            [
              113.95019531250001,
              36.580568988912106
            ],
            [
              113.90625,
              36.61587465901437
            ],
            [
              113.88427734375,
              36.651164170205455
            ],
            [
              113.84033203125001,
              36.6688028643378
            ],
            [
              113.79638671875001,
              36.70406812594802
            ],
            [
              113.75244140625001,
              36.7393172137346
            ],
            [
              113.70849609375001,
              36.756935690593835
            ],
            [
              113.66455078125001,
              36.79216050655849
            ],
            [
              113.62060546875001,
              36.8097668441948
            ],
            [
              113.53271484375001,
              36.862561566940535
            ],
            [
              113.48876953125001,
              36.88015170870591
            ],
            [
              113.42285156250001,
              36.91531983915796
            ],
            [
              113.40087890625001,
              36.95047176068982
            ],
            [
              113.40087890625001,
              37.0031692386817
            ],
            [
              113.35693359375001,
              37.05583021435441
            ],
            [
              113.33496093750001,
              37.090917242930736
            ],
            [
              113.35693359375001,
              37.12598803408455
            ],
            [
              113.40087890625001,
              37.14351733887084
            ],
            [
              113.40087890625001,
              37.14351733887084
            ],
            [
              113.291015625,
              37.07337575796814
            ]
          ]
        ]
      }
    },
    {
      "type": "Feature",
      "properties": {
        "NAME": "후진",
        "name": "395-398",
        "color": "#ef4444",
        "fill": "#ef4444",
        "fill-opacity": 0.5,
        "stroke": "#ef4444",
        "stroke-width": 2,
        "originalType": "polyline"
      },
      "geometry": {
        "type": "Polygon",
        "coordinates": [
          [
            [
              106.30371093750001,
              36.73965130955608
            ],
            [
              106.36962890625001,
              36.73965130955608
            ],
            [
              106.47949218750001,
              36.73965130955608
            ],
            [
              106.54541015625,
              36.73965130955608
            ],
            [
              106.63330078125001,
              36.72202886444905
            ],
            [
              106.69921875000001,
              36.72202886444905
            ],
            [
              106.78710937500001,
              36.72202886444905
            ],
            [
              106.87500000000001,
              36.72202886444905
            ],
            [
              106.94091796875001,
              36.70440237513114
            ],
            [
              107.00683593750001,
              36.70440237513114
            ],
            [
              107.09472656250001,
              36.70440237513114
            ],
            [
              107.16064453125,
              36.68677184234285
            ],
            [
              107.24853515625001,
              36.68677184234285
            ],
            [
              107.31445312500001,
              36.68677184234285
            ],
            [
              107.40234375000001,
              36.669137266826354
            ],
            [
              107.46826171875001,
              36.65149864932556
            ],
            [
              107.53417968750001,
              36.633855990586035
            ],
            [
              107.57812500000001,
              36.61620929135508
            ],
            [
              107.64404296875001,
              36.61620929135508
            ],
            [
              107.68798828125001,
              36.598558552381675
            ],
            [
              107.73193359375,
              36.58090377441656
            ],
            [
              107.77587890625,
              36.56324495821209
            ],
            [
              107.86376953125001,
              36.56324495821209
            ],
            [
              107.90771484375001,
              36.545582104522445
            ],
            [
              107.97363281250001,
              36.545582104522445
            ],
            [
              108.03955078125001,
              36.545582104522445
            ],
            [
              108.10546875000001,
              36.545582104522445
            ],
            [
              108.17138671875001,
              36.545582104522445
            ],
            [
              108.23730468750001,
              36.56324495821209
            ],
            [
              108.30322265625001,
              36.56324495821209
            ],
            [
              108.369140625,
              36.56324495821209
            ],
            [
              108.4130859375,
              36.58090377441656
            ],
            [
              108.50097656250001,
              36.58090377441656
            ],
            [
              108.56689453125001,
              36.598558552381675
            ],
            [
              108.63281250000001,
              36.598558552381675
            ],
            [
              108.67675781250001,
              36.61620929135508
            ],
            [
              108.74267578125001,
              36.61620929135508
            ],
            [
              108.78662109375001,
              36.633855990586035
            ],
            [
              108.85253906250001,
              36.633855990586035
            ],
            [
              108.94042968750001,
              36.633855990586035
            ],
            [
              109.00634765625,
              36.65149864932556
            ],
            [
              109.05029296875001,
              36.669137266826354
            ],
            [
              109.09423828125001,
              36.68677184234285
            ],
            [
              109.13818359375001,
              36.70440237513114
            ],
            [
              109.20410156250001,
              36.73965130955608
            ],
            [
              109.24804687500001,
              36.75726970971347
            ],
            [
              109.31396484375001,
              36.77488406418408
            ],
            [
              109.40185546875001,
              36.77488406418408
            ],
            [
              109.46777343750001,
              36.8101006331253
            ],
            [
              109.51171875000001,
              36.82770284613021
            ],
            [
              109.57763671875,
              36.84530101051702
            ],
            [
              109.6435546875,
              36.84530101051702
            ],
            [
              109.70947265625001,
              36.862895125557124
            ],
            [
              109.73144531250001,
              36.89807120469136
            ],
            [
              109.77539062500001,
              36.91565316733677
            ],
            [
              109.81933593750001,
              36.93323107773804
            ],
            [
              109.86328125000001,
              36.968374738929334
            ],
            [
              109.90722656250001,
              36.98594048828419
            ],
            [
              109.95117187500001,
              37.00350218252452
            ],
            [
              109.99511718750001,
              37.038613402809894
            ],
            [
              110.03906250000001,
              37.07370839409878
            ],
            [
              110.08300781250001,
              37.091249802099824
            ],
            [
              110.12695312500001,
              37.108787150731466
            ],
            [
              110.1708984375,
              37.14384966707522
            ],
            [
              110.23681640625,
              37.1613748333859
            ],
            [
              110.28076171875001,
              37.21392595649971
            ],
            [
              110.34667968750001,
              37.23143486994882
            ],
            [
              110.39062500000001,
              37.2664405013123
            ],
            [
              110.43457031250001,
              37.2839372178488
            ],
            [
              110.47851562500001,
              37.31891844919899
            ],
            [
              110.54443359375001,
              37.35388340702879
            ],
            [
              110.58837890625001,
              37.371359781671
            ],
            [
              110.63232421875001,
              37.388832085893476
            ],
            [
              110.65429687500001,
              37.42376448037519
            ],
            [
              110.72021484375001,
              37.44122456928666
            ],
            [
              110.76416015625001,
              37.45868058508279
            ],
            [
              110.80810546875,
              37.493580394651794
            ],
            [
              110.8740234375,
              37.493580394651794
            ],
            [
              110.91796875000001,
              37.511024187090214
            ],
            [
              110.98388671875001,
              37.511024187090214
            ],
            [
              111.02783203125001,
              37.52846390374447
            ],
            [
              111.09375000000001,
              37.52846390374447
            ],
            [
              111.13769531250001,
              37.545899543951435
            ],
            [
              111.18164062500001,
              37.563331107049756
            ],
            [
              111.22558593750001,
              37.58075859237968
            ],
            [
              111.31347656250001,
              37.58075859237968
            ],
            [
              111.4013671875,
              37.59818199928322
            ],
            [
              111.48925781250001,
              37.59818199928322
            ],
            [
              111.55517578125001,
              37.59818199928322
            ],
            [
              111.59912109375001,
              37.58075859237968
            ],
            [
              111.66503906250001,
              37.58075859237968
            ],
            [
              111.73095703125001,
              37.58075859237968
            ],
            [
              111.79687500000001,
              37.58075859237968
            ],
            [
              111.84082031250001,
              37.563331107049756
            ],
            [
              111.90673828125001,
              37.563331107049756
            ],
            [
              111.97265625000001,
              37.545899543951435
            ],
            [
              112.03857421875,
              37.545899543951435
            ],
            [
              112.08251953125,
              37.52846390374447
            ],
            [
              112.12646484375001,
              37.511024187090214
            ],
            [
              112.21435546875001,
              37.493580394651794
            ],
            [
              112.25830078125001,
              37.47613252709382
            ],
            [
              112.34619140625001,
              37.45868058508279
            ],
            [
              112.39013671875001,
              37.44122456928666
            ],
            [
              112.45605468750001,
              37.42376448037519
            ],
            [
              112.54394531250001,
              37.40630031901978
            ],
            [
              112.6318359375,
              37.388832085893476
            ],
            [
              112.69775390625,
              37.388832085893476
            ],
            [
              112.74169921875001,
              37.371359781671
            ],
            [
              112.78564453125001,
              37.35388340702879
            ],
            [
              112.82958984375001,
              37.31891844919899
            ],
            [
              112.85156250000001,
              37.2839372178488
            ],
            [
              112.89550781250001,
              37.24893971844962
            ],
            [
              112.91748046875001,
              37.19641297879383
            ],
            [
              112.96142578125001,
              37.178895937524274
            ],
            [
              112.98339843750001,
              37.14384966707522
            ],
            [
              113.02734375000001,
              37.12632043929046
            ],
            [
              113.07128906250001,
              37.091249802099824
            ],
            [
              113.11523437500001,
              37.07370839409878
            ],
            [
              113.15917968750001,
              37.038613402809894
            ],
            [
              113.22509765625001,
              36.98594048828419
            ],
            [
              113.291015625,
              36.95080493517505
            ],
            [
              113.33496093750001,
              36.93323107773804
            ],
            [
              113.37890625000001,
              36.91565316733677
            ],
            [
              113.40087890625001,
              36.88048519052365
            ],
            [
              113.44482421875001,
              36.862895125557124
            ],
            [
              113.46679687500001,
              36.82770284613021
            ],
            [
              113.51074218750001,
              36.79249437223262
            ],
            [
              113.55468750000001,
              36.75726970971347
            ],
            [
              113.57666015625001,
              36.72202886444905
            ],
            [
              113.62060546875001,
              36.68677184234285
            ],
            [
              113.68652343750001,
              36.633855990586035
            ],
            [
              113.73046875000001,
              36.58090377441656
            ],
            [
              113.77441406250001,
              36.56324495821209
            ],
            [
              113.79638671875001,
              36.52791521410338
            ],
            [
              113.84033203125001,
              36.492569326108935
            ],
            [
              113.8623046875,
              36.4572073003095
            ],
            [
              113.88427734375,
              36.421829142813166
            ],
            [
              113.90625,
              36.386434859755404
            ],
            [
              113.92822265625,
              36.33331321322991
            ],
            [
              113.95019531250001,
              36.29787864329122
            ],
            [
              113.99414062500001,
              36.28015531897962
            ],
            [
              114.03808593750001,
              36.262427969481244
            ],
            [
              114.08203125000001,
              36.2446965955794
            ],
            [
              114.12597656250001,
              36.20922177770672
            ],
            [
              114.16992187500001,
              36.19147833531095
            ],
            [
              114.21386718750001,
              36.15597938755114
            ],
            [
              114.25781250000001,
              36.120464361121144
            ],
            [
              114.27978515625001,
              36.08493326239012
            ],
            [
              114.32373046875001,
              36.04938609775484
            ],
            [
              114.36767578125001,
              36.01382287363967
            ],
            [
              114.41162109375001,
              35.99603524129229
            ],
            [
              114.43359375000001,
              35.96044794006351
            ],
            [
              114.45556640625001,
              35.924844595536776
            ],
            [
              114.4775390625,
              35.88922521423338
            ],
            [
              114.521484375,
              35.835766087655436
            ],
            [
              114.54345703125001,
              35.80010664312274
            ],
            [
              114.56542968750001,
              35.76443118485613
            ],
            [
              114.58740234375001,
              35.71088798625132
            ],
            [
              114.60937500000001,
              35.67517252278789
            ],
            [
              114.65332031250001,
              35.62156934779182
            ],
            [
              114.67529296875001,
              35.56793021729693
            ],
            [
              114.71923828125001,
              35.55004252097935
            ],
            [
              114.74121093750001,
              35.51425515422788
            ],
            [
              114.76318359375001,
              35.47845182769212
            ],
            [
              114.78515625000001,
              35.442632548241434
            ],
            [
              114.80712890625001,
              35.40679732277319
            ],
            [
              114.85107421875001,
              35.37094615821269
            ],
            [
              114.87304687500001,
              35.3350790615134
            ],
            [
              114.89501953125001,
              35.29919603965673
            ],
            [
              114.91699218750001,
              35.263297099652256
            ],
            [
              114.93896484375001,
              35.2273822485376
            ],
            [
              114.96093750000001,
              35.17348015399805
            ],
            [
              114.96093750000001,
              35.11954229933088
            ],
            [
              114.96093750000001,
              35.065568708644314
            ],
            [
              114.98291015625001,
              35.01155940618952
            ],
            [
              114.98291015625001,
              34.95751441636044
            ],
            [
              115.00488281250001,
              34.92146460893323
            ],
            [
              115.02685546875001,
              34.88539895865884
            ],
            [
              115.04882812500001,
              34.83127079395953
            ],
            [
              115.07080078125001,
              34.79516556871515
            ],
            [
              115.0927734375,
              34.740978076193294
            ],
            [
              115.11474609375,
              34.68675502041667
            ],
            [
              115.11474609375,
              34.63249642664002
            ],
            [
              115.0927734375,
              34.59630429999231
            ],
            [
              115.04882812500001,
              34.578202320262214
            ],
            [
              115.00488281250001,
              34.56009639752449
            ],
            [
              114.96093750000001,
              34.541986532728664
            ],
            [
              114.91699218750001,
              34.52387272682621
            ],
            [
              114.85107421875001,
              34.52387272682621
            ],
            [
              114.78515625000001,
              34.52387272682621
            ],
            [
              114.71923828125001,
              34.52387272682621
            ],
            [
              114.67529296875001,
              34.541986532728664
            ],
            [
              114.60937500000001,
              34.541986532728664
            ],
            [
              114.56542968750001,
              34.56009639752449
            ],
            [
              114.49951171875,
              34.578202320262214
            ],
            [
              114.45556640625001,
              34.59630429999231
            ],
            [
              114.41162109375001,
              34.61440233576692
            ],
            [
              114.36767578125001,
              34.63249642664002
            ],
            [
              114.32373046875001,
              34.668672769906486
            ],
            [
              114.27978515625001,
              34.68675502041667
            ],
            [
              114.19189453125001,
              34.70483332225897
            ],
            [
              114.12597656250001,
              34.70483332225897
            ],
            [
              114.03808593750001,
              34.70483332225897
            ],
            [
              113.97216796875001,
              34.70483332225897
            ],
            [
              113.90625,
              34.70483332225897
            ],
            [
              113.81835937500001,
              34.70483332225897
            ],
            [
              113.75244140625001,
              34.70483332225897
            ],
            [
              113.68652343750001,
              34.70483332225897
            ],
            [
              113.59863281250001,
              34.70483332225897
            ],
            [
              113.51074218750001,
              34.70483332225897
            ],
            [
              113.46679687500001,
              34.68675502041667
            ],
            [
              113.40087890625001,
              34.668672769906486
            ],
            [
              113.31298828125,
              34.65058657166736
            ],
            [
              113.26904296875,
              34.63249642664002
            ],
            [
              113.22509765625001,
              34.61440233576692
            ],
            [
              113.18115234375001,
              34.59630429999231
            ],
            [
              113.13720703125001,
              34.578202320262214
            ],
            [
              113.04931640625001,
              34.56009639752449
            ],
            [
              113.00537109375001,
              34.541986532728664
            ],
            [
              112.91748046875001,
              34.541986532728664
            ],
            [
              112.82958984375001,
              34.52387272682621
            ],
            [
              112.78564453125001,
              34.505754980770185
            ],
            [
              112.71972656250001,
              34.505754980770185
            ],
            [
              112.6318359375,
              34.487633295515614
            ],
            [
              112.56591796875001,
              34.46950767201917
            ],
            [
              112.47802734375001,
              34.46950767201917
            ],
            [
              112.39013671875001,
              34.451378111239414
            ],
            [
              112.32421875000001,
              34.451378111239414
            ],
            [
              112.23632812500001,
              34.43324461413661
            ],
            [
              112.17041015625001,
              34.43324461413661
            ],
            [
              112.08251953125,
              34.41510718167284
            ],
            [
              111.99462890625001,
              34.41510718167284
            ],
            [
              111.90673828125001,
              34.39696581481196
            ],
            [
              111.79687500000001,
              34.39696581481196
            ],
            [
              111.70898437500001,
              34.39696581481196
            ],
            [
              111.64306640625001,
              34.39696581481196
            ],
            [
              111.55517578125001,
              34.378820514519695
            ],
            [
              111.48925781250001,
              34.378820514519695
            ],
            [
              111.42333984375,
              34.378820514519695
            ],
            [
              111.35742187500001,
              34.378820514519695
            ],
            [
              111.29150390625001,
              34.378820514519695
            ],
            [
              111.22558593750001,
              34.378820514519695
            ],
            [
              111.13769531250001,
              34.378820514519695
            ],
            [
              111.07177734375001,
              34.378820514519695
            ],
            [
              111.00585937500001,
              34.378820514519695
            ],
            [
              110.93994140625001,
              34.378820514519695
            ],
            [
              110.8740234375,
              34.378820514519695
            ],
            [
              110.830078125,
              34.39696581481196
            ],
            [
              110.76416015625001,
              34.39696581481196
            ],
            [
              110.72021484375001,
              34.378820514519695
            ],
            [
              110.65429687500001,
              34.378820514519695
            ],
            [
              110.58837890625001,
              34.378820514519695
            ],
            [
              110.50048828125001,
              34.378820514519695
            ],
            [
              110.43457031250001,
              34.378820514519695
            ],
            [
              110.34667968750001,
              34.39696581481196
            ],
            [
              110.28076171875001,
              34.41510718167284
            ],
            [
              110.23681640625,
              34.43324461413661
            ],
            [
              110.14892578125001,
              34.43324461413661
            ],
            [
              110.08300781250001,
              34.451378111239414
            ],
            [
              109.99511718750001,
              34.451378111239414
            ],
            [
              109.90722656250001,
              34.451378111239414
            ],
            [
              109.81933593750001,
              34.451378111239414
            ],
            [
              109.73144531250001,
              34.451378111239414
            ],
            [
              109.68750000000001,
              34.43324461413661
            ],
            [
              109.6435546875,
              34.41510718167284
            ],
            [
              109.57763671875,
              34.39696581481196
            ],
            [
              109.53369140625001,
              34.36067128176339
            ],
            [
              109.48974609375001,
              34.34251811751234
            ],
            [
              109.44580078125001,
              34.32436102273755
            ],
            [
              109.35791015625001,
              34.28803504550974
            ],
            [
              109.29199218750001,
              34.26986616500772
            ],
            [
              109.18212890625001,
              34.25169335788394
            ],
            [
              109.11621093750001,
              34.23351662511832
            ],
            [
              109.07226562500001,
              34.21533596769268
            ],
            [
              109.0283203125,
              34.197151386590534
            ],
            [
              108.984375,
              34.17896288279723
            ],
            [
              108.94042968750001,
              34.160770457299954
            ],
            [
              108.89648437500001,
              34.142574111087605
            ],
            [
              108.80859375000001,
              34.124373845150885
            ],
            [
              108.76464843750001,
              34.106169660482365
            ],
            [
              108.69873046875001,
              34.06974953892895
            ],
            [
              108.63281250000001,
              34.0515336040381
            ],
            [
              108.54492187500001,
              34.033313754403494
            ],
            [
              108.50097656250001,
              34.015089991026606
            ],
            [
              108.43505859375001,
              33.99686231491082
            ],
            [
              108.39111328125,
              33.97863072706119
            ],
            [
              108.32519531250001,
              33.97863072706119
            ],
            [
              108.28125000000001,
              33.96039522848464
            ],
            [
              108.21533203125001,
              33.96039522848464
            ],
            [
              108.12744140625001,
              33.94215582018986
            ],
            [
              108.03955078125001,
              33.94215582018986
            ],
            [
              107.97363281250001,
              33.92391250318736
            ],
            [
              107.88574218750001,
              33.90566527848951
            ],
            [
              107.81982421875,
              33.90566527848951
            ],
            [
              107.75390625,
              33.90566527848951
            ],
            [
              107.66601562500001,
              33.92391250318736
            ],
            [
              107.60009765625001,
              33.94215582018986
            ],
            [
              107.51220703125001,
              33.94215582018986
            ],
            [
              107.46826171875001,
              33.96039522848464
            ],
            [
              107.40234375000001,
              33.96039522848464
            ],
            [
              107.33642578125001,
              33.96039522848464
            ],
            [
              107.27050781250001,
              33.97863072706119
            ],
            [
              107.1826171875,
              33.97863072706119
            ],
            [
              107.09472656250001,
              33.97863072706119
            ],
            [
              107.05078125000001,
              33.99686231491082
            ],
            [
              106.98486328125001,
              33.99686231491082
            ],
            [
              106.89697265625001,
              33.99686231491082
            ],
            [
              106.83105468750001,
              33.99686231491082
            ],
            [
              106.78710937500001,
              34.015089991026606
            ],
            [
              106.69921875000001,
              34.015089991026606
            ],
            [
              106.63330078125001,
              33.99686231491082
            ],
            [
              106.5234375,
              33.99686231491082
            ],
            [
              106.45751953125001,
              33.97863072706119
            ],
            [
              106.34765625000001,
              33.97863072706119
            ],
            [
              106.30371093750001,
              33.96039522848464
            ],
            [
              106.23779296875001,
              33.96039522848464
            ],
            [
              106.17187500000001,
              33.96039522848464
            ],
            [
              106.06201171875001,
              33.96039522848464
            ],
            [
              106.01806640625001,
              33.97863072706119
            ],
            [
              105.97412109375,
              34.015089991026606
            ],
            [
              105.9521484375,
              34.0515336040381
            ],
            [
              105.9521484375,
              34.106169660482365
            ],
            [
              105.9521484375,
              34.160770457299954
            ],
            [
              105.97412109375,
              34.197151386590534
            ],
            [
              105.97412109375,
              34.25169335788394
            ],
            [
              106.01806640625001,
              34.28803504550974
            ],
            [
              106.04003906250001,
              34.32436102273755
            ],
            [
              106.10595703125001,
              34.36067128176339
            ],
            [
              106.12792968750001,
              34.39696581481196
            ],
            [
              106.19384765625001,
              34.43324461413661
            ],
            [
              106.21582031250001,
              34.46950767201917
            ],
            [
              106.25976562500001,
              34.487633295515614
            ],
            [
              106.32568359375001,
              34.505754980770185
            ],
            [
              106.36962890625001,
              34.541986532728664
            ],
            [
              106.43554687500001,
              34.59630429999231
            ],
            [
              106.47949218750001,
              34.61440233576692
            ],
            [
              106.5234375,
              34.63249642664002
            ],
            [
              106.5673828125,
              34.65058657166736
            ],
            [
              106.61132812500001,
              34.668672769906486
            ],
            [
              106.65527343750001,
              34.70483332225897
            ],
            [
              106.69921875000001,
              34.740978076193294
            ],
            [
              106.74316406250001,
              34.75904452641634
            ],
            [
              106.76513671875001,
              34.79516556871515
            ],
            [
              106.80908203125001,
              34.83127079395953
            ],
            [
              106.83105468750001,
              34.86736019474471
            ],
            [
              106.87500000000001,
              34.90343376369424
            ],
            [
              106.89697265625001,
              34.93949149345999
            ],
            [
              106.94091796875001,
              34.97553337672226
            ],
            [
              106.96289062500001,
              35.01155940618952
            ],
            [
              107.00683593750001,
              35.065568708644314
            ],
            [
              107.05078125000001,
              35.11954229933088
            ],
            [
              107.07275390625001,
              35.15550484126891
            ],
            [
              107.09472656250001,
              35.191451493378516
            ],
            [
              107.11669921875,
              35.24534166254274
            ],
            [
              107.11669921875,
              35.29919603965673
            ],
            [
              107.138671875,
              35.35301460094471
            ],
            [
              107.138671875,
              35.40679732277319
            ],
            [
              107.138671875,
              35.47845182769212
            ],
            [
              107.138671875,
              35.56793021729693
            ],
            [
              107.138671875,
              35.65730879425393
            ],
            [
              107.138671875,
              35.72873971950184
            ],
            [
              107.11669921875,
              35.80010664312274
            ],
            [
              107.09472656250001,
              35.85358980270224
            ],
            [
              107.09472656250001,
              35.90703690907351
            ],
            [
              107.07275390625001,
              35.96044794006351
            ],
            [
              107.02880859375001,
              36.01382287363967
            ],
            [
              107.00683593750001,
              36.04938609775484
            ],
            [
              106.96289062500001,
              36.08493326239012
            ],
            [
              106.94091796875001,
              36.120464361121144
            ],
            [
              106.89697265625001,
              36.15597938755114
            ],
            [
              106.85302734375001,
              36.20922177770672
            ],
            [
              106.78710937500001,
              36.2446965955794
            ],
            [
              106.74316406250001,
              36.28015531897962
            ],
            [
              106.72119140625001,
              36.315597941634586
            ],
            [
              106.67724609375001,
              36.35102445729912
            ],
            [
              106.63330078125001,
              36.368731673065824
            ],
            [
              106.5673828125,
              36.421829142813166
            ],
            [
              106.50146484375,
              36.4572073003095
            ],
            [
              106.43554687500001,
              36.51024428771248
            ],
            [
              106.36962890625001,
              36.58090377441656
            ],
            [
              106.32568359375001,
              36.61620929135508
            ],
            [
              106.30371093750001,
              36.65149864932556
            ],
            [
              106.30371093750001,
              36.70440237513114
            ],
            [
              106.34765625000001,
              36.72202886444905
            ],
            [
              106.41357421875001,
              36.72202886444905
            ],
            [
              106.45751953125001,
              36.72202886444905
            ],
            [
              106.30371093750001,
              36.73965130955608
            ]
          ]
        ]
      }
    },
    {
      "type": "Feature",
      "properties": {
        "NAME": "남량",
        "name": "395-398",
        "color": "#ef4444",
        "fill": "#ef4444",
        "fill-opacity": 0.5,
        "stroke": "#ef4444",
        "stroke-width": 2,
        "originalType": "polyline"
      },
      "geometry": {
        "type": "Polygon",
        "coordinates": [
          [
            [
              106.34765625000001,
              39.04712452257675
            ],
            [
              106.30371093750001,
              39.03004588430653
            ],
            [
              106.25976562500001,
              39.012963118189035
            ],
            [
              106.21582031250001,
              38.995876224745494
            ],
            [
              106.14990234375001,
              38.97878520449875
            ],
            [
              106.08398437500001,
              38.97878520449875
            ],
            [
              106.04003906250001,
              38.96169005797318
            ],
            [
              105.99609375000001,
              38.92748738819134
            ],
            [
              105.9521484375,
              38.91037986599188
            ],
            [
              105.908203125,
              38.8761524496299
            ],
            [
              105.86425781250001,
              38.859032556533805
            ],
            [
              105.82031250000001,
              38.841908540874584
            ],
            [
              105.77636718750001,
              38.807648144017215
            ],
            [
              105.73242187500001,
              38.77337126337471
            ],
            [
              105.71044921875001,
              38.73907790328966
            ],
            [
              105.66650390625001,
              38.68760697376998
            ],
            [
              105.62255859375001,
              38.636098990190746
            ],
            [
              105.60058593750001,
              38.56736406501715
            ],
            [
              105.60058593750001,
              38.49856332848373
            ],
            [
              105.57861328125001,
              38.41246991591397
            ],
            [
              105.57861328125001,
              38.32627380161065
            ],
            [
              105.57861328125001,
              38.25724301380781
            ],
            [
              105.60058593750001,
              38.18814658121127
            ],
            [
              105.62255859375001,
              38.136281200308076
            ],
            [
              105.62255859375001,
              38.04975693469673
            ],
            [
              105.62255859375001,
              37.963130279965284
            ],
            [
              105.64453125000001,
              37.91110517237601
            ],
            [
              105.66650390625001,
              37.859043249265966
            ],
            [
              105.66650390625001,
              37.78957011253568
            ],
            [
              105.68847656250001,
              37.72003159673986
            ],
            [
              105.71044921875001,
              37.667834829529994
            ],
            [
              105.71044921875001,
              37.6156013271039
            ],
            [
              105.73242187500001,
              37.545899543951435
            ],
            [
              105.73242187500001,
              37.47613252709382
            ],
            [
              105.77636718750001,
              37.42376448037519
            ],
            [
              105.79833984375001,
              37.371359781671
            ],
            [
              105.82031250000001,
              37.31891844919899
            ],
            [
              105.84228515625001,
              37.2664405013123
            ],
            [
              105.86425781250001,
              37.21392595649971
            ],
            [
              105.88623046875,
              37.178895937524274
            ],
            [
              105.908203125,
              37.14384966707522
            ],
            [
              105.9521484375,
              37.12632043929046
            ],
            [
              105.99609375000001,
              37.091249802099824
            ],
            [
              106.06201171875001,
              37.07370839409878
            ],
            [
              106.10595703125001,
              37.056162927433284
            ],
            [
              106.17187500000001,
              37.038613402809894
            ],
            [
              106.21582031250001,
              37.02105982093699
            ],
            [
              106.28173828125001,
              37.02105982093699
            ],
            [
              106.34765625000001,
              37.02105982093699
            ],
            [
              106.39160156250001,
              37.00350218252452
            ],
            [
              106.43554687500001,
              36.98594048828419
            ],
            [
              106.47949218750001,
              36.968374738929334
            ],
            [
              106.5234375,
              36.95080493517505
            ],
            [
              106.5673828125,
              36.93323107773804
            ],
            [
              106.63330078125001,
              36.89807120469136
            ],
            [
              106.67724609375001,
              36.88048519052365
            ],
            [
              106.74316406250001,
              36.862895125557124
            ],
            [
              106.83105468750001,
              36.862895125557124
            ],
            [
              106.87500000000001,
              36.84530101051702
            ],
            [
              106.94091796875001,
              36.82770284613021
            ],
            [
              107.02880859375001,
              36.82770284613021
            ],
            [
              107.11669921875,
              36.8101006331253
            ],
            [
              107.1826171875,
              36.8101006331253
            ],
            [
              107.22656250000001,
              36.82770284613021
            ],
            [
              107.29248046875001,
              36.82770284613021
            ],
            [
              107.33642578125001,
              36.8101006331253
            ],
            [
              107.42431640625001,
              36.8101006331253
            ],
            [
              107.46826171875001,
              36.79249437223262
            ],
            [
              107.53417968750001,
              36.77488406418408
            ],
            [
              107.60009765625001,
              36.75726970971347
            ],
            [
              107.64404296875001,
              36.73965130955608
            ],
            [
              107.68798828125001,
              36.72202886444905
            ],
            [
              107.75390625,
              36.70440237513114
            ],
            [
              107.81982421875,
              36.70440237513114
            ],
            [
              107.88574218750001,
              36.68677184234285
            ],
            [
              107.95166015625001,
              36.669137266826354
            ],
            [
              108.01757812500001,
              36.65149864932556
            ],
            [
              108.10546875000001,
              36.65149864932556
            ],
            [
              108.17138671875001,
              36.65149864932556
            ],
            [
              108.23730468750001,
              36.65149864932556
            ],
            [
              108.30322265625001,
              36.65149864932556
            ],
            [
              108.369140625,
              36.669137266826354
            ],
            [
              108.43505859375001,
              36.669137266826354
            ],
            [
              108.47900390625001,
              36.68677184234285
            ],
            [
              108.54492187500001,
              36.68677184234285
            ],
            [
              108.61083984375001,
              36.68677184234285
            ],
            [
              108.67675781250001,
              36.68677184234285
            ],
            [
              108.76464843750001,
              36.70440237513114
            ],
            [
              108.83056640625001,
              36.70440237513114
            ],
            [
              108.89648437500001,
              36.70440237513114
            ],
            [
              108.984375,
              36.70440237513114
            ],
            [
              109.05029296875001,
              36.70440237513114
            ],
            [
              109.11621093750001,
              36.70440237513114
            ],
            [
              109.16015625000001,
              36.72202886444905
            ],
            [
              109.22607421875001,
              36.73965130955608
            ],
            [
              109.27001953125001,
              36.77488406418408
            ],
            [
              109.31396484375001,
              36.79249437223262
            ],
            [
              109.33593750000001,
              36.84530101051702
            ],
            [
              109.37988281250001,
              36.88048519052365
            ],
            [
              109.42382812500001,
              36.91565316733677
            ],
            [
              109.46777343750001,
              36.93323107773804
            ],
            [
              109.51171875000001,
              36.95080493517505
            ],
            [
              109.5556640625,
              36.968374738929334
            ],
            [
              109.599609375,
              36.98594048828419
            ],
            [
              109.6435546875,
              37.00350218252452
            ],
            [
              109.68750000000001,
              37.02105982093699
            ],
            [
              109.75341796875001,
              37.02105982093699
            ],
            [
              109.81933593750001,
              37.038613402809894
            ],
            [
              109.86328125000001,
              37.056162927433284
            ],
            [
              109.92919921875001,
              37.07370839409878
            ],
            [
              109.97314453125001,
              37.091249802099824
            ],
            [
              110.01708984375001,
              37.12632043929046
            ],
            [
              110.06103515625001,
              37.1613748333859
            ],
            [
              110.12695312500001,
              37.19641297879383
            ],
            [
              110.14892578125001,
              37.23143486994882
            ],
            [
              110.21484375,
              37.24893971844962
            ],
            [
              110.2587890625,
              37.2664405013123
            ],
            [
              110.30273437500001,
              37.3014298673726
            ],
            [
              110.34667968750001,
              37.33640296264484
            ],
            [
              110.39062500000001,
              37.35388340702879
            ],
            [
              110.43457031250001,
              37.371359781671
            ],
            [
              110.47851562500001,
              37.388832085893476
            ],
            [
              110.52246093750001,
              37.42376448037519
            ],
            [
              110.56640625000001,
              37.45868058508279
            ],
            [
              110.58837890625001,
              37.493580394651794
            ],
            [
              110.61035156250001,
              37.52846390374447
            ],
            [
              110.63232421875001,
              37.58075859237968
            ],
            [
              110.65429687500001,
              37.63301657518702
            ],
            [
              110.69824218750001,
              37.667834829529994
            ],
            [
              110.69824218750001,
              37.72003159673986
            ],
            [
              110.72021484375001,
              37.77219161127974
            ],
            [
              110.74218750000001,
              37.8416810965971
            ],
            [
              110.74218750000001,
              37.89375528778447
            ],
            [
              110.72021484375001,
              37.963130279965284
            ],
            [
              110.69824218750001,
              37.997793223641416
            ],
            [
              110.69824218750001,
              38.04975693469673
            ],
            [
              110.67626953125001,
              38.08437893191833
            ],
            [
              110.63232421875001,
              38.11898454198133
            ],
            [
              110.61035156250001,
              38.1535737600241
            ],
            [
              110.56640625000001,
              38.170862220525834
            ],
            [
              110.52246093750001,
              38.18814658121127
            ],
            [
              110.43457031250001,
              38.18814658121127
            ],
            [
              110.34667968750001,
              38.20542684148006
            ],
            [
              110.28076171875001,
              38.20542684148006
            ],
            [
              110.21484375,
              38.222703000733524
            ],
            [
              110.14892578125001,
              38.222703000733524
            ],
            [
              110.06103515625001,
              38.2399750583746
            ],
            [
              109.99511718750001,
              38.2399750583746
            ],
            [
              109.95117187500001,
              38.27450686643937
            ],
            [
              109.90722656250001,
              38.29176661567714
            ],
            [
              109.86328125000001,
              38.32627380161065
            ],
            [
              109.84130859375001,
              38.37800379034656
            ],
            [
              109.81933593750001,
              38.44691960919261
            ],
            [
              109.79736328125001,
              38.481352865568795
            ],
            [
              109.77539062500001,
              38.515769680454675
            ],
            [
              109.73144531250001,
              38.550170049288376
            ],
            [
              109.68750000000001,
              38.56736406501715
            ],
            [
              109.6435546875,
              38.58455396753395
            ],
            [
              109.599609375,
              38.60173975627578
            ],
            [
              109.53369140625001,
              38.60173975627578
            ],
            [
              109.44580078125001,
              38.58455396753395
            ],
            [
              109.37988281250001,
              38.56736406501715
            ],
            [
              109.31396484375001,
              38.56736406501715
            ],
            [
              109.24804687500001,
              38.550170049288376
            ],
            [
              109.20410156250001,
              38.53297192091217
            ],
            [
              109.09423828125001,
              38.515769680454675
            ],
            [
              109.05029296875001,
              38.49856332848373
            ],
            [
              108.984375,
              38.481352865568795
            ],
            [
              108.89648437500001,
              38.481352865568795
            ],
            [
              108.80859375000001,
              38.481352865568795
            ],
            [
              108.72070312500001,
              38.481352865568795
            ],
            [
              108.67675781250001,
              38.49856332848373
            ],
            [
              108.61083984375001,
              38.49856332848373
            ],
            [
              108.56689453125001,
              38.515769680454675
            ],
            [
              108.52294921875001,
              38.53297192091217
            ],
            [
              108.47900390625001,
              38.550170049288376
            ],
            [
              108.4130859375,
              38.56736406501715
            ],
            [
              108.34716796875,
              38.56736406501715
            ],
            [
              108.30322265625001,
              38.58455396753395
            ],
            [
              108.23730468750001,
              38.58455396753395
            ],
            [
              108.17138671875001,
              38.618921430681276
            ],
            [
              108.10546875000001,
              38.618921430681276
            ],
            [
              108.03955078125001,
              38.636098990190746
            ],
            [
              107.95166015625001,
              38.636098990190746
            ],
            [
              107.88574218750001,
              38.636098990190746
            ],
            [
              107.7978515625,
              38.636098990190746
            ],
            [
              107.70996093750001,
              38.636098990190746
            ],
            [
              107.62207031250001,
              38.65327243424609
            ],
            [
              107.51220703125001,
              38.67044176229079
            ],
            [
              107.44628906250001,
              38.68760697376998
            ],
            [
              107.35839843750001,
              38.70476806813034
            ],
            [
              107.31445312500001,
              38.73907790328966
            ],
            [
              107.27050781250001,
              38.77337126337471
            ],
            [
              107.22656250000001,
              38.79051176389831
            ],
            [
              107.16064453125,
              38.82478040318945
            ],
            [
              107.11669921875,
              38.859032556533805
            ],
            [
              107.05078125000001,
              38.8761524496299
            ],
            [
              107.00683593750001,
              38.893268219627245
            ],
            [
              106.96289062500001,
              38.91037986599188
            ],
            [
              106.89697265625001,
              38.91037986599188
            ],
            [
              106.85302734375001,
              38.94459078569487
            ],
            [
              106.76513671875001,
              38.96169005797318
            ],
            [
              106.72119140625001,
              38.97878520449875
            ],
            [
              106.65527343750001,
              38.97878520449875
            ],
            [
              106.61132812500001,
              39.012963118189035
            ],
            [
              106.54541015625,
              39.012963118189035
            ],
            [
              106.47949218750001,
              39.012963118189035
            ],
            [
              106.41357421875001,
              39.03004588430653
            ],
            [
              106.36962890625001,
              39.04712452257675
            ],
            [
              106.30371093750001,
              39.04712452257675
            ],
            [
              106.30371093750001,
              39.04712452257675
            ],
            [
              106.34765625000001,
              39.04712452257675
            ]
          ]
        ]
      }
    },
    {
      "type": "Feature",
      "properties": {
        "NAME": "북량",
        "name": "395-398",
        "color": "#ef4444",
        "fill": "#ef4444",
        "fill-opacity": 0.5,
        "stroke": "#ef4444",
        "stroke-width": 2,
        "originalType": "polyline"
      },
      "geometry": {
        "type": "Polygon",
        "coordinates": [
          [
            [
              102.56835937500001,
              38.807648144017215
            ],
            [
              102.61230468750001,
              38.77337126337471
            ],
            [
              102.65625000000001,
              38.756226642990086
            ],
            [
              102.70019531250001,
              38.73907790328966
            ],
            [
              102.76611328125001,
              38.72192504482026
            ],
            [
              102.85400390625,
              38.70476806813034
            ],
            [
              102.89794921875,
              38.67044176229079
            ],
            [
              103.02978515625001,
              38.636098990190746
            ],
            [
              103.09570312500001,
              38.636098990190746
            ],
            [
              103.16162109375001,
              38.636098990190746
            ],
            [
              103.22753906250001,
              38.636098990190746
            ],
            [
              103.29345703125001,
              38.636098990190746
            ],
            [
              103.35937500000001,
              38.65327243424609
            ],
            [
              103.46923828125,
              38.65327243424609
            ],
            [
              103.53515625,
              38.65327243424609
            ],
            [
              103.60107421875001,
              38.67044176229079
            ],
            [
              103.64501953125001,
              38.68760697376998
            ],
            [
              103.75488281250001,
              38.70476806813034
            ],
            [
              103.86474609375001,
              38.72192504482026
            ],
            [
              103.93066406250001,
              38.72192504482026
            ],
            [
              103.97460937500001,
              38.73907790328966
            ],
            [
              104.08447265625,
              38.756226642990086
            ],
            [
              104.17236328125001,
              38.77337126337471
            ],
            [
              104.26025390625001,
              38.77337126337471
            ],
            [
              104.32617187500001,
              38.807648144017215
            ],
            [
              104.39208984375001,
              38.82478040318945
            ],
            [
              104.43603515625001,
              38.841908540874606
            ],
            [
              104.47998046875001,
              38.859032556533805
            ],
            [
              104.52392578125001,
              38.893268219627245
            ],
            [
              104.56787109375001,
              38.92748738819134
            ],
            [
              104.61181640625001,
              38.94459078569487
            ],
            [
              104.69970703125,
              38.96169005797318
            ],
            [
              104.765625,
              38.97878520449875
            ],
            [
              104.83154296875001,
              38.97878520449875
            ],
            [
              104.87548828125001,
              38.995876224745494
            ],
            [
              104.94140625000001,
              39.012963118189035
            ],
            [
              104.98535156250001,
              39.03004588430653
            ],
            [
              105.05126953125001,
              39.04712452257675
            ],
            [
              105.11718750000001,
              39.04712452257675
            ],
            [
              105.16113281250001,
              39.03004588430653
            ],
            [
              105.20507812500001,
              39.012963118189035
            ],
            [
              105.27099609375,
              38.995876224745494
            ],
            [
              105.31494140625,
              38.97878520449875
            ],
            [
              105.35888671875,
              38.94459078569487
            ],
            [
              105.38085937500001,
              38.91037986599188
            ],
            [
              105.38085937500001,
              38.859032556533805
            ],
            [
              105.38085937500001,
              38.807648144017215
            ],
            [
              105.35888671875,
              38.77337126337471
            ],
            [
              105.3369140625,
              38.72192504482026
            ],
            [
              105.3369140625,
              38.67044176229079
            ],
            [
              105.31494140625,
              38.636098990190746
            ],
            [
              105.31494140625,
              38.58455396753395
            ],
            [
              105.31494140625,
              38.515769680454675
            ],
            [
              105.31494140625,
              38.464138292280865
            ],
            [
              105.3369140625,
              38.395238906877005
            ],
            [
              105.3369140625,
              38.34352123713016
            ],
            [
              105.3369140625,
              38.29176661567714
            ],
            [
              105.35888671875,
              38.2399750583746
            ],
            [
              105.35888671875,
              38.18814658121127
            ],
            [
              105.35888671875,
              38.136281200308076
            ],
            [
              105.38085937500001,
              38.08437893191833
            ],
            [
              105.38085937500001,
              38.03243979242792
            ],
            [
              105.40283203125001,
              37.997793223641416
            ],
            [
              105.40283203125001,
              37.94579266909052
            ],
            [
              105.42480468750001,
              37.91110517237601
            ],
            [
              105.42480468750001,
              37.859043249265966
            ],
            [
              105.44677734375001,
              37.806944527597906
            ],
            [
              105.46875000000001,
              37.77219161127974
            ],
            [
              105.49072265625001,
              37.72003159673986
            ],
            [
              105.49072265625001,
              37.667834829529994
            ],
            [
              105.51269531250001,
              37.6156013271039
            ],
            [
              105.51269531250001,
              37.563331107049756
            ],
            [
              105.53466796875001,
              37.52846390374447
            ],
            [
              105.55664062500001,
              37.493580394651794
            ],
            [
              105.57861328125001,
              37.45868058508279
            ],
            [
              105.57861328125001,
              37.40630031901978
            ],
            [
              105.62255859375001,
              37.371359781671
            ],
            [
              105.64453125000001,
              37.33640296264484
            ],
            [
              105.66650390625001,
              37.3014298673726
            ],
            [
              105.66650390625001,
              37.24893971844962
            ],
            [
              105.66650390625001,
              37.19641297879383
            ],
            [
              105.60058593750001,
              37.19641297879383
            ],
            [
              105.55664062500001,
              37.21392595649971
            ],
            [
              105.51269531250001,
              37.23143486994882
            ],
            [
              105.46875000000001,
              37.24893971844962
            ],
            [
              105.42480468750001,
              37.2839372178488
            ],
            [
              105.38085937500001,
              37.3014298673726
            ],
            [
              105.3369140625,
              37.31891844919899
            ],
            [
              105.29296875,
              37.33640296264484
            ],
            [
              105.24902343750001,
              37.35388340702879
            ],
            [
              105.16113281250001,
              37.35388340702879
            ],
            [
              105.09521484375001,
              37.35388340702879
            ],
            [
              105.02929687500001,
              37.35388340702879
            ],
            [
              104.96337890625001,
              37.35388340702879
            ],
            [
              104.85351562500001,
              37.33640296264484
            ],
            [
              104.78759765625001,
              37.31891844919899
            ],
            [
              104.7216796875,
              37.31891844919899
            ],
            [
              104.65576171875,
              37.3014298673726
            ],
            [
              104.58984375000001,
              37.2839372178488
            ],
            [
              104.52392578125001,
              37.2839372178488
            ],
            [
              104.47998046875001,
              37.2664405013123
            ],
            [
              104.37011718750001,
              37.2664405013123
            ],
            [
              104.30419921875001,
              37.24893971844962
            ],
            [
              104.21630859375001,
              37.24893971844962
            ],
            [
              104.1064453125,
              37.24893971844962
            ],
            [
              104.04052734375,
              37.24893971844962
            ],
            [
              103.99658203125001,
              37.2664405013123
            ],
            [
              103.95263671875001,
              37.2839372178488
            ],
            [
              103.88671875000001,
              37.3014298673726
            ],
            [
              103.82080078125001,
              37.3014298673726
            ],
            [
              103.75488281250001,
              37.31891844919899
            ],
            [
              103.66699218750001,
              37.33640296264484
            ],
            [
              103.62304687500001,
              37.35388340702879
            ],
            [
              103.57910156250001,
              37.371359781671
            ],
            [
              103.46923828125,
              37.371359781671
            ],
            [
              103.40332031250001,
              37.371359781671
            ],
            [
              103.35937500000001,
              37.388832085893476
            ],
            [
              103.29345703125001,
              37.388832085893476
            ],
            [
              103.20556640625001,
              37.388832085893476
            ],
            [
              103.11767578125001,
              37.40630031901978
            ],
            [
              103.05175781250001,
              37.40630031901978
            ],
            [
              102.98583984375001,
              37.42376448037519
            ],
            [
              102.919921875,
              37.42376448037519
            ],
            [
              102.85400390625,
              37.42376448037519
            ],
            [
              102.81005859375,
              37.44122456928666
            ],
            [
              102.72216796875001,
              37.44122456928666
            ],
            [
              102.65625000000001,
              37.44122456928666
            ],
            [
              102.59033203125001,
              37.44122456928666
            ],
            [
              102.52441406250001,
              37.44122456928666
            ],
            [
              102.45849609375001,
              37.44122456928666
            ],
            [
              102.37060546875001,
              37.44122456928666
            ],
            [
              102.32666015625001,
              37.42376448037519
            ],
            [
              102.2607421875,
              37.42376448037519
            ],
            [
              102.19482421875,
              37.40630031901978
            ],
            [
              102.15087890625001,
              37.388832085893476
            ],
            [
              102.08496093750001,
              37.371359781671
            ],
            [
              102.01904296875001,
              37.35388340702879
            ],
            [
              101.97509765625001,
              37.33640296264484
            ],
            [
              101.93115234375001,
              37.31891844919899
            ],
            [
              101.88720703125001,
              37.3014298673726
            ],
            [
              101.82128906250001,
              37.2839372178488
            ],
            [
              101.75537109375001,
              37.2664405013123
            ],
            [
              101.689453125,
              37.2664405013123
            ],
            [
              101.62353515625,
              37.2839372178488
            ],
            [
              101.53564453125001,
              37.31891844919899
            ],
            [
              101.49169921875001,
              37.33640296264484
            ],
            [
              101.40380859375001,
              37.35388340702879
            ],
            [
              101.35986328125001,
              37.371359781671
            ],
            [
              101.31591796875001,
              37.388832085893476
            ],
            [
              101.27197265625001,
              37.42376448037519
            ],
            [
              101.22802734375001,
              37.44122456928666
            ],
            [
              101.20605468750001,
              37.47613252709382
            ],
            [
              101.22802734375001,
              37.511024187090214
            ],
            [
              101.22802734375001,
              37.563331107049756
            ],
            [
              101.25000000000001,
              37.59818199928322
            ],
            [
              101.25000000000001,
              37.65042774287954
            ],
            [
              101.27197265625001,
              37.68523783448866
            ],
            [
              101.29394531250001,
              37.72003159673986
            ],
            [
              101.31591796875001,
              37.754809024468315
            ],
            [
              101.33789062500001,
              37.78957011253568
            ],
            [
              101.35986328125001,
              37.82431485583001
            ],
            [
              101.38183593750001,
              37.859043249265966
            ],
            [
              101.40380859375001,
              37.89375528778447
            ],
            [
              101.42578125000001,
              37.928450966353005
            ],
            [
              101.46972656250001,
              37.94579266909052
            ],
            [
              101.51367187500001,
              37.963130279965284
            ],
            [
              101.55761718750001,
              37.980463798355565
            ],
            [
              101.6015625,
              37.997793223641416
            ],
            [
              101.6455078125,
              38.01511855520445
            ],
            [
              101.689453125,
              38.03243979242792
            ],
            [
              101.77734375000001,
              38.04975693469675
            ],
            [
              101.86523437500001,
              38.06706998139746
            ],
            [
              101.90917968750001,
              38.08437893191833
            ],
            [
              101.95312500000001,
              38.11898454198133
            ],
            [
              101.99707031250001,
              38.136281200308076
            ],
            [
              102.04101562500001,
              38.1535737600241
            ],
            [
              102.06298828125001,
              38.18814658121127
            ],
            [
              102.10693359375001,
              38.222703000733524
            ],
            [
              102.12890625000001,
              38.25724301380781
            ],
            [
              102.17285156250001,
              38.309022260930526
            ],
            [
              102.19482421875,
              38.34352123713016
            ],
            [
              102.23876953125,
              38.395238906877005
            ],
            [
              102.28271484375,
              38.42969681687834
            ],
            [
              102.3046875,
              38.464138292280865
            ],
            [
              102.34863281250001,
              38.49856332848373
            ],
            [
              102.39257812500001,
              38.53297192091217
            ],
            [
              102.41455078125001,
              38.56736406501715
            ],
            [
              102.45849609375001,
              38.58455396753395
            ],
            [
              102.48046875000001,
              38.618921430681276
            ],
            [
              102.50244140625001,
              38.67044176229079
            ],
            [
              102.52441406250001,
              38.70476806813034
            ],
            [
              102.52441406250001,
              38.756226642990086
            ],
            [
              102.54638671875001,
              38.79051176389831
            ],
            [
              102.59033203125001,
              38.807648144017215
            ],
            [
              102.61230468750001,
              38.807648144017215
            ],
            [
              102.56835937500001,
              38.807648144017215
            ]
          ]
        ]
      }
    }
  ]
}