{
  "type": "FeatureCollection",
  "features": [
    {
      "type": "Feature",
      "properties": {
        "NAME": "가야",
        "name": "가야",
        "color": "#ef4444",
        "fill": "#ef4444",
        "fill-opacity": 0.5,
        "stroke": "#ef4444",
        "stroke-width": 2,
        "originalType": "polygon"
      },
      "geometry": {
        "type": "Polygon",
        "coordinates": [
          [
            [
              127.8479,
              35.51822
            ],
            [
              127.8479,
              35.491371
            ],
            [
              127.8479,
              35.464512
            ],
            [
              127.8479,
              35.437645
            ],
            [
              127.8479,
              35.410768
            ],
            [
              127.8479,
              35.383882
            ],
            [
              127.8479,
              35.356988
            ],
            [
              127.836914,
              35.330084
            ],
            [
              127.836914,
              35.303172
            ],
            [
              127.836914,
              35.267275
            ],
            [
              127.825928,
              35.231362
            ],
            [
              127.825928,
              35.204416
            ],
            [
              127.825928,
              35.177462
            ],
            [
              127.825928,
              35.150499
            ],
            [
              127.825928,
              35.123527
            ],
            [
              127.825928,
              35.096546
            ],
            [
              127.836914,
              35.078554
            ],
            [
              127.836914,
              35.051558
            ],
            [
              127.8479,
              35.024553
            ],
            [
              127.858887,
              34.997539
            ],
            [
              127.880859,
              34.979525
            ],
            [
              127.902832,
              34.961507
            ],
            [
              127.946777,
              34.961507
            ],
            [
              127.990723,
              34.961507
            ],
            [
              128.023682,
              34.961507
            ],
            [
              128.045654,
              34.970517
            ],
            [
              128.111572,
              34.970517
            ],
            [
              128.144531,
              34.970517
            ],
            [
              128.17749,
              34.970517
            ],
            [
              128.210449,
              34.961507
            ],
            [
              128.243408,
              34.961507
            ],
            [
              128.276367,
              34.961507
            ],
            [
              128.309326,
              34.952496
            ],
            [
              128.353271,
              34.952496
            ],
            [
              128.397217,
              34.952496
            ],
            [
              128.430176,
              34.961507
            ],
            [
              128.463135,
              34.970517
            ],
            [
              128.496094,
              34.979525
            ],
            [
              128.518066,
              34.988533
            ],
            [
              128.551025,
              34.997539
            ],
            [
              128.594971,
              35.006545
            ],
            [
              128.62793,
              35.015549
            ],
            [
              128.649902,
              35.024553
            ],
            [
              128.660889,
              35.042557
            ],
            [
              128.693848,
              35.060557
            ],
            [
              128.704834,
              35.078554
            ],
            [
              128.737793,
              35.08755
            ],
            [
              128.748779,
              35.105541
            ],
            [
              128.781738,
              35.114534
            ],
            [
              128.803711,
              35.123527
            ],
            [
              128.825684,
              35.132519
            ],
            [
              128.847656,
              35.141509
            ],
            [
              128.869629,
              35.150499
            ],
            [
              128.902588,
              35.150499
            ],
            [
              128.935547,
              35.150499
            ],
            [
              128.968506,
              35.159488
            ],
            [
              128.990479,
              35.168475
            ],
            [
              129.012451,
              35.177462
            ],
            [
              129.04541,
              35.186448
            ],
            [
              129.078369,
              35.195433
            ],
            [
              129.100342,
              35.204416
            ],
            [
              129.122314,
              35.222381
            ],
            [
              129.144287,
              35.231362
            ],
            [
              129.16626,
              35.240341
            ],
            [
              129.188232,
              35.258298
            ],
            [
              129.221191,
              35.276251
            ],
            [
              129.243164,
              35.285225
            ],
            [
              129.25415,
              35.303172
            ],
            [
              129.276123,
              35.312144
            ],
            [
              129.298096,
              35.330084
            ],
            [
              129.320068,
              35.348021
            ],
            [
              129.342041,
              35.374919
            ],
            [
              129.364014,
              35.401807
            ],
            [
              129.375,
              35.419728
            ],
            [
              129.385986,
              35.437645
            ],
            [
              129.385986,
              35.464512
            ],
            [
              129.396973,
              35.482419
            ],
            [
              129.396973,
              35.509272
            ],
            [
              129.418945,
              35.536115
            ],
            [
              129.429932,
              35.56295
            ],
            [
              129.429932,
              35.589776
            ],
            [
              129.440918,
              35.607655
            ],
            [
              129.451904,
              35.634465
            ],
            [
              129.462891,
              35.661267
            ],
            [
              129.462891,
              35.68806
            ],
            [
              129.473877,
              35.723769
            ],
            [
              129.473877,
              35.750541
            ],
            [
              129.484863,
              35.777304
            ],
            [
              129.49585,
              35.795141
            ],
            [
              129.506836,
              35.821889
            ],
            [
              129.506836,
              35.857538
            ],
            [
              129.517822,
              35.884265
            ],
            [
              129.517822,
              35.910983
            ],
            [
              129.517822,
              35.937691
            ],
            [
              129.517822,
              35.964391
            ],
            [
              129.528809,
              35.991082
            ],
            [
              129.528809,
              36.017763
            ],
            [
              129.517822,
              36.035546
            ],
            [
              129.506836,
              36.053325
            ],
            [
              129.484863,
              36.062213
            ],
            [
              129.451904,
              36.062213
            ],
            [
              129.418945,
              36.062213
            ],
            [
              129.385986,
              36.062213
            ],
            [
              129.353027,
              36.053325
            ],
            [
              129.320068,
              36.053325
            ],
            [
              129.287109,
              36.053325
            ],
            [
              129.265137,
              36.044436
            ],
            [
              129.232178,
              36.044436
            ],
            [
              129.210205,
              36.035546
            ],
            [
              129.16626,
              36.035546
            ],
            [
              129.122314,
              36.035546
            ],
            [
              129.078369,
              36.035546
            ],
            [
              129.056396,
              36.026655
            ],
            [
              129.012451,
              36.026655
            ],
            [
              128.979492,
              36.026655
            ],
            [
              128.935547,
              36.026655
            ],
            [
              128.902588,
              36.017763
            ],
            [
              128.869629,
              36.017763
            ],
            [
              128.83667,
              36.00887
            ],
            [
              128.803711,
              36.00887
            ],
            [
              128.781738,
              35.999977
            ],
            [
              128.759766,
              35.991082
            ],
            [
              128.726807,
              35.991082
            ],
            [
              128.693848,
              35.982186
            ],
            [
              128.660889,
              35.982186
            ],
            [
              128.62793,
              35.973289
            ],
            [
              128.572998,
              35.973289
            ],
            [
              128.540039,
              35.964391
            ],
            [
              128.50708,
              35.964391
            ],
            [
              128.485107,
              35.955492
            ],
            [
              128.452148,
              35.955492
            ],
            [
              128.419189,
              35.946592
            ],
            [
              128.364258,
              35.937691
            ],
            [
              128.331299,
              35.92879
            ],
            [
              128.287354,
              35.92879
            ],
            [
              128.265381,
              35.919887
            ],
            [
              128.232422,
              35.919887
            ],
            [
              128.210449,
              35.910983
            ],
            [
              128.188477,
              35.902078
            ],
            [
              128.166504,
              35.893172
            ],
            [
              128.133545,
              35.884265
            ],
            [
              128.111572,
              35.875357
            ],
            [
              128.0896,
              35.866448
            ],
            [
              128.067627,
              35.857538
            ],
            [
              128.045654,
              35.848627
            ],
            [
              128.023682,
              35.839715
            ],
            [
              128.012695,
              35.821889
            ],
            [
              127.990723,
              35.804058
            ],
            [
              127.96875,
              35.795141
            ],
            [
              127.957764,
              35.777304
            ],
            [
              127.946777,
              35.759463
            ],
            [
              127.924805,
              35.741618
            ],
            [
              127.913818,
              35.723769
            ],
            [
              127.902832,
              35.705917
            ],
            [
              127.891846,
              35.67913
            ],
            [
              127.891846,
              35.652334
            ],
            [
              127.891846,
              35.625529
            ],
            [
              127.891846,
              35.598716
            ],
            [
              127.880859,
              35.580835
            ],
            [
              127.869873,
              35.56295
            ],
            [
              127.858887,
              35.545061
            ],
            [
              127.8479,
              35.527168
            ],
            [
              127.836914,
              35.509272
            ],
            [
              127.836914,
              35.482419
            ],
            [
              127.836914,
              35.482419
            ],
            [
              127.8479,
              35.51822
            ]
          ]
        ]
      }
    },
    {
      "type": "Feature",
      "properties": {
        "NAME": "북부여",
        "name": "북부여",
        "color": "#ef4444",
        "fill": "#ef4444",
        "fill-opacity": 0.5,
        "stroke": "#ef4444",
        "stroke-width": 2,
        "originalType": "polygon"
      },
      "geometry": {
        "type": "Polygon",
        "coordinates": [
          [
            [
              121.816406,
              44.471366
            ],
            [
              122.080078,
              44.534095
            ],
            [
              122.34375,
              44.596757
            ],
            [
              122.607422,
              44.721877
            ],
            [
              122.871094,
              44.784337
            ],
            [
              122.958984,
              44.909052
            ],
            [
              123.134766,
              44.971309
            ],
            [
              123.310547,
              45.033498
            ],
            [
              123.574219,
              45.09562
            ],
            [
              123.837891,
              45.09562
            ],
            [
              124.101563,
              45.09562
            ],
            [
              124.365234,
              45.09562
            ],
            [
              124.628906,
              45.09562
            ],
            [
              124.804688,
              45.157674
            ],
            [
              125.068359,
              45.157674
            ],
            [
              125.244141,
              45.21966
            ],
            [
              125.419922,
              45.281579
            ],
            [
              125.595703,
              45.343431
            ],
            [
              125.771484,
              45.405215
            ],
            [
              126.035156,
              45.405215
            ],
            [
              126.298828,
              45.405215
            ],
            [
              126.5625,
              45.466932
            ],
            [
              126.826172,
              45.466932
            ],
            [
              127.089844,
              45.466932
            ],
            [
              127.353516,
              45.466932
            ],
            [
              127.441406,
              45.590162
            ],
            [
              127.617188,
              45.713123
            ],
            [
              127.792969,
              45.835814
            ],
            [
              127.880859,
              45.958235
            ],
            [
              127.96875,
              46.080386
            ],
            [
              128.144531,
              46.202267
            ],
            [
              128.232422,
              46.384583
            ],
            [
              128.320313,
              46.50579
            ],
            [
              128.408203,
              46.626727
            ],
            [
              128.496094,
              46.747394
            ],
            [
              128.583984,
              46.867792
            ],
            [
              128.583984,
              47.047884
            ],
            [
              128.583984,
              47.22737
            ],
            [
              128.671875,
              47.346691
            ],
            [
              128.671875,
              47.525167
            ],
            [
              128.759766,
              47.643816
            ],
            [
              128.759766,
              47.821284
            ],
            [
              128.847656,
              47.93926
            ],
            [
              128.935547,
              48.056967
            ],
            [
              128.935547,
              48.233025
            ],
            [
              128.935547,
              48.408479
            ],
            [
              128.847656,
              48.525114
            ],
            [
              128.671875,
              48.64148
            ],
            [
              128.583984,
              48.757578
            ],
            [
              128.408203,
              48.815527
            ],
            [
              128.232422,
              48.931224
            ],
            [
              128.056641,
              48.988972
            ],
            [
              127.880859,
              49.046654
            ],
            [
              127.617188,
              49.104268
            ],
            [
              127.265625,
              49.104268
            ],
            [
              126.914063,
              49.161816
            ],
            [
              126.5625,
              49.161816
            ],
            [
              126.210938,
              49.161816
            ],
            [
              125.859375,
              49.161816
            ],
            [
              125.595703,
              49.161816
            ],
            [
              125.332031,
              49.161816
            ],
            [
              125.15625,
              49.104268
            ],
            [
              124.804688,
              49.104268
            ],
            [
              124.628906,
              49.046654
            ],
            [
              124.453125,
              48.988972
            ],
            [
              124.013672,
              48.988972
            ],
            [
              123.75,
              48.931224
            ],
            [
              123.398438,
              48.873409
            ],
            [
              123.046875,
              48.815527
            ],
            [
              122.695313,
              48.815527
            ],
            [
              122.34375,
              48.757578
            ],
            [
              122.080078,
              48.757578
            ],
            [
              121.728516,
              48.699563
            ],
            [
              121.464844,
              48.64148
            ],
            [
              121.025391,
              48.58333
            ],
            [
              120.849609,
              48.525114
            ],
            [
              120.585938,
              48.46683
            ],
            [
              120.322266,
              48.408479
            ],
            [
              120.146484,
              48.350062
            ],
            [
              119.882813,
              48.291577
            ],
            [
              119.707031,
              48.233025
            ],
            [
              119.53125,
              48.11572
            ],
            [
              119.267578,
              47.998147
            ],
            [
              119.091797,
              47.93926
            ],
            [
              119.003906,
              47.821284
            ],
            [
              118.828125,
              47.643816
            ],
            [
              118.652344,
              47.525167
            ],
            [
              118.564453,
              47.40625
            ],
            [
              118.564453,
              47.167609
            ],
            [
              118.564453,
              46.987921
            ],
            [
              118.652344,
              46.867792
            ],
            [
              118.740234,
              46.626727
            ],
            [
              118.740234,
              46.44522
            ],
            [
              118.828125,
              46.323878
            ],
            [
              118.916016,
              46.14136
            ],
            [
              119.091797,
              46.019344
            ],
            [
              119.179688,
              45.835814
            ],
            [
              119.355469,
              45.713123
            ],
            [
              119.53125,
              45.590162
            ],
            [
              119.619141,
              45.466932
            ],
            [
              119.794922,
              45.343431
            ],
            [
              119.970703,
              45.21966
            ],
            [
              120.146484,
              45.09562
            ],
            [
              120.322266,
              45.033498
            ],
            [
              120.585938,
              45.033498
            ],
            [
              120.849609,
              45.033498
            ],
            [
              121.025391,
              44.909052
            ],
            [
              121.201172,
              44.846728
            ],
            [
              121.376953,
              44.721877
            ],
            [
              121.552734,
              44.659351
            ],
            [
              121.728516,
              44.596757
            ],
            [
              121.904297,
              44.534095
            ],
            [
              122.167969,
              44.534095
            ],
            [
              122.255859,
              44.534095
            ],
            [
              121.816406,
              44.471366
            ]
          ]
        ]
      }
    },
    {
      "type": "Feature",
      "properties": {
        "NAME": "진나라",
        "name": "진나라",
        "color": "#ef4444",
        "fill": "#ef4444",
        "fill-opacity": 0.5,
        "stroke": "#ef4444",
        "stroke-width": 2,
        "originalType": "polygon"
      },
      "geometry": {
        "type": "Polygon",
        "coordinates": [
          [
            [
              120.146484,
              34.616004
            ],
            [
              120.234375,
              34.107781
            ],
            [
              120.146484,
              33.889029
            ],
            [
              120.410156,
              33.815987
            ],
            [
              120.585938,
              33.742882
            ],
            [
              120.673828,
              33.596486
            ],
            [
              120.849609,
              33.449841
            ],
            [
              120.9375,
              33.302947
            ],
            [
              121.025391,
              33.155806
            ],
            [
              121.113281,
              33.008417
            ],
            [
              121.201172,
              32.860782
            ],
            [
              121.376953,
              32.786872
            ],
            [
              121.464844,
              32.638868
            ],
            [
              121.552734,
              32.490618
            ],
            [
              121.640625,
              32.342124
            ],
            [
              121.640625,
              32.118925
            ],
            [
              121.728516,
              31.969822
            ],
            [
              121.816406,
              31.820476
            ],
            [
              121.904297,
              31.670888
            ],
            [
              121.904297,
              31.295863
            ],
            [
              121.992188,
              31.070129
            ],
            [
              121.992188,
              30.843858
            ],
            [
              121.992188,
              30.617051
            ],
            [
              121.992188,
              30.237859
            ],
            [
              121.992188,
              30.009637
            ],
            [
              121.992188,
              29.704524
            ],
            [
              121.904297,
              29.475079
            ],
            [
              121.816406,
              29.168342
            ],
            [
              121.728516,
              28.937686
            ],
            [
              121.640625,
              28.706516
            ],
            [
              121.552734,
              28.552117
            ],
            [
              121.464844,
              28.242642
            ],
            [
              121.376953,
              28.009943
            ],
            [
              121.201172,
              27.854531
            ],
            [
              121.113281,
              27.698896
            ],
            [
              120.849609,
              27.465027
            ],
            [
              120.585938,
              27.23066
            ],
            [
              120.410156,
              26.995799
            ],
            [
              120.322266,
              26.760446
            ],
            [
              120.322266,
              26.524605
            ],
            [
              120.234375,
              26.209396
            ],
            [
              120.234375,
              25.893331
            ],
            [
              120.146484,
              25.734979
            ],
            [
              120.058594,
              25.576417
            ],
            [
              119.882813,
              25.417644
            ],
            [
              119.794922,
              25.258662
            ],
            [
              119.619141,
              25.099471
            ],
            [
              119.443359,
              24.940073
            ],
            [
              119.267578,
              24.780468
            ],
            [
              119.091797,
              24.620658
            ],
            [
              118.828125,
              24.460643
            ],
            [
              118.652344,
              24.300425
            ],
            [
              118.388672,
              24.22024
            ],
            [
              118.300781,
              24.059718
            ],
            [
              118.125,
              23.979382
            ],
            [
              117.861328,
              23.818559
            ],
            [
              117.597656,
              23.657537
            ],
            [
              117.333984,
              23.415631
            ],
            [
              117.158203,
              23.254115
            ],
            [
              116.982422,
              23.173283
            ],
            [
              116.806641,
              23.092402
            ],
            [
              116.542969,
              23.011473
            ],
            [
              116.367188,
              22.930495
            ],
            [
              116.191406,
              22.849468
            ],
            [
              116.015625,
              22.768394
            ],
            [
              115.839844,
              22.687271
            ],
            [
              115.664063,
              22.6061
            ],
            [
              115.224609,
              22.443614
            ],
            [
              115.048828,
              22.3623
            ],
            [
              114.785156,
              22.280938
            ],
            [
              114.609375,
              22.199529
            ],
            [
              114.433594,
              22.118073
            ],
            [
              114.082031,
              22.036569
            ],
            [
              113.818359,
              21.955019
            ],
            [
              113.554688,
              21.873421
            ],
            [
              113.291016,
              21.873421
            ],
            [
              113.115234,
              21.791777
            ],
            [
              112.939453,
              21.710087
            ],
            [
              112.763672,
              21.62835
            ],
            [
              112.5,
              21.464738
            ],
            [
              112.324219,
              21.300941
            ],
            [
              112.236328,
              21.136962
            ],
            [
              112.148438,
              20.972802
            ],
            [
              112.060547,
              20.726222
            ],
            [
              111.972656,
              20.314365
            ],
            [
              111.884766,
              20.149314
            ],
            [
              111.708984,
              19.984088
            ],
            [
              111.445313,
              19.818688
            ],
            [
              111.181641,
              19.653116
            ],
            [
              111.005859,
              19.570266
            ],
            [
              110.654297,
              19.404438
            ],
            [
              110.390625,
              19.32146
            ],
            [
              110.302734,
              19.155379
            ],
            [
              110.214844,
              18.98913
            ],
            [
              110.126953,
              18.822715
            ],
            [
              109.951172,
              18.739446
            ],
            [
              109.863281,
              18.572784
            ],
            [
              109.599609,
              18.489392
            ],
            [
              109.423828,
              18.405959
            ],
            [
              109.160156,
              18.405959
            ],
            [
              108.984375,
              18.489392
            ],
            [
              108.720703,
              18.489392
            ],
            [
              108.808594,
              18.822715
            ],
            [
              108.808594,
              19.072275
            ],
            [
              108.896484,
              19.238441
            ],
            [
              108.984375,
              19.487373
            ],
            [
              109.072266,
              19.653116
            ],
            [
              109.072266,
              19.901409
            ],
            [
              109.072266,
              20.149314
            ],
            [
              109.160156,
              20.314365
            ],
            [
              109.248047,
              20.479241
            ],
            [
              109.248047,
              20.80846
            ],
            [
              109.160156,
              20.972802
            ],
            [
              108.896484,
              21.136962
            ],
            [
              108.720703,
              21.218975
            ],
            [
              108.457031,
              21.218975
            ],
            [
              108.105469,
              21.136962
            ],
            [
              107.666016,
              21.054905
            ],
            [
              107.402344,
              20.972802
            ],
            [
              107.226563,
              20.890653
            ],
            [
              106.962891,
              20.726222
            ],
            [
              106.875,
              20.561613
            ],
            [
              106.787109,
              20.396825
            ],
            [
              106.523438,
              20.231861
            ],
            [
              106.523438,
              19.984088
            ],
            [
              106.435547,
              19.818688
            ],
            [
              106.435547,
              19.570266
            ],
            [
              106.523438,
              19.32146
            ],
            [
              106.523438,
              19.072275
            ],
            [
              106.611328,
              18.905943
            ],
            [
              106.699219,
              18.739446
            ],
            [
              106.875,
              18.489392
            ],
            [
              106.962891,
              18.322486
            ],
            [
              107.138672,
              18.071825
            ],
            [
              107.314453,
              17.988191
            ],
            [
              107.402344,
              17.820806
            ],
            [
              107.578125,
              17.737054
            ],
            [
              107.753906,
              17.569433
            ],
            [
              107.929688,
              17.401656
            ],
            [
              108.017578,
              17.233725
            ],
            [
              108.105469,
              17.065642
            ],
            [
              108.193359,
              16.897406
            ],
            [
              108.28125,
              16.644773
            ],
            [
              108.457031,
              16.476165
            ],
            [
              108.544922,
              16.30741
            ],
            [
              108.720703,
              16.138509
            ],
            [
              108.808594,
              15.969464
            ],
            [
              108.896484,
              15.800277
            ],
            [
              108.984375,
              15.630948
            ],
            [
              108.984375,
              15.291871
            ],
            [
              108.984375,
              14.952244
            ],
            [
              109.072266,
              14.782228
            ],
            [
              109.160156,
              14.526955
            ],
            [
              109.248047,
              14.356609
            ],
            [
              109.335938,
              14.100846
            ],
            [
              109.335938,
              13.759384
            ],
            [
              109.248047,
              13.588465
            ],
            [
              108.984375,
              13.588465
            ],
            [
              108.808594,
              13.417423
            ],
            [
              108.632813,
              13.331856
            ],
            [
              108.369141,
              13.331856
            ],
            [
              108.193359,
              13.246258
            ],
            [
              108.017578,
              13.331856
            ],
            [
              107.841797,
              13.417423
            ],
            [
              107.753906,
              13.588465
            ],
            [
              107.666016,
              13.759384
            ],
            [
              107.578125,
              13.930178
            ],
            [
              107.578125,
              14.186132
            ],
            [
              107.490234,
              14.356609
            ],
            [
              107.402344,
              14.612079
            ],
            [
              107.314453,
              14.782228
            ],
            [
              107.314453,
              15.122125
            ],
            [
              107.226563,
              15.291871
            ],
            [
              107.138672,
              15.630948
            ],
            [
              107.050781,
              15.969464
            ],
            [
              106.962891,
              16.222977
            ],
            [
              106.875,
              16.476165
            ],
            [
              106.787109,
              16.729021
            ],
            [
              106.611328,
              16.813233
            ],
            [
              106.523438,
              16.981543
            ],
            [
              106.435547,
              17.149702
            ],
            [
              106.347656,
              17.31771
            ],
            [
              106.259766,
              17.485564
            ],
            [
              106.083984,
              17.737054
            ],
            [
              105.996094,
              17.904518
            ],
            [
              105.908203,
              18.071825
            ],
            [
              105.644531,
              18.238972
            ],
            [
              105.46875,
              18.405959
            ],
            [
              105.380859,
              18.572784
            ],
            [
              105.205078,
              18.739446
            ],
            [
              105.029297,
              18.905943
            ],
            [
              104.941406,
              19.072275
            ],
            [
              104.765625,
              19.155379
            ],
            [
              104.414063,
              19.404438
            ],
            [
              104.238281,
              19.570266
            ],
            [
              104.414063,
              19.735923
            ],
            [
              104.501953,
              19.901409
            ],
            [
              104.589844,
              20.066722
            ],
            [
              104.677734,
              20.231861
            ],
            [
              104.765625,
              20.396825
            ],
            [
              104.765625,
              20.64394
            ],
            [
              104.765625,
              20.890653
            ],
            [
              104.589844,
              21.054905
            ],
            [
              104.501953,
              21.300941
            ],
            [
              104.414063,
              21.464738
            ],
            [
              104.238281,
              21.546567
            ],
            [
              104.0625,
              21.62835
            ],
            [
              103.623047,
              21.710087
            ],
            [
              103.359375,
              21.791777
            ],
            [
              103.183594,
              21.873421
            ],
            [
              103.271484,
              22.036569
            ],
            [
              103.095703,
              22.280938
            ],
            [
              102.744141,
              22.443614
            ],
            [
              102.480469,
              22.6061
            ],
            [
              102.128906,
              22.768394
            ],
            [
              101.953125,
              22.930495
            ],
            [
              101.777344,
              23.092402
            ],
            [
              101.601563,
              23.254115
            ],
            [
              101.513672,
              23.576951
            ],
            [
              101.601563,
              23.738073
            ],
            [
              101.689453,
              23.898996
            ],
            [
              101.865234,
              24.059718
            ],
            [
              102.041016,
              24.22024
            ],
            [
              102.216797,
              24.300425
            ],
            [
              102.392578,
              24.460643
            ],
            [
              102.568359,
              24.540676
            ],
            [
              102.919922,
              24.540676
            ],
            [
              103.095703,
              24.620658
            ],
            [
              103.359375,
              24.620658
            ],
            [
              103.623047,
              24.540676
            ],
            [
              103.886719,
              24.540676
            ],
            [
              104.150391,
              24.620658
            ],
            [
              104.501953,
              24.700589
            ],
            [
              104.677734,
              24.780468
            ],
            [
              104.941406,
              24.940073
            ],
            [
              105.117188,
              25.019798
            ],
            [
              105.205078,
              25.179092
            ],
            [
              105.292969,
              25.338179
            ],
            [
              105.46875,
              25.576417
            ],
            [
              105.556641,
              25.814181
            ],
            [
              105.644531,
              25.972427
            ],
            [
              105.644531,
              26.209396
            ],
            [
              105.644531,
              26.524605
            ],
            [
              105.556641,
              26.681887
            ],
            [
              105.556641,
              26.917403
            ],
            [
              105.556641,
              27.23066
            ],
            [
              105.556641,
              27.465027
            ],
            [
              105.556641,
              27.698896
            ],
            [
              105.46875,
              27.854531
            ],
            [
              105.556641,
              28.009943
            ],
            [
              105.556641,
              28.242642
            ],
            [
              105.644531,
              28.397493
            ],
            [
              105.820313,
              28.474833
            ],
            [
              105.996094,
              28.552117
            ],
            [
              106.259766,
              28.552117
            ],
            [
              106.435547,
              28.629345
            ],
            [
              106.611328,
              28.706516
            ],
            [
              106.787109,
              28.78363
            ],
            [
              106.962891,
              28.860686
            ],
            [
              107.138672,
              29.014629
            ],
            [
              107.226563,
              29.168342
            ],
            [
              107.314453,
              29.321826
            ],
            [
              107.402344,
              29.475079
            ],
            [
              107.490234,
              29.6281
            ],
            [
              107.578125,
              29.78089
            ],
            [
              107.666016,
              30.009637
            ],
            [
              107.666016,
              30.237859
            ],
            [
              107.753906,
              30.465551
            ],
            [
              107.666016,
              30.692713
            ],
            [
              107.666016,
              30.919341
            ],
            [
              107.666016,
              31.145434
            ],
            [
              107.666016,
              31.446053
            ],
            [
              107.666016,
              31.670888
            ],
            [
              107.666016,
              31.895179
            ],
            [
              107.666016,
              32.118925
            ],
            [
              107.490234,
              32.193385
            ],
            [
              107.402344,
              32.342124
            ],
            [
              107.314453,
              32.490618
            ],
            [
              107.226563,
              32.638868
            ],
            [
              107.050781,
              32.786872
            ],
            [
              106.962891,
              32.934631
            ],
            [
              106.787109,
              33.008417
            ],
            [
              106.523438,
              33.082143
            ],
            [
              106.259766,
              33.082143
            ],
            [
              106.083984,
              33.155806
            ],
            [
              105.996094,
              33.376425
            ],
            [
              106.083984,
              33.523195
            ],
            [
              106.171875,
              33.669715
            ],
            [
              106.347656,
              33.815987
            ],
            [
              106.611328,
              33.889029
            ],
            [
              106.875,
              33.889029
            ],
            [
              107.138672,
              33.815987
            ],
            [
              107.402344,
              33.815987
            ],
            [
              107.666016,
              33.815987
            ],
            [
              107.929688,
              33.742882
            ],
            [
              108.105469,
              33.815987
            ],
            [
              108.457031,
              33.889029
            ],
            [
              108.720703,
              33.889029
            ],
            [
              108.896484,
              33.962009
            ],
            [
              109.072266,
              34.034926
            ],
            [
              109.335938,
              34.180572
            ],
            [
              109.6875,
              34.253302
            ],
            [
              109.951172,
              34.325968
            ],
            [
              110.214844,
              34.253302
            ],
            [
              110.478516,
              34.180572
            ],
            [
              110.742188,
              34.180572
            ],
            [
              111.005859,
              34.180572
            ],
            [
              111.269531,
              34.180572
            ],
            [
              111.533203,
              34.180572
            ],
            [
              111.884766,
              34.253302
            ],
            [
              112.148438,
              34.253302
            ],
            [
              112.412109,
              34.253302
            ],
            [
              112.587891,
              34.325968
            ],
            [
              112.851563,
              34.398571
            ],
            [
              113.115234,
              34.398571
            ],
            [
              113.378906,
              34.471112
            ],
            [
              113.730469,
              34.471112
            ],
            [
              113.90625,
              34.543589
            ],
            [
              114.169922,
              34.471112
            ],
            [
              114.345703,
              34.398571
            ],
            [
              114.433594,
              34.253302
            ],
            [
              114.697266,
              34.253302
            ],
            [
              114.873047,
              34.180572
            ],
            [
              115.3125,
              34.180572
            ],
            [
              115.664063,
              34.253302
            ],
            [
              116.015625,
              34.253302
            ],
            [
              116.367188,
              34.253302
            ],
            [
              116.630859,
              34.325968
            ],
            [
              116.894531,
              34.325968
            ],
            [
              117.158203,
              34.325968
            ],
            [
              117.421875,
              34.325968
            ],
            [
              117.597656,
              34.253302
            ],
            [
              117.861328,
              34.180572
            ],
            [
              118.125,
              34.180572
            ],
            [
              118.300781,
              34.253302
            ],
            [
              118.476563,
              34.325968
            ],
            [
              118.740234,
              34.398571
            ],
            [
              119.003906,
              34.398571
            ],
            [
              119.091797,
              34.543589
            ],
            [
              119.267578,
              34.616004
            ],
            [
              119.443359,
              34.688355
            ],
            [
              119.707031,
              34.688355
            ],
            [
              119.882813,
              34.616004
            ],
            [
              119.970703,
              34.471112
            ],
            [
              120.234375,
              34.471112
            ],
            [
              120.234375,
              34.471112
            ],
            [
              120.146484,
              34.616004
            ]
          ]
        ]
      }
    },
    {
      "type": "Feature",
      "properties": {
        "NAME": "사로",
        "name": "사로",
        "color": "#ef4444",
        "fill": "#ef4444",
        "fill-opacity": 0.5,
        "stroke": "#ef4444",
        "stroke-width": 2,
        "originalType": "polygon"
      },
      "geometry": {
        "type": "Polygon",
        "coordinates": [
          [
            [
              129.375,
              37.237533
            ],
            [
              129.375,
              37.132427
            ],
            [
              129.243164,
              37.097359
            ],
            [
              129.111328,
              37.097359
            ],
            [
              128.979492,
              37.097359
            ],
            [
              128.891602,
              37.062275
            ],
            [
              128.759766,
              37.062275
            ],
            [
              128.62793,
              37.062275
            ],
            [
              128.540039,
              37.027174
            ],
            [
              128.408203,
              37.027174
            ],
            [
              128.320313,
              36.992058
            ],
            [
              128.232422,
              36.956925
            ],
            [
              128.144531,
              36.921776
            ],
            [
              128.100586,
              36.85143
            ],
            [
              128.056641,
              36.781018
            ],
            [
              128.056641,
              36.67528
            ],
            [
              128.100586,
              36.569396
            ],
            [
              128.100586,
              36.463367
            ],
            [
              128.100586,
              36.357193
            ],
            [
              128.056641,
              36.286329
            ],
            [
              128.100586,
              36.215401
            ],
            [
              128.144531,
              36.144409
            ],
            [
              128.100586,
              36.073352
            ],
            [
              128.144531,
              36.002231
            ],
            [
              128.232422,
              35.966647
            ],
            [
              128.320313,
              36.002231
            ],
            [
              128.452148,
              36.0378
            ],
            [
              128.540039,
              36.073352
            ],
            [
              128.671875,
              36.073352
            ],
            [
              128.759766,
              36.108889
            ],
            [
              128.847656,
              36.144409
            ],
            [
              128.979492,
              36.144409
            ],
            [
              129.111328,
              36.144409
            ],
            [
              129.243164,
              36.108889
            ],
            [
              129.375,
              36.108889
            ],
            [
              129.462891,
              36.144409
            ],
            [
              129.550781,
              36.108889
            ],
            [
              129.638672,
              36.073352
            ],
            [
              129.726563,
              36.108889
            ],
            [
              129.770508,
              36.179913
            ],
            [
              129.726563,
              36.286329
            ],
            [
              129.682617,
              36.357193
            ],
            [
              129.726563,
              36.463367
            ],
            [
              129.726563,
              36.569396
            ],
            [
              129.726563,
              36.67528
            ],
            [
              129.682617,
              36.745789
            ],
            [
              129.682617,
              36.85143
            ],
            [
              129.682617,
              36.956925
            ],
            [
              129.726563,
              37.027174
            ],
            [
              129.682617,
              37.097359
            ],
            [
              129.594727,
              37.132427
            ],
            [
              129.506836,
              37.167478
            ],
            [
              129.418945,
              37.132427
            ],
            [
              129.331055,
              37.097359
            ],
            [
              129.331055,
              37.097359
            ],
            [
              129.375,
              37.237533
            ]
          ]
        ]
      }
    },
    {
      "type": "Feature",
      "properties": {
        "NAME": "백제",
        "name": "백제",
        "color": "#ef4444",
        "fill": "#ef4444",
        "fill-opacity": 0.5,
        "stroke": "#ef4444",
        "stroke-width": 2,
        "originalType": "polygon"
      },
      "geometry": {
        "type": "Polygon",
        "coordinates": [
          [
            [
              127.858887,
              37.480605
            ],
            [
              127.792969,
              37.463154
            ],
            [
              127.749023,
              37.445699
            ],
            [
              127.683105,
              37.445699
            ],
            [
              127.595215,
              37.445699
            ],
            [
              127.507324,
              37.42824
            ],
            [
              127.441406,
              37.42824
            ],
            [
              127.375488,
              37.42824
            ],
            [
              127.287598,
              37.42824
            ],
            [
              127.243652,
              37.410777
            ],
            [
              127.177734,
              37.410777
            ],
            [
              127.111816,
              37.410777
            ],
            [
              127.067871,
              37.39331
            ],
            [
              127.001953,
              37.375839
            ],
            [
              126.936035,
              37.375839
            ],
            [
              126.89209,
              37.358363
            ],
            [
              126.848145,
              37.340884
            ],
            [
              126.826172,
              37.305913
            ],
            [
              126.804199,
              37.270926
            ],
            [
              126.782227,
              37.218414
            ],
            [
              126.804199,
              37.165866
            ],
            [
              126.804199,
              37.113282
            ],
            [
              126.782227,
              37.060661
            ],
            [
              126.782227,
              37.008003
            ],
            [
              126.782227,
              36.955309
            ],
            [
              126.738281,
              36.937736
            ],
            [
              126.672363,
              36.937736
            ],
            [
              126.606445,
              36.937736
            ],
            [
              126.5625,
              36.955309
            ],
            [
              126.518555,
              36.972878
            ],
            [
              126.474609,
              37.008003
            ],
            [
              126.430664,
              37.02556
            ],
            [
              126.364746,
              37.043112
            ],
            [
              126.298828,
              37.043112
            ],
            [
              126.23291,
              37.043112
            ],
            [
              126.188965,
              37.008003
            ],
            [
              126.188965,
              36.955309
            ],
            [
              126.166992,
              36.920159
            ],
            [
              126.188965,
              36.884993
            ],
            [
              126.23291,
              36.849811
            ],
            [
              126.254883,
              36.814613
            ],
            [
              126.276855,
              36.779398
            ],
            [
              126.276855,
              36.726546
            ],
            [
              126.276855,
              36.673658
            ],
            [
              126.298828,
              36.638379
            ],
            [
              126.298828,
              36.585429
            ],
            [
              126.298828,
              36.532444
            ],
            [
              126.320801,
              36.4971
            ],
            [
              126.342773,
              36.444054
            ],
            [
              126.364746,
              36.390972
            ],
            [
              126.386719,
              36.355564
            ],
            [
              126.408691,
              36.302421
            ],
            [
              126.430664,
              36.249242
            ],
            [
              126.430664,
              36.196027
            ],
            [
              126.430664,
              36.142775
            ],
            [
              126.452637,
              36.089488
            ],
            [
              126.474609,
              36.053943
            ],
            [
              126.496582,
              36.018382
            ],
            [
              126.518555,
              35.982804
            ],
            [
              126.540527,
              35.947211
            ],
            [
              126.540527,
              35.893791
            ],
            [
              126.518555,
              35.858158
            ],
            [
              126.496582,
              35.786843
            ],
            [
              126.474609,
              35.751162
            ],
            [
              126.452637,
              35.697609
            ],
            [
              126.452637,
              35.644021
            ],
            [
              126.430664,
              35.590397
            ],
            [
              126.408691,
              35.500944
            ],
            [
              126.386719,
              35.429309
            ],
            [
              126.342773,
              35.375542
            ],
            [
              126.320801,
              35.339677
            ],
            [
              126.276855,
              35.321738
            ],
            [
              126.254883,
              35.285849
            ],
            [
              126.210938,
              35.249944
            ],
            [
              126.166992,
              35.231986
            ],
            [
              126.123047,
              35.196057
            ],
            [
              126.101074,
              35.124152
            ],
            [
              126.057129,
              35.052183
            ],
            [
              126.035156,
              35.016175
            ],
            [
              126.035156,
              34.962133
            ],
            [
              126.035156,
              34.908056
            ],
            [
              126.013184,
              34.871984
            ],
            [
              125.991211,
              34.835897
            ],
            [
              125.991211,
              34.781736
            ],
            [
              125.969238,
              34.745609
            ],
            [
              125.947266,
              34.691389
            ],
            [
              125.947266,
              34.637134
            ],
            [
              125.947266,
              34.582843
            ],
            [
              125.947266,
              34.528516
            ],
            [
              125.969238,
              34.474154
            ],
            [
              125.969238,
              34.419757
            ],
            [
              125.969238,
              34.347172
            ],
            [
              125.969238,
              34.292691
            ],
            [
              125.991211,
              34.256352
            ],
            [
              126.035156,
              34.219996
            ],
            [
              126.079102,
              34.201813
            ],
            [
              126.166992,
              34.183625
            ],
            [
              126.298828,
              34.165434
            ],
            [
              126.386719,
              34.165434
            ],
            [
              126.474609,
              34.165434
            ],
            [
              126.540527,
              34.165434
            ],
            [
              126.584473,
              34.147239
            ],
            [
              126.650391,
              34.165434
            ],
            [
              126.694336,
              34.183625
            ],
            [
              126.782227,
              34.201813
            ],
            [
              126.826172,
              34.219996
            ],
            [
              126.89209,
              34.238176
            ],
            [
              126.958008,
              34.256352
            ],
            [
              127.023926,
              34.274524
            ],
            [
              127.067871,
              34.292691
            ],
            [
              127.133789,
              34.310855
            ],
            [
              127.199707,
              34.310855
            ],
            [
              127.243652,
              34.347172
            ],
            [
              127.287598,
              34.365324
            ],
            [
              127.331543,
              34.383472
            ],
            [
              127.375488,
              34.401616
            ],
            [
              127.419434,
              34.437893
            ],
            [
              127.463379,
              34.474154
            ],
            [
              127.507324,
              34.528516
            ],
            [
              127.507324,
              34.582843
            ],
            [
              127.529297,
              34.619041
            ],
            [
              127.55127,
              34.655223
            ],
            [
              127.573242,
              34.691389
            ],
            [
              127.595215,
              34.72754
            ],
            [
              127.63916,
              34.745609
            ],
            [
              127.683105,
              34.763675
            ],
            [
              127.705078,
              34.799794
            ],
            [
              127.727051,
              34.835897
            ],
            [
              127.749023,
              34.871984
            ],
            [
              127.749023,
              34.944112
            ],
            [
              127.770996,
              34.998165
            ],
            [
              127.770996,
              35.052183
            ],
            [
              127.770996,
              35.124152
            ],
            [
              127.770996,
              35.178087
            ],
            [
              127.770996,
              35.231986
            ],
            [
              127.770996,
              35.285849
            ],
            [
              127.770996,
              35.357611
            ],
            [
              127.792969,
              35.393468
            ],
            [
              127.792969,
              35.465135
            ],
            [
              127.814941,
              35.500944
            ],
            [
              127.814941,
              35.554628
            ],
            [
              127.814941,
              35.608276
            ],
            [
              127.836914,
              35.644021
            ],
            [
              127.836914,
              35.697609
            ],
            [
              127.836914,
              35.769004
            ],
            [
              127.858887,
              35.822508
            ],
            [
              127.880859,
              35.875976
            ],
            [
              127.902832,
              35.911602
            ],
            [
              127.924805,
              35.947211
            ],
            [
              127.96875,
              35.982804
            ],
            [
              127.990723,
              36.018382
            ],
            [
              128.012695,
              36.053943
            ],
            [
              128.034668,
              36.107254
            ],
            [
              128.034668,
              36.17828
            ],
            [
              128.056641,
              36.231508
            ],
            [
              128.056641,
              36.302421
            ],
            [
              128.056641,
              36.37327
            ],
            [
              128.056641,
              36.426364
            ],
            [
              128.056641,
              36.479422
            ],
            [
              128.056641,
              36.532444
            ],
            [
              128.056641,
              36.603083
            ],
            [
              128.034668,
              36.638379
            ],
            [
              128.034668,
              36.691291
            ],
            [
              128.034668,
              36.744168
            ],
            [
              128.034668,
              36.797008
            ],
            [
              128.034668,
              36.849811
            ],
            [
              128.034668,
              36.902578
            ],
            [
              128.034668,
              36.955309
            ],
            [
              128.012695,
              36.990442
            ],
            [
              127.990723,
              37.060661
            ],
            [
              127.990723,
              37.113282
            ],
            [
              127.990723,
              37.165866
            ],
            [
              127.990723,
              37.218414
            ],
            [
              127.990723,
              37.270926
            ],
            [
              127.96875,
              37.305913
            ],
            [
              127.96875,
              37.358363
            ],
            [
              127.946777,
              37.39331
            ],
            [
              127.924805,
              37.42824
            ],
            [
              127.902832,
              37.463154
            ],
            [
              127.836914,
              37.463154
            ],
            [
              127.836914,
              37.463154
            ],
            [
              127.858887,
              37.480605
            ]
          ]
        ]
      }
    },
    {
      "type": "Feature",
      "properties": {
        "NAME": "거란",
        "name": "거란",
        "color": "#ef4444",
        "fill": "#ef4444",
        "fill-opacity": 0.5,
        "stroke": "#ef4444",
        "stroke-width": 2,
        "originalType": "polygon"
      },
      "geometry": {
        "type": "Polygon",
        "coordinates": [
          [
            [
              113.422852,
              46.422361
            ],
            [
              113.510742,
              46.392038
            ],
            [
              113.642578,
              46.392038
            ],
            [
              113.774414,
              46.392038
            ],
            [
              113.950195,
              46.392038
            ],
            [
              114.082031,
              46.392038
            ],
            [
              114.301758,
              46.392038
            ],
            [
              114.477539,
              46.392038
            ],
            [
              114.697266,
              46.392038
            ],
            [
              114.785156,
              46.422361
            ],
            [
              114.960938,
              46.422361
            ],
            [
              115.092773,
              46.422361
            ],
            [
              115.224609,
              46.422361
            ],
            [
              115.3125,
              46.452667
            ],
            [
              115.444336,
              46.482956
            ],
            [
              115.576172,
              46.513229
            ],
            [
              115.751953,
              46.513229
            ],
            [
              115.839844,
              46.543484
            ],
            [
              116.015625,
              46.543484
            ],
            [
              116.235352,
              46.543484
            ],
            [
              116.411133,
              46.543484
            ],
            [
              116.542969,
              46.573723
            ],
            [
              116.674805,
              46.573723
            ],
            [
              116.806641,
              46.573723
            ],
            [
              116.938477,
              46.573723
            ],
            [
              117.070313,
              46.573723
            ],
            [
              117.202148,
              46.573723
            ],
            [
              117.333984,
              46.573723
            ],
            [
              117.509766,
              46.543484
            ],
            [
              117.597656,
              46.513229
            ],
            [
              117.685547,
              46.482956
            ],
            [
              117.817383,
              46.482956
            ],
            [
              117.949219,
              46.482956
            ],
            [
              118.037109,
              46.452667
            ],
            [
              118.168945,
              46.422361
            ],
            [
              118.256836,
              46.392038
            ],
            [
              118.344727,
              46.361699
            ],
            [
              118.476563,
              46.300969
            ],
            [
              118.564453,
              46.270579
            ],
            [
              118.652344,
              46.240171
            ],
            [
              118.696289,
              46.148849
            ],
            [
              118.740234,
              46.087883
            ],
            [
              118.78418,
              46.026849
            ],
            [
              118.87207,
              45.965748
            ],
            [
              118.916016,
              45.90458
            ],
            [
              118.959961,
              45.843344
            ],
            [
              119.003906,
              45.782041
            ],
            [
              119.047852,
              45.72067
            ],
            [
              119.135742,
              45.689959
            ],
            [
              119.223633,
              45.628487
            ],
            [
              119.267578,
              45.566948
            ],
            [
              119.267578,
              45.474512
            ],
            [
              119.223633,
              45.412803
            ],
            [
              119.179688,
              45.351028
            ],
            [
              119.135742,
              45.289184
            ],
            [
              119.091797,
              45.227273
            ],
            [
              119.003906,
              45.196293
            ],
            [
              118.916016,
              45.165295
            ],
            [
              118.78418,
              45.165295
            ],
            [
              118.696289,
              45.134281
            ],
            [
              118.608398,
              45.103249
            ],
            [
              118.520508,
              45.041136
            ],
            [
              118.432617,
              45.010054
            ],
            [
              118.344727,
              44.94784
            ],
            [
              118.300781,
              44.885557
            ],
            [
              118.256836,
              44.823208
            ],
            [
              118.212891,
              44.760791
            ],
            [
              118.256836,
              44.667039
            ],
            [
              118.300781,
              44.604453
            ],
            [
              118.344727,
              44.510447
            ],
            [
              118.344727,
              44.41629
            ],
            [
              118.344727,
              44.321981
            ],
            [
              118.388672,
              44.259024
            ],
            [
              118.476563,
              44.164462
            ],
            [
              118.520508,
              44.101336
            ],
            [
              118.564453,
              44.006521
            ],
            [
              118.608398,
              43.943227
            ],
            [
              118.608398,
              43.848159
            ],
            [
              118.696289,
              43.784695
            ],
            [
              118.740234,
              43.721165
            ],
            [
              118.828125,
              43.657567
            ],
            [
              118.87207,
              43.593902
            ],
            [
              118.959961,
              43.562044
            ],
            [
              119.047852,
              43.498277
            ],
            [
              119.135742,
              43.466369
            ],
            [
              119.223633,
              43.434443
            ],
            [
              119.311523,
              43.402501
            ],
            [
              119.355469,
              43.338566
            ],
            [
              119.399414,
              43.242537
            ],
            [
              119.355469,
              43.178433
            ],
            [
              119.267578,
              43.146356
            ],
            [
              119.179688,
              43.082152
            ],
            [
              119.091797,
              43.050024
            ],
            [
              119.003906,
              43.01788
            ],
            [
              118.87207,
              42.985719
            ],
            [
              118.78418,
              42.953541
            ],
            [
              118.696289,
              42.921346
            ],
            [
              118.608398,
              42.889134
            ],
            [
              118.432617,
              42.856906
            ],
            [
              118.344727,
              42.82466
            ],
            [
              118.256836,
              42.760119
            ],
            [
              118.168945,
              42.727823
            ],
            [
              118.081055,
              42.663181
            ],
            [
              117.993164,
              42.598472
            ],
            [
              117.905273,
              42.566092
            ],
            [
              117.817383,
              42.501281
            ],
            [
              117.729492,
              42.436404
            ],
            [
              117.641602,
              42.371459
            ],
            [
              117.553711,
              42.306447
            ],
            [
              117.46582,
              42.273916
            ],
            [
              117.37793,
              42.241367
            ],
            [
              117.290039,
              42.208803
            ],
            [
              117.158203,
              42.208803
            ],
            [
              117.070313,
              42.176221
            ],
            [
              116.894531,
              42.143623
            ],
            [
              116.762695,
              42.111007
            ],
            [
              116.630859,
              42.111007
            ],
            [
              116.499023,
              42.111007
            ],
            [
              116.367188,
              42.078375
            ],
            [
              116.279297,
              42.045727
            ],
            [
              116.147461,
              42.013061
            ],
            [
              116.015625,
              42.013061
            ],
            [
              115.927734,
              41.980379
            ],
            [
              115.795898,
              41.980379
            ],
            [
              115.664063,
              41.980379
            ],
            [
              115.532227,
              41.980379
            ],
            [
              115.444336,
              41.947679
            ],
            [
              115.3125,
              41.947679
            ],
            [
              115.136719,
              41.947679
            ],
            [
              115.048828,
              41.914964
            ],
            [
              114.916992,
              41.914964
            ],
            [
              114.785156,
              41.914964
            ],
            [
              114.697266,
              41.882231
            ],
            [
              114.521484,
              41.882231
            ],
            [
              114.433594,
              41.849481
            ],
            [
              114.301758,
              41.816715
            ],
            [
              114.125977,
              41.783932
            ],
            [
              113.994141,
              41.751132
            ],
            [
              113.862305,
              41.718316
            ],
            [
              113.774414,
              41.652632
            ],
            [
              113.730469,
              41.586882
            ],
            [
              113.642578,
              41.553981
            ],
            [
              113.554688,
              41.521064
            ],
            [
              113.466797,
              41.422212
            ],
            [
              113.378906,
              41.389228
            ],
            [
              113.291016,
              41.32321
            ],
            [
              113.15918,
              41.290175
            ],
            [
              113.027344,
              41.224057
            ],
            [
              112.939453,
              41.190972
            ],
            [
              112.807617,
              41.157871
            ],
            [
              112.719727,
              41.124753
            ],
            [
              112.587891,
              41.091618
            ],
            [
              112.456055,
              41.058467
            ],
            [
              112.324219,
              41.058467
            ],
            [
              112.236328,
              41.025298
            ],
            [
              112.104492,
              41.025298
            ],
            [
              111.972656,
              41.025298
            ],
            [
              111.84082,
              41.025298
            ],
            [
              111.708984,
              41.025298
            ],
            [
              111.577148,
              41.025298
            ],
            [
              111.445313,
              41.058467
            ],
            [
              111.313477,
              41.058467
            ],
            [
              111.181641,
              41.091618
            ],
            [
              111.049805,
              41.124753
            ],
            [
              110.874023,
              41.157871
            ],
            [
              110.742188,
              41.190972
            ],
            [
              110.610352,
              41.190972
            ],
            [
              110.522461,
              41.224057
            ],
            [
              110.390625,
              41.257124
            ],
            [
              110.302734,
              41.290175
            ],
            [
              110.170898,
              41.290175
            ],
            [
              110.083008,
              41.32321
            ],
            [
              109.951172,
              41.32321
            ],
            [
              109.863281,
              41.356227
            ],
            [
              109.6875,
              41.356227
            ],
            [
              109.555664,
              41.356227
            ],
            [
              109.423828,
              41.389228
            ],
            [
              109.291992,
              41.389228
            ],
            [
              109.204102,
              41.422212
            ],
            [
              109.072266,
              41.422212
            ],
            [
              108.94043,
              41.422212
            ],
            [
              108.808594,
              41.422212
            ],
            [
              108.676758,
              41.422212
            ],
            [
              108.544922,
              41.422212
            ],
            [
              108.369141,
              41.422212
            ],
            [
              108.237305,
              41.422212
            ],
            [
              107.929688,
              41.422212
            ],
            [
              107.841797,
              41.45518
            ],
            [
              107.709961,
              41.48813
            ],
            [
              107.578125,
              41.48813
            ],
            [
              107.490234,
              41.521064
            ],
            [
              107.402344,
              41.553981
            ],
            [
              107.314453,
              41.586882
            ],
            [
              107.226563,
              41.652632
            ],
            [
              107.138672,
              41.685482
            ],
            [
              107.050781,
              41.751132
            ],
            [
              106.918945,
              41.849481
            ],
            [
              106.831055,
              41.882231
            ],
            [
              106.787109,
              41.947679
            ],
            [
              106.699219,
              41.980379
            ],
            [
              106.611328,
              42.045727
            ],
            [
              106.523438,
              42.111007
            ],
            [
              106.391602,
              42.176221
            ],
            [
              106.303711,
              42.241367
            ],
            [
              106.21582,
              42.338961
            ],
            [
              106.12793,
              42.371459
            ],
            [
              106.040039,
              42.436404
            ],
            [
              105.952148,
              42.468851
            ],
            [
              105.864258,
              42.501281
            ],
            [
              105.776367,
              42.533695
            ],
            [
              105.688477,
              42.566092
            ],
            [
              105.600586,
              42.598472
            ],
            [
              105.512695,
              42.630835
            ],
            [
              105.380859,
              42.630835
            ],
            [
              105.292969,
              42.663181
            ],
            [
              105.117188,
              42.663181
            ],
            [
              104.985352,
              42.69551
            ],
            [
              104.80957,
              42.727823
            ],
            [
              104.633789,
              42.760119
            ],
            [
              104.501953,
              42.792398
            ],
            [
              104.326172,
              42.82466
            ],
            [
              104.194336,
              42.856906
            ],
            [
              104.0625,
              42.889134
            ],
            [
              103.886719,
              42.921346
            ],
            [
              103.754883,
              42.953541
            ],
            [
              103.535156,
              42.985719
            ],
            [
              103.359375,
              42.985719
            ],
            [
              103.227539,
              42.985719
            ],
            [
              103.095703,
              42.985719
            ],
            [
              102.919922,
              42.985719
            ],
            [
              102.832031,
              43.01788
            ],
            [
              102.700195,
              42.953541
            ],
            [
              102.568359,
              42.953541
            ],
            [
              102.392578,
              42.856906
            ],
            [
              102.304688,
              42.82466
            ],
            [
              102.216797,
              42.792398
            ],
            [
              102.041016,
              42.760119
            ],
            [
              101.90918,
              42.760119
            ],
            [
              101.821289,
              42.727823
            ],
            [
              101.733398,
              42.663181
            ],
            [
              101.601563,
              42.630835
            ],
            [
              101.513672,
              42.566092
            ],
            [
              101.337891,
              42.533695
            ],
            [
              101.25,
              42.501281
            ],
            [
              101.074219,
              42.501281
            ],
            [
              100.854492,
              42.501281
            ],
            [
              100.678711,
              42.501281
            ],
            [
              100.59082,
              42.533695
            ],
            [
              100.50293,
              42.566092
            ],
            [
              100.415039,
              42.630835
            ],
            [
              100.415039,
              42.727823
            ],
            [
              100.50293,
              42.792398
            ],
            [
              100.546875,
              42.856906
            ],
            [
              100.634766,
              42.889134
            ],
            [
              100.722656,
              42.921346
            ],
            [
              100.898438,
              43.050024
            ],
            [
              100.986328,
              43.114263
            ],
            [
              101.074219,
              43.178433
            ],
            [
              101.206055,
              43.274563
            ],
            [
              101.25,
              43.338566
            ],
            [
              101.337891,
              43.370542
            ],
            [
              101.425781,
              43.402501
            ],
            [
              101.513672,
              43.466369
            ],
            [
              101.601563,
              43.498277
            ],
            [
              101.689453,
              43.530169
            ],
            [
              101.777344,
              43.562044
            ],
            [
              101.865234,
              43.593902
            ],
            [
              101.99707,
              43.625743
            ],
            [
              102.128906,
              43.657567
            ],
            [
              102.304688,
              43.657567
            ],
            [
              102.480469,
              43.689374
            ],
            [
              102.65625,
              43.721165
            ],
            [
              102.832031,
              43.752939
            ],
            [
              102.963867,
              43.752939
            ],
            [
              103.051758,
              43.784695
            ],
            [
              103.183594,
              43.784695
            ],
            [
              103.31543,
              43.784695
            ],
            [
              103.40332,
              43.816435
            ],
            [
              103.535156,
              43.848159
            ],
            [
              103.710938,
              43.879865
            ],
            [
              103.842773,
              43.879865
            ],
            [
              103.974609,
              43.911554
            ],
            [
              104.0625,
              43.943227
            ],
            [
              104.238281,
              43.974882
            ],
            [
              104.370117,
              43.974882
            ],
            [
              104.458008,
              44.006521
            ],
            [
              104.589844,
              44.038143
            ],
            [
              104.80957,
              44.038143
            ],
            [
              104.941406,
              44.069748
            ],
            [
              105.117188,
              44.101336
            ],
            [
              105.249023,
              44.132908
            ],
            [
              105.424805,
              44.164462
            ],
            [
              105.600586,
              44.196
            ],
            [
              105.776367,
              44.259024
            ],
            [
              105.908203,
              44.290511
            ],
            [
              106.040039,
              44.321981
            ],
            [
              106.12793,
              44.384871
            ],
            [
              106.21582,
              44.479079
            ],
            [
              106.303711,
              44.573135
            ],
            [
              106.347656,
              44.635754
            ],
            [
              106.347656,
              44.760791
            ],
            [
              106.435547,
              44.823208
            ],
            [
              106.479492,
              44.885557
            ],
            [
              106.567383,
              44.978955
            ],
            [
              106.699219,
              45.041136
            ],
            [
              106.831055,
              45.103249
            ],
            [
              106.918945,
              45.165295
            ],
            [
              107.050781,
              45.258237
            ],
            [
              107.182617,
              45.351028
            ],
            [
              107.270508,
              45.381924
            ],
            [
              107.402344,
              45.474512
            ],
            [
              107.490234,
              45.536152
            ],
            [
              107.578125,
              45.597726
            ],
            [
              107.709961,
              45.659232
            ],
            [
              107.841797,
              45.689959
            ],
            [
              107.929688,
              45.751364
            ],
            [
              108.017578,
              45.782041
            ],
            [
              108.149414,
              45.812701
            ],
            [
              108.28125,
              45.843344
            ],
            [
              108.457031,
              45.90458
            ],
            [
              108.632813,
              45.935173
            ],
            [
              108.764648,
              45.935173
            ],
            [
              108.896484,
              45.965748
            ],
            [
              109.072266,
              45.996307
            ],
            [
              109.248047,
              46.026849
            ],
            [
              109.467773,
              46.057374
            ],
            [
              109.731445,
              46.087883
            ],
            [
              109.951172,
              46.087883
            ],
            [
              110.083008,
              46.087883
            ],
            [
              110.170898,
              46.118374
            ],
            [
              110.302734,
              46.118374
            ],
            [
              110.478516,
              46.118374
            ],
            [
              110.610352,
              46.087883
            ],
            [
              110.786133,
              46.087883
            ],
            [
              110.917969,
              46.087883
            ],
            [
              111.005859,
              46.118374
            ],
            [
              111.225586,
              46.118374
            ],
            [
              111.357422,
              46.148849
            ],
            [
              111.533203,
              46.179307
            ],
            [
              111.621094,
              46.209747
            ],
            [
              111.665039,
              46.270579
            ],
            [
              111.75293,
              46.331342
            ],
            [
              111.84082,
              46.361699
            ],
            [
              111.928711,
              46.422361
            ],
            [
              112.016602,
              46.452667
            ],
            [
              112.104492,
              46.482956
            ],
            [
              112.236328,
              46.482956
            ],
            [
              112.368164,
              46.482956
            ],
            [
              112.5,
              46.452667
            ],
            [
              112.631836,
              46.452667
            ],
            [
              112.719727,
              46.422361
            ],
            [
              112.851563,
              46.392038
            ],
            [
              112.983398,
              46.361699
            ],
            [
              113.115234,
              46.331342
            ],
            [
              113.291016,
              46.361699
            ],
            [
              113.422852,
              46.361699
            ],
            [
              113.510742,
              46.392038
            ],
            [
              113.510742,
              46.392038
            ],
            [
              113.422852,
              46.422361
            ]
          ]
        ]
      }
    },
    {
      "type": "Feature",
      "properties": {
        "NAME": "북위",
        "name": "북위",
        "color": "#ef4444",
        "fill": "#ef4444",
        "fill-opacity": 0.5,
        "stroke": "#ef4444",
        "stroke-width": 2,
        "originalType": "polygon"
      },
      "geometry": {
        "type": "Polygon",
        "coordinates": [
          [
            [
              109.379883,
              41.224057
            ],
            [
              109.291992,
              41.190972
            ],
            [
              109.204102,
              41.157871
            ],
            [
              109.072266,
              41.157871
            ],
            [
              108.896484,
              41.190972
            ],
            [
              108.720703,
              41.190972
            ],
            [
              108.588867,
              41.190972
            ],
            [
              108.413086,
              41.190972
            ],
            [
              108.237305,
              41.224057
            ],
            [
              108.105469,
              41.224057
            ],
            [
              107.929688,
              41.224057
            ],
            [
              107.797852,
              41.224057
            ],
            [
              107.666016,
              41.224057
            ],
            [
              107.53418,
              41.224057
            ],
            [
              107.358398,
              41.224057
            ],
            [
              107.138672,
              41.224057
            ],
            [
              107.006836,
              41.257124
            ],
            [
              106.875,
              41.290175
            ],
            [
              106.743164,
              41.32321
            ],
            [
              106.655273,
              41.389228
            ],
            [
              106.611328,
              41.45518
            ],
            [
              106.567383,
              41.553981
            ],
            [
              106.523438,
              41.619765
            ],
            [
              106.391602,
              41.619765
            ],
            [
              106.259766,
              41.652632
            ],
            [
              106.171875,
              41.685482
            ],
            [
              106.083984,
              41.718316
            ],
            [
              105.952148,
              41.751132
            ],
            [
              105.864258,
              41.783932
            ],
            [
              105.776367,
              41.849481
            ],
            [
              105.644531,
              41.849481
            ],
            [
              105.556641,
              41.882231
            ],
            [
              105.424805,
              41.914964
            ],
            [
              105.292969,
              41.947679
            ],
            [
              105.161133,
              41.947679
            ],
            [
              105.029297,
              41.980379
            ],
            [
              104.897461,
              42.013061
            ],
            [
              104.72168,
              42.013061
            ],
            [
              104.545898,
              42.045727
            ],
            [
              104.414063,
              42.045727
            ],
            [
              104.282227,
              42.078375
            ],
            [
              104.150391,
              42.078375
            ],
            [
              104.018555,
              42.078375
            ],
            [
              103.930664,
              42.111007
            ],
            [
              103.798828,
              42.111007
            ],
            [
              103.623047,
              42.111007
            ],
            [
              103.491211,
              42.078375
            ],
            [
              103.31543,
              42.078375
            ],
            [
              103.183594,
              42.078375
            ],
            [
              103.095703,
              42.045727
            ],
            [
              102.919922,
              42.045727
            ],
            [
              102.744141,
              42.045727
            ],
            [
              102.612305,
              42.045727
            ],
            [
              102.480469,
              42.045727
            ],
            [
              102.348633,
              42.045727
            ],
            [
              102.172852,
              42.045727
            ],
            [
              102.041016,
              42.013061
            ],
            [
              101.953125,
              41.980379
            ],
            [
              101.821289,
              41.947679
            ],
            [
              101.645508,
              41.914964
            ],
            [
              101.557617,
              41.849481
            ],
            [
              101.469727,
              41.816715
            ],
            [
              101.337891,
              41.751132
            ],
            [
              101.25,
              41.718316
            ],
            [
              101.162109,
              41.685482
            ],
            [
              101.074219,
              41.652632
            ],
            [
              100.942383,
              41.586882
            ],
            [
              100.854492,
              41.521064
            ],
            [
              100.722656,
              41.48813
            ],
            [
              100.634766,
              41.45518
            ],
            [
              100.546875,
              41.422212
            ],
            [
              100.415039,
              41.356227
            ],
            [
              100.327148,
              41.32321
            ],
            [
              100.239258,
              41.290175
            ],
            [
              100.107422,
              41.257124
            ],
            [
              100.019531,
              41.224057
            ],
            [
              99.931641,
              41.190972
            ],
            [
              99.84375,
              41.157871
            ],
            [
              99.755859,
              41.124753
            ],
            [
              99.624023,
              41.058467
            ],
            [
              99.536133,
              41.025298
            ],
            [
              99.448242,
              40.992114
            ],
            [
              99.360352,
              40.958912
            ],
            [
              99.272461,
              40.892459
            ],
            [
              99.18457,
              40.859207
            ],
            [
              99.052734,
              40.792653
            ],
            [
              99.008789,
              40.726033
            ],
            [
              98.964844,
              40.659346
            ],
            [
              99.052734,
              40.525772
            ],
            [
              99.140625,
              40.425416
            ],
            [
              99.228516,
              40.358429
            ],
            [
              99.316406,
              40.324911
            ],
            [
              99.404297,
              40.257823
            ],
            [
              99.492188,
              40.157068
            ],
            [
              99.580078,
              40.089815
            ],
            [
              99.667969,
              40.056163
            ],
            [
              99.799805,
              40.022495
            ],
            [
              99.931641,
              39.955108
            ],
            [
              100.107422,
              39.955108
            ],
            [
              100.283203,
              39.955108
            ],
            [
              100.415039,
              39.955108
            ],
            [
              100.59082,
              39.955108
            ],
            [
              100.722656,
              39.955108
            ],
            [
              100.898438,
              39.955108
            ],
            [
              101.030273,
              39.955108
            ],
            [
              101.162109,
              39.98881
            ],
            [
              101.337891,
              39.98881
            ],
            [
              101.469727,
              39.98881
            ],
            [
              101.601563,
              39.955108
            ],
            [
              101.689453,
              39.92139
            ],
            [
              101.821289,
              39.853904
            ],
            [
              101.90918,
              39.786351
            ],
            [
              101.953125,
              39.718732
            ],
            [
              102.041016,
              39.617179
            ],
            [
              102.128906,
              39.515477
            ],
            [
              102.172852,
              39.447593
            ],
            [
              102.216797,
              39.379643
            ],
            [
              102.304688,
              39.311626
            ],
            [
              102.348633,
              39.243543
            ],
            [
              102.436523,
              39.175394
            ],
            [
              102.480469,
              39.107179
            ],
            [
              102.568359,
              39.073046
            ],
            [
              102.65625,
              39.004732
            ],
            [
              102.744141,
              38.97055
            ],
            [
              102.788086,
              38.902137
            ],
            [
              102.875977,
              38.867906
            ],
            [
              102.963867,
              38.833658
            ],
            [
              103.095703,
              38.833658
            ],
            [
              103.183594,
              38.799393
            ],
            [
              103.447266,
              38.799393
            ],
            [
              103.623047,
              38.799393
            ],
            [
              103.798828,
              38.833658
            ],
            [
              103.930664,
              38.833658
            ],
            [
              104.0625,
              38.867906
            ],
            [
              104.194336,
              38.902137
            ],
            [
              104.282227,
              38.936352
            ],
            [
              104.414063,
              39.004732
            ],
            [
              104.501953,
              39.038898
            ],
            [
              104.545898,
              39.107179
            ],
            [
              104.677734,
              39.141295
            ],
            [
              104.765625,
              39.175394
            ],
            [
              104.897461,
              39.243543
            ],
            [
              105.029297,
              39.277593
            ],
            [
              105.117188,
              39.311626
            ],
            [
              105.249023,
              39.311626
            ],
            [
              105.424805,
              39.311626
            ],
            [
              105.512695,
              39.277593
            ],
            [
              105.600586,
              39.243543
            ],
            [
              105.732422,
              39.243543
            ],
            [
              105.864258,
              39.209477
            ],
            [
              105.996094,
              39.209477
            ],
            [
              106.12793,
              39.209477
            ],
            [
              106.21582,
              39.175394
            ],
            [
              106.347656,
              39.175394
            ],
            [
              106.479492,
              39.175394
            ],
            [
              106.567383,
              39.141295
            ],
            [
              106.699219,
              39.141295
            ],
            [
              106.787109,
              39.107179
            ],
            [
              106.962891,
              39.073046
            ],
            [
              107.050781,
              39.038898
            ],
            [
              107.138672,
              39.004732
            ],
            [
              107.270508,
              38.936352
            ],
            [
              107.402344,
              38.902137
            ],
            [
              107.490234,
              38.867906
            ],
            [
              107.578125,
              38.833658
            ],
            [
              107.709961,
              38.799393
            ],
            [
              107.841797,
              38.765113
            ],
            [
              107.929688,
              38.730815
            ],
            [
              108.017578,
              38.696501
            ],
            [
              108.105469,
              38.662171
            ],
            [
              108.193359,
              38.627824
            ],
            [
              108.325195,
              38.627824
            ],
            [
              108.457031,
              38.593461
            ],
            [
              108.632813,
              38.593461
            ],
            [
              108.764648,
              38.627824
            ],
            [
              108.94043,
              38.627824
            ],
            [
              109.02832,
              38.662171
            ],
            [
              109.116211,
              38.696501
            ],
            [
              109.335938,
              38.730815
            ],
            [
              109.467773,
              38.730815
            ],
            [
              109.555664,
              38.765113
            ],
            [
              109.643555,
              38.799393
            ],
            [
              109.731445,
              38.867906
            ],
            [
              109.775391,
              38.936352
            ],
            [
              109.819336,
              39.004732
            ],
            [
              109.819336,
              39.107179
            ],
            [
              109.863281,
              39.209477
            ],
            [
              109.863281,
              39.311626
            ],
            [
              109.863281,
              39.413626
            ],
            [
              109.951172,
              39.515477
            ],
            [
              109.951172,
              39.617179
            ],
            [
              110.039063,
              39.684898
            ],
            [
              110.083008,
              39.75255
            ],
            [
              110.126953,
              39.853904
            ],
            [
              110.170898,
              39.92139
            ],
            [
              110.258789,
              39.98881
            ],
            [
              110.34668,
              40.056163
            ],
            [
              110.390625,
              40.12345
            ],
            [
              110.43457,
              40.19067
            ],
            [
              110.478516,
              40.257823
            ],
            [
              110.522461,
              40.324911
            ],
            [
              110.566406,
              40.391931
            ],
            [
              110.610352,
              40.458885
            ],
            [
              110.698242,
              40.525772
            ],
            [
              110.786133,
              40.559191
            ],
            [
              110.874023,
              40.625978
            ],
            [
              110.917969,
              40.692698
            ],
            [
              111.005859,
              40.759352
            ],
            [
              110.961914,
              40.825939
            ],
            [
              110.874023,
              40.892459
            ],
            [
              110.830078,
              40.958912
            ],
            [
              110.742188,
              40.992114
            ],
            [
              110.566406,
              41.025298
            ],
            [
              110.478516,
              41.058467
            ],
            [
              110.34668,
              41.091618
            ],
            [
              110.214844,
              41.091618
            ],
            [
              110.126953,
              41.124753
            ],
            [
              109.995117,
              41.124753
            ],
            [
              109.907227,
              41.157871
            ],
            [
              109.775391,
              41.190972
            ],
            [
              109.643555,
              41.190972
            ],
            [
              109.555664,
              41.224057
            ],
            [
              109.423828,
              41.224057
            ],
            [
              109.335938,
              41.190972
            ],
            [
              109.248047,
              41.157871
            ],
            [
              109.248047,
              41.157871
            ],
            [
              109.379883,
              41.224057
            ]
          ]
        ]
      }
    },
    {
      "type": "Feature",
      "properties": {
        "NAME": "서진",
        "name": "서진",
        "color": "#ef4444",
        "fill": "#ef4444",
        "fill-opacity": 0.5,
        "stroke": "#ef4444",
        "stroke-width": 2,
        "originalType": "polygon"
      },
      "geometry": {
        "type": "Polygon",
        "coordinates": [
          [
            [
              105.996094,
              36.678277
            ],
            [
              106.083984,
              36.643
            ],
            [
              106.171875,
              36.607707
            ],
            [
              106.21582,
              36.537072
            ],
            [
              106.303711,
              36.430998
            ],
            [
              106.347656,
              36.32478
            ],
            [
              106.391602,
              36.253887
            ],
            [
              106.479492,
              36.218416
            ],
            [
              106.567383,
              36.111907
            ],
            [
              106.655273,
              36.040821
            ],
            [
              106.699219,
              35.969671
            ],
            [
              106.787109,
              35.898457
            ],
            [
              106.875,
              35.791515
            ],
            [
              106.918945,
              35.72014
            ],
            [
              106.962891,
              35.648702
            ],
            [
              106.962891,
              35.541424
            ],
            [
              106.962891,
              35.398163
            ],
            [
              106.962891,
              35.29055
            ],
            [
              106.875,
              35.218729
            ],
            [
              106.831055,
              35.146844
            ],
            [
              106.787109,
              35.074895
            ],
            [
              106.743164,
              35.002883
            ],
            [
              106.699219,
              34.930808
            ],
            [
              106.655273,
              34.858669
            ],
            [
              106.523438,
              34.786467
            ],
            [
              106.435547,
              34.714201
            ],
            [
              106.347656,
              34.678045
            ],
            [
              106.21582,
              34.641872
            ],
            [
              106.12793,
              34.605684
            ],
            [
              105.996094,
              34.56948
            ],
            [
              105.908203,
              34.533261
            ],
            [
              105.820313,
              34.460774
            ],
            [
              105.732422,
              34.424508
            ],
            [
              105.688477,
              34.351927
            ],
            [
              105.644531,
              34.279283
            ],
            [
              105.600586,
              34.206576
            ],
            [
              105.556641,
              34.133807
            ],
            [
              105.556641,
              34.024535
            ],
            [
              105.600586,
              33.951609
            ],
            [
              105.644531,
              33.842103
            ],
            [
              105.688477,
              33.76902
            ],
            [
              105.732422,
              33.695876
            ],
            [
              105.776367,
              33.622669
            ],
            [
              105.820313,
              33.549399
            ],
            [
              105.864258,
              33.476068
            ],
            [
              105.952148,
              33.439379
            ],
            [
              105.996094,
              33.365954
            ],
            [
              106.040039,
              33.292468
            ],
            [
              106.12793,
              33.218919
            ],
            [
              106.171875,
              33.145309
            ],
            [
              106.259766,
              33.071636
            ],
            [
              106.347656,
              32.961012
            ],
            [
              106.435547,
              32.887186
            ],
            [
              106.523438,
              32.85025
            ],
            [
              106.567383,
              32.776331
            ],
            [
              106.655273,
              32.702351
            ],
            [
              106.743164,
              32.665337
            ],
            [
              106.831055,
              32.591265
            ],
            [
              106.918945,
              32.517132
            ],
            [
              106.962891,
              32.405817
            ],
            [
              107.006836,
              32.294364
            ],
            [
              107.050781,
              32.182774
            ],
            [
              107.094727,
              32.071048
            ],
            [
              107.138672,
              31.959184
            ],
            [
              107.182617,
              31.884533
            ],
            [
              107.182617,
              31.772443
            ],
            [
              107.138672,
              31.69764
            ],
            [
              107.050781,
              31.660216
            ],
            [
              107.006836,
              31.585323
            ],
            [
              106.875,
              31.585323
            ],
            [
              106.743164,
              31.51037
            ],
            [
              106.611328,
              31.51037
            ],
            [
              106.523438,
              31.47287
            ],
            [
              106.391602,
              31.47287
            ],
            [
              106.259766,
              31.47287
            ],
            [
              106.083984,
              31.47287
            ],
            [
              105.908203,
              31.47287
            ],
            [
              105.776367,
              31.47287
            ],
            [
              105.644531,
              31.47287
            ],
            [
              105.512695,
              31.47287
            ],
            [
              105.380859,
              31.47287
            ],
            [
              105.249023,
              31.47287
            ],
            [
              105.117188,
              31.47287
            ],
            [
              104.941406,
              31.47287
            ],
            [
              104.765625,
              31.47287
            ],
            [
              104.633789,
              31.51037
            ],
            [
              104.501953,
              31.585323
            ],
            [
              104.458008,
              31.660216
            ],
            [
              104.370117,
              31.772443
            ],
            [
              104.326172,
              31.847185
            ],
            [
              104.238281,
              31.921866
            ],
            [
              104.106445,
              31.959184
            ],
            [
              104.018555,
              31.996487
            ],
            [
              103.886719,
              32.033775
            ],
            [
              103.754883,
              32.071048
            ],
            [
              103.623047,
              32.108305
            ],
            [
              103.491211,
              32.108305
            ],
            [
              103.40332,
              32.145547
            ],
            [
              103.31543,
              32.182774
            ],
            [
              103.183594,
              32.219986
            ],
            [
              103.095703,
              32.294364
            ],
            [
              103.007813,
              32.33153
            ],
            [
              102.963867,
              32.405817
            ],
            [
              102.919922,
              32.480042
            ],
            [
              102.832031,
              32.591265
            ],
            [
              102.832031,
              32.702351
            ],
            [
              102.744141,
              32.813298
            ],
            [
              102.700195,
              32.887186
            ],
            [
              102.700195,
              32.997902
            ],
            [
              102.700195,
              33.10848
            ],
            [
              102.744141,
              33.255701
            ],
            [
              102.744141,
              33.365954
            ],
            [
              102.788086,
              33.439379
            ],
            [
              102.788086,
              33.549399
            ],
            [
              102.832031,
              33.622669
            ],
            [
              102.875977,
              33.695876
            ],
            [
              102.832031,
              33.76902
            ],
            [
              102.832031,
              33.87862
            ],
            [
              102.788086,
              33.951609
            ],
            [
              102.744141,
              34.024535
            ],
            [
              102.612305,
              34.024535
            ],
            [
              102.436523,
              33.98808
            ],
            [
              102.348633,
              33.951609
            ],
            [
              102.304688,
              33.87862
            ],
            [
              102.216797,
              33.842103
            ],
            [
              102.128906,
              33.76902
            ],
            [
              101.99707,
              33.65928
            ],
            [
              101.865234,
              33.622669
            ],
            [
              101.733398,
              33.622669
            ],
            [
              101.645508,
              33.65928
            ],
            [
              101.557617,
              33.695876
            ],
            [
              101.469727,
              33.732456
            ],
            [
              101.381836,
              33.805569
            ],
            [
              101.293945,
              33.87862
            ],
            [
              101.162109,
              33.98808
            ],
            [
              101.118164,
              34.097399
            ],
            [
              101.074219,
              34.170199
            ],
            [
              101.074219,
              34.279283
            ],
            [
              101.118164,
              34.351927
            ],
            [
              101.162109,
              34.424508
            ],
            [
              101.206055,
              34.497026
            ],
            [
              101.293945,
              34.56948
            ],
            [
              101.381836,
              34.605684
            ],
            [
              101.513672,
              34.641872
            ],
            [
              101.601563,
              34.678045
            ],
            [
              101.689453,
              34.714201
            ],
            [
              101.821289,
              34.786467
            ],
            [
              101.865234,
              34.858669
            ],
            [
              101.953125,
              34.966853
            ],
            [
              102.041016,
              35.038897
            ],
            [
              102.084961,
              35.110878
            ],
            [
              102.128906,
              35.182794
            ],
            [
              102.172852,
              35.29055
            ],
            [
              102.216797,
              35.469825
            ],
            [
              102.216797,
              35.577199
            ],
            [
              102.216797,
              35.72014
            ],
            [
              102.260742,
              35.898457
            ],
            [
              102.260742,
              36.005254
            ],
            [
              102.260742,
              36.111907
            ],
            [
              102.304688,
              36.253887
            ],
            [
              102.304688,
              36.395608
            ],
            [
              102.304688,
              36.50173
            ],
            [
              102.304688,
              36.607707
            ],
            [
              102.304688,
              36.784011
            ],
            [
              102.304688,
              36.8896
            ],
            [
              102.304688,
              37.030158
            ],
            [
              102.260742,
              37.135406
            ],
            [
              102.216797,
              37.20549
            ],
            [
              102.260742,
              37.275509
            ],
            [
              102.348633,
              37.310494
            ],
            [
              102.436523,
              37.345463
            ],
            [
              102.65625,
              37.310494
            ],
            [
              102.788086,
              37.310494
            ],
            [
              102.875977,
              37.275509
            ],
            [
              103.051758,
              37.275509
            ],
            [
              103.183594,
              37.240507
            ],
            [
              103.40332,
              37.20549
            ],
            [
              103.491211,
              37.170456
            ],
            [
              103.623047,
              37.170456
            ],
            [
              103.710938,
              37.135406
            ],
            [
              103.842773,
              37.135406
            ],
            [
              103.930664,
              37.100339
            ],
            [
              104.0625,
              37.100339
            ],
            [
              104.194336,
              37.100339
            ],
            [
              104.326172,
              37.100339
            ],
            [
              104.458008,
              37.100339
            ],
            [
              104.589844,
              37.100339
            ],
            [
              104.677734,
              37.135406
            ],
            [
              104.765625,
              37.170456
            ],
            [
              104.853516,
              37.20549
            ],
            [
              104.985352,
              37.20549
            ],
            [
              105.117188,
              37.170456
            ],
            [
              105.249023,
              37.135406
            ],
            [
              105.336914,
              37.100339
            ],
            [
              105.424805,
              37.065257
            ],
            [
              105.512695,
              37.030158
            ],
            [
              105.644531,
              36.995042
            ],
            [
              105.776367,
              36.959911
            ],
            [
              105.864258,
              36.924764
            ],
            [
              105.908203,
              36.85442
            ],
            [
              105.996094,
              36.819224
            ],
            [
              106.040039,
              36.748783
            ],
            [
              106.083984,
              36.678277
            ],
            [
              106.12793,
              36.607707
            ],
            [
              106.21582,
              36.537072
            ],
            [
              106.303711,
              36.50173
            ],
            [
              106.347656,
              36.466372
            ],
            [
              105.996094,
              36.678277
            ]
          ]
        ]
      }
    },
    {
      "type": "Feature",
      "properties": {
        "NAME": "동부여",
        "name": "동부여",
        "color": "#ef4444",
        "fill": "#ef4444",
        "fill-opacity": 0.5,
        "stroke": "#ef4444",
        "stroke-width": 2,
        "originalType": "polygon"
      },
      "geometry": {
        "type": "Polygon",
        "coordinates": [
          [
            [
              128.144531,
              45.560396
            ],
            [
              128.232422,
              45.591178
            ],
            [
              128.320313,
              45.621943
            ],
            [
              128.364258,
              45.683422
            ],
            [
              128.408203,
              45.744834
            ],
            [
              128.496094,
              45.806178
            ],
            [
              128.540039,
              45.867455
            ],
            [
              128.62793,
              45.928664
            ],
            [
              128.671875,
              45.989806
            ],
            [
              128.71582,
              46.050881
            ],
            [
              128.759766,
              46.111888
            ],
            [
              128.803711,
              46.172827
            ],
            [
              128.847656,
              46.233699
            ],
            [
              128.891602,
              46.294504
            ],
            [
              128.935547,
              46.355241
            ],
            [
              128.935547,
              46.44622
            ],
            [
              128.979492,
              46.506789
            ],
            [
              128.979492,
              46.627724
            ],
            [
              129.023438,
              46.68809
            ],
            [
              129.023438,
              46.778513
            ],
            [
              129.023438,
              46.868785
            ],
            [
              129.023438,
              46.958905
            ],
            [
              129.023438,
              47.048873
            ],
            [
              129.023438,
              47.13869
            ],
            [
              129.023438,
              47.228356
            ],
            [
              129.067383,
              47.288049
            ],
            [
              129.111328,
              47.347674
            ],
            [
              129.155273,
              47.436987
            ],
            [
              129.199219,
              47.496444
            ],
            [
              129.243164,
              47.555834
            ],
            [
              129.287109,
              47.615157
            ],
            [
              129.331055,
              47.674413
            ],
            [
              129.418945,
              47.704016
            ],
            [
              129.462891,
              47.76317
            ],
            [
              129.550781,
              47.792723
            ],
            [
              129.638672,
              47.822258
            ],
            [
              129.682617,
              47.881279
            ],
            [
              129.770508,
              47.940232
            ],
            [
              129.858398,
              47.969683
            ],
            [
              130.03418,
              47.999118
            ],
            [
              130.166016,
              47.999118
            ],
            [
              130.297852,
              48.028536
            ],
            [
              130.429688,
              48.028536
            ],
            [
              130.561523,
              48.028536
            ],
            [
              130.649414,
              48.057937
            ],
            [
              130.78125,
              48.057937
            ],
            [
              130.957031,
              48.057937
            ],
            [
              131.088867,
              48.087322
            ],
            [
              131.220703,
              48.087322
            ],
            [
              131.308594,
              48.057937
            ],
            [
              131.396484,
              48.028536
            ],
            [
              131.484375,
              47.999118
            ],
            [
              131.572266,
              47.940232
            ],
            [
              131.704102,
              47.910764
            ],
            [
              131.835938,
              47.881279
            ],
            [
              131.923828,
              47.851777
            ],
            [
              132.055664,
              47.851777
            ],
            [
              132.1875,
              47.851777
            ],
            [
              132.275391,
              47.822258
            ],
            [
              132.363281,
              47.792723
            ],
            [
              132.407227,
              47.733601
            ],
            [
              132.495117,
              47.674413
            ],
            [
              132.539063,
              47.615157
            ],
            [
              132.539063,
              47.526148
            ],
            [
              132.495117,
              47.466724
            ],
            [
              132.451172,
              47.407233
            ],
            [
              132.363281,
              47.377462
            ],
            [
              132.275391,
              47.347674
            ],
            [
              132.1875,
              47.31787
            ],
            [
              132.099609,
              47.258211
            ],
            [
              132.011719,
              47.228356
            ],
            [
              131.923828,
              47.198484
            ],
            [
              131.835938,
              47.168596
            ],
            [
              131.748047,
              47.108768
            ],
            [
              131.660156,
              47.048873
            ],
            [
              131.616211,
              46.988911
            ],
            [
              131.572266,
              46.928882
            ],
            [
              131.484375,
              46.898842
            ],
            [
              131.396484,
              46.838711
            ],
            [
              131.308594,
              46.778513
            ],
            [
              131.264648,
              46.718248
            ],
            [
              131.176758,
              46.657915
            ],
            [
              131.088867,
              46.597515
            ],
            [
              131.000977,
              46.537048
            ],
            [
              130.913086,
              46.506789
            ],
            [
              130.869141,
              46.44622
            ],
            [
              130.78125,
              46.415911
            ],
            [
              130.737305,
              46.355241
            ],
            [
              130.693359,
              46.294504
            ],
            [
              130.649414,
              46.233699
            ],
            [
              130.605469,
              46.172827
            ],
            [
              130.561523,
              46.111888
            ],
            [
              130.473633,
              46.050881
            ],
            [
              130.385742,
              46.020352
            ],
            [
              130.341797,
              45.959244
            ],
            [
              130.253906,
              45.928664
            ],
            [
              130.166016,
              45.898068
            ],
            [
              130.03418,
              45.867455
            ],
            [
              129.858398,
              45.836825
            ],
            [
              129.770508,
              45.806178
            ],
            [
              129.638672,
              45.775515
            ],
            [
              129.506836,
              45.744834
            ],
            [
              129.375,
              45.714137
            ],
            [
              129.243164,
              45.683422
            ],
            [
              129.111328,
              45.652691
            ],
            [
              129.023438,
              45.621943
            ],
            [
              128.891602,
              45.591178
            ],
            [
              128.759766,
              45.591178
            ],
            [
              128.583984,
              45.591178
            ],
            [
              128.452148,
              45.591178
            ],
            [
              128.320313,
              45.591178
            ],
            [
              128.188477,
              45.591178
            ],
            [
              128.144531,
              45.591178
            ],
            [
              128.144531,
              45.560396
            ]
          ]
        ]
      }
    },
    {
      "type": "Feature",
      "properties": {
        "NAME": "남연",
        "name": "남연",
        "color": "#ef4444",
        "fill": "#ef4444",
        "fill-opacity": 0.5,
        "stroke": "#ef4444",
        "stroke-width": 2,
        "originalType": "polygon"
      },
      "geometry": {
        "type": "Polygon",
        "coordinates": [
          [
            [
              113.291016,
              37.073376
            ],
            [
              113.356934,
              37.073376
            ],
            [
              113.400879,
              37.090917
            ],
            [
              113.444824,
              37.108455
            ],
            [
              113.48877,
              37.125988
            ],
            [
              113.532715,
              37.143517
            ],
            [
              113.598633,
              37.161043
            ],
            [
              113.708496,
              37.178564
            ],
            [
              113.796387,
              37.178564
            ],
            [
              113.862305,
              37.178564
            ],
            [
              113.928223,
              37.178564
            ],
            [
              114.060059,
              37.178564
            ],
            [
              114.125977,
              37.178564
            ],
            [
              114.191895,
              37.178564
            ],
            [
              114.279785,
              37.178564
            ],
            [
              114.367676,
              37.196081
            ],
            [
              114.455566,
              37.196081
            ],
            [
              114.499512,
              37.213594
            ],
            [
              114.56543,
              37.231103
            ],
            [
              114.631348,
              37.266109
            ],
            [
              114.675293,
              37.283606
            ],
            [
              114.741211,
              37.318587
            ],
            [
              114.785156,
              37.336071
            ],
            [
              114.829102,
              37.353552
            ],
            [
              114.89502,
              37.388501
            ],
            [
              114.98291,
              37.423433
            ],
            [
              115.070801,
              37.440894
            ],
            [
              115.114746,
              37.45835
            ],
            [
              115.158691,
              37.475802
            ],
            [
              115.202637,
              37.49325
            ],
            [
              115.246582,
              37.510693
            ],
            [
              115.290527,
              37.528133
            ],
            [
              115.334473,
              37.545569
            ],
            [
              115.400391,
              37.563001
            ],
            [
              115.488281,
              37.580428
            ],
            [
              115.554199,
              37.597852
            ],
            [
              115.620117,
              37.615271
            ],
            [
              115.686035,
              37.632686
            ],
            [
              115.751953,
              37.667505
            ],
            [
              115.817871,
              37.684908
            ],
            [
              115.883789,
              37.702307
            ],
            [
              115.949707,
              37.702307
            ],
            [
              116.015625,
              37.719702
            ],
            [
              116.05957,
              37.737093
            ],
            [
              116.103516,
              37.754479
            ],
            [
              116.147461,
              37.771862
            ],
            [
              116.257324,
              37.789241
            ],
            [
              116.323242,
              37.789241
            ],
            [
              116.38916,
              37.806615
            ],
            [
              116.499023,
              37.823986
            ],
            [
              116.542969,
              37.841352
            ],
            [
              116.652832,
              37.858714
            ],
            [
              116.71875,
              37.858714
            ],
            [
              116.784668,
              37.876072
            ],
            [
              116.872559,
              37.876072
            ],
            [
              116.960449,
              37.876072
            ],
            [
              117.026367,
              37.876072
            ],
            [
              117.092285,
              37.876072
            ],
            [
              117.158203,
              37.893426
            ],
            [
              117.246094,
              37.893426
            ],
            [
              117.312012,
              37.928122
            ],
            [
              117.37793,
              37.945464
            ],
            [
              117.46582,
              37.945464
            ],
            [
              117.509766,
              37.962802
            ],
            [
              117.575684,
              37.962802
            ],
            [
              117.641602,
              37.962802
            ],
            [
              117.685547,
              37.980135
            ],
            [
              117.729492,
              37.997465
            ],
            [
              117.773438,
              38.01479
            ],
            [
              117.79541,
              38.049429
            ],
            [
              117.839355,
              38.066742
            ],
            [
              117.883301,
              38.084051
            ],
            [
              117.927246,
              38.101356
            ],
            [
              117.971191,
              38.118657
            ],
            [
              118.037109,
              38.118657
            ],
            [
              118.103027,
              38.118657
            ],
            [
              118.168945,
              38.118657
            ],
            [
              118.212891,
              38.084051
            ],
            [
              118.278809,
              38.066742
            ],
            [
              118.322754,
              38.049429
            ],
            [
              118.388672,
              38.032111
            ],
            [
              118.45459,
              38.032111
            ],
            [
              118.520508,
              38.01479
            ],
            [
              118.608398,
              38.01479
            ],
            [
              118.696289,
              38.01479
            ],
            [
              118.762207,
              38.01479
            ],
            [
              118.828125,
              38.01479
            ],
            [
              118.894043,
              38.032111
            ],
            [
              118.937988,
              38.049429
            ],
            [
              119.025879,
              38.049429
            ],
            [
              119.091797,
              38.049429
            ],
            [
              119.157715,
              38.049429
            ],
            [
              119.20166,
              38.032111
            ],
            [
              119.245605,
              38.01479
            ],
            [
              119.267578,
              37.980135
            ],
            [
              119.267578,
              37.928122
            ],
            [
              119.267578,
              37.876072
            ],
            [
              119.267578,
              37.823986
            ],
            [
              119.289551,
              37.789241
            ],
            [
              119.267578,
              37.754479
            ],
            [
              119.245605,
              37.719702
            ],
            [
              119.20166,
              37.684908
            ],
            [
              119.135742,
              37.650098
            ],
            [
              119.091797,
              37.615271
            ],
            [
              119.047852,
              37.563001
            ],
            [
              119.025879,
              37.528133
            ],
            [
              119.003906,
              37.49325
            ],
            [
              119.003906,
              37.423433
            ],
            [
              119.025879,
              37.336071
            ],
            [
              119.069824,
              37.301098
            ],
            [
              119.11377,
              37.283606
            ],
            [
              119.157715,
              37.266109
            ],
            [
              119.245605,
              37.248608
            ],
            [
              119.311523,
              37.248608
            ],
            [
              119.377441,
              37.213594
            ],
            [
              119.465332,
              37.213594
            ],
            [
              119.53125,
              37.213594
            ],
            [
              119.619141,
              37.196081
            ],
            [
              119.685059,
              37.196081
            ],
            [
              119.750977,
              37.178564
            ],
            [
              119.816895,
              37.178564
            ],
            [
              119.882813,
              37.196081
            ],
            [
              119.926758,
              37.213594
            ],
            [
              120.014648,
              37.231103
            ],
            [
              120.058594,
              37.248608
            ],
            [
              120.102539,
              37.283606
            ],
            [
              120.146484,
              37.336071
            ],
            [
              120.168457,
              37.371028
            ],
            [
              120.19043,
              37.405969
            ],
            [
              120.212402,
              37.440894
            ],
            [
              120.256348,
              37.49325
            ],
            [
              120.27832,
              37.528133
            ],
            [
              120.322266,
              37.563001
            ],
            [
              120.344238,
              37.597852
            ],
            [
              120.388184,
              37.615271
            ],
            [
              120.432129,
              37.650098
            ],
            [
              120.476074,
              37.684908
            ],
            [
              120.52002,
              37.702307
            ],
            [
              120.563965,
              37.719702
            ],
            [
              120.629883,
              37.719702
            ],
            [
              120.673828,
              37.737093
            ],
            [
              120.739746,
              37.737093
            ],
            [
              120.805664,
              37.737093
            ],
            [
              120.849609,
              37.719702
            ],
            [
              120.915527,
              37.719702
            ],
            [
              120.981445,
              37.702307
            ],
            [
              121.025391,
              37.684908
            ],
            [
              121.069336,
              37.650098
            ],
            [
              121.113281,
              37.632686
            ],
            [
              121.157227,
              37.615271
            ],
            [
              121.179199,
              37.580428
            ],
            [
              121.223145,
              37.563001
            ],
            [
              121.26709,
              37.545569
            ],
            [
              121.311035,
              37.528133
            ],
            [
              121.35498,
              37.510693
            ],
            [
              121.420898,
              37.510693
            ],
            [
              121.486816,
              37.49325
            ],
            [
              121.574707,
              37.49325
            ],
            [
              121.640625,
              37.49325
            ],
            [
              121.706543,
              37.49325
            ],
            [
              121.750488,
              37.475802
            ],
            [
              121.816406,
              37.475802
            ],
            [
              121.882324,
              37.475802
            ],
            [
              121.948242,
              37.49325
            ],
            [
              121.992188,
              37.510693
            ],
            [
              122.102051,
              37.510693
            ],
            [
              122.189941,
              37.510693
            ],
            [
              122.233887,
              37.528133
            ],
            [
              122.34375,
              37.545569
            ],
            [
              122.431641,
              37.545569
            ],
            [
              122.519531,
              37.545569
            ],
            [
              122.585449,
              37.545569
            ],
            [
              122.651367,
              37.545569
            ],
            [
              122.67334,
              37.510693
            ],
            [
              122.717285,
              37.475802
            ],
            [
              122.76123,
              37.440894
            ],
            [
              122.783203,
              37.388501
            ],
            [
              122.805176,
              37.353552
            ],
            [
              122.783203,
              37.318587
            ],
            [
              122.76123,
              37.248608
            ],
            [
              122.739258,
              37.196081
            ],
            [
              122.695313,
              37.161043
            ],
            [
              122.629395,
              37.125988
            ],
            [
              122.585449,
              37.090917
            ],
            [
              122.563477,
              37.05583
            ],
            [
              122.519531,
              37.038281
            ],
            [
              122.475586,
              37.020727
            ],
            [
              122.431641,
              37.003169
            ],
            [
              122.387695,
              36.968042
            ],
            [
              122.34375,
              36.950472
            ],
            [
              122.277832,
              36.932898
            ],
            [
              122.233887,
              36.897738
            ],
            [
              122.189941,
              36.880152
            ],
            [
              122.124023,
              36.880152
            ],
            [
              122.080078,
              36.844967
            ],
            [
              122.036133,
              36.827369
            ],
            [
              121.970215,
              36.809767
            ],
            [
              121.882324,
              36.809767
            ],
            [
              121.816406,
              36.792161
            ],
            [
              121.750488,
              36.77455
            ],
            [
              121.68457,
              36.756936
            ],
            [
              121.618652,
              36.739317
            ],
            [
              121.552734,
              36.721695
            ],
            [
              121.508789,
              36.704068
            ],
            [
              121.442871,
              36.686438
            ],
            [
              121.376953,
              36.686438
            ],
            [
              121.311035,
              36.651164
            ],
            [
              121.245117,
              36.633521
            ],
            [
              121.179199,
              36.598224
            ],
            [
              121.157227,
              36.56291
            ],
            [
              121.113281,
              36.52758
            ],
            [
              121.069336,
              36.509909
            ],
            [
              121.003418,
              36.456872
            ],
            [
              120.9375,
              36.439185
            ],
            [
              120.915527,
              36.403798
            ],
            [
              120.849609,
              36.350689
            ],
            [
              120.805664,
              36.332977
            ],
            [
              120.739746,
              36.297543
            ],
            [
              120.695801,
              36.279819
            ],
            [
              120.629883,
              36.262092
            ],
            [
              120.563965,
              36.226625
            ],
            [
              120.498047,
              36.191142
            ],
            [
              120.454102,
              36.173394
            ],
            [
              120.388184,
              36.137887
            ],
            [
              120.344238,
              36.120128
            ],
            [
              120.300293,
              36.084596
            ],
            [
              120.256348,
              36.066825
            ],
            [
              120.212402,
              36.031269
            ],
            [
              120.168457,
              35.995698
            ],
            [
              120.124512,
              35.96011
            ],
            [
              120.058594,
              35.924507
            ],
            [
              120.036621,
              35.888887
            ],
            [
              119.992676,
              35.871072
            ],
            [
              119.970703,
              35.8176
            ],
            [
              119.926758,
              35.799769
            ],
            [
              119.882813,
              35.746249
            ],
            [
              119.838867,
              35.710549
            ],
            [
              119.794922,
              35.674834
            ],
            [
              119.750977,
              35.62123
            ],
            [
              119.707031,
              35.603355
            ],
            [
              119.663086,
              35.567591
            ],
            [
              119.619141,
              35.549703
            ],
            [
              119.575195,
              35.496016
            ],
            [
              119.53125,
              35.460205
            ],
            [
              119.465332,
              35.406458
            ],
            [
              119.443359,
              35.352675
            ],
            [
              119.421387,
              35.298856
            ],
            [
              119.377441,
              35.280908
            ],
            [
              119.355469,
              35.245001
            ],
            [
              119.333496,
              35.209078
            ],
            [
              119.311523,
              35.173139
            ],
            [
              119.289551,
              35.137185
            ],
            [
              119.267578,
              35.065227
            ],
            [
              119.245605,
              35.029225
            ],
            [
              119.223633,
              34.993207
            ],
            [
              119.179688,
              34.975192
            ],
            [
              119.157715,
              34.93915
            ],
            [
              119.157715,
              34.885057
            ],
            [
              119.157715,
              34.830929
            ],
            [
              119.135742,
              34.794823
            ],
            [
              119.11377,
              34.740635
            ],
            [
              119.069824,
              34.704491
            ],
            [
              119.025879,
              34.66833
            ],
            [
              118.981934,
              34.650244
            ],
            [
              118.959961,
              34.614059
            ],
            [
              118.916016,
              34.595961
            ],
            [
              118.87207,
              34.559753
            ],
            [
              118.828125,
              34.541643
            ],
            [
              118.762207,
              34.505411
            ],
            [
              118.696289,
              34.505411
            ],
            [
              118.652344,
              34.48729
            ],
            [
              118.586426,
              34.48729
            ],
            [
              118.520508,
              34.48729
            ],
            [
              118.432617,
              34.48729
            ],
            [
              118.388672,
              34.505411
            ],
            [
              118.322754,
              34.505411
            ],
            [
              118.256836,
              34.505411
            ],
            [
              118.190918,
              34.48729
            ],
            [
              118.103027,
              34.48729
            ],
            [
              118.037109,
              34.469164
            ],
            [
              117.949219,
              34.469164
            ],
            [
              117.883301,
              34.469164
            ],
            [
              117.817383,
              34.469164
            ],
            [
              117.751465,
              34.451034
            ],
            [
              117.663574,
              34.451034
            ],
            [
              117.619629,
              34.432901
            ],
            [
              117.531738,
              34.432901
            ],
            [
              117.46582,
              34.432901
            ],
            [
              117.399902,
              34.414763
            ],
            [
              117.333984,
              34.414763
            ],
            [
              117.246094,
              34.414763
            ],
            [
              117.158203,
              34.414763
            ],
            [
              117.092285,
              34.414763
            ],
            [
              117.026367,
              34.414763
            ],
            [
              116.960449,
              34.414763
            ],
            [
              116.894531,
              34.396622
            ],
            [
              116.828613,
              34.396622
            ],
            [
              116.784668,
              34.414763
            ],
            [
              116.696777,
              34.414763
            ],
            [
              116.630859,
              34.414763
            ],
            [
              116.542969,
              34.414763
            ],
            [
              116.499023,
              34.432901
            ],
            [
              116.433105,
              34.432901
            ],
            [
              116.345215,
              34.432901
            ],
            [
              116.257324,
              34.432901
            ],
            [
              116.191406,
              34.432901
            ],
            [
              116.103516,
              34.432901
            ],
            [
              116.037598,
              34.432901
            ],
            [
              115.97168,
              34.432901
            ],
            [
              115.905762,
              34.432901
            ],
            [
              115.861816,
              34.414763
            ],
            [
              115.773926,
              34.414763
            ],
            [
              115.686035,
              34.414763
            ],
            [
              115.620117,
              34.414763
            ],
            [
              115.532227,
              34.414763
            ],
            [
              115.488281,
              34.432901
            ],
            [
              115.444336,
              34.48729
            ],
            [
              115.400391,
              34.505411
            ],
            [
              115.378418,
              34.541643
            ],
            [
              115.356445,
              34.577859
            ],
            [
              115.334473,
              34.632153
            ],
            [
              115.334473,
              34.686412
            ],
            [
              115.3125,
              34.722565
            ],
            [
              115.3125,
              34.794823
            ],
            [
              115.290527,
              34.830929
            ],
            [
              115.268555,
              34.921123
            ],
            [
              115.246582,
              35.011218
            ],
            [
              115.246582,
              35.065227
            ],
            [
              115.224609,
              35.119201
            ],
            [
              115.202637,
              35.155164
            ],
            [
              115.158691,
              35.173139
            ],
            [
              115.136719,
              35.209078
            ],
            [
              115.114746,
              35.262957
            ],
            [
              115.092773,
              35.298856
            ],
            [
              115.070801,
              35.334739
            ],
            [
              115.048828,
              35.388534
            ],
            [
              115.004883,
              35.406458
            ],
            [
              114.98291,
              35.442293
            ],
            [
              114.960938,
              35.478112
            ],
            [
              114.938965,
              35.513916
            ],
            [
              114.873047,
              35.567591
            ],
            [
              114.851074,
              35.603355
            ],
            [
              114.785156,
              35.674834
            ],
            [
              114.763184,
              35.710549
            ],
            [
              114.719238,
              35.746249
            ],
            [
              114.675293,
              35.799769
            ],
            [
              114.65332,
              35.835428
            ],
            [
              114.631348,
              35.871072
            ],
            [
              114.587402,
              35.906699
            ],
            [
              114.543457,
              35.942311
            ],
            [
              114.521484,
              35.977906
            ],
            [
              114.499512,
              36.013486
            ],
            [
              114.455566,
              36.049049
            ],
            [
              114.411621,
              36.102364
            ],
            [
              114.367676,
              36.173394
            ],
            [
              114.345703,
              36.226625
            ],
            [
              114.279785,
              36.279819
            ],
            [
              114.257813,
              36.315262
            ],
            [
              114.23584,
              36.350689
            ],
            [
              114.169922,
              36.403798
            ],
            [
              114.104004,
              36.456872
            ],
            [
              114.060059,
              36.492234
            ],
            [
              114.038086,
              36.52758
            ],
            [
              113.994141,
              36.56291
            ],
            [
              113.950195,
              36.580569
            ],
            [
              113.90625,
              36.615875
            ],
            [
              113.884277,
              36.651164
            ],
            [
              113.840332,
              36.668803
            ],
            [
              113.796387,
              36.704068
            ],
            [
              113.752441,
              36.739317
            ],
            [
              113.708496,
              36.756936
            ],
            [
              113.664551,
              36.792161
            ],
            [
              113.620605,
              36.809767
            ],
            [
              113.532715,
              36.862562
            ],
            [
              113.48877,
              36.880152
            ],
            [
              113.422852,
              36.91532
            ],
            [
              113.400879,
              36.950472
            ],
            [
              113.400879,
              37.003169
            ],
            [
              113.356934,
              37.05583
            ],
            [
              113.334961,
              37.090917
            ],
            [
              113.356934,
              37.125988
            ],
            [
              113.400879,
              37.143517
            ],
            [
              113.400879,
              37.143517
            ],
            [
              113.291016,
              37.073376
            ]
          ]
        ]
      }
    },
    {
      "type": "Feature",
      "properties": {
        "NAME": "후진",
        "name": "후진",
        "color": "#ef4444",
        "fill": "#ef4444",
        "fill-opacity": 0.5,
        "stroke": "#ef4444",
        "stroke-width": 2,
        "originalType": "polygon"
      },
      "geometry": {
        "type": "Polygon",
        "coordinates": [
          [
            [
              106.303711,
              36.739651
            ],
            [
              106.369629,
              36.739651
            ],
            [
              106.479492,
              36.739651
            ],
            [
              106.54541,
              36.739651
            ],
            [
              106.633301,
              36.722029
            ],
            [
              106.699219,
              36.722029
            ],
            [
              106.787109,
              36.722029
            ],
            [
              106.875,
              36.722029
            ],
            [
              106.940918,
              36.704402
            ],
            [
              107.006836,
              36.704402
            ],
            [
              107.094727,
              36.704402
            ],
            [
              107.160645,
              36.686772
            ],
            [
              107.248535,
              36.686772
            ],
            [
              107.314453,
              36.686772
            ],
            [
              107.402344,
              36.669137
            ],
            [
              107.468262,
              36.651499
            ],
            [
              107.53418,
              36.633856
            ],
            [
              107.578125,
              36.616209
            ],
            [
              107.644043,
              36.616209
            ],
            [
              107.687988,
              36.598559
            ],
            [
              107.731934,
              36.580904
            ],
            [
              107.775879,
              36.563245
            ],
            [
              107.86377,
              36.563245
            ],
            [
              107.907715,
              36.545582
            ],
            [
              107.973633,
              36.545582
            ],
            [
              108.039551,
              36.545582
            ],
            [
              108.105469,
              36.545582
            ],
            [
              108.171387,
              36.545582
            ],
            [
              108.237305,
              36.563245
            ],
            [
              108.303223,
              36.563245
            ],
            [
              108.369141,
              36.563245
            ],
            [
              108.413086,
              36.580904
            ],
            [
              108.500977,
              36.580904
            ],
            [
              108.566895,
              36.598559
            ],
            [
              108.632813,
              36.598559
            ],
            [
              108.676758,
              36.616209
            ],
            [
              108.742676,
              36.616209
            ],
            [
              108.786621,
              36.633856
            ],
            [
              108.852539,
              36.633856
            ],
            [
              108.94043,
              36.633856
            ],
            [
              109.006348,
              36.651499
            ],
            [
              109.050293,
              36.669137
            ],
            [
              109.094238,
              36.686772
            ],
            [
              109.138184,
              36.704402
            ],
            [
              109.204102,
              36.739651
            ],
            [
              109.248047,
              36.75727
            ],
            [
              109.313965,
              36.774884
            ],
            [
              109.401855,
              36.774884
            ],
            [
              109.467773,
              36.810101
            ],
            [
              109.511719,
              36.827703
            ],
            [
              109.577637,
              36.845301
            ],
            [
              109.643555,
              36.845301
            ],
            [
              109.709473,
              36.862895
            ],
            [
              109.731445,
              36.898071
            ],
            [
              109.775391,
              36.915653
            ],
            [
              109.819336,
              36.933231
            ],
            [
              109.863281,
              36.968375
            ],
            [
              109.907227,
              36.98594
            ],
            [
              109.951172,
              37.003502
            ],
            [
              109.995117,
              37.038613
            ],
            [
              110.039063,
              37.073708
            ],
            [
              110.083008,
              37.09125
            ],
            [
              110.126953,
              37.108787
            ],
            [
              110.170898,
              37.14385
            ],
            [
              110.236816,
              37.161375
            ],
            [
              110.280762,
              37.213926
            ],
            [
              110.34668,
              37.231435
            ],
            [
              110.390625,
              37.266441
            ],
            [
              110.43457,
              37.283937
            ],
            [
              110.478516,
              37.318918
            ],
            [
              110.544434,
              37.353883
            ],
            [
              110.588379,
              37.37136
            ],
            [
              110.632324,
              37.388832
            ],
            [
              110.654297,
              37.423764
            ],
            [
              110.720215,
              37.441225
            ],
            [
              110.76416,
              37.458681
            ],
            [
              110.808105,
              37.49358
            ],
            [
              110.874023,
              37.49358
            ],
            [
              110.917969,
              37.511024
            ],
            [
              110.983887,
              37.511024
            ],
            [
              111.027832,
              37.528464
            ],
            [
              111.09375,
              37.528464
            ],
            [
              111.137695,
              37.5459
            ],
            [
              111.181641,
              37.563331
            ],
            [
              111.225586,
              37.580759
            ],
            [
              111.313477,
              37.580759
            ],
            [
              111.401367,
              37.598182
            ],
            [
              111.489258,
              37.598182
            ],
            [
              111.555176,
              37.598182
            ],
            [
              111.599121,
              37.580759
            ],
            [
              111.665039,
              37.580759
            ],
            [
              111.730957,
              37.580759
            ],
            [
              111.796875,
              37.580759
            ],
            [
              111.84082,
              37.563331
            ],
            [
              111.906738,
              37.563331
            ],
            [
              111.972656,
              37.5459
            ],
            [
              112.038574,
              37.5459
            ],
            [
              112.08252,
              37.528464
            ],
            [
              112.126465,
              37.511024
            ],
            [
              112.214355,
              37.49358
            ],
            [
              112.258301,
              37.476133
            ],
            [
              112.346191,
              37.458681
            ],
            [
              112.390137,
              37.441225
            ],
            [
              112.456055,
              37.423764
            ],
            [
              112.543945,
              37.4063
            ],
            [
              112.631836,
              37.388832
            ],
            [
              112.697754,
              37.388832
            ],
            [
              112.741699,
              37.37136
            ],
            [
              112.785645,
              37.353883
            ],
            [
              112.82959,
              37.318918
            ],
            [
              112.851563,
              37.283937
            ],
            [
              112.895508,
              37.24894
            ],
            [
              112.91748,
              37.196413
            ],
            [
              112.961426,
              37.178896
            ],
            [
              112.983398,
              37.14385
            ],
            [
              113.027344,
              37.12632
            ],
            [
              113.071289,
              37.09125
            ],
            [
              113.115234,
              37.073708
            ],
            [
              113.15918,
              37.038613
            ],
            [
              113.225098,
              36.98594
            ],
            [
              113.291016,
              36.950805
            ],
            [
              113.334961,
              36.933231
            ],
            [
              113.378906,
              36.915653
            ],
            [
              113.400879,
              36.880485
            ],
            [
              113.444824,
              36.862895
            ],
            [
              113.466797,
              36.827703
            ],
            [
              113.510742,
              36.792494
            ],
            [
              113.554688,
              36.75727
            ],
            [
              113.57666,
              36.722029
            ],
            [
              113.620605,
              36.686772
            ],
            [
              113.686523,
              36.633856
            ],
            [
              113.730469,
              36.580904
            ],
            [
              113.774414,
              36.563245
            ],
            [
              113.796387,
              36.527915
            ],
            [
              113.840332,
              36.492569
            ],
            [
              113.862305,
              36.457207
            ],
            [
              113.884277,
              36.421829
            ],
            [
              113.90625,
              36.386435
            ],
            [
              113.928223,
              36.333313
            ],
            [
              113.950195,
              36.297879
            ],
            [
              113.994141,
              36.280155
            ],
            [
              114.038086,
              36.262428
            ],
            [
              114.082031,
              36.244697
            ],
            [
              114.125977,
              36.209222
            ],
            [
              114.169922,
              36.191478
            ],
            [
              114.213867,
              36.155979
            ],
            [
              114.257813,
              36.120464
            ],
            [
              114.279785,
              36.084933
            ],
            [
              114.32373,
              36.049386
            ],
            [
              114.367676,
              36.013823
            ],
            [
              114.411621,
              35.996035
            ],
            [
              114.433594,
              35.960448
            ],
            [
              114.455566,
              35.924845
            ],
            [
              114.477539,
              35.889225
            ],
            [
              114.521484,
              35.835766
            ],
            [
              114.543457,
              35.800107
            ],
            [
              114.56543,
              35.764431
            ],
            [
              114.587402,
              35.710888
            ],
            [
              114.609375,
              35.675173
            ],
            [
              114.65332,
              35.621569
            ],
            [
              114.675293,
              35.56793
            ],
            [
              114.719238,
              35.550043
            ],
            [
              114.741211,
              35.514255
            ],
            [
              114.763184,
              35.478452
            ],
            [
              114.785156,
              35.442633
            ],
            [
              114.807129,
              35.406797
            ],
            [
              114.851074,
              35.370946
            ],
            [
              114.873047,
              35.335079
            ],
            [
              114.89502,
              35.299196
            ],
            [
              114.916992,
              35.263297
            ],
            [
              114.938965,
              35.227382
            ],
            [
              114.960938,
              35.17348
            ],
            [
              114.960938,
              35.119542
            ],
            [
              114.960938,
              35.065569
            ],
            [
              114.98291,
              35.011559
            ],
            [
              114.98291,
              34.957514
            ],
            [
              115.004883,
              34.921465
            ],
            [
              115.026855,
              34.885399
            ],
            [
              115.048828,
              34.831271
            ],
            [
              115.070801,
              34.795166
            ],
            [
              115.092773,
              34.740978
            ],
            [
              115.114746,
              34.686755
            ],
            [
              115.114746,
              34.632496
            ],
            [
              115.092773,
              34.596304
            ],
            [
              115.048828,
              34.578202
            ],
            [
              115.004883,
              34.560096
            ],
            [
              114.960938,
              34.541987
            ],
            [
              114.916992,
              34.523873
            ],
            [
              114.851074,
              34.523873
            ],
            [
              114.785156,
              34.523873
            ],
            [
              114.719238,
              34.523873
            ],
            [
              114.675293,
              34.541987
            ],
            [
              114.609375,
              34.541987
            ],
            [
              114.56543,
              34.560096
            ],
            [
              114.499512,
              34.578202
            ],
            [
              114.455566,
              34.596304
            ],
            [
              114.411621,
              34.614402
            ],
            [
              114.367676,
              34.632496
            ],
            [
              114.32373,
              34.668673
            ],
            [
              114.279785,
              34.686755
            ],
            [
              114.191895,
              34.704833
            ],
            [
              114.125977,
              34.704833
            ],
            [
              114.038086,
              34.704833
            ],
            [
              113.972168,
              34.704833
            ],
            [
              113.90625,
              34.704833
            ],
            [
              113.818359,
              34.704833
            ],
            [
              113.752441,
              34.704833
            ],
            [
              113.686523,
              34.704833
            ],
            [
              113.598633,
              34.704833
            ],
            [
              113.510742,
              34.704833
            ],
            [
              113.466797,
              34.686755
            ],
            [
              113.400879,
              34.668673
            ],
            [
              113.312988,
              34.650587
            ],
            [
              113.269043,
              34.632496
            ],
            [
              113.225098,
              34.614402
            ],
            [
              113.181152,
              34.596304
            ],
            [
              113.137207,
              34.578202
            ],
            [
              113.049316,
              34.560096
            ],
            [
              113.005371,
              34.541987
            ],
            [
              112.91748,
              34.541987
            ],
            [
              112.82959,
              34.523873
            ],
            [
              112.785645,
              34.505755
            ],
            [
              112.719727,
              34.505755
            ],
            [
              112.631836,
              34.487633
            ],
            [
              112.565918,
              34.469508
            ],
            [
              112.478027,
              34.469508
            ],
            [
              112.390137,
              34.451378
            ],
            [
              112.324219,
              34.451378
            ],
            [
              112.236328,
              34.433245
            ],
            [
              112.17041,
              34.433245
            ],
            [
              112.08252,
              34.415107
            ],
            [
              111.994629,
              34.415107
            ],
            [
              111.906738,
              34.396966
            ],
            [
              111.796875,
              34.396966
            ],
            [
              111.708984,
              34.396966
            ],
            [
              111.643066,
              34.396966
            ],
            [
              111.555176,
              34.378821
            ],
            [
              111.489258,
              34.378821
            ],
            [
              111.42334,
              34.378821
            ],
            [
              111.357422,
              34.378821
            ],
            [
              111.291504,
              34.378821
            ],
            [
              111.225586,
              34.378821
            ],
            [
              111.137695,
              34.378821
            ],
            [
              111.071777,
              34.378821
            ],
            [
              111.005859,
              34.378821
            ],
            [
              110.939941,
              34.378821
            ],
            [
              110.874023,
              34.378821
            ],
            [
              110.830078,
              34.396966
            ],
            [
              110.76416,
              34.396966
            ],
            [
              110.720215,
              34.378821
            ],
            [
              110.654297,
              34.378821
            ],
            [
              110.588379,
              34.378821
            ],
            [
              110.500488,
              34.378821
            ],
            [
              110.43457,
              34.378821
            ],
            [
              110.34668,
              34.396966
            ],
            [
              110.280762,
              34.415107
            ],
            [
              110.236816,
              34.433245
            ],
            [
              110.148926,
              34.433245
            ],
            [
              110.083008,
              34.451378
            ],
            [
              109.995117,
              34.451378
            ],
            [
              109.907227,
              34.451378
            ],
            [
              109.819336,
              34.451378
            ],
            [
              109.731445,
              34.451378
            ],
            [
              109.6875,
              34.433245
            ],
            [
              109.643555,
              34.415107
            ],
            [
              109.577637,
              34.396966
            ],
            [
              109.533691,
              34.360671
            ],
            [
              109.489746,
              34.342518
            ],
            [
              109.445801,
              34.324361
            ],
            [
              109.35791,
              34.288035
            ],
            [
              109.291992,
              34.269866
            ],
            [
              109.182129,
              34.251693
            ],
            [
              109.116211,
              34.233517
            ],
            [
              109.072266,
              34.215336
            ],
            [
              109.02832,
              34.197151
            ],
            [
              108.984375,
              34.178963
            ],
            [
              108.94043,
              34.16077
            ],
            [
              108.896484,
              34.142574
            ],
            [
              108.808594,
              34.124374
            ],
            [
              108.764648,
              34.10617
            ],
            [
              108.69873,
              34.06975
            ],
            [
              108.632813,
              34.051534
            ],
            [
              108.544922,
              34.033314
            ],
            [
              108.500977,
              34.01509
            ],
            [
              108.435059,
              33.996862
            ],
            [
              108.391113,
              33.978631
            ],
            [
              108.325195,
              33.978631
            ],
            [
              108.28125,
              33.960395
            ],
            [
              108.215332,
              33.960395
            ],
            [
              108.127441,
              33.942156
            ],
            [
              108.039551,
              33.942156
            ],
            [
              107.973633,
              33.923913
            ],
            [
              107.885742,
              33.905665
            ],
            [
              107.819824,
              33.905665
            ],
            [
              107.753906,
              33.905665
            ],
            [
              107.666016,
              33.923913
            ],
            [
              107.600098,
              33.942156
            ],
            [
              107.512207,
              33.942156
            ],
            [
              107.468262,
              33.960395
            ],
            [
              107.402344,
              33.960395
            ],
            [
              107.336426,
              33.960395
            ],
            [
              107.270508,
              33.978631
            ],
            [
              107.182617,
              33.978631
            ],
            [
              107.094727,
              33.978631
            ],
            [
              107.050781,
              33.996862
            ],
            [
              106.984863,
              33.996862
            ],
            [
              106.896973,
              33.996862
            ],
            [
              106.831055,
              33.996862
            ],
            [
              106.787109,
              34.01509
            ],
            [
              106.699219,
              34.01509
            ],
            [
              106.633301,
              33.996862
            ],
            [
              106.523438,
              33.996862
            ],
            [
              106.45752,
              33.978631
            ],
            [
              106.347656,
              33.978631
            ],
            [
              106.303711,
              33.960395
            ],
            [
              106.237793,
              33.960395
            ],
            [
              106.171875,
              33.960395
            ],
            [
              106.062012,
              33.960395
            ],
            [
              106.018066,
              33.978631
            ],
            [
              105.974121,
              34.01509
            ],
            [
              105.952148,
              34.051534
            ],
            [
              105.952148,
              34.10617
            ],
            [
              105.952148,
              34.16077
            ],
            [
              105.974121,
              34.197151
            ],
            [
              105.974121,
              34.251693
            ],
            [
              106.018066,
              34.288035
            ],
            [
              106.040039,
              34.324361
            ],
            [
              106.105957,
              34.360671
            ],
            [
              106.12793,
              34.396966
            ],
            [
              106.193848,
              34.433245
            ],
            [
              106.21582,
              34.469508
            ],
            [
              106.259766,
              34.487633
            ],
            [
              106.325684,
              34.505755
            ],
            [
              106.369629,
              34.541987
            ],
            [
              106.435547,
              34.596304
            ],
            [
              106.479492,
              34.614402
            ],
            [
              106.523438,
              34.632496
            ],
            [
              106.567383,
              34.650587
            ],
            [
              106.611328,
              34.668673
            ],
            [
              106.655273,
              34.704833
            ],
            [
              106.699219,
              34.740978
            ],
            [
              106.743164,
              34.759045
            ],
            [
              106.765137,
              34.795166
            ],
            [
              106.809082,
              34.831271
            ],
            [
              106.831055,
              34.86736
            ],
            [
              106.875,
              34.903434
            ],
            [
              106.896973,
              34.939491
            ],
            [
              106.940918,
              34.975533
            ],
            [
              106.962891,
              35.011559
            ],
            [
              107.006836,
              35.065569
            ],
            [
              107.050781,
              35.119542
            ],
            [
              107.072754,
              35.155505
            ],
            [
              107.094727,
              35.191451
            ],
            [
              107.116699,
              35.245342
            ],
            [
              107.116699,
              35.299196
            ],
            [
              107.138672,
              35.353015
            ],
            [
              107.138672,
              35.406797
            ],
            [
              107.138672,
              35.478452
            ],
            [
              107.138672,
              35.56793
            ],
            [
              107.138672,
              35.657309
            ],
            [
              107.138672,
              35.72874
            ],
            [
              107.116699,
              35.800107
            ],
            [
              107.094727,
              35.85359
            ],
            [
              107.094727,
              35.907037
            ],
            [
              107.072754,
              35.960448
            ],
            [
              107.028809,
              36.013823
            ],
            [
              107.006836,
              36.049386
            ],
            [
              106.962891,
              36.084933
            ],
            [
              106.940918,
              36.120464
            ],
            [
              106.896973,
              36.155979
            ],
            [
              106.853027,
              36.209222
            ],
            [
              106.787109,
              36.244697
            ],
            [
              106.743164,
              36.280155
            ],
            [
              106.721191,
              36.315598
            ],
            [
              106.677246,
              36.351024
            ],
            [
              106.633301,
              36.368732
            ],
            [
              106.567383,
              36.421829
            ],
            [
              106.501465,
              36.457207
            ],
            [
              106.435547,
              36.510244
            ],
            [
              106.369629,
              36.580904
            ],
            [
              106.325684,
              36.616209
            ],
            [
              106.303711,
              36.651499
            ],
            [
              106.303711,
              36.704402
            ],
            [
              106.347656,
              36.722029
            ],
            [
              106.413574,
              36.722029
            ],
            [
              106.45752,
              36.722029
            ],
            [
              106.303711,
              36.739651
            ]
          ]
        ]
      }
    },
    {
      "type": "Feature",
      "properties": {
        "NAME": "남량",
        "name": "남량",
        "color": "#ef4444",
        "fill": "#ef4444",
        "fill-opacity": 0.5,
        "stroke": "#ef4444",
        "stroke-width": 2,
        "originalType": "polygon"
      },
      "geometry": {
        "type": "Polygon",
        "coordinates": [
          [
            [
              106.347656,
              39.047125
            ],
            [
              106.303711,
              39.030046
            ],
            [
              106.259766,
              39.012963
            ],
            [
              106.21582,
              38.995876
            ],
            [
              106.149902,
              38.978785
            ],
            [
              106.083984,
              38.978785
            ],
            [
              106.040039,
              38.96169
            ],
            [
              105.996094,
              38.927487
            ],
            [
              105.952148,
              38.91038
            ],
            [
              105.908203,
              38.876152
            ],
            [
              105.864258,
              38.859033
            ],
            [
              105.820313,
              38.841909
            ],
            [
              105.776367,
              38.807648
            ],
            [
              105.732422,
              38.773371
            ],
            [
              105.710449,
              38.739078
            ],
            [
              105.666504,
              38.687607
            ],
            [
              105.622559,
              38.636099
            ],
            [
              105.600586,
              38.567364
            ],
            [
              105.600586,
              38.498563
            ],
            [
              105.578613,
              38.41247
            ],
            [
              105.578613,
              38.326274
            ],
            [
              105.578613,
              38.257243
            ],
            [
              105.600586,
              38.188147
            ],
            [
              105.622559,
              38.136281
            ],
            [
              105.622559,
              38.049757
            ],
            [
              105.622559,
              37.96313
            ],
            [
              105.644531,
              37.911105
            ],
            [
              105.666504,
              37.859043
            ],
            [
              105.666504,
              37.78957
            ],
            [
              105.688477,
              37.720032
            ],
            [
              105.710449,
              37.667835
            ],
            [
              105.710449,
              37.615601
            ],
            [
              105.732422,
              37.5459
            ],
            [
              105.732422,
              37.476133
            ],
            [
              105.776367,
              37.423764
            ],
            [
              105.79834,
              37.37136
            ],
            [
              105.820313,
              37.318918
            ],
            [
              105.842285,
              37.266441
            ],
            [
              105.864258,
              37.213926
            ],
            [
              105.88623,
              37.178896
            ],
            [
              105.908203,
              37.14385
            ],
            [
              105.952148,
              37.12632
            ],
            [
              105.996094,
              37.09125
            ],
            [
              106.062012,
              37.073708
            ],
            [
              106.105957,
              37.056163
            ],
            [
              106.171875,
              37.038613
            ],
            [
              106.21582,
              37.02106
            ],
            [
              106.281738,
              37.02106
            ],
            [
              106.347656,
              37.02106
            ],
            [
              106.391602,
              37.003502
            ],
            [
              106.435547,
              36.98594
            ],
            [
              106.479492,
              36.968375
            ],
            [
              106.523438,
              36.950805
            ],
            [
              106.567383,
              36.933231
            ],
            [
              106.633301,
              36.898071
            ],
            [
              106.677246,
              36.880485
            ],
            [
              106.743164,
              36.862895
            ],
            [
              106.831055,
              36.862895
            ],
            [
              106.875,
              36.845301
            ],
            [
              106.940918,
              36.827703
            ],
            [
              107.028809,
              36.827703
            ],
            [
              107.116699,
              36.810101
            ],
            [
              107.182617,
              36.810101
            ],
            [
              107.226563,
              36.827703
            ],
            [
              107.29248,
              36.827703
            ],
            [
              107.336426,
              36.810101
            ],
            [
              107.424316,
              36.810101
            ],
            [
              107.468262,
              36.792494
            ],
            [
              107.53418,
              36.774884
            ],
            [
              107.600098,
              36.75727
            ],
            [
              107.644043,
              36.739651
            ],
            [
              107.687988,
              36.722029
            ],
            [
              107.753906,
              36.704402
            ],
            [
              107.819824,
              36.704402
            ],
            [
              107.885742,
              36.686772
            ],
            [
              107.95166,
              36.669137
            ],
            [
              108.017578,
              36.651499
            ],
            [
              108.105469,
              36.651499
            ],
            [
              108.171387,
              36.651499
            ],
            [
              108.237305,
              36.651499
            ],
            [
              108.303223,
              36.651499
            ],
            [
              108.369141,
              36.669137
            ],
            [
              108.435059,
              36.669137
            ],
            [
              108.479004,
              36.686772
            ],
            [
              108.544922,
              36.686772
            ],
            [
              108.61084,
              36.686772
            ],
            [
              108.676758,
              36.686772
            ],
            [
              108.764648,
              36.704402
            ],
            [
              108.830566,
              36.704402
            ],
            [
              108.896484,
              36.704402
            ],
            [
              108.984375,
              36.704402
            ],
            [
              109.050293,
              36.704402
            ],
            [
              109.116211,
              36.704402
            ],
            [
              109.160156,
              36.722029
            ],
            [
              109.226074,
              36.739651
            ],
            [
              109.27002,
              36.774884
            ],
            [
              109.313965,
              36.792494
            ],
            [
              109.335938,
              36.845301
            ],
            [
              109.379883,
              36.880485
            ],
            [
              109.423828,
              36.915653
            ],
            [
              109.467773,
              36.933231
            ],
            [
              109.511719,
              36.950805
            ],
            [
              109.555664,
              36.968375
            ],
            [
              109.599609,
              36.98594
            ],
            [
              109.643555,
              37.003502
            ],
            [
              109.6875,
              37.02106
            ],
            [
              109.753418,
              37.02106
            ],
            [
              109.819336,
              37.038613
            ],
            [
              109.863281,
              37.056163
            ],
            [
              109.929199,
              37.073708
            ],
            [
              109.973145,
              37.09125
            ],
            [
              110.01709,
              37.12632
            ],
            [
              110.061035,
              37.161375
            ],
            [
              110.126953,
              37.196413
            ],
            [
              110.148926,
              37.231435
            ],
            [
              110.214844,
              37.24894
            ],
            [
              110.258789,
              37.266441
            ],
            [
              110.302734,
              37.30143
            ],
            [
              110.34668,
              37.336403
            ],
            [
              110.390625,
              37.353883
            ],
            [
              110.43457,
              37.37136
            ],
            [
              110.478516,
              37.388832
            ],
            [
              110.522461,
              37.423764
            ],
            [
              110.566406,
              37.458681
            ],
            [
              110.588379,
              37.49358
            ],
            [
              110.610352,
              37.528464
            ],
            [
              110.632324,
              37.580759
            ],
            [
              110.654297,
              37.633017
            ],
            [
              110.698242,
              37.667835
            ],
            [
              110.698242,
              37.720032
            ],
            [
              110.720215,
              37.772192
            ],
            [
              110.742188,
              37.841681
            ],
            [
              110.742188,
              37.893755
            ],
            [
              110.720215,
              37.96313
            ],
            [
              110.698242,
              37.997793
            ],
            [
              110.698242,
              38.049757
            ],
            [
              110.67627,
              38.084379
            ],
            [
              110.632324,
              38.118985
            ],
            [
              110.610352,
              38.153574
            ],
            [
              110.566406,
              38.170862
            ],
            [
              110.522461,
              38.188147
            ],
            [
              110.43457,
              38.188147
            ],
            [
              110.34668,
              38.205427
            ],
            [
              110.280762,
              38.205427
            ],
            [
              110.214844,
              38.222703
            ],
            [
              110.148926,
              38.222703
            ],
            [
              110.061035,
              38.239975
            ],
            [
              109.995117,
              38.239975
            ],
            [
              109.951172,
              38.274507
            ],
            [
              109.907227,
              38.291767
            ],
            [
              109.863281,
              38.326274
            ],
            [
              109.841309,
              38.378004
            ],
            [
              109.819336,
              38.44692
            ],
            [
              109.797363,
              38.481353
            ],
            [
              109.775391,
              38.51577
            ],
            [
              109.731445,
              38.55017
            ],
            [
              109.6875,
              38.567364
            ],
            [
              109.643555,
              38.584554
            ],
            [
              109.599609,
              38.60174
            ],
            [
              109.533691,
              38.60174
            ],
            [
              109.445801,
              38.584554
            ],
            [
              109.379883,
              38.567364
            ],
            [
              109.313965,
              38.567364
            ],
            [
              109.248047,
              38.55017
            ],
            [
              109.204102,
              38.532972
            ],
            [
              109.094238,
              38.51577
            ],
            [
              109.050293,
              38.498563
            ],
            [
              108.984375,
              38.481353
            ],
            [
              108.896484,
              38.481353
            ],
            [
              108.808594,
              38.481353
            ],
            [
              108.720703,
              38.481353
            ],
            [
              108.676758,
              38.498563
            ],
            [
              108.61084,
              38.498563
            ],
            [
              108.566895,
              38.51577
            ],
            [
              108.522949,
              38.532972
            ],
            [
              108.479004,
              38.55017
            ],
            [
              108.413086,
              38.567364
            ],
            [
              108.347168,
              38.567364
            ],
            [
              108.303223,
              38.584554
            ],
            [
              108.237305,
              38.584554
            ],
            [
              108.171387,
              38.618921
            ],
            [
              108.105469,
              38.618921
            ],
            [
              108.039551,
              38.636099
            ],
            [
              107.95166,
              38.636099
            ],
            [
              107.885742,
              38.636099
            ],
            [
              107.797852,
              38.636099
            ],
            [
              107.709961,
              38.636099
            ],
            [
              107.62207,
              38.653272
            ],
            [
              107.512207,
              38.670442
            ],
            [
              107.446289,
              38.687607
            ],
            [
              107.358398,
              38.704768
            ],
            [
              107.314453,
              38.739078
            ],
            [
              107.270508,
              38.773371
            ],
            [
              107.226563,
              38.790512
            ],
            [
              107.160645,
              38.82478
            ],
            [
              107.116699,
              38.859033
            ],
            [
              107.050781,
              38.876152
            ],
            [
              107.006836,
              38.893268
            ],
            [
              106.962891,
              38.91038
            ],
            [
              106.896973,
              38.91038
            ],
            [
              106.853027,
              38.944591
            ],
            [
              106.765137,
              38.96169
            ],
            [
              106.721191,
              38.978785
            ],
            [
              106.655273,
              38.978785
            ],
            [
              106.611328,
              39.012963
            ],
            [
              106.54541,
              39.012963
            ],
            [
              106.479492,
              39.012963
            ],
            [
              106.413574,
              39.030046
            ],
            [
              106.369629,
              39.047125
            ],
            [
              106.303711,
              39.047125
            ],
            [
              106.303711,
              39.047125
            ],
            [
              106.347656,
              39.047125
            ]
          ]
        ]
      }
    },
    {
      "type": "Feature",
      "properties": {
        "NAME": "북량",
        "name": "북량",
        "color": "#ef4444",
        "fill": "#ef4444",
        "fill-opacity": 0.5,
        "stroke": "#ef4444",
        "stroke-width": 2,
        "originalType": "polygon"
      },
      "geometry": {
        "type": "Polygon",
        "coordinates": [
          [
            [
              102.568359,
              38.807648
            ],
            [
              102.612305,
              38.773371
            ],
            [
              102.65625,
              38.756227
            ],
            [
              102.700195,
              38.739078
            ],
            [
              102.766113,
              38.721925
            ],
            [
              102.854004,
              38.704768
            ],
            [
              102.897949,
              38.670442
            ],
            [
              103.029785,
              38.636099
            ],
            [
              103.095703,
              38.636099
            ],
            [
              103.161621,
              38.636099
            ],
            [
              103.227539,
              38.636099
            ],
            [
              103.293457,
              38.636099
            ],
            [
              103.359375,
              38.653272
            ],
            [
              103.469238,
              38.653272
            ],
            [
              103.535156,
              38.653272
            ],
            [
              103.601074,
              38.670442
            ],
            [
              103.64502,
              38.687607
            ],
            [
              103.754883,
              38.704768
            ],
            [
              103.864746,
              38.721925
            ],
            [
              103.930664,
              38.721925
            ],
            [
              103.974609,
              38.739078
            ],
            [
              104.084473,
              38.756227
            ],
            [
              104.172363,
              38.773371
            ],
            [
              104.260254,
              38.773371
            ],
            [
              104.326172,
              38.807648
            ],
            [
              104.39209,
              38.82478
            ],
            [
              104.436035,
              38.841909
            ],
            [
              104.47998,
              38.859033
            ],
            [
              104.523926,
              38.893268
            ],
            [
              104.567871,
              38.927487
            ],
            [
              104.611816,
              38.944591
            ],
            [
              104.699707,
              38.96169
            ],
            [
              104.765625,
              38.978785
            ],
            [
              104.831543,
              38.978785
            ],
            [
              104.875488,
              38.995876
            ],
            [
              104.941406,
              39.012963
            ],
            [
              104.985352,
              39.030046
            ],
            [
              105.05127,
              39.047125
            ],
            [
              105.117188,
              39.047125
            ],
            [
              105.161133,
              39.030046
            ],
            [
              105.205078,
              39.012963
            ],
            [
              105.270996,
              38.995876
            ],
            [
              105.314941,
              38.978785
            ],
            [
              105.358887,
              38.944591
            ],
            [
              105.380859,
              38.91038
            ],
            [
              105.380859,
              38.859033
            ],
            [
              105.380859,
              38.807648
            ],
            [
              105.358887,
              38.773371
            ],
            [
              105.336914,
              38.721925
            ],
            [
              105.336914,
              38.670442
            ],
            [
              105.314941,
              38.636099
            ],
            [
              105.314941,
              38.584554
            ],
            [
              105.314941,
              38.51577
            ],
            [
              105.314941,
              38.464138
            ],
            [
              105.336914,
              38.395239
            ],
            [
              105.336914,
              38.343521
            ],
            [
              105.336914,
              38.291767
            ],
            [
              105.358887,
              38.239975
            ],
            [
              105.358887,
              38.188147
            ],
            [
              105.358887,
              38.136281
            ],
            [
              105.380859,
              38.084379
            ],
            [
              105.380859,
              38.03244
            ],
            [
              105.402832,
              37.997793
            ],
            [
              105.402832,
              37.945793
            ],
            [
              105.424805,
              37.911105
            ],
            [
              105.424805,
              37.859043
            ],
            [
              105.446777,
              37.806945
            ],
            [
              105.46875,
              37.772192
            ],
            [
              105.490723,
              37.720032
            ],
            [
              105.490723,
              37.667835
            ],
            [
              105.512695,
              37.615601
            ],
            [
              105.512695,
              37.563331
            ],
            [
              105.534668,
              37.528464
            ],
            [
              105.556641,
              37.49358
            ],
            [
              105.578613,
              37.458681
            ],
            [
              105.578613,
              37.4063
            ],
            [
              105.622559,
              37.37136
            ],
            [
              105.644531,
              37.336403
            ],
            [
              105.666504,
              37.30143
            ],
            [
              105.666504,
              37.24894
            ],
            [
              105.666504,
              37.196413
            ],
            [
              105.600586,
              37.196413
            ],
            [
              105.556641,
              37.213926
            ],
            [
              105.512695,
              37.231435
            ],
            [
              105.46875,
              37.24894
            ],
            [
              105.424805,
              37.283937
            ],
            [
              105.380859,
              37.30143
            ],
            [
              105.336914,
              37.318918
            ],
            [
              105.292969,
              37.336403
            ],
            [
              105.249023,
              37.353883
            ],
            [
              105.161133,
              37.353883
            ],
            [
              105.095215,
              37.353883
            ],
            [
              105.029297,
              37.353883
            ],
            [
              104.963379,
              37.353883
            ],
            [
              104.853516,
              37.336403
            ],
            [
              104.787598,
              37.318918
            ],
            [
              104.72168,
              37.318918
            ],
            [
              104.655762,
              37.30143
            ],
            [
              104.589844,
              37.283937
            ],
            [
              104.523926,
              37.283937
            ],
            [
              104.47998,
              37.266441
            ],
            [
              104.370117,
              37.266441
            ],
            [
              104.304199,
              37.24894
            ],
            [
              104.216309,
              37.24894
            ],
            [
              104.106445,
              37.24894
            ],
            [
              104.040527,
              37.24894
            ],
            [
              103.996582,
              37.266441
            ],
            [
              103.952637,
              37.283937
            ],
            [
              103.886719,
              37.30143
            ],
            [
              103.820801,
              37.30143
            ],
            [
              103.754883,
              37.318918
            ],
            [
              103.666992,
              37.336403
            ],
            [
              103.623047,
              37.353883
            ],
            [
              103.579102,
              37.37136
            ],
            [
              103.469238,
              37.37136
            ],
            [
              103.40332,
              37.37136
            ],
            [
              103.359375,
              37.388832
            ],
            [
              103.293457,
              37.388832
            ],
            [
              103.205566,
              37.388832
            ],
            [
              103.117676,
              37.4063
            ],
            [
              103.051758,
              37.4063
            ],
            [
              102.98584,
              37.423764
            ],
            [
              102.919922,
              37.423764
            ],
            [
              102.854004,
              37.423764
            ],
            [
              102.810059,
              37.441225
            ],
            [
              102.722168,
              37.441225
            ],
            [
              102.65625,
              37.441225
            ],
            [
              102.590332,
              37.441225
            ],
            [
              102.524414,
              37.441225
            ],
            [
              102.458496,
              37.441225
            ],
            [
              102.370605,
              37.441225
            ],
            [
              102.32666,
              37.423764
            ],
            [
              102.260742,
              37.423764
            ],
            [
              102.194824,
              37.4063
            ],
            [
              102.150879,
              37.388832
            ],
            [
              102.084961,
              37.37136
            ],
            [
              102.019043,
              37.353883
            ],
            [
              101.975098,
              37.336403
            ],
            [
              101.931152,
              37.318918
            ],
            [
              101.887207,
              37.30143
            ],
            [
              101.821289,
              37.283937
            ],
            [
              101.755371,
              37.266441
            ],
            [
              101.689453,
              37.266441
            ],
            [
              101.623535,
              37.283937
            ],
            [
              101.535645,
              37.318918
            ],
            [
              101.491699,
              37.336403
            ],
            [
              101.403809,
              37.353883
            ],
            [
              101.359863,
              37.37136
            ],
            [
              101.315918,
              37.388832
            ],
            [
              101.271973,
              37.423764
            ],
            [
              101.228027,
              37.441225
            ],
            [
              101.206055,
              37.476133
            ],
            [
              101.228027,
              37.511024
            ],
            [
              101.228027,
              37.563331
            ],
            [
              101.25,
              37.598182
            ],
            [
              101.25,
              37.650428
            ],
            [
              101.271973,
              37.685238
            ],
            [
              101.293945,
              37.720032
            ],
            [
              101.315918,
              37.754809
            ],
            [
              101.337891,
              37.78957
            ],
            [
              101.359863,
              37.824315
            ],
            [
              101.381836,
              37.859043
            ],
            [
              101.403809,
              37.893755
            ],
            [
              101.425781,
              37.928451
            ],
            [
              101.469727,
              37.945793
            ],
            [
              101.513672,
              37.96313
            ],
            [
              101.557617,
              37.980464
            ],
            [
              101.601563,
              37.997793
            ],
            [
              101.645508,
              38.015119
            ],
            [
              101.689453,
              38.03244
            ],
            [
              101.777344,
              38.049757
            ],
            [
              101.865234,
              38.06707
            ],
            [
              101.90918,
              38.084379
            ],
            [
              101.953125,
              38.118985
            ],
            [
              101.99707,
              38.136281
            ],
            [
              102.041016,
              38.153574
            ],
            [
              102.062988,
              38.188147
            ],
            [
              102.106934,
              38.222703
            ],
            [
              102.128906,
              38.257243
            ],
            [
              102.172852,
              38.309022
            ],
            [
              102.194824,
              38.343521
            ],
            [
              102.23877,
              38.395239
            ],
            [
              102.282715,
              38.429697
            ],
            [
              102.304688,
              38.464138
            ],
            [
              102.348633,
              38.498563
            ],
            [
              102.392578,
              38.532972
            ],
            [
              102.414551,
              38.567364
            ],
            [
              102.458496,
              38.584554
            ],
            [
              102.480469,
              38.618921
            ],
            [
              102.502441,
              38.670442
            ],
            [
              102.524414,
              38.704768
            ],
            [
              102.524414,
              38.756227
            ],
            [
              102.546387,
              38.790512
            ],
            [
              102.590332,
              38.807648
            ],
            [
              102.612305,
              38.807648
            ],
            [
              102.568359,
              38.807648
            ]
          ]
        ]
      }
    },
    {
      "type": "Feature",
      "properties": {
        "NAME": "고구려",
        "name": "406-409",
        "color": "#ef4444",
        "fill": "#ef4444",
        "fill-opacity": 0.5,
        "stroke": "#ef4444",
        "stroke-width": 2,
        "originalType": "polyline"
      },
      "geometry": {
        "type": "Polygon",
        "coordinates": [
          [
            [
              121.42089843750001,
              40.85479241568745
            ],
            [
              121.42089843750001,
              40.95450405409706
            ],
            [
              121.42089843750001,
              41.05406531599918
            ],
            [
              121.42089843750001,
              41.15347612800673
            ],
            [
              121.46484375000001,
              41.219666384034305
            ],
            [
              121.46484375000001,
              41.31882628835752
            ],
            [
              121.50878906250001,
              41.384849208593735
            ],
            [
              121.50878906250001,
              41.48375801558275
            ],
            [
              121.50878906250001,
              41.58251607680463
            ],
            [
              121.50878906250001,
              41.68112332904837
            ],
            [
              121.50878906250001,
              41.77957971098757
            ],
            [
              121.50878906250001,
              41.87788516317309
            ],
            [
              121.46484375000001,
              41.9433382529226
            ],
            [
              121.42089843750001,
              42.0087242205519
            ],
            [
              121.37695312500001,
              42.10667728260965
            ],
            [
              121.33300781250001,
              42.20447923021132
            ],
            [
              121.28906250000001,
              42.302130011955796
            ],
            [
              121.2451171875,
              42.367146527535574
            ],
            [
              121.15722656250001,
              42.43209582199036
            ],
            [
              121.06933593750001,
              42.46454525694644
            ],
            [
              120.98144531250001,
              42.5293936938139
            ],
            [
              120.89355468750001,
              42.594174875547075
            ],
            [
              120.80566406250001,
              42.62654024166923
            ],
            [
              120.71777343750001,
              42.69122051648171
            ],
            [
              120.6298828125,
              42.72353542206169
            ],
            [
              120.58593750000001,
              42.78811476195987
            ],
            [
              120.49804687500001,
              42.852626796955334
            ],
            [
              120.41015625000001,
              42.884857571489874
            ],
            [
              120.32226562500001,
              42.94926862757622
            ],
            [
              120.27832031250001,
              43.013612350534046
            ],
            [
              120.19042968750001,
              43.11000166210011
            ],
            [
              120.10253906250001,
              43.17417700630168
            ],
            [
              120.0146484375,
              43.23828498154448
            ],
            [
              119.97070312500001,
              43.302325578375786
            ],
            [
              119.88281250000001,
              43.36629878768975
            ],
            [
              119.79492187500001,
              43.39826011927669
            ],
            [
              119.70703125000001,
              43.430204600726235
            ],
            [
              119.61914062500001,
              43.494043009069976
            ],
            [
              119.53125000000001,
              43.55781400464938
            ],
            [
              119.44335937500001,
              43.62151757973568
            ],
            [
              119.35546875000001,
              43.65334408227212
            ],
            [
              119.26757812500001,
              43.68515372694178
            ],
            [
              119.22363281250001,
              43.74872243922133
            ],
            [
              119.13574218750001,
              43.8122237098676
            ],
            [
              119.09179687500001,
              43.875657532512584
            ],
            [
              119.00390625000001,
              43.93902390112584
            ],
            [
              118.95996093750001,
              44.002322810013595
            ],
            [
              118.95996093750001,
              44.128718227514284
            ],
            [
              118.91601562500001,
              44.19181472641345
            ],
            [
              118.87207031250001,
              44.254843746157455
            ],
            [
              118.87207031250001,
              44.3492607436407
            ],
            [
              118.82812500000001,
              44.41212104860493
            ],
            [
              118.82812500000001,
              44.506284958009246
            ],
            [
              118.82812500000001,
              44.60029700150845
            ],
            [
              118.82812500000001,
              44.69415717132996
            ],
            [
              118.87207031250001,
              44.756646240518386
            ],
            [
              118.91601562500001,
              44.850253274733255
            ],
            [
              118.91601562500001,
              44.943708422560185
            ],
            [
              119.00390625000001,
              44.97482638561717
            ],
            [
              119.09179687500001,
              45.03701168221672
            ],
            [
              119.17968750000001,
              45.068079015766884
            ],
            [
              119.31152343750001,
              45.068079015766884
            ],
            [
              119.44335937500001,
              45.068079015766884
            ],
            [
              119.57519531250001,
              45.068079015766884
            ],
            [
              119.70703125000001,
              45.03701168221672
            ],
            [
              119.83886718750001,
              45.03701168221672
            ],
            [
              119.92675781250001,
              45.005927472171386
            ],
            [
              120.0146484375,
              44.943708422560185
            ],
            [
              120.10253906250001,
              44.912573583026564
            ],
            [
              120.19042968750001,
              44.88142186706226
            ],
            [
              120.27832031250001,
              44.850253274733255
            ],
            [
              120.41015625000001,
              44.850253274733255
            ],
            [
              120.54199218750001,
              44.850253274733255
            ],
            [
              120.6298828125,
              44.81906780612559
            ],
            [
              120.71777343750001,
              44.78786546134528
            ],
            [
              120.80566406250001,
              44.756646240518386
            ],
            [
              120.89355468750001,
              44.72541014379118
            ],
            [
              120.98144531250001,
              44.69415717132996
            ],
            [
              121.06933593750001,
              44.631600599971755
            ],
            [
              121.15722656250001,
              44.60029700150845
            ],
            [
              121.2451171875,
              44.53763918024952
            ],
            [
              121.33300781250001,
              44.506284958009246
            ],
            [
              121.42089843750001,
              44.47491386176591
            ],
            [
              121.55273437500001,
              44.44352589184815
            ],
            [
              121.64062500000001,
              44.41212104860493
            ],
            [
              121.81640625000001,
              44.41212104860493
            ],
            [
              121.94824218750001,
              44.41212104860493
            ],
            [
              122.08007812500001,
              44.41212104860493
            ],
            [
              122.25585937500001,
              44.41212104860493
            ],
            [
              122.34375000000001,
              44.44352589184815
            ],
            [
              122.4755859375,
              44.44352589184815
            ],
            [
              122.56347656250001,
              44.47491386176591
            ],
            [
              122.65136718750001,
              44.506284958009246
            ],
            [
              122.73925781250001,
              44.53763918024952
            ],
            [
              122.82714843750001,
              44.56897652817853
            ],
            [
              122.91503906250001,
              44.60029700150845
            ],
            [
              123.00292968750001,
              44.631600599971755
            ],
            [
              123.0908203125,
              44.69415717132996
            ],
            [
              123.22265625000001,
              44.72541014379118
            ],
            [
              123.31054687500001,
              44.756646240518386
            ],
            [
              123.44238281250001,
              44.78786546134528
            ],
            [
              123.57421875000001,
              44.78786546134528
            ],
            [
              123.66210937500001,
              44.81906780612559
            ],
            [
              123.79394531250001,
              44.81906780612559
            ],
            [
              123.92578125000001,
              44.850253274733255
            ],
            [
              124.10156250000001,
              44.850253274733255
            ],
            [
              124.23339843750001,
              44.850253274733255
            ],
            [
              124.36523437500001,
              44.850253274733255
            ],
            [
              124.49707031250001,
              44.88142186706226
            ],
            [
              124.67285156250001,
              44.88142186706226
            ],
            [
              124.84863281250001,
              44.88142186706226
            ],
            [
              124.98046875000001,
              44.912573583026564
            ],
            [
              125.06835937500001,
              44.943708422560185
            ],
            [
              125.24414062500001,
              44.943708422560185
            ],
            [
              125.37597656250001,
              44.943708422560185
            ],
            [
              125.46386718750001,
              44.97482638561717
            ],
            [
              125.59570312500001,
              45.03701168221672
            ],
            [
              125.72753906250001,
              45.068079015766884
            ],
            [
              125.85937500000001,
              45.13016305353573
            ],
            [
              125.99121093750001,
              45.16117975788096
            ],
            [
              126.07910156250001,
              45.19217958598405
            ],
            [
              126.25488281250001,
              45.19217958598405
            ],
            [
              126.34277343750001,
              45.22316253795756
            ],
            [
              126.51855468750001,
              45.254128613933865
            ],
            [
              126.69433593750001,
              45.254128613933865
            ],
            [
              126.82617187500001,
              45.285077814064884
            ],
            [
              126.95800781250001,
              45.285077814064884
            ],
            [
              127.13378906250001,
              45.285077814064884
            ],
            [
              127.26562500000001,
              45.285077814064884
            ],
            [
              127.39746093750001,
              45.285077814064884
            ],
            [
              127.52929687500001,
              45.316010138522216
            ],
            [
              127.66113281250001,
              45.316010138522216
            ],
            [
              127.79296875000001,
              45.316010138522216
            ],
            [
              127.88085937500001,
              45.34692558749703
            ],
            [
              128.01269531250003,
              45.34692558749703
            ],
            [
              128.14453125000003,
              45.34692558749703
            ],
            [
              128.27636718750003,
              45.34692558749703
            ],
            [
              128.40820312500003,
              45.3778241612
            ],
            [
              128.54003906250003,
              45.4087058598614
            ],
            [
              128.67187500000003,
              45.4087058598614
            ],
            [
              128.80371093750003,
              45.43957068373091
            ],
            [
              128.89160156250003,
              45.4704186330778
            ],
            [
              129.06738281250003,
              45.4704186330778
            ],
            [
              129.15527343750003,
              45.50124970819062
            ],
            [
              129.24316406250003,
              45.53206390937736
            ],
            [
              129.41894531250003,
              45.53206390937736
            ],
            [
              129.59472656250003,
              45.53206390937736
            ],
            [
              129.72656250000003,
              45.562861236965404
            ],
            [
              129.81445312500003,
              45.59364169130143
            ],
            [
              129.94628906250003,
              45.59364169130143
            ],
            [
              130.03417968750003,
              45.62440527275142
            ],
            [
              130.12207031250003,
              45.65515198170059
            ],
            [
              130.20996093750003,
              45.71659478373363
            ],
            [
              130.34179687500003,
              45.777970100866476
            ],
            [
              130.42968750000003,
              45.80863245376219
            ],
            [
              130.56152343750003,
              45.86990655071272
            ],
            [
              130.69335937500003,
              45.900518295824874
            ],
            [
              130.78125000000003,
              45.931113172764846
            ],
            [
              130.82519531250003,
              45.99225232445137
            ],
            [
              130.91308593750003,
              46.053324010607504
            ],
            [
              130.95703125000003,
              46.11432823636999
            ],
            [
              131.00097656250003,
              46.175265007175874
            ],
            [
              131.08886718750003,
              46.23613432876163
            ],
            [
              131.13281250000003,
              46.296936207161984
            ],
            [
              131.22070312500003,
              46.35767064870905
            ],
            [
              131.26464843750003,
              46.41833766003105
            ],
            [
              131.35253906250003,
              46.478937248051515
            ],
            [
              131.44042968750003,
              46.53946941998809
            ],
            [
              131.57226562500003,
              46.59993418335157
            ],
            [
              131.70410156250003,
              46.660331545944814
            ],
            [
              131.74804687500003,
              46.720661515861785
            ],
            [
              131.83593750000003,
              46.75080123117534
            ],
            [
              131.87988281250003,
              46.81103012788808
            ],
            [
              131.96777343750003,
              46.87119165342589
            ],
            [
              132.05566406250003,
              46.93128581689321
            ],
            [
              132.14355468750003,
              46.96130764077387
            ],
            [
              132.18750000000003,
              47.021300778832426
            ],
            [
              132.27539062500003,
              47.0512720954649
            ],
            [
              132.36328125000003,
              47.11116423020592
            ],
            [
              132.40722656250003,
              47.170989042147674
            ],
            [
              132.45117187500003,
              47.230746541816075
            ],
            [
              132.53906250000003,
              47.290436740018386
            ],
            [
              132.58300781250003,
              47.37984587140283
            ],
            [
              132.62695312500003,
              47.43936786505738
            ],
            [
              132.71484375000003,
              47.46910363809686
            ],
            [
              132.80273437500003,
              47.5285247440945
            ],
            [
              132.89062500000003,
              47.55821008010211
            ],
            [
              132.97851562500003,
              47.58787860684388
            ],
            [
              133.11035156250003,
              47.55821008010211
            ],
            [
              133.19824218750003,
              47.5285247440945
            ],
            [
              133.28613281250003,
              47.49882259727053
            ],
            [
              133.37402343750003,
              47.43936786505738
            ],
            [
              133.46191406250003,
              47.37984587140283
            ],
            [
              133.50585937500003,
              47.32025660452363
            ],
            [
              133.54980468750003,
              47.26060005291409
            ],
            [
              133.63769531250003,
              47.200876205347164
            ],
            [
              133.63769531250003,
              47.11116423020592
            ],
            [
              133.63769531250003,
              47.021300778832426
            ],
            [
              133.63769531250003,
              46.90124715483813
            ],
            [
              133.63769531250003,
              46.81103012788808
            ],
            [
              133.63769531250003,
              46.720661515861785
            ],
            [
              133.63769531250003,
              46.630141289245415
            ],
            [
              133.59375000000003,
              46.56971022726061
            ],
            [
              133.54980468750003,
              46.50921176056774
            ],
            [
              133.50585937500003,
              46.38801258272237
            ],
            [
              133.46191406250003,
              46.32731185713485
            ],
            [
              133.41796875000003,
              46.20570809875108
            ],
            [
              133.37402343750003,
              46.11432823636999
            ],
            [
              133.33007812500003,
              46.02279660040674
            ],
            [
              133.28613281250003,
              45.900518295824874
            ],
            [
              133.24218750000003,
              45.80863245376219
            ],
            [
              133.24218750000003,
              45.71659478373363
            ],
            [
              133.19824218750003,
              45.62440527275142
            ],
            [
              133.19824218750003,
              45.53206390937736
            ],
            [
              133.19824218750003,
              45.43957068373091
            ],
            [
              133.19824218750003,
              45.34692558749703
            ],
            [
              133.19824218750003,
              45.22316253795756
            ],
            [
              133.19824218750003,
              45.13016305353573
            ],
            [
              133.19824218750003,
              45.005927472171386
            ],
            [
              133.19824218750003,
              44.912573583026564
            ],
            [
              133.19824218750003,
              44.81906780612559
            ],
            [
              133.15429687500003,
              44.756646240518386
            ],
            [
              133.15429687500003,
              44.66288732332123
            ],
            [
              133.15429687500003,
              44.53763918024952
            ],
            [
              133.19824218750003,
              44.47491386176591
            ],
            [
              133.19824218750003,
              44.380699332405804
            ],
            [
              133.19824218750003,
              44.28633295007516
            ],
            [
              133.24218750000003,
              44.19181472641345
            ],
            [
              133.24218750000003,
              44.06555425381764
            ],
            [
              133.24218750000003,
              43.970681788378165
            ],
            [
              133.28613281250003,
              43.90734914893692
            ],
            [
              133.28613281250003,
              43.8122237098676
            ],
            [
              133.33007812500003,
              43.74872243922133
            ],
            [
              133.33007812500003,
              43.65334408227212
            ],
            [
              133.37402343750003,
              43.55781400464938
            ],
            [
              133.37402343750003,
              43.4621322309972
            ],
            [
              133.41796875000003,
              43.39826011927669
            ],
            [
              133.41796875000003,
              43.302325578375786
            ],
            [
              133.41796875000003,
              43.20623941564185
            ],
            [
              133.41796875000003,
              43.11000166210011
            ],
            [
              133.41796875000003,
              43.013612350534046
            ],
            [
              133.41796875000003,
              42.917071515493234
            ],
            [
              133.41796875000003,
              42.820379193300916
            ],
            [
              133.33007812500003,
              42.755833504387624
            ],
            [
              133.24218750000003,
              42.69122051648171
            ],
            [
              133.15429687500003,
              42.65888878916953
            ],
            [
              133.02246093750003,
              42.65888878916953
            ],
            [
              132.89062500000003,
              42.65888878916953
            ],
            [
              132.80273437500003,
              42.69122051648171
            ],
            [
              132.67089843750003,
              42.72353542206169
            ],
            [
              132.58300781250003,
              42.755833504387624
            ],
            [
              132.49511718750003,
              42.78811476195987
            ],
            [
              132.31933593750003,
              42.820379193300916
            ],
            [
              132.23144531250003,
              42.852626796955334
            ],
            [
              132.14355468750003,
              42.884857571489874
            ],
            [
              132.01171875000003,
              42.884857571489874
            ],
            [
              131.87988281250003,
              42.884857571489874
            ],
            [
              131.79199218750003,
              42.852626796955334
            ],
            [
              131.70410156250003,
              42.820379193300916
            ],
            [
              131.57226562500003,
              42.78811476195987
            ],
            [
              131.48437500000003,
              42.755833504387624
            ],
            [
              131.39648437500003,
              42.72353542206169
            ],
            [
              131.30859375000003,
              42.69122051648171
            ],
            [
              131.22070312500003,
              42.65888878916953
            ],
            [
              131.13281250000003,
              42.594174875547075
            ],
            [
              131.04492187500003,
              42.56179269239168
            ],
            [
              131.00097656250003,
              42.49697788144695
            ],
            [
              130.91308593750003,
              42.46454525694644
            ],
            [
              130.86914062500003,
              42.399629578279104
            ],
            [
              130.78125000000003,
              42.367146527535574
            ],
            [
              130.69335937500003,
              42.302130011955796
            ],
            [
              130.60546875000003,
              42.23704628948451
            ],
            [
              130.51757812500003,
              42.20447923021132
            ],
            [
              130.42968750000003,
              42.139294724881545
            ],
            [
              130.34179687500003,
              42.07404304982747
            ],
            [
              130.25390625000003,
              42.041392028484196
            ],
            [
              130.20996093750003,
              41.976039628025454
            ],
            [
              130.12207031250003,
              41.9433382529226
            ],
            [
              130.03417968750003,
              41.91062009728395
            ],
            [
              129.99023437500003,
              41.84513345267655
            ],
            [
              129.99023437500003,
              41.74677768408324
            ],
            [
              130.03417968750003,
              41.68112332904837
            ],
            [
              129.99023437500003,
              41.61540192050618
            ],
            [
              129.99023437500003,
              41.51669412201345
            ],
            [
              129.99023437500003,
              41.41783555647339
            ],
            [
              130.03417968750003,
              41.3518461184024
            ],
            [
              129.99023437500003,
              41.252736418656625
            ],
            [
              129.99023437500003,
              41.15347612800673
            ],
            [
              129.94628906250003,
              41.08721897355851
            ],
            [
              129.85839843750003,
              41.05406531599918
            ],
            [
              129.72656250000003,
              40.95450405409706
            ],
            [
              129.63867187500003,
              40.88804633238202
            ],
            [
              129.55078125000003,
              40.85479241568745
            ],
            [
              129.46289062500003,
              40.82152179884474
            ],
            [
              129.37500000000003,
              40.78823448469134
            ],
            [
              129.28710937500003,
              40.75493047608849
            ],
            [
              129.19921875000003,
              40.688272387099914
            ],
            [
              129.11132812500003,
              40.65491831255692
            ],
            [
              129.02343750000003,
              40.62154755525002
            ],
            [
              128.93554687500003,
              40.58816011816086
            ],
            [
              128.84765625000003,
              40.5213352166827
            ],
            [
              128.75976562500003,
              40.45444363245843
            ],
            [
              128.62792968750003,
              40.42097284202748
            ],
            [
              128.58398437500003,
              40.35398128016234
            ],
            [
              128.45214843750003,
              40.32046051505485
            ],
            [
              128.36425781250003,
              40.28692309808918
            ],
            [
              128.27636718750003,
              40.2533690324896
            ],
            [
              128.18847656250003,
              40.2197983215049
            ],
            [
              128.10058593750003,
              40.15260697649743
            ],
            [
              128.01269531250003,
              40.11898634909456
            ],
            [
              127.96875000000001,
              40.05169520122455
            ],
            [
              127.92480468750001,
              39.98433755186749
            ],
            [
              127.88085937500001,
              39.916913428487014
            ],
            [
              127.83691406250001,
              39.84942285894171
            ],
            [
              127.83691406250001,
              39.748062479980526
            ],
            [
              127.79296875000001,
              39.68040591950632
            ],
            [
              127.74902343750001,
              39.61268301349764
            ],
            [
              127.74902343750001,
              39.51097432157219
            ],
            [
              127.79296875000001,
              39.40911652074798
            ],
            [
              127.83691406250001,
              39.34112853308916
            ],
            [
              127.88085937500001,
              39.27307435214742
            ],
            [
              127.96875000000001,
              39.204954009580845
            ],
            [
              128.05664062500003,
              39.136767537452165
            ],
            [
              128.10058593750003,
              39.068514968229685
            ],
            [
              128.14453125000003,
              39.00019633478829
            ],
            [
              128.23242187500003,
              38.93181167041007
            ],
            [
              128.32031250000003,
              38.86336100878544
            ],
            [
              128.36425781250003,
              38.794844384013885
            ],
            [
              128.40820312500003,
              38.72626183060494
            ],
            [
              128.45214843750003,
              38.65761338347898
            ],
            [
              128.49609375000003,
              38.58889907796811
            ],
            [
              128.58398437500003,
              38.554517239472425
            ],
            [
              128.62792968750003,
              38.45127303518411
            ],
            [
              128.67187500000003,
              38.34788089369693
            ],
            [
              128.75976562500003,
              38.27887067377242
            ],
            [
              128.80371093750003,
              38.20979479718818
            ],
            [
              128.84765625000003,
              38.14065330197367
            ],
            [
              128.93554687500003,
              38.036818108438915
            ],
            [
              128.97949218750003,
              37.967512735773965
            ],
            [
              129.06738281250003,
              37.89814188088038
            ],
            [
              129.11132812500003,
              37.82870558367609
            ],
            [
              129.19921875000003,
              37.75920388450083
            ],
            [
              129.24316406250003,
              37.689636824117066
            ],
            [
              129.28710937500003,
              37.620004443710954
            ],
            [
              129.37500000000003,
              37.550306784892925
            ],
            [
              129.41894531250003,
              37.480543889698744
            ],
            [
              129.46289062500003,
              37.41071580059008
            ],
            [
              129.41894531250003,
              37.34082256045555
            ],
            [
              129.33105468750003,
              37.30585152227314
            ],
            [
              129.24316406250003,
              37.27086421261128
            ],
            [
              129.11132812500003,
              37.27086421261128
            ],
            [
              129.02343750000003,
              37.23586063695146
            ],
            [
              128.93554687500003,
              37.200840800801956
            ],
            [
              128.80371093750003,
              37.16580470969793
            ],
            [
              128.67187500000003,
              37.13075236920141
            ],
            [
              128.58398437500003,
              37.09568378490129
            ],
            [
              128.45214843750003,
              37.060598962413515
            ],
            [
              128.32031250000003,
              37.060598962413515
            ],
            [
              128.27636718750003,
              37.13075236920141
            ],
            [
              128.23242187500003,
              37.200840800801956
            ],
            [
              128.18847656250003,
              37.30585152227314
            ],
            [
              128.18847656250003,
              37.41071580059008
            ],
            [
              128.14453125000003,
              37.480543889698744
            ],
            [
              128.10058593750003,
              37.550306784892925
            ],
            [
              127.96875000000001,
              37.550306784892925
            ],
            [
              127.83691406250001,
              37.550306784892925
            ],
            [
              127.74902343750001,
              37.51543348919899
            ],
            [
              127.61718750000001,
              37.51543348919899
            ],
            [
              127.48535156250001,
              37.480543889698744
            ],
            [
              127.35351562500001,
              37.44563799171319
            ],
            [
              127.26562500000001,
              37.41071580059008
            ],
            [
              127.13378906250001,
              37.41071580059008
            ],
            [
              127.04589843750001,
              37.37577732170383
            ],
            [
              126.91406250000001,
              37.37577732170383
            ],
            [
              126.78222656250001,
              37.37577732170383
            ],
            [
              126.65039062500001,
              37.37577732170383
            ],
            [
              126.60644531250001,
              37.44563799171319
            ],
            [
              126.56250000000001,
              37.51543348919899
            ],
            [
              126.56250000000001,
              37.620004443710954
            ],
            [
              126.56250000000001,
              37.72442852189582
            ],
            [
              126.60644531250001,
              37.79396290679709
            ],
            [
              126.56250000000001,
              37.89814188088038
            ],
            [
              126.43066406250001,
              37.89814188088038
            ],
            [
              126.29882812500001,
              37.863431910055766
            ],
            [
              126.16699218750001,
              37.82870558367609
            ],
            [
              126.03515625000001,
              37.79396290679709
            ],
            [
              125.94726562500001,
              37.75920388450083
            ],
            [
              125.81542968750001,
              37.75920388450083
            ],
            [
              125.72753906250001,
              37.72442852189582
            ],
            [
              125.59570312500001,
              37.689636824117066
            ],
            [
              125.46386718750001,
              37.689636824117066
            ],
            [
              125.33203125000001,
              37.654828796326115
            ],
            [
              125.20019531250001,
              37.654828796326115
            ],
            [
              125.11230468750001,
              37.689636824117066
            ],
            [
              125.02441406250001,
              37.72442852189582
            ],
            [
              124.93652343750001,
              37.75920388450083
            ],
            [
              124.84863281250001,
              37.79396290679709
            ],
            [
              124.80468750000001,
              37.863431910055766
            ],
            [
              124.71679687500001,
              37.93283549112077
            ],
            [
              124.62890625000001,
              38.00217360986342
            ],
            [
              124.62890625000001,
              38.106057959378596
            ],
            [
              124.62890625000001,
              38.20979479718818
            ],
            [
              124.67285156250001,
              38.27887067377242
            ],
            [
              124.67285156250001,
              38.416825419349614
            ],
            [
              124.71679687500001,
              38.48570421353477
            ],
            [
              124.76074218750001,
              38.554517239472425
            ],
            [
              124.80468750000001,
              38.62326446079728
            ],
            [
              124.84863281250001,
              38.69194584155797
            ],
            [
              124.89257812500001,
              38.794844384013885
            ],
            [
              124.93652343750001,
              38.86336100878544
            ],
            [
              124.98046875000001,
              38.966012254370206
            ],
            [
              125.02441406250001,
              39.0343639074658
            ],
            [
              125.06835937500001,
              39.10264951293251
            ],
            [
              125.11230468750001,
              39.204954009580845
            ],
            [
              125.11230468750001,
              39.307109714809506
            ],
            [
              125.15625000000001,
              39.375130803041785
            ],
            [
              125.15625000000001,
              39.4770382838696
            ],
            [
              125.11230468750001,
              39.578796690167295
            ],
            [
              125.02441406250001,
              39.61268301349764
            ],
            [
              124.89257812500001,
              39.61268301349764
            ],
            [
              124.76074218750001,
              39.64655275785013
            ],
            [
              124.67285156250001,
              39.68040591950632
            ],
            [
              124.54101562500001,
              39.714242494772634
            ],
            [
              124.45312500000001,
              39.748062479980526
            ],
            [
              124.36523437500001,
              39.781865871486374
            ],
            [
              124.27734375000001,
              39.815652665671365
            ],
            [
              124.14550781250001,
              39.84942285894171
            ],
            [
              123.96972656250001,
              39.815652665671365
            ],
            [
              123.83789062500001,
              39.781865871486374
            ],
            [
              123.7060546875,
              39.748062479980526
            ],
            [
              123.53027343750001,
              39.714242494772634
            ],
            [
              123.44238281250001,
              39.68040591950632
            ],
            [
              123.31054687500001,
              39.64655275785013
            ],
            [
              123.22265625000001,
              39.61268301349764
            ],
            [
              123.13476562500001,
              39.578796690167295
            ],
            [
              123.04687500000001,
              39.544893791602625
            ],
            [
              122.95898437500001,
              39.51097432157219
            ],
            [
              122.87109375000001,
              39.4770382838696
            ],
            [
              122.82714843750001,
              39.40911652074798
            ],
            [
              122.73925781250001,
              39.375130803041785
            ],
            [
              122.65136718750001,
              39.34112853308916
            ],
            [
              122.56347656250001,
              39.307109714809506
            ],
            [
              122.4755859375,
              39.23902244907282
            ],
            [
              122.38769531250001,
              39.204954009580845
            ],
            [
              122.29980468750001,
              39.136767537452165
            ],
            [
              122.21191406250001,
              39.10264951293251
            ],
            [
              122.12402343750001,
              39.068514968229685
            ],
            [
              122.03613281250001,
              39.0343639074658
            ],
            [
              121.94824218750001,
              39.00019633478829
            ],
            [
              121.77246093750001,
              38.966012254370206
            ],
            [
              121.68457031250001,
              38.93181167041007
            ],
            [
              121.55273437500001,
              38.93181167041007
            ],
            [
              121.46484375000001,
              38.89759458713192
            ],
            [
              121.33300781250001,
              38.89759458713192
            ],
            [
              121.2451171875,
              38.93181167041007
            ],
            [
              121.20117187500001,
              39.00019633478829
            ],
            [
              121.11328125000001,
              39.0343639074658
            ],
            [
              121.06933593750001,
              39.10264951293251
            ],
            [
              121.11328125000001,
              39.170869037692
            ],
            [
              121.15722656250001,
              39.27307435214742
            ],
            [
              121.20117187500001,
              39.34112853308916
            ],
            [
              121.2451171875,
              39.40911652074798
            ],
            [
              121.33300781250001,
              39.4770382838696
            ],
            [
              121.42089843750001,
              39.544893791602625
            ],
            [
              121.50878906250001,
              39.61268301349764
            ],
            [
              121.59667968750001,
              39.68040591950632
            ],
            [
              121.64062500000001,
              39.748062479980526
            ],
            [
              121.72851562500001,
              39.815652665671365
            ],
            [
              121.77246093750001,
              39.88317644772834
            ],
            [
              121.81640625000001,
              39.950633797698295
            ],
            [
              121.8603515625,
              40.01802468752466
            ],
            [
              121.90429687500001,
              40.08534908954649
            ],
            [
              121.94824218750001,
              40.18621096840826
            ],
            [
              121.99218750000001,
              40.2533690324896
            ],
            [
              121.99218750000001,
              40.35398128016234
            ],
            [
              121.99218750000001,
              40.45444363245843
            ],
            [
              121.99218750000001,
              40.55475600429512
            ],
            [
              121.99218750000001,
              40.65491831255692
            ],
            [
              121.94824218750001,
              40.72160977592157
            ],
            [
              121.90429687500001,
              40.82152179884474
            ],
            [
              121.8603515625,
              40.88804633238202
            ],
            [
              121.77246093750001,
              40.92128354611509
            ],
            [
              121.64062500000001,
              40.92128354611509
            ],
            [
              121.50878906250001,
              40.92128354611509
            ],
            [
              121.50878906250001,
              41.02089494176903
            ],
            [
              121.50878906250001,
              41.02089494176903
            ],
            [
              121.42089843750001,
              40.85479241568745
            ]
          ]
        ]
      }
    },
    {
      "type": "Feature",
      "properties": {
        "NAME": "후연",
        "name": "406-409",
        "color": "#ef4444",
        "fill": "#ef4444",
        "fill-opacity": 0.5,
        "stroke": "#ef4444",
        "stroke-width": 2,
        "originalType": "polyline"
      },
      "geometry": {
        "type": "Polygon",
        "coordinates": [
          [
            [
              119.57519531250001,
              42.94926862757622
            ],
            [
              119.66308593750001,
              42.917071515493234
            ],
            [
              119.75097656250001,
              42.884857571489874
            ],
            [
              119.83886718750001,
              42.820379193300916
            ],
            [
              119.88281250000001,
              42.755833504387624
            ],
            [
              119.97070312500001,
              42.72353542206169
            ],
            [
              120.05859375000001,
              42.69122051648171
            ],
            [
              120.10253906250001,
              42.62654024166923
            ],
            [
              120.19042968750001,
              42.594174875547075
            ],
            [
              120.27832031250001,
              42.56179269239168
            ],
            [
              120.32226562500001,
              42.49697788144695
            ],
            [
              120.41015625000001,
              42.46454525694644
            ],
            [
              120.45410156250001,
              42.399629578279104
            ],
            [
              120.54199218750001,
              42.334646671505176
            ],
            [
              120.58593750000001,
              42.269596550677875
            ],
            [
              120.67382812500001,
              42.23704628948451
            ],
            [
              120.71777343750001,
              42.17189537471668
            ],
            [
              120.80566406250001,
              42.10667728260965
            ],
            [
              120.84960937500001,
              42.041392028484196
            ],
            [
              120.89355468750001,
              41.976039628025454
            ],
            [
              120.93750000000001,
              41.91062009728395
            ],
            [
              120.98144531250001,
              41.84513345267655
            ],
            [
              121.02539062500001,
              41.77957971098757
            ],
            [
              121.02539062500001,
              41.68112332904837
            ],
            [
              121.06933593750001,
              41.61540192050618
            ],
            [
              121.06933593750001,
              41.51669412201345
            ],
            [
              121.06933593750001,
              41.384849208593735
            ],
            [
              121.06933593750001,
              41.28578972094057
            ],
            [
              121.06933593750001,
              41.18657961962576
            ],
            [
              121.02539062500001,
              41.08721897355851
            ],
            [
              121.02539062500001,
              40.98770785356232
            ],
            [
              120.98144531250001,
              40.92128354611509
            ],
            [
              120.93750000000001,
              40.85479241568745
            ],
            [
              120.89355468750001,
              40.78823448469134
            ],
            [
              120.84960937500001,
              40.688272387099914
            ],
            [
              120.80566406250001,
              40.62154755525002
            ],
            [
              120.71777343750001,
              40.55475600429512
            ],
            [
              120.67382812500001,
              40.4878977583777
            ],
            [
              120.58593750000001,
              40.45444363245843
            ],
            [
              120.54199218750001,
              40.38748539021173
            ],
            [
              120.49804687500001,
              40.32046051505485
            ],
            [
              120.45410156250001,
              40.2533690324896
            ],
            [
              120.36621093750001,
              40.15260697649743
            ],
            [
              120.27832031250001,
              40.11898634909456
            ],
            [
              120.19042968750001,
              40.05169520122455
            ],
            [
              120.10253906250001,
              39.950633797698295
            ],
            [
              120.0146484375,
              39.916913428487014
            ],
            [
              119.92675781250001,
              39.84942285894171
            ],
            [
              119.88281250000001,
              39.781865871486374
            ],
            [
              119.79492187500001,
              39.714242494772634
            ],
            [
              119.75097656250001,
              39.64655275785013
            ],
            [
              119.70703125000001,
              39.578796690167295
            ],
            [
              119.61914062500001,
              39.51097432157219
            ],
            [
              119.57519531250001,
              39.40911652074798
            ],
            [
              119.53125000000001,
              39.34112853308916
            ],
            [
              119.44335937500001,
              39.27307435214742
            ],
            [
              119.35546875000001,
              39.204954009580845
            ],
            [
              119.26757812500001,
              39.170869037692
            ],
            [
              119.13574218750001,
              39.10264951293251
            ],
            [
              119.00390625000001,
              39.068514968229685
            ],
            [
              118.82812500000001,
              39.068514968229685
            ],
            [
              118.74023437500001,
              39.0343639074658
            ],
            [
              118.60839843750001,
              39.0343639074658
            ],
            [
              118.52050781250001,
              39.00019633478829
            ],
            [
              118.43261718750001,
              39.0343639074658
            ],
            [
              118.30078125000001,
              39.068514968229685
            ],
            [
              118.1689453125,
              39.068514968229685
            ],
            [
              118.03710937500001,
              39.068514968229685
            ],
            [
              117.94921875000001,
              39.00019633478829
            ],
            [
              117.86132812500001,
              38.93181167041007
            ],
            [
              117.81738281250001,
              38.829110939645794
            ],
            [
              117.77343750000001,
              38.760561346216186
            ],
            [
              117.72949218750001,
              38.65761338347898
            ],
            [
              117.72949218750001,
              38.554517239472425
            ],
            [
              117.72949218750001,
              38.45127303518411
            ],
            [
              117.77343750000001,
              38.38236137064172
            ],
            [
              117.81738281250001,
              38.27887067377242
            ],
            [
              117.72949218750001,
              38.244340940195706
            ],
            [
              117.64160156250001,
              38.20979479718818
            ],
            [
              117.50976562500001,
              38.17523224951654
            ],
            [
              117.37792968750001,
              38.17523224951654
            ],
            [
              117.24609375000001,
              38.14065330197367
            ],
            [
              117.15820312500001,
              38.106057959378596
            ],
            [
              117.02636718750001,
              38.106057959378596
            ],
            [
              116.89453125000001,
              38.07144622657655
            ],
            [
              116.80664062500001,
              38.036818108438915
            ],
            [
              116.67480468750001,
              38.00217360986342
            ],
            [
              116.49902343750001,
              38.00217360986342
            ],
            [
              116.3671875,
              37.967512735773965
            ],
            [
              116.23535156250001,
              37.967512735773965
            ],
            [
              116.14746093750001,
              37.93283549112077
            ],
            [
              116.01562500000001,
              37.89814188088038
            ],
            [
              115.88378906250001,
              37.89814188088038
            ],
            [
              115.79589843750001,
              37.863431910055766
            ],
            [
              115.7080078125,
              37.82870558367609
            ],
            [
              115.57617187500001,
              37.79396290679709
            ],
            [
              115.44433593750001,
              37.79396290679709
            ],
            [
              115.35644531250001,
              37.75920388450083
            ],
            [
              115.22460937500001,
              37.72442852189582
            ],
            [
              115.04882812500001,
              37.72442852189582
            ],
            [
              114.96093750000001,
              37.689636824117066
            ],
            [
              114.82910156250001,
              37.654828796326115
            ],
            [
              114.69726562500001,
              37.620004443710954
            ],
            [
              114.56542968750001,
              37.620004443710954
            ],
            [
              114.43359375000001,
              37.58516377148617
            ],
            [
              114.30175781250001,
              37.58516377148617
            ],
            [
              114.21386718750001,
              37.550306784892925
            ],
            [
              114.08203125000001,
              37.51543348919899
            ],
            [
              113.95019531250001,
              37.480543889698744
            ],
            [
              113.8623046875,
              37.44563799171319
            ],
            [
              113.68652343750001,
              37.41071580059008
            ],
            [
              113.55468750000001,
              37.41071580059008
            ],
            [
              113.46679687500001,
              37.37577732170383
            ],
            [
              113.33496093750001,
              37.41071580059008
            ],
            [
              113.2470703125,
              37.480543889698744
            ],
            [
              113.15917968750001,
              37.51543348919899
            ],
            [
              113.07128906250001,
              37.550306784892925
            ],
            [
              112.98339843750001,
              37.620004443710954
            ],
            [
              112.89550781250001,
              37.654828796326115
            ],
            [
              112.80761718750001,
              37.689636824117066
            ],
            [
              112.71972656250001,
              37.72442852189582
            ],
            [
              112.58789062500001,
              37.72442852189582
            ],
            [
              112.45605468750001,
              37.75920388450083
            ],
            [
              112.36816406250001,
              37.79396290679709
            ],
            [
              112.19238281250001,
              37.79396290679709
            ],
            [
              112.060546875,
              37.79396290679709
            ],
            [
              111.92871093750001,
              37.79396290679709
            ],
            [
              111.79687500000001,
              37.79396290679709
            ],
            [
              111.57714843750001,
              37.79396290679709
            ],
            [
              111.4453125,
              37.79396290679709
            ],
            [
              111.31347656250001,
              37.79396290679709
            ],
            [
              111.18164062500001,
              37.79396290679709
            ],
            [
              111.13769531250001,
              37.863431910055766
            ],
            [
              111.09375000000001,
              37.93283549112077
            ],
            [
              111.09375000000001,
              38.036818108438915
            ],
            [
              111.04980468750001,
              38.17523224951654
            ],
            [
              111.00585937500001,
              38.244340940195706
            ],
            [
              110.8740234375,
              38.34788089369693
            ],
            [
              110.7861328125,
              38.416825419349614
            ],
            [
              110.69824218750001,
              38.45127303518411
            ],
            [
              110.61035156250001,
              38.48570421353477
            ],
            [
              110.47851562500001,
              38.52011894981709
            ],
            [
              110.34667968750001,
              38.554517239472425
            ],
            [
              110.2587890625,
              38.58889907796811
            ],
            [
              110.12695312500001,
              38.62326446079728
            ],
            [
              110.12695312500001,
              38.760561346216186
            ],
            [
              110.12695312500001,
              38.89759458713192
            ],
            [
              110.12695312500001,
              39.0343639074658
            ],
            [
              110.12695312500001,
              39.136767537452165
            ],
            [
              110.1708984375,
              39.204954009580845
            ],
            [
              110.21484375,
              39.27307435214742
            ],
            [
              110.21484375,
              39.375130803041785
            ],
            [
              110.2587890625,
              39.44308568231358
            ],
            [
              110.34667968750001,
              39.51097432157219
            ],
            [
              110.39062500000001,
              39.578796690167295
            ],
            [
              110.43457031250001,
              39.64655275785013
            ],
            [
              110.47851562500001,
              39.748062479980526
            ],
            [
              110.52246093750001,
              39.815652665671365
            ],
            [
              110.56640625000001,
              39.88317644772834
            ],
            [
              110.65429687500001,
              39.98433755186749
            ],
            [
              110.74218750000001,
              40.05169520122455
            ],
            [
              110.830078125,
              40.18621096840826
            ],
            [
              110.8740234375,
              40.2533690324896
            ],
            [
              110.96191406250001,
              40.32046051505485
            ],
            [
              111.04980468750001,
              40.42097284202748
            ],
            [
              111.09375000000001,
              40.4878977583777
            ],
            [
              111.22558593750001,
              40.5213352166827
            ],
            [
              111.35742187500001,
              40.58816011816086
            ],
            [
              111.4453125,
              40.62154755525002
            ],
            [
              111.53320312500001,
              40.65491831255692
            ],
            [
              111.62109375000001,
              40.688272387099914
            ],
            [
              111.75292968750001,
              40.72160977592157
            ],
            [
              111.84082031250001,
              40.75493047608849
            ],
            [
              111.92871093750001,
              40.78823448469134
            ],
            [
              112.060546875,
              40.78823448469134
            ],
            [
              112.14843750000001,
              40.82152179884474
            ],
            [
              112.23632812500001,
              40.85479241568745
            ],
            [
              112.36816406250001,
              40.85479241568745
            ],
            [
              112.45605468750001,
              40.88804633238202
            ],
            [
              112.58789062500001,
              40.88804633238202
            ],
            [
              112.67578125,
              40.92128354611509
            ],
            [
              112.80761718750001,
              40.95450405409706
            ],
            [
              112.93945312500001,
              40.95450405409706
            ],
            [
              113.02734375000001,
              40.98770785356232
            ],
            [
              113.11523437500001,
              41.02089494176903
            ],
            [
              113.20312500000001,
              41.05406531599918
            ],
            [
              113.33496093750001,
              41.05406531599918
            ],
            [
              113.42285156250001,
              41.08721897355851
            ],
            [
              113.51074218750001,
              41.12035591177665
            ],
            [
              113.59863281250001,
              41.18657961962576
            ],
            [
              113.73046875000001,
              41.219666384034305
            ],
            [
              113.81835937500001,
              41.28578972094057
            ],
            [
              113.90625,
              41.31882628835752
            ],
            [
              113.99414062500001,
              41.3518461184024
            ],
            [
              114.12597656250001,
              41.41783555647339
            ],
            [
              114.21386718750001,
              41.450805159606794
            ],
            [
              114.30175781250001,
              41.48375801558275
            ],
            [
              114.38964843750001,
              41.51669412201345
            ],
            [
              114.521484375,
              41.54961347653445
            ],
            [
              114.60937500000001,
              41.58251607680463
            ],
            [
              114.74121093750001,
              41.61540192050618
            ],
            [
              114.87304687500001,
              41.61540192050618
            ],
            [
              115.0927734375,
              41.64827100534451
            ],
            [
              115.22460937500001,
              41.64827100534451
            ],
            [
              115.31250000000001,
              41.68112332904837
            ],
            [
              115.44433593750001,
              41.68112332904837
            ],
            [
              115.53222656250001,
              41.71395888936958
            ],
            [
              115.66406250000001,
              41.71395888936958
            ],
            [
              115.83984375000001,
              41.74677768408324
            ],
            [
              115.92773437500001,
              41.77957971098757
            ],
            [
              116.05957031250001,
              41.81236496790388
            ],
            [
              116.14746093750001,
              41.84513345267655
            ],
            [
              116.27929687500001,
              41.87788516317309
            ],
            [
              116.45507812500001,
              41.91062009728395
            ],
            [
              116.63085937500001,
              41.9433382529226
            ],
            [
              116.76269531250001,
              41.976039628025454
            ],
            [
              116.85058593750001,
              42.0087242205519
            ],
            [
              116.9384765625,
              42.041392028484196
            ],
            [
              117.07031250000001,
              42.07404304982747
            ],
            [
              117.20214843750001,
              42.10667728260965
            ],
            [
              117.37792968750001,
              42.17189537471668
            ],
            [
              117.50976562500001,
              42.20447923021132
            ],
            [
              117.59765625000001,
              42.23704628948451
            ],
            [
              117.68554687500001,
              42.269596550677875
            ],
            [
              117.81738281250001,
              42.269596550677875
            ],
            [
              117.90527343750001,
              42.334646671505176
            ],
            [
              117.99316406250001,
              42.367146527535574
            ],
            [
              118.08105468750001,
              42.399629578279104
            ],
            [
              118.1689453125,
              42.43209582199036
            ],
            [
              118.25683593750001,
              42.46454525694644
            ],
            [
              118.34472656250001,
              42.49697788144695
            ],
            [
              118.43261718750001,
              42.5293936938139
            ],
            [
              118.56445312500001,
              42.594174875547075
            ],
            [
              118.65234375000001,
              42.62654024166923
            ],
            [
              118.74023437500001,
              42.65888878916953
            ],
            [
              118.82812500000001,
              42.69122051648171
            ],
            [
              118.91601562500001,
              42.72353542206169
            ],
            [
              119.00390625000001,
              42.78811476195987
            ],
            [
              119.09179687500001,
              42.820379193300916
            ],
            [
              119.17968750000001,
              42.852626796955334
            ],
            [
              119.35546875000001,
              42.852626796955334
            ],
            [
              119.44335937500001,
              42.884857571489874
            ],
            [
              119.57519531250001,
              42.884857571489874
            ],
            [
              119.66308593750001,
              42.917071515493234
            ],
            [
              119.70703125000001,
              42.917071515493234
            ],
            [
              119.57519531250001,
              42.94926862757622
            ]
          ]
        ]
      }
    },
    {
      "type": "Feature",
      "properties": {
        "NAME": "말갈",
        "name": "406-409",
        "color": "#ef4444",
        "fill": "#ef4444",
        "fill-opacity": 0.5,
        "stroke": "#ef4444",
        "stroke-width": 2,
        "originalType": "polyline"
      },
      "geometry": {
        "type": "Polygon",
        "coordinates": [
          [
            [
              133.28613281250003,
              47.972040547862676
            ],
            [
              133.37402343750003,
              47.883639717978554
            ],
            [
              133.41796875000003,
              47.82462187891601
            ],
            [
              133.50585937500003,
              47.7950877684305
            ],
            [
              133.59375000000003,
              47.73596915703217
            ],
            [
              133.63769531250003,
              47.67678334723638
            ],
            [
              133.68164062500003,
              47.61753032588744
            ],
            [
              133.76953125000003,
              47.58787860684388
            ],
            [
              133.81347656250003,
              47.5285247440945
            ],
            [
              133.85742187500003,
              47.43936786505738
            ],
            [
              133.90136718750003,
              47.37984587140283
            ],
            [
              133.94531250000003,
              47.290436740018386
            ],
            [
              133.94531250000003,
              47.170989042147674
            ],
            [
              133.94531250000003,
              47.08122657883219
            ],
            [
              133.94531250000003,
              46.99131262768081
            ],
            [
              133.94531250000003,
              46.90124715483813
            ],
            [
              133.98925781250003,
              46.84111931149155
            ],
            [
              133.94531250000003,
              46.75080123117534
            ],
            [
              133.94531250000003,
              46.660331545944814
            ],
            [
              133.94531250000003,
              46.56971022726061
            ],
            [
              133.94531250000003,
              46.478937248051515
            ],
            [
              133.94531250000003,
              46.35767064870905
            ],
            [
              133.94531250000003,
              46.266543697971166
            ],
            [
              133.98925781250003,
              46.175265007175874
            ],
            [
              133.98925781250003,
              46.08383455570517
            ],
            [
              133.94531250000003,
              46.02279660040674
            ],
            [
              133.94531250000003,
              45.931113172764846
            ],
            [
              133.94531250000003,
              45.8392779368712
            ],
            [
              133.94531250000003,
              45.74729087768399
            ],
            [
              133.94531250000003,
              45.59364169130143
            ],
            [
              133.94531250000003,
              45.4704186330778
            ],
            [
              133.94531250000003,
              45.3778241612
            ],
            [
              133.94531250000003,
              45.285077814064884
            ],
            [
              133.94531250000003,
              45.19217958598405
            ],
            [
              133.94531250000003,
              45.068079015766884
            ],
            [
              133.94531250000003,
              44.943708422560185
            ],
            [
              133.94531250000003,
              44.850253274733255
            ],
            [
              133.94531250000003,
              44.756646240518386
            ],
            [
              133.94531250000003,
              44.631600599971755
            ],
            [
              133.94531250000003,
              44.506284958009246
            ],
            [
              133.94531250000003,
              44.41212104860493
            ],
            [
              133.90136718750003,
              44.3492607436407
            ],
            [
              133.85742187500003,
              44.254843746157455
            ],
            [
              133.85742187500003,
              44.1602749115937
            ],
            [
              133.81347656250003,
              44.06555425381764
            ],
            [
              133.81347656250003,
              43.93902390112584
            ],
            [
              133.76953125000003,
              43.875657532512584
            ],
            [
              133.76953125000003,
              43.78048150515454
            ],
            [
              133.72558593750003,
              43.71694651287448
            ],
            [
              133.72558593750003,
              43.62151757973568
            ],
            [
              133.68164062500003,
              43.55781400464938
            ],
            [
              133.68164062500003,
              43.4621322309972
            ],
            [
              133.63769531250003,
              43.39826011927669
            ],
            [
              133.63769531250003,
              43.302325578375786
            ],
            [
              133.72558593750003,
              43.27031370283879
            ],
            [
              133.81347656250003,
              43.23828498154448
            ],
            [
              133.94531250000003,
              43.23828498154448
            ],
            [
              134.07714843750003,
              43.23828498154448
            ],
            [
              134.20898437500003,
              43.27031370283879
            ],
            [
              134.29687500000003,
              43.302325578375786
            ],
            [
              134.42871093750003,
              43.33432060702803
            ],
            [
              134.56054687500003,
              43.36629878768975
            ],
            [
              134.64843750000003,
              43.39826011927669
            ],
            [
              134.73632812500003,
              43.430204600726235
            ],
            [
              134.82421875000003,
              43.4621322309972
            ],
            [
              134.95605468750003,
              43.52593693394627
            ],
            [
              135.04394531250003,
              43.55781400464938
            ],
            [
              135.17578125000003,
              43.65334408227212
            ],
            [
              135.26367187500003,
              43.71694651287448
            ],
            [
              135.35156250000003,
              43.78048150515454
            ],
            [
              135.48339843750003,
              43.84394905257504
            ],
            [
              135.57128906250003,
              43.90734914893692
            ],
            [
              135.65917968750003,
              43.970681788378165
            ],
            [
              135.74707031250003,
              44.002322810013595
            ],
            [
              135.83496093750003,
              44.09714467473034
            ],
            [
              135.92285156250003,
              44.1602749115937
            ],
            [
              135.96679687500003,
              44.223337671439225
            ],
            [
              136.09863281250003,
              44.28633295007516
            ],
            [
              136.18652343750003,
              44.3492607436407
            ],
            [
              136.27441406250003,
              44.41212104860493
            ],
            [
              136.36230468750003,
              44.44352589184815
            ],
            [
              136.40625000000003,
              44.506284958009246
            ],
            [
              136.49414062500003,
              44.56897652817853
            ],
            [
              136.53808593750003,
              44.631600599971755
            ],
            [
              136.58203125000003,
              44.69415717132996
            ],
            [
              136.62597656250003,
              44.756646240518386
            ],
            [
              136.71386718750003,
              44.81906780612559
            ],
            [
              136.75781250000003,
              44.912573583026564
            ],
            [
              136.84570312500003,
              44.97482638561717
            ],
            [
              136.88964843750003,
              45.03701168221672
            ],
            [
              136.93359375000003,
              45.09912947285542
            ],
            [
              137.02148437500003,
              45.16117975788096
            ],
            [
              137.10937500000003,
              45.22316253795756
            ],
            [
              137.19726562500003,
              45.316010138522216
            ],
            [
              137.28515625000003,
              45.4087058598614
            ],
            [
              137.37304687500003,
              45.4704186330778
            ],
            [
              137.41699218750003,
              45.53206390937736
            ],
            [
              137.46093750000003,
              45.59364169130143
            ],
            [
              137.50488281250003,
              45.65515198170059
            ],
            [
              137.54882812500003,
              45.71659478373363
            ],
            [
              137.63671875000003,
              45.80863245376219
            ],
            [
              137.72460937500003,
              45.86990655071272
            ],
            [
              137.81250000000003,
              45.931113172764846
            ],
            [
              137.85644531250003,
              46.02279660040674
            ],
            [
              137.90039062500003,
              46.08383455570517
            ],
            [
              137.94433593750003,
              46.14480505329098
            ],
            [
              137.98828125000003,
              46.20570809875108
            ],
            [
              138.07617187500003,
              46.266543697971166
            ],
            [
              138.12011718750003,
              46.32731185713485
            ],
            [
              138.20800781250003,
              46.38801258272237
            ],
            [
              138.25195312500003,
              46.44864588150976
            ],
            [
              138.29589843750003,
              46.50921176056774
            ],
            [
              138.38378906250003,
              46.56971022726061
            ],
            [
              138.42773437500003,
              46.630141289245415
            ],
            [
              138.47167968750003,
              46.690504954470626
            ],
            [
              138.55957031250003,
              46.75080123117534
            ],
            [
              138.60351562500003,
              46.84111931149155
            ],
            [
              138.64746093750003,
              46.90124715483813
            ],
            [
              138.69140625000003,
              46.96130764077387
            ],
            [
              138.77929687500003,
              47.021300778832426
            ],
            [
              138.82324218750003,
              47.11116423020592
            ],
            [
              138.86718750000003,
              47.170989042147674
            ],
            [
              138.91113281250003,
              47.230746541816075
            ],
            [
              138.91113281250003,
              47.32025660452363
            ],
            [
              138.95507812500003,
              47.37984587140283
            ],
            [
              139.04296875000003,
              47.46910363809686
            ],
            [
              139.13085937500003,
              47.5285247440945
            ],
            [
              139.21875000000003,
              47.58787860684388
            ],
            [
              139.35058593750003,
              47.67678334723638
            ],
            [
              139.39453125000003,
              47.73596915703217
            ],
            [
              139.48242187500003,
              47.7950877684305
            ],
            [
              139.52636718750003,
              47.8541391948585
            ],
            [
              139.61425781250003,
              47.883639717978554
            ],
            [
              139.70214843750003,
              47.942590392718
            ],
            [
              139.79003906250003,
              47.972040547862676
            ],
            [
              139.87792968750003,
              48.03089050264074
            ],
            [
              139.92187500000003,
              48.08967332885021
            ],
            [
              139.96582031250003,
              48.177721734477274
            ],
            [
              140.00976562500003,
              48.23633680445797
            ],
            [
              140.05371093750003,
              48.35336573295103
            ],
            [
              140.09765625000003,
              48.41177962310993
            ],
            [
              140.14160156250003,
              48.47012648540979
            ],
            [
              140.18554687500003,
              48.5866191925881
            ],
            [
              140.18554687500003,
              48.70284398937697
            ],
            [
              140.22949218750003,
              48.76085596465202
            ],
            [
              140.27343750000003,
              48.847748448517
            ],
            [
              140.31738281250003,
              48.90559314475258
            ],
            [
              140.36132812500003,
              48.96337096133207
            ],
            [
              140.40527343750003,
              49.02108191689509
            ],
            [
              140.44921875000003,
              49.07872603033125
            ],
            [
              140.53710937500003,
              49.16506691343088
            ],
            [
              140.58105468750003,
              49.222544005822755
            ],
            [
              140.62500000000003,
              49.27995432415479
            ],
            [
              140.66894531250003,
              49.36594464411123
            ],
            [
              140.71289062500003,
              49.451784836029674
            ],
            [
              140.71289062500003,
              49.53747496967513
            ],
            [
              140.75683593750003,
              49.5945183947367
            ],
            [
              140.80078125000003,
              49.65149518009041
            ],
            [
              140.80078125000003,
              49.73683545592271
            ],
            [
              140.84472656250003,
              49.87873635942931
            ],
            [
              140.88867187500003,
              50.02022145432977
            ],
            [
              140.93261718750003,
              50.104913071776316
            ],
            [
              140.97656250000003,
              50.18945520584358
            ],
            [
              140.97656250000003,
              50.27384793663295
            ],
            [
              140.97656250000003,
              50.35809134540196
            ],
            [
              140.97656250000003,
              50.44218551455678
            ],
            [
              140.97656250000003,
              50.52613052764466
            ],
            [
              141.02050781250003,
              50.582011046992946
            ],
            [
              141.06445312500003,
              50.63782533773774
            ],
            [
              140.97656250000003,
              50.66570765537222
            ],
            [
              140.88867187500003,
              50.63782533773774
            ],
            [
              140.80078125000003,
              50.60992646934653
            ],
            [
              140.66894531250003,
              50.60992646934653
            ],
            [
              140.49316406250003,
              50.60992646934653
            ],
            [
              140.36132812500003,
              50.60992646934653
            ],
            [
              140.22949218750003,
              50.60992646934653
            ],
            [
              140.09765625000003,
              50.60992646934653
            ],
            [
              140.00976562500003,
              50.63782533773774
            ],
            [
              139.92187500000003,
              50.69357342546952
            ],
            [
              139.83398437500003,
              50.7214226512629
            ],
            [
              139.70214843750003,
              50.7214226512629
            ],
            [
              139.61425781250003,
              50.74925533599932
            ],
            [
              139.48242187500003,
              50.74925533599932
            ],
            [
              139.43847656250003,
              50.804871095357605
            ],
            [
              139.35058593750003,
              50.83265417654176
            ],
            [
              139.30664062500003,
              50.8881707584278
            ],
            [
              139.26269531250003,
              50.94362125517257
            ],
            [
              139.21875000000003,
              50.99900569356716
            ],
            [
              139.13085937500003,
              51.05432410061792
            ],
            [
              139.04296875000003,
              51.13717796202719
            ],
            [
              138.95507812500003,
              51.16476292978254
            ],
            [
              138.86718750000003,
              51.21988340697585
            ],
            [
              138.77929687500003,
              51.247418923378085
            ],
            [
              138.69140625000003,
              51.30244052930307
            ],
            [
              138.60351562500003,
              51.329926625868865
            ],
            [
              138.47167968750003,
              51.38484942391265
            ],
            [
              138.25195312500003,
              51.41228613251187
            ],
            [
              138.03222656250003,
              51.439706385598534
            ],
            [
              137.81250000000003,
              51.46711018676558
            ],
            [
              137.68066406250003,
              51.46711018676558
            ],
            [
              137.59277343750003,
              51.49449753961899
            ],
            [
              137.46093750000003,
              51.49449753961899
            ],
            [
              137.28515625000003,
              51.49449753961899
            ],
            [
              137.15332031250003,
              51.49449753961899
            ],
            [
              137.02148437500003,
              51.49449753961899
            ],
            [
              136.88964843750003,
              51.49449753961899
            ],
            [
              136.75781250000003,
              51.49449753961899
            ],
            [
              136.62597656250003,
              51.49449753961899
            ],
            [
              136.49414062500003,
              51.49449753961899
            ],
            [
              136.36230468750003,
              51.49449753961899
            ],
            [
              136.23046875000003,
              51.49449753961899
            ],
            [
              136.05468750000003,
              51.46711018676558
            ],
            [
              135.87890625000003,
              51.46711018676558
            ],
            [
              135.74707031250003,
              51.46711018676558
            ],
            [
              135.61523437500003,
              51.439706385598534
            ],
            [
              135.39550781250003,
              51.439706385598534
            ],
            [
              135.26367187500003,
              51.439706385598534
            ],
            [
              135.04394531250003,
              51.439706385598534
            ],
            [
              134.91210937500003,
              51.439706385598534
            ],
            [
              134.73632812500003,
              51.439706385598534
            ],
            [
              134.60449218750003,
              51.439706385598534
            ],
            [
              134.51660156250003,
              51.41228613251187
            ],
            [
              134.34082031250003,
              51.41228613251187
            ],
            [
              134.20898437500003,
              51.41228613251187
            ],
            [
              134.07714843750003,
              51.41228613251187
            ],
            [
              133.98925781250003,
              51.38484942391265
            ],
            [
              133.85742187500003,
              51.38484942391265
            ],
            [
              133.72558593750003,
              51.35739625622067
            ],
            [
              133.54980468750003,
              51.35739625622067
            ],
            [
              133.41796875000003,
              51.329926625868865
            ],
            [
              133.28613281250003,
              51.329926625868865
            ],
            [
              133.15429687500003,
              51.30244052930307
            ],
            [
              133.06640625000003,
              51.27493796298216
            ],
            [
              132.97851562500003,
              51.247418923378085
            ],
            [
              132.84667968750003,
              51.21988340697585
            ],
            [
              132.75878906250003,
              51.19233141027357
            ],
            [
              132.67089843750003,
              51.16476292978254
            ],
            [
              132.58300781250003,
              51.13717796202719
            ],
            [
              132.49511718750003,
              51.10957650354516
            ],
            [
              132.40722656250003,
              51.08195855088737
            ],
            [
              132.31933593750003,
              51.05432410061792
            ],
            [
              132.23144531250003,
              51.02667314931428
            ],
            [
              132.14355468750003,
              50.99900569356716
            ],
            [
              132.09960937500003,
              50.94362125517257
            ],
            [
              131.96777343750003,
              50.915904265773435
            ],
            [
              131.87988281250003,
              50.86042072979343
            ],
            [
              131.79199218750003,
              50.83265417654176
            ],
            [
              131.70410156250003,
              50.777071482939434
            ],
            [
              131.61621093750003,
              50.74925533599932
            ],
            [
              131.57226562500003,
              50.69357342546952
            ],
            [
              131.48437500000003,
              50.66570765537222
            ],
            [
              131.44042968750003,
              50.60992646934653
            ],
            [
              131.39648437500003,
              50.55407906748502
            ],
            [
              131.35253906250003,
              50.498165424307736
            ],
            [
              131.30859375000003,
              50.44218551455678
            ],
            [
              131.30859375000003,
              50.35809134540196
            ],
            [
              131.30859375000003,
              50.245733621741856
            ],
            [
              131.30859375000003,
              50.16129109883151
            ],
            [
              131.35253906250003,
              50.07669914581402
            ],
            [
              131.35253906250003,
              49.963677290680515
            ],
            [
              131.35253906250003,
              49.87873635942931
            ],
            [
              131.39648437500003,
              49.82202591481317
            ],
            [
              131.39648437500003,
              49.73683545592271
            ],
            [
              131.44042968750003,
              49.65149518009041
            ],
            [
              131.52832031250003,
              49.566005013508324
            ],
            [
              131.57226562500003,
              49.480364883572484
            ],
            [
              131.61621093750003,
              49.42318811533538
            ],
            [
              131.66015625000003,
              49.36594464411123
            ],
            [
              131.70410156250003,
              49.30863444928936
            ],
            [
              131.74804687500003,
              49.25125751050187
            ],
            [
              131.83593750000003,
              49.19381380762485
            ],
            [
              131.87988281250003,
              49.13630332077905
            ],
            [
              131.92382812500003,
              49.07872603033125
            ],
            [
              131.96777343750003,
              49.02108191689509
            ],
            [
              132.01171875000003,
              48.96337096133207
            ],
            [
              132.09960937500003,
              48.90559314475258
            ],
            [
              132.14355468750003,
              48.847748448517
            ],
            [
              132.18750000000003,
              48.78983685423664
            ],
            [
              132.23144531250003,
              48.73185834377465
            ],
            [
              132.31933593750003,
              48.70284398937697
            ],
            [
              132.40722656250003,
              48.64476507118981
            ],
            [
              132.45117187500003,
              48.5866191925881
            ],
            [
              132.53906250000003,
              48.55752113773209
            ],
            [
              132.58300781250003,
              48.49927478625069
            ],
            [
              132.67089843750003,
              48.47012648540979
            ],
            [
              132.71484375000003,
              48.41177962310993
            ],
            [
              132.75878906250003,
              48.35336573295103
            ],
            [
              132.80273437500003,
              48.29488479871837
            ],
            [
              132.84667968750003,
              48.23633680445797
            ],
            [
              132.89062500000003,
              48.177721734477274
            ],
            [
              132.97851562500003,
              48.119039573346555
            ],
            [
              133.06640625000003,
              48.060290305899734
            ],
            [
              133.15429687500003,
              48.03089050264074
            ],
            [
              133.19824218750003,
              47.972040547862676
            ],
            [
              133.28613281250003,
              47.942590392718
            ],
            [
              133.37402343750003,
              47.91312345001361
            ],
            [
              133.41796875000003,
              47.8541391948585
            ],
            [
              133.50585937500003,
              47.82462187891601
            ],
            [
              133.59375000000003,
              47.76553686169815
            ],
            [
              133.59375000000003,
              47.76553686169815
            ],
            [
              133.28613281250003,
              47.972040547862676
            ]
          ]
        ]
      }
    }
  ]
}