{
  "type": "FeatureCollection",
  "features": [
    {
      "type": "Feature",
      "properties": {
        "NAME": "가야",
        "name": "가야",
        "color": "#ef4444",
        "fill": "#ef4444",
        "fill-opacity": 0.5,
        "stroke": "#ef4444",
        "stroke-width": 2,
        "originalType": "polygon",
        "CODE": "가야"
      },
      "geometry": {
        "type": "Polygon",
        "coordinates": [
          [
            [
              127.8479,
              35.51822
            ],
            [
              127.8479,
              35.491371
            ],
            [
              127.8479,
              35.464512
            ],
            [
              127.8479,
              35.437645
            ],
            [
              127.8479,
              35.410768
            ],
            [
              127.8479,
              35.383882
            ],
            [
              127.8479,
              35.356988
            ],
            [
              127.836914,
              35.330084
            ],
            [
              127.836914,
              35.303172
            ],
            [
              127.836914,
              35.267275
            ],
            [
              127.825928,
              35.231362
            ],
            [
              127.825928,
              35.204416
            ],
            [
              127.825928,
              35.177462
            ],
            [
              127.825928,
              35.150499
            ],
            [
              127.825928,
              35.123527
            ],
            [
              127.825928,
              35.096546
            ],
            [
              127.836914,
              35.078554
            ],
            [
              127.836914,
              35.051558
            ],
            [
              127.8479,
              35.024553
            ],
            [
              127.858887,
              34.997539
            ],
            [
              127.880859,
              34.979525
            ],
            [
              127.902832,
              34.961507
            ],
            [
              127.946777,
              34.961507
            ],
            [
              127.990723,
              34.961507
            ],
            [
              128.023682,
              34.961507
            ],
            [
              128.045654,
              34.970517
            ],
            [
              128.111572,
              34.970517
            ],
            [
              128.144531,
              34.970517
            ],
            [
              128.17749,
              34.970517
            ],
            [
              128.210449,
              34.961507
            ],
            [
              128.243408,
              34.961507
            ],
            [
              128.276367,
              34.961507
            ],
            [
              128.309326,
              34.952496
            ],
            [
              128.353271,
              34.952496
            ],
            [
              128.397217,
              34.952496
            ],
            [
              128.430176,
              34.961507
            ],
            [
              128.463135,
              34.970517
            ],
            [
              128.496094,
              34.979525
            ],
            [
              128.518066,
              34.988533
            ],
            [
              128.551025,
              34.997539
            ],
            [
              128.594971,
              35.006545
            ],
            [
              128.62793,
              35.015549
            ],
            [
              128.649902,
              35.024553
            ],
            [
              128.660889,
              35.042557
            ],
            [
              128.693848,
              35.060557
            ],
            [
              128.704834,
              35.078554
            ],
            [
              128.737793,
              35.08755
            ],
            [
              128.748779,
              35.105541
            ],
            [
              128.781738,
              35.114534
            ],
            [
              128.803711,
              35.123527
            ],
            [
              128.825684,
              35.132519
            ],
            [
              128.847656,
              35.141509
            ],
            [
              128.869629,
              35.150499
            ],
            [
              128.902588,
              35.150499
            ],
            [
              128.935547,
              35.150499
            ],
            [
              128.968506,
              35.159488
            ],
            [
              128.990479,
              35.168475
            ],
            [
              129.012451,
              35.177462
            ],
            [
              129.04541,
              35.186448
            ],
            [
              129.078369,
              35.195433
            ],
            [
              129.100342,
              35.204416
            ],
            [
              129.122314,
              35.222381
            ],
            [
              129.144287,
              35.231362
            ],
            [
              129.16626,
              35.240341
            ],
            [
              129.188232,
              35.258298
            ],
            [
              129.221191,
              35.276251
            ],
            [
              129.243164,
              35.285225
            ],
            [
              129.25415,
              35.303172
            ],
            [
              129.276123,
              35.312144
            ],
            [
              129.298096,
              35.330084
            ],
            [
              129.320068,
              35.348021
            ],
            [
              129.342041,
              35.374919
            ],
            [
              129.364014,
              35.401807
            ],
            [
              129.375,
              35.419728
            ],
            [
              129.385986,
              35.437645
            ],
            [
              129.385986,
              35.464512
            ],
            [
              129.396973,
              35.482419
            ],
            [
              129.396973,
              35.509272
            ],
            [
              129.418945,
              35.536115
            ],
            [
              129.429932,
              35.56295
            ],
            [
              129.429932,
              35.589776
            ],
            [
              129.440918,
              35.607655
            ],
            [
              129.451904,
              35.634465
            ],
            [
              129.462891,
              35.661267
            ],
            [
              129.462891,
              35.68806
            ],
            [
              129.473877,
              35.723769
            ],
            [
              129.473877,
              35.750541
            ],
            [
              129.484863,
              35.777304
            ],
            [
              129.49585,
              35.795141
            ],
            [
              129.506836,
              35.821889
            ],
            [
              129.506836,
              35.857538
            ],
            [
              129.517822,
              35.884265
            ],
            [
              129.517822,
              35.910983
            ],
            [
              129.517822,
              35.937691
            ],
            [
              129.517822,
              35.964391
            ],
            [
              129.528809,
              35.991082
            ],
            [
              129.528809,
              36.017763
            ],
            [
              129.517822,
              36.035546
            ],
            [
              129.506836,
              36.053325
            ],
            [
              129.484863,
              36.062213
            ],
            [
              129.451904,
              36.062213
            ],
            [
              129.418945,
              36.062213
            ],
            [
              129.385986,
              36.062213
            ],
            [
              129.353027,
              36.053325
            ],
            [
              129.320068,
              36.053325
            ],
            [
              129.287109,
              36.053325
            ],
            [
              129.265137,
              36.044436
            ],
            [
              129.232178,
              36.044436
            ],
            [
              129.210205,
              36.035546
            ],
            [
              129.16626,
              36.035546
            ],
            [
              129.122314,
              36.035546
            ],
            [
              129.078369,
              36.035546
            ],
            [
              129.056396,
              36.026655
            ],
            [
              129.012451,
              36.026655
            ],
            [
              128.979492,
              36.026655
            ],
            [
              128.935547,
              36.026655
            ],
            [
              128.902588,
              36.017763
            ],
            [
              128.869629,
              36.017763
            ],
            [
              128.83667,
              36.00887
            ],
            [
              128.803711,
              36.00887
            ],
            [
              128.781738,
              35.999977
            ],
            [
              128.759766,
              35.991082
            ],
            [
              128.726807,
              35.991082
            ],
            [
              128.693848,
              35.982186
            ],
            [
              128.660889,
              35.982186
            ],
            [
              128.62793,
              35.973289
            ],
            [
              128.572998,
              35.973289
            ],
            [
              128.540039,
              35.964391
            ],
            [
              128.50708,
              35.964391
            ],
            [
              128.485107,
              35.955492
            ],
            [
              128.452148,
              35.955492
            ],
            [
              128.419189,
              35.946592
            ],
            [
              128.364258,
              35.937691
            ],
            [
              128.331299,
              35.92879
            ],
            [
              128.287354,
              35.92879
            ],
            [
              128.265381,
              35.919887
            ],
            [
              128.232422,
              35.919887
            ],
            [
              128.210449,
              35.910983
            ],
            [
              128.188477,
              35.902078
            ],
            [
              128.166504,
              35.893172
            ],
            [
              128.133545,
              35.884265
            ],
            [
              128.111572,
              35.875357
            ],
            [
              128.0896,
              35.866448
            ],
            [
              128.067627,
              35.857538
            ],
            [
              128.045654,
              35.848627
            ],
            [
              128.023682,
              35.839715
            ],
            [
              128.012695,
              35.821889
            ],
            [
              127.990723,
              35.804058
            ],
            [
              127.96875,
              35.795141
            ],
            [
              127.957764,
              35.777304
            ],
            [
              127.946777,
              35.759463
            ],
            [
              127.924805,
              35.741618
            ],
            [
              127.913818,
              35.723769
            ],
            [
              127.902832,
              35.705917
            ],
            [
              127.891846,
              35.67913
            ],
            [
              127.891846,
              35.652334
            ],
            [
              127.891846,
              35.625529
            ],
            [
              127.891846,
              35.598716
            ],
            [
              127.880859,
              35.580835
            ],
            [
              127.869873,
              35.56295
            ],
            [
              127.858887,
              35.545061
            ],
            [
              127.8479,
              35.527168
            ],
            [
              127.836914,
              35.509272
            ],
            [
              127.836914,
              35.482419
            ],
            [
              127.836914,
              35.482419
            ],
            [
              127.8479,
              35.51822
            ]
          ]
        ]
      }
    },
    {
      "type": "Feature",
      "properties": {
        "NAME": "북부여",
        "name": "북부여",
        "color": "#ef4444",
        "fill": "#ef4444",
        "fill-opacity": 0.5,
        "stroke": "#ef4444",
        "stroke-width": 2,
        "originalType": "polygon",
        "CODE": "북부여"
      },
      "geometry": {
        "type": "Polygon",
        "coordinates": [
          [
            [
              121.816406,
              44.471366
            ],
            [
              122.080078,
              44.534095
            ],
            [
              122.34375,
              44.596757
            ],
            [
              122.607422,
              44.721877
            ],
            [
              122.871094,
              44.784337
            ],
            [
              122.958984,
              44.909052
            ],
            [
              123.134766,
              44.971309
            ],
            [
              123.310547,
              45.033498
            ],
            [
              123.574219,
              45.09562
            ],
            [
              123.837891,
              45.09562
            ],
            [
              124.101563,
              45.09562
            ],
            [
              124.365234,
              45.09562
            ],
            [
              124.628906,
              45.09562
            ],
            [
              124.804688,
              45.157674
            ],
            [
              125.068359,
              45.157674
            ],
            [
              125.244141,
              45.21966
            ],
            [
              125.419922,
              45.281579
            ],
            [
              125.595703,
              45.343431
            ],
            [
              125.771484,
              45.405215
            ],
            [
              126.035156,
              45.405215
            ],
            [
              126.298828,
              45.405215
            ],
            [
              126.5625,
              45.466932
            ],
            [
              126.826172,
              45.466932
            ],
            [
              127.089844,
              45.466932
            ],
            [
              127.353516,
              45.466932
            ],
            [
              127.441406,
              45.590162
            ],
            [
              127.617188,
              45.713123
            ],
            [
              127.792969,
              45.835814
            ],
            [
              127.880859,
              45.958235
            ],
            [
              127.96875,
              46.080386
            ],
            [
              128.144531,
              46.202267
            ],
            [
              128.232422,
              46.384583
            ],
            [
              128.320313,
              46.50579
            ],
            [
              128.408203,
              46.626727
            ],
            [
              128.496094,
              46.747394
            ],
            [
              128.583984,
              46.867792
            ],
            [
              128.583984,
              47.047884
            ],
            [
              128.583984,
              47.22737
            ],
            [
              128.671875,
              47.346691
            ],
            [
              128.671875,
              47.525167
            ],
            [
              128.759766,
              47.643816
            ],
            [
              128.759766,
              47.821284
            ],
            [
              128.847656,
              47.93926
            ],
            [
              128.935547,
              48.056967
            ],
            [
              128.935547,
              48.233025
            ],
            [
              128.935547,
              48.408479
            ],
            [
              128.847656,
              48.525114
            ],
            [
              128.671875,
              48.64148
            ],
            [
              128.583984,
              48.757578
            ],
            [
              128.408203,
              48.815527
            ],
            [
              128.232422,
              48.931224
            ],
            [
              128.056641,
              48.988972
            ],
            [
              127.880859,
              49.046654
            ],
            [
              127.617188,
              49.104268
            ],
            [
              127.265625,
              49.104268
            ],
            [
              126.914063,
              49.161816
            ],
            [
              126.5625,
              49.161816
            ],
            [
              126.210938,
              49.161816
            ],
            [
              125.859375,
              49.161816
            ],
            [
              125.595703,
              49.161816
            ],
            [
              125.332031,
              49.161816
            ],
            [
              125.15625,
              49.104268
            ],
            [
              124.804688,
              49.104268
            ],
            [
              124.628906,
              49.046654
            ],
            [
              124.453125,
              48.988972
            ],
            [
              124.013672,
              48.988972
            ],
            [
              123.75,
              48.931224
            ],
            [
              123.398438,
              48.873409
            ],
            [
              123.046875,
              48.815527
            ],
            [
              122.695313,
              48.815527
            ],
            [
              122.34375,
              48.757578
            ],
            [
              122.080078,
              48.757578
            ],
            [
              121.728516,
              48.699563
            ],
            [
              121.464844,
              48.64148
            ],
            [
              121.025391,
              48.58333
            ],
            [
              120.849609,
              48.525114
            ],
            [
              120.585938,
              48.46683
            ],
            [
              120.322266,
              48.408479
            ],
            [
              120.146484,
              48.350062
            ],
            [
              119.882813,
              48.291577
            ],
            [
              119.707031,
              48.233025
            ],
            [
              119.53125,
              48.11572
            ],
            [
              119.267578,
              47.998147
            ],
            [
              119.091797,
              47.93926
            ],
            [
              119.003906,
              47.821284
            ],
            [
              118.828125,
              47.643816
            ],
            [
              118.652344,
              47.525167
            ],
            [
              118.564453,
              47.40625
            ],
            [
              118.564453,
              47.167609
            ],
            [
              118.564453,
              46.987921
            ],
            [
              118.652344,
              46.867792
            ],
            [
              118.740234,
              46.626727
            ],
            [
              118.740234,
              46.44522
            ],
            [
              118.828125,
              46.323878
            ],
            [
              118.916016,
              46.14136
            ],
            [
              119.091797,
              46.019344
            ],
            [
              119.179688,
              45.835814
            ],
            [
              119.355469,
              45.713123
            ],
            [
              119.53125,
              45.590162
            ],
            [
              119.619141,
              45.466932
            ],
            [
              119.794922,
              45.343431
            ],
            [
              119.970703,
              45.21966
            ],
            [
              120.146484,
              45.09562
            ],
            [
              120.322266,
              45.033498
            ],
            [
              120.585938,
              45.033498
            ],
            [
              120.849609,
              45.033498
            ],
            [
              121.025391,
              44.909052
            ],
            [
              121.201172,
              44.846728
            ],
            [
              121.376953,
              44.721877
            ],
            [
              121.552734,
              44.659351
            ],
            [
              121.728516,
              44.596757
            ],
            [
              121.904297,
              44.534095
            ],
            [
              122.167969,
              44.534095
            ],
            [
              122.255859,
              44.534095
            ],
            [
              121.816406,
              44.471366
            ]
          ]
        ]
      }
    },
    {
      "type": "Feature",
      "properties": {
        "NAME": "사로",
        "name": "사로",
        "color": "#ef4444",
        "fill": "#ef4444",
        "fill-opacity": 0.5,
        "stroke": "#ef4444",
        "stroke-width": 2,
        "originalType": "polygon",
        "CODE": "사로"
      },
      "geometry": {
        "type": "Polygon",
        "coordinates": [
          [
            [
              129.375,
              37.237533
            ],
            [
              129.375,
              37.132427
            ],
            [
              129.243164,
              37.097359
            ],
            [
              129.111328,
              37.097359
            ],
            [
              128.979492,
              37.097359
            ],
            [
              128.891602,
              37.062275
            ],
            [
              128.759766,
              37.062275
            ],
            [
              128.62793,
              37.062275
            ],
            [
              128.540039,
              37.027174
            ],
            [
              128.408203,
              37.027174
            ],
            [
              128.320313,
              36.992058
            ],
            [
              128.232422,
              36.956925
            ],
            [
              128.144531,
              36.921776
            ],
            [
              128.100586,
              36.85143
            ],
            [
              128.056641,
              36.781018
            ],
            [
              128.056641,
              36.67528
            ],
            [
              128.100586,
              36.569396
            ],
            [
              128.100586,
              36.463367
            ],
            [
              128.100586,
              36.357193
            ],
            [
              128.056641,
              36.286329
            ],
            [
              128.100586,
              36.215401
            ],
            [
              128.144531,
              36.144409
            ],
            [
              128.100586,
              36.073352
            ],
            [
              128.144531,
              36.002231
            ],
            [
              128.232422,
              35.966647
            ],
            [
              128.320313,
              36.002231
            ],
            [
              128.452148,
              36.0378
            ],
            [
              128.540039,
              36.073352
            ],
            [
              128.671875,
              36.073352
            ],
            [
              128.759766,
              36.108889
            ],
            [
              128.847656,
              36.144409
            ],
            [
              128.979492,
              36.144409
            ],
            [
              129.111328,
              36.144409
            ],
            [
              129.243164,
              36.108889
            ],
            [
              129.375,
              36.108889
            ],
            [
              129.462891,
              36.144409
            ],
            [
              129.550781,
              36.108889
            ],
            [
              129.638672,
              36.073352
            ],
            [
              129.726563,
              36.108889
            ],
            [
              129.770508,
              36.179913
            ],
            [
              129.726563,
              36.286329
            ],
            [
              129.682617,
              36.357193
            ],
            [
              129.726563,
              36.463367
            ],
            [
              129.726563,
              36.569396
            ],
            [
              129.726563,
              36.67528
            ],
            [
              129.682617,
              36.745789
            ],
            [
              129.682617,
              36.85143
            ],
            [
              129.682617,
              36.956925
            ],
            [
              129.726563,
              37.027174
            ],
            [
              129.682617,
              37.097359
            ],
            [
              129.594727,
              37.132427
            ],
            [
              129.506836,
              37.167478
            ],
            [
              129.418945,
              37.132427
            ],
            [
              129.331055,
              37.097359
            ],
            [
              129.331055,
              37.097359
            ],
            [
              129.375,
              37.237533
            ]
          ]
        ]
      }
    },
    {
      "type": "Feature",
      "properties": {
        "NAME": "백제",
        "name": "백제",
        "color": "#ef4444",
        "fill": "#ef4444",
        "fill-opacity": 0.5,
        "stroke": "#ef4444",
        "stroke-width": 2,
        "originalType": "polygon",
        "CODE": "백제"
      },
      "geometry": {
        "type": "Polygon",
        "coordinates": [
          [
            [
              127.858887,
              37.480605
            ],
            [
              127.792969,
              37.463154
            ],
            [
              127.749023,
              37.445699
            ],
            [
              127.683105,
              37.445699
            ],
            [
              127.595215,
              37.445699
            ],
            [
              127.507324,
              37.42824
            ],
            [
              127.441406,
              37.42824
            ],
            [
              127.375488,
              37.42824
            ],
            [
              127.287598,
              37.42824
            ],
            [
              127.243652,
              37.410777
            ],
            [
              127.177734,
              37.410777
            ],
            [
              127.111816,
              37.410777
            ],
            [
              127.067871,
              37.39331
            ],
            [
              127.001953,
              37.375839
            ],
            [
              126.936035,
              37.375839
            ],
            [
              126.89209,
              37.358363
            ],
            [
              126.848145,
              37.340884
            ],
            [
              126.826172,
              37.305913
            ],
            [
              126.804199,
              37.270926
            ],
            [
              126.782227,
              37.218414
            ],
            [
              126.804199,
              37.165866
            ],
            [
              126.804199,
              37.113282
            ],
            [
              126.782227,
              37.060661
            ],
            [
              126.782227,
              37.008003
            ],
            [
              126.782227,
              36.955309
            ],
            [
              126.738281,
              36.937736
            ],
            [
              126.672363,
              36.937736
            ],
            [
              126.606445,
              36.937736
            ],
            [
              126.5625,
              36.955309
            ],
            [
              126.518555,
              36.972878
            ],
            [
              126.474609,
              37.008003
            ],
            [
              126.430664,
              37.02556
            ],
            [
              126.364746,
              37.043112
            ],
            [
              126.298828,
              37.043112
            ],
            [
              126.23291,
              37.043112
            ],
            [
              126.188965,
              37.008003
            ],
            [
              126.188965,
              36.955309
            ],
            [
              126.166992,
              36.920159
            ],
            [
              126.188965,
              36.884993
            ],
            [
              126.23291,
              36.849811
            ],
            [
              126.254883,
              36.814613
            ],
            [
              126.276855,
              36.779398
            ],
            [
              126.276855,
              36.726546
            ],
            [
              126.276855,
              36.673658
            ],
            [
              126.298828,
              36.638379
            ],
            [
              126.298828,
              36.585429
            ],
            [
              126.298828,
              36.532444
            ],
            [
              126.320801,
              36.4971
            ],
            [
              126.342773,
              36.444054
            ],
            [
              126.364746,
              36.390972
            ],
            [
              126.386719,
              36.355564
            ],
            [
              126.408691,
              36.302421
            ],
            [
              126.430664,
              36.249242
            ],
            [
              126.430664,
              36.196027
            ],
            [
              126.430664,
              36.142775
            ],
            [
              126.452637,
              36.089488
            ],
            [
              126.474609,
              36.053943
            ],
            [
              126.496582,
              36.018382
            ],
            [
              126.518555,
              35.982804
            ],
            [
              126.540527,
              35.947211
            ],
            [
              126.540527,
              35.893791
            ],
            [
              126.518555,
              35.858158
            ],
            [
              126.496582,
              35.786843
            ],
            [
              126.474609,
              35.751162
            ],
            [
              126.452637,
              35.697609
            ],
            [
              126.452637,
              35.644021
            ],
            [
              126.430664,
              35.590397
            ],
            [
              126.408691,
              35.500944
            ],
            [
              126.386719,
              35.429309
            ],
            [
              126.342773,
              35.375542
            ],
            [
              126.320801,
              35.339677
            ],
            [
              126.276855,
              35.321738
            ],
            [
              126.254883,
              35.285849
            ],
            [
              126.210938,
              35.249944
            ],
            [
              126.166992,
              35.231986
            ],
            [
              126.123047,
              35.196057
            ],
            [
              126.101074,
              35.124152
            ],
            [
              126.057129,
              35.052183
            ],
            [
              126.035156,
              35.016175
            ],
            [
              126.035156,
              34.962133
            ],
            [
              126.035156,
              34.908056
            ],
            [
              126.013184,
              34.871984
            ],
            [
              125.991211,
              34.835897
            ],
            [
              125.991211,
              34.781736
            ],
            [
              125.969238,
              34.745609
            ],
            [
              125.947266,
              34.691389
            ],
            [
              125.947266,
              34.637134
            ],
            [
              125.947266,
              34.582843
            ],
            [
              125.947266,
              34.528516
            ],
            [
              125.969238,
              34.474154
            ],
            [
              125.969238,
              34.419757
            ],
            [
              125.969238,
              34.347172
            ],
            [
              125.969238,
              34.292691
            ],
            [
              125.991211,
              34.256352
            ],
            [
              126.035156,
              34.219996
            ],
            [
              126.079102,
              34.201813
            ],
            [
              126.166992,
              34.183625
            ],
            [
              126.298828,
              34.165434
            ],
            [
              126.386719,
              34.165434
            ],
            [
              126.474609,
              34.165434
            ],
            [
              126.540527,
              34.165434
            ],
            [
              126.584473,
              34.147239
            ],
            [
              126.650391,
              34.165434
            ],
            [
              126.694336,
              34.183625
            ],
            [
              126.782227,
              34.201813
            ],
            [
              126.826172,
              34.219996
            ],
            [
              126.89209,
              34.238176
            ],
            [
              126.958008,
              34.256352
            ],
            [
              127.023926,
              34.274524
            ],
            [
              127.067871,
              34.292691
            ],
            [
              127.133789,
              34.310855
            ],
            [
              127.199707,
              34.310855
            ],
            [
              127.243652,
              34.347172
            ],
            [
              127.287598,
              34.365324
            ],
            [
              127.331543,
              34.383472
            ],
            [
              127.375488,
              34.401616
            ],
            [
              127.419434,
              34.437893
            ],
            [
              127.463379,
              34.474154
            ],
            [
              127.507324,
              34.528516
            ],
            [
              127.507324,
              34.582843
            ],
            [
              127.529297,
              34.619041
            ],
            [
              127.55127,
              34.655223
            ],
            [
              127.573242,
              34.691389
            ],
            [
              127.595215,
              34.72754
            ],
            [
              127.63916,
              34.745609
            ],
            [
              127.683105,
              34.763675
            ],
            [
              127.705078,
              34.799794
            ],
            [
              127.727051,
              34.835897
            ],
            [
              127.749023,
              34.871984
            ],
            [
              127.749023,
              34.944112
            ],
            [
              127.770996,
              34.998165
            ],
            [
              127.770996,
              35.052183
            ],
            [
              127.770996,
              35.124152
            ],
            [
              127.770996,
              35.178087
            ],
            [
              127.770996,
              35.231986
            ],
            [
              127.770996,
              35.285849
            ],
            [
              127.770996,
              35.357611
            ],
            [
              127.792969,
              35.393468
            ],
            [
              127.792969,
              35.465135
            ],
            [
              127.814941,
              35.500944
            ],
            [
              127.814941,
              35.554628
            ],
            [
              127.814941,
              35.608276
            ],
            [
              127.836914,
              35.644021
            ],
            [
              127.836914,
              35.697609
            ],
            [
              127.836914,
              35.769004
            ],
            [
              127.858887,
              35.822508
            ],
            [
              127.880859,
              35.875976
            ],
            [
              127.902832,
              35.911602
            ],
            [
              127.924805,
              35.947211
            ],
            [
              127.96875,
              35.982804
            ],
            [
              127.990723,
              36.018382
            ],
            [
              128.012695,
              36.053943
            ],
            [
              128.034668,
              36.107254
            ],
            [
              128.034668,
              36.17828
            ],
            [
              128.056641,
              36.231508
            ],
            [
              128.056641,
              36.302421
            ],
            [
              128.056641,
              36.37327
            ],
            [
              128.056641,
              36.426364
            ],
            [
              128.056641,
              36.479422
            ],
            [
              128.056641,
              36.532444
            ],
            [
              128.056641,
              36.603083
            ],
            [
              128.034668,
              36.638379
            ],
            [
              128.034668,
              36.691291
            ],
            [
              128.034668,
              36.744168
            ],
            [
              128.034668,
              36.797008
            ],
            [
              128.034668,
              36.849811
            ],
            [
              128.034668,
              36.902578
            ],
            [
              128.034668,
              36.955309
            ],
            [
              128.012695,
              36.990442
            ],
            [
              127.990723,
              37.060661
            ],
            [
              127.990723,
              37.113282
            ],
            [
              127.990723,
              37.165866
            ],
            [
              127.990723,
              37.218414
            ],
            [
              127.990723,
              37.270926
            ],
            [
              127.96875,
              37.305913
            ],
            [
              127.96875,
              37.358363
            ],
            [
              127.946777,
              37.39331
            ],
            [
              127.924805,
              37.42824
            ],
            [
              127.902832,
              37.463154
            ],
            [
              127.836914,
              37.463154
            ],
            [
              127.836914,
              37.463154
            ],
            [
              127.858887,
              37.480605
            ]
          ]
        ]
      }
    },
    {
      "type": "Feature",
      "properties": {
        "NAME": "거란",
        "name": "거란",
        "color": "#ef4444",
        "fill": "#ef4444",
        "fill-opacity": 0.5,
        "stroke": "#ef4444",
        "stroke-width": 2,
        "originalType": "polygon",
        "CODE": "거란"
      },
      "geometry": {
        "type": "Polygon",
        "coordinates": [
          [
            [
              113.422852,
              46.422361
            ],
            [
              113.510742,
              46.392038
            ],
            [
              113.642578,
              46.392038
            ],
            [
              113.774414,
              46.392038
            ],
            [
              113.950195,
              46.392038
            ],
            [
              114.082031,
              46.392038
            ],
            [
              114.301758,
              46.392038
            ],
            [
              114.477539,
              46.392038
            ],
            [
              114.697266,
              46.392038
            ],
            [
              114.785156,
              46.422361
            ],
            [
              114.960938,
              46.422361
            ],
            [
              115.092773,
              46.422361
            ],
            [
              115.224609,
              46.422361
            ],
            [
              115.3125,
              46.452667
            ],
            [
              115.444336,
              46.482956
            ],
            [
              115.576172,
              46.513229
            ],
            [
              115.751953,
              46.513229
            ],
            [
              115.839844,
              46.543484
            ],
            [
              116.015625,
              46.543484
            ],
            [
              116.235352,
              46.543484
            ],
            [
              116.411133,
              46.543484
            ],
            [
              116.542969,
              46.573723
            ],
            [
              116.674805,
              46.573723
            ],
            [
              116.806641,
              46.573723
            ],
            [
              116.938477,
              46.573723
            ],
            [
              117.070313,
              46.573723
            ],
            [
              117.202148,
              46.573723
            ],
            [
              117.333984,
              46.573723
            ],
            [
              117.509766,
              46.543484
            ],
            [
              117.597656,
              46.513229
            ],
            [
              117.685547,
              46.482956
            ],
            [
              117.817383,
              46.482956
            ],
            [
              117.949219,
              46.482956
            ],
            [
              118.037109,
              46.452667
            ],
            [
              118.168945,
              46.422361
            ],
            [
              118.256836,
              46.392038
            ],
            [
              118.344727,
              46.361699
            ],
            [
              118.476563,
              46.300969
            ],
            [
              118.564453,
              46.270579
            ],
            [
              118.652344,
              46.240171
            ],
            [
              118.696289,
              46.148849
            ],
            [
              118.740234,
              46.087883
            ],
            [
              118.78418,
              46.026849
            ],
            [
              118.87207,
              45.965748
            ],
            [
              118.916016,
              45.90458
            ],
            [
              118.959961,
              45.843344
            ],
            [
              119.003906,
              45.782041
            ],
            [
              119.047852,
              45.72067
            ],
            [
              119.135742,
              45.689959
            ],
            [
              119.223633,
              45.628487
            ],
            [
              119.267578,
              45.566948
            ],
            [
              119.267578,
              45.474512
            ],
            [
              119.223633,
              45.412803
            ],
            [
              119.179688,
              45.351028
            ],
            [
              119.135742,
              45.289184
            ],
            [
              119.091797,
              45.227273
            ],
            [
              119.003906,
              45.196293
            ],
            [
              118.916016,
              45.165295
            ],
            [
              118.78418,
              45.165295
            ],
            [
              118.696289,
              45.134281
            ],
            [
              118.608398,
              45.103249
            ],
            [
              118.520508,
              45.041136
            ],
            [
              118.432617,
              45.010054
            ],
            [
              118.344727,
              44.94784
            ],
            [
              118.300781,
              44.885557
            ],
            [
              118.256836,
              44.823208
            ],
            [
              118.212891,
              44.760791
            ],
            [
              118.256836,
              44.667039
            ],
            [
              118.300781,
              44.604453
            ],
            [
              118.344727,
              44.510447
            ],
            [
              118.344727,
              44.41629
            ],
            [
              118.344727,
              44.321981
            ],
            [
              118.388672,
              44.259024
            ],
            [
              118.476563,
              44.164462
            ],
            [
              118.520508,
              44.101336
            ],
            [
              118.564453,
              44.006521
            ],
            [
              118.608398,
              43.943227
            ],
            [
              118.608398,
              43.848159
            ],
            [
              118.696289,
              43.784695
            ],
            [
              118.740234,
              43.721165
            ],
            [
              118.828125,
              43.657567
            ],
            [
              118.87207,
              43.593902
            ],
            [
              118.959961,
              43.562044
            ],
            [
              119.047852,
              43.498277
            ],
            [
              119.135742,
              43.466369
            ],
            [
              119.223633,
              43.434443
            ],
            [
              119.311523,
              43.402501
            ],
            [
              119.355469,
              43.338566
            ],
            [
              119.399414,
              43.242537
            ],
            [
              119.355469,
              43.178433
            ],
            [
              119.267578,
              43.146356
            ],
            [
              119.179688,
              43.082152
            ],
            [
              119.091797,
              43.050024
            ],
            [
              119.003906,
              43.01788
            ],
            [
              118.87207,
              42.985719
            ],
            [
              118.78418,
              42.953541
            ],
            [
              118.696289,
              42.921346
            ],
            [
              118.608398,
              42.889134
            ],
            [
              118.432617,
              42.856906
            ],
            [
              118.344727,
              42.82466
            ],
            [
              118.256836,
              42.760119
            ],
            [
              118.168945,
              42.727823
            ],
            [
              118.081055,
              42.663181
            ],
            [
              117.993164,
              42.598472
            ],
            [
              117.905273,
              42.566092
            ],
            [
              117.817383,
              42.501281
            ],
            [
              117.729492,
              42.436404
            ],
            [
              117.641602,
              42.371459
            ],
            [
              117.553711,
              42.306447
            ],
            [
              117.46582,
              42.273916
            ],
            [
              117.37793,
              42.241367
            ],
            [
              117.290039,
              42.208803
            ],
            [
              117.158203,
              42.208803
            ],
            [
              117.070313,
              42.176221
            ],
            [
              116.894531,
              42.143623
            ],
            [
              116.762695,
              42.111007
            ],
            [
              116.630859,
              42.111007
            ],
            [
              116.499023,
              42.111007
            ],
            [
              116.367188,
              42.078375
            ],
            [
              116.279297,
              42.045727
            ],
            [
              116.147461,
              42.013061
            ],
            [
              116.015625,
              42.013061
            ],
            [
              115.927734,
              41.980379
            ],
            [
              115.795898,
              41.980379
            ],
            [
              115.664063,
              41.980379
            ],
            [
              115.532227,
              41.980379
            ],
            [
              115.444336,
              41.947679
            ],
            [
              115.3125,
              41.947679
            ],
            [
              115.136719,
              41.947679
            ],
            [
              115.048828,
              41.914964
            ],
            [
              114.916992,
              41.914964
            ],
            [
              114.785156,
              41.914964
            ],
            [
              114.697266,
              41.882231
            ],
            [
              114.521484,
              41.882231
            ],
            [
              114.433594,
              41.849481
            ],
            [
              114.301758,
              41.816715
            ],
            [
              114.125977,
              41.783932
            ],
            [
              113.994141,
              41.751132
            ],
            [
              113.862305,
              41.718316
            ],
            [
              113.774414,
              41.652632
            ],
            [
              113.730469,
              41.586882
            ],
            [
              113.642578,
              41.553981
            ],
            [
              113.554688,
              41.521064
            ],
            [
              113.466797,
              41.422212
            ],
            [
              113.378906,
              41.389228
            ],
            [
              113.291016,
              41.32321
            ],
            [
              113.15918,
              41.290175
            ],
            [
              113.027344,
              41.224057
            ],
            [
              112.939453,
              41.190972
            ],
            [
              112.807617,
              41.157871
            ],
            [
              112.719727,
              41.124753
            ],
            [
              112.587891,
              41.091618
            ],
            [
              112.456055,
              41.058467
            ],
            [
              112.324219,
              41.058467
            ],
            [
              112.236328,
              41.025298
            ],
            [
              112.104492,
              41.025298
            ],
            [
              111.972656,
              41.025298
            ],
            [
              111.84082,
              41.025298
            ],
            [
              111.708984,
              41.025298
            ],
            [
              111.577148,
              41.025298
            ],
            [
              111.445313,
              41.058467
            ],
            [
              111.313477,
              41.058467
            ],
            [
              111.181641,
              41.091618
            ],
            [
              111.049805,
              41.124753
            ],
            [
              110.874023,
              41.157871
            ],
            [
              110.742188,
              41.190972
            ],
            [
              110.610352,
              41.190972
            ],
            [
              110.522461,
              41.224057
            ],
            [
              110.390625,
              41.257124
            ],
            [
              110.302734,
              41.290175
            ],
            [
              110.170898,
              41.290175
            ],
            [
              110.083008,
              41.32321
            ],
            [
              109.951172,
              41.32321
            ],
            [
              109.863281,
              41.356227
            ],
            [
              109.6875,
              41.356227
            ],
            [
              109.555664,
              41.356227
            ],
            [
              109.423828,
              41.389228
            ],
            [
              109.291992,
              41.389228
            ],
            [
              109.204102,
              41.422212
            ],
            [
              109.072266,
              41.422212
            ],
            [
              108.94043,
              41.422212
            ],
            [
              108.808594,
              41.422212
            ],
            [
              108.676758,
              41.422212
            ],
            [
              108.544922,
              41.422212
            ],
            [
              108.369141,
              41.422212
            ],
            [
              108.237305,
              41.422212
            ],
            [
              107.929688,
              41.422212
            ],
            [
              107.841797,
              41.45518
            ],
            [
              107.709961,
              41.48813
            ],
            [
              107.578125,
              41.48813
            ],
            [
              107.490234,
              41.521064
            ],
            [
              107.402344,
              41.553981
            ],
            [
              107.314453,
              41.586882
            ],
            [
              107.226563,
              41.652632
            ],
            [
              107.138672,
              41.685482
            ],
            [
              107.050781,
              41.751132
            ],
            [
              106.918945,
              41.849481
            ],
            [
              106.831055,
              41.882231
            ],
            [
              106.787109,
              41.947679
            ],
            [
              106.699219,
              41.980379
            ],
            [
              106.611328,
              42.045727
            ],
            [
              106.523438,
              42.111007
            ],
            [
              106.391602,
              42.176221
            ],
            [
              106.303711,
              42.241367
            ],
            [
              106.21582,
              42.338961
            ],
            [
              106.12793,
              42.371459
            ],
            [
              106.040039,
              42.436404
            ],
            [
              105.952148,
              42.468851
            ],
            [
              105.864258,
              42.501281
            ],
            [
              105.776367,
              42.533695
            ],
            [
              105.688477,
              42.566092
            ],
            [
              105.600586,
              42.598472
            ],
            [
              105.512695,
              42.630835
            ],
            [
              105.380859,
              42.630835
            ],
            [
              105.292969,
              42.663181
            ],
            [
              105.117188,
              42.663181
            ],
            [
              104.985352,
              42.69551
            ],
            [
              104.80957,
              42.727823
            ],
            [
              104.633789,
              42.760119
            ],
            [
              104.501953,
              42.792398
            ],
            [
              104.326172,
              42.82466
            ],
            [
              104.194336,
              42.856906
            ],
            [
              104.0625,
              42.889134
            ],
            [
              103.886719,
              42.921346
            ],
            [
              103.754883,
              42.953541
            ],
            [
              103.535156,
              42.985719
            ],
            [
              103.359375,
              42.985719
            ],
            [
              103.227539,
              42.985719
            ],
            [
              103.095703,
              42.985719
            ],
            [
              102.919922,
              42.985719
            ],
            [
              102.832031,
              43.01788
            ],
            [
              102.700195,
              42.953541
            ],
            [
              102.568359,
              42.953541
            ],
            [
              102.392578,
              42.856906
            ],
            [
              102.304688,
              42.82466
            ],
            [
              102.216797,
              42.792398
            ],
            [
              102.041016,
              42.760119
            ],
            [
              101.90918,
              42.760119
            ],
            [
              101.821289,
              42.727823
            ],
            [
              101.733398,
              42.663181
            ],
            [
              101.601563,
              42.630835
            ],
            [
              101.513672,
              42.566092
            ],
            [
              101.337891,
              42.533695
            ],
            [
              101.25,
              42.501281
            ],
            [
              101.074219,
              42.501281
            ],
            [
              100.854492,
              42.501281
            ],
            [
              100.678711,
              42.501281
            ],
            [
              100.59082,
              42.533695
            ],
            [
              100.50293,
              42.566092
            ],
            [
              100.415039,
              42.630835
            ],
            [
              100.415039,
              42.727823
            ],
            [
              100.50293,
              42.792398
            ],
            [
              100.546875,
              42.856906
            ],
            [
              100.634766,
              42.889134
            ],
            [
              100.722656,
              42.921346
            ],
            [
              100.898438,
              43.050024
            ],
            [
              100.986328,
              43.114263
            ],
            [
              101.074219,
              43.178433
            ],
            [
              101.206055,
              43.274563
            ],
            [
              101.25,
              43.338566
            ],
            [
              101.337891,
              43.370542
            ],
            [
              101.425781,
              43.402501
            ],
            [
              101.513672,
              43.466369
            ],
            [
              101.601563,
              43.498277
            ],
            [
              101.689453,
              43.530169
            ],
            [
              101.777344,
              43.562044
            ],
            [
              101.865234,
              43.593902
            ],
            [
              101.99707,
              43.625743
            ],
            [
              102.128906,
              43.657567
            ],
            [
              102.304688,
              43.657567
            ],
            [
              102.480469,
              43.689374
            ],
            [
              102.65625,
              43.721165
            ],
            [
              102.832031,
              43.752939
            ],
            [
              102.963867,
              43.752939
            ],
            [
              103.051758,
              43.784695
            ],
            [
              103.183594,
              43.784695
            ],
            [
              103.31543,
              43.784695
            ],
            [
              103.40332,
              43.816435
            ],
            [
              103.535156,
              43.848159
            ],
            [
              103.710938,
              43.879865
            ],
            [
              103.842773,
              43.879865
            ],
            [
              103.974609,
              43.911554
            ],
            [
              104.0625,
              43.943227
            ],
            [
              104.238281,
              43.974882
            ],
            [
              104.370117,
              43.974882
            ],
            [
              104.458008,
              44.006521
            ],
            [
              104.589844,
              44.038143
            ],
            [
              104.80957,
              44.038143
            ],
            [
              104.941406,
              44.069748
            ],
            [
              105.117188,
              44.101336
            ],
            [
              105.249023,
              44.132908
            ],
            [
              105.424805,
              44.164462
            ],
            [
              105.600586,
              44.196
            ],
            [
              105.776367,
              44.259024
            ],
            [
              105.908203,
              44.290511
            ],
            [
              106.040039,
              44.321981
            ],
            [
              106.12793,
              44.384871
            ],
            [
              106.21582,
              44.479079
            ],
            [
              106.303711,
              44.573135
            ],
            [
              106.347656,
              44.635754
            ],
            [
              106.347656,
              44.760791
            ],
            [
              106.435547,
              44.823208
            ],
            [
              106.479492,
              44.885557
            ],
            [
              106.567383,
              44.978955
            ],
            [
              106.699219,
              45.041136
            ],
            [
              106.831055,
              45.103249
            ],
            [
              106.918945,
              45.165295
            ],
            [
              107.050781,
              45.258237
            ],
            [
              107.182617,
              45.351028
            ],
            [
              107.270508,
              45.381924
            ],
            [
              107.402344,
              45.474512
            ],
            [
              107.490234,
              45.536152
            ],
            [
              107.578125,
              45.597726
            ],
            [
              107.709961,
              45.659232
            ],
            [
              107.841797,
              45.689959
            ],
            [
              107.929688,
              45.751364
            ],
            [
              108.017578,
              45.782041
            ],
            [
              108.149414,
              45.812701
            ],
            [
              108.28125,
              45.843344
            ],
            [
              108.457031,
              45.90458
            ],
            [
              108.632813,
              45.935173
            ],
            [
              108.764648,
              45.935173
            ],
            [
              108.896484,
              45.965748
            ],
            [
              109.072266,
              45.996307
            ],
            [
              109.248047,
              46.026849
            ],
            [
              109.467773,
              46.057374
            ],
            [
              109.731445,
              46.087883
            ],
            [
              109.951172,
              46.087883
            ],
            [
              110.083008,
              46.087883
            ],
            [
              110.170898,
              46.118374
            ],
            [
              110.302734,
              46.118374
            ],
            [
              110.478516,
              46.118374
            ],
            [
              110.610352,
              46.087883
            ],
            [
              110.786133,
              46.087883
            ],
            [
              110.917969,
              46.087883
            ],
            [
              111.005859,
              46.118374
            ],
            [
              111.225586,
              46.118374
            ],
            [
              111.357422,
              46.148849
            ],
            [
              111.533203,
              46.179307
            ],
            [
              111.621094,
              46.209747
            ],
            [
              111.665039,
              46.270579
            ],
            [
              111.75293,
              46.331342
            ],
            [
              111.84082,
              46.361699
            ],
            [
              111.928711,
              46.422361
            ],
            [
              112.016602,
              46.452667
            ],
            [
              112.104492,
              46.482956
            ],
            [
              112.236328,
              46.482956
            ],
            [
              112.368164,
              46.482956
            ],
            [
              112.5,
              46.452667
            ],
            [
              112.631836,
              46.452667
            ],
            [
              112.719727,
              46.422361
            ],
            [
              112.851563,
              46.392038
            ],
            [
              112.983398,
              46.361699
            ],
            [
              113.115234,
              46.331342
            ],
            [
              113.291016,
              46.361699
            ],
            [
              113.422852,
              46.361699
            ],
            [
              113.510742,
              46.392038
            ],
            [
              113.510742,
              46.392038
            ],
            [
              113.422852,
              46.422361
            ]
          ]
        ]
      }
    },
    {
      "type": "Feature",
      "properties": {
        "NAME": "북위",
        "name": "북위",
        "color": "#ef4444",
        "fill": "#ef4444",
        "fill-opacity": 0.5,
        "stroke": "#ef4444",
        "stroke-width": 2,
        "originalType": "polygon",
        "CODE": "북위"
      },
      "geometry": {
        "type": "Polygon",
        "coordinates": [
          [
            [
              109.379883,
              41.224057
            ],
            [
              109.291992,
              41.190972
            ],
            [
              109.204102,
              41.157871
            ],
            [
              109.072266,
              41.157871
            ],
            [
              108.896484,
              41.190972
            ],
            [
              108.720703,
              41.190972
            ],
            [
              108.588867,
              41.190972
            ],
            [
              108.413086,
              41.190972
            ],
            [
              108.237305,
              41.224057
            ],
            [
              108.105469,
              41.224057
            ],
            [
              107.929688,
              41.224057
            ],
            [
              107.797852,
              41.224057
            ],
            [
              107.666016,
              41.224057
            ],
            [
              107.53418,
              41.224057
            ],
            [
              107.358398,
              41.224057
            ],
            [
              107.138672,
              41.224057
            ],
            [
              107.006836,
              41.257124
            ],
            [
              106.875,
              41.290175
            ],
            [
              106.743164,
              41.32321
            ],
            [
              106.655273,
              41.389228
            ],
            [
              106.611328,
              41.45518
            ],
            [
              106.567383,
              41.553981
            ],
            [
              106.523438,
              41.619765
            ],
            [
              106.391602,
              41.619765
            ],
            [
              106.259766,
              41.652632
            ],
            [
              106.171875,
              41.685482
            ],
            [
              106.083984,
              41.718316
            ],
            [
              105.952148,
              41.751132
            ],
            [
              105.864258,
              41.783932
            ],
            [
              105.776367,
              41.849481
            ],
            [
              105.644531,
              41.849481
            ],
            [
              105.556641,
              41.882231
            ],
            [
              105.424805,
              41.914964
            ],
            [
              105.292969,
              41.947679
            ],
            [
              105.161133,
              41.947679
            ],
            [
              105.029297,
              41.980379
            ],
            [
              104.897461,
              42.013061
            ],
            [
              104.72168,
              42.013061
            ],
            [
              104.545898,
              42.045727
            ],
            [
              104.414063,
              42.045727
            ],
            [
              104.282227,
              42.078375
            ],
            [
              104.150391,
              42.078375
            ],
            [
              104.018555,
              42.078375
            ],
            [
              103.930664,
              42.111007
            ],
            [
              103.798828,
              42.111007
            ],
            [
              103.623047,
              42.111007
            ],
            [
              103.491211,
              42.078375
            ],
            [
              103.31543,
              42.078375
            ],
            [
              103.183594,
              42.078375
            ],
            [
              103.095703,
              42.045727
            ],
            [
              102.919922,
              42.045727
            ],
            [
              102.744141,
              42.045727
            ],
            [
              102.612305,
              42.045727
            ],
            [
              102.480469,
              42.045727
            ],
            [
              102.348633,
              42.045727
            ],
            [
              102.172852,
              42.045727
            ],
            [
              102.041016,
              42.013061
            ],
            [
              101.953125,
              41.980379
            ],
            [
              101.821289,
              41.947679
            ],
            [
              101.645508,
              41.914964
            ],
            [
              101.557617,
              41.849481
            ],
            [
              101.469727,
              41.816715
            ],
            [
              101.337891,
              41.751132
            ],
            [
              101.25,
              41.718316
            ],
            [
              101.162109,
              41.685482
            ],
            [
              101.074219,
              41.652632
            ],
            [
              100.942383,
              41.586882
            ],
            [
              100.854492,
              41.521064
            ],
            [
              100.722656,
              41.48813
            ],
            [
              100.634766,
              41.45518
            ],
            [
              100.546875,
              41.422212
            ],
            [
              100.415039,
              41.356227
            ],
            [
              100.327148,
              41.32321
            ],
            [
              100.239258,
              41.290175
            ],
            [
              100.107422,
              41.257124
            ],
            [
              100.019531,
              41.224057
            ],
            [
              99.931641,
              41.190972
            ],
            [
              99.84375,
              41.157871
            ],
            [
              99.755859,
              41.124753
            ],
            [
              99.624023,
              41.058467
            ],
            [
              99.536133,
              41.025298
            ],
            [
              99.448242,
              40.992114
            ],
            [
              99.360352,
              40.958912
            ],
            [
              99.272461,
              40.892459
            ],
            [
              99.18457,
              40.859207
            ],
            [
              99.052734,
              40.792653
            ],
            [
              99.008789,
              40.726033
            ],
            [
              98.964844,
              40.659346
            ],
            [
              99.052734,
              40.525772
            ],
            [
              99.140625,
              40.425416
            ],
            [
              99.228516,
              40.358429
            ],
            [
              99.316406,
              40.324911
            ],
            [
              99.404297,
              40.257823
            ],
            [
              99.492188,
              40.157068
            ],
            [
              99.580078,
              40.089815
            ],
            [
              99.667969,
              40.056163
            ],
            [
              99.799805,
              40.022495
            ],
            [
              99.931641,
              39.955108
            ],
            [
              100.107422,
              39.955108
            ],
            [
              100.283203,
              39.955108
            ],
            [
              100.415039,
              39.955108
            ],
            [
              100.59082,
              39.955108
            ],
            [
              100.722656,
              39.955108
            ],
            [
              100.898438,
              39.955108
            ],
            [
              101.030273,
              39.955108
            ],
            [
              101.162109,
              39.98881
            ],
            [
              101.337891,
              39.98881
            ],
            [
              101.469727,
              39.98881
            ],
            [
              101.601563,
              39.955108
            ],
            [
              101.689453,
              39.92139
            ],
            [
              101.821289,
              39.853904
            ],
            [
              101.90918,
              39.786351
            ],
            [
              101.953125,
              39.718732
            ],
            [
              102.041016,
              39.617179
            ],
            [
              102.128906,
              39.515477
            ],
            [
              102.172852,
              39.447593
            ],
            [
              102.216797,
              39.379643
            ],
            [
              102.304688,
              39.311626
            ],
            [
              102.348633,
              39.243543
            ],
            [
              102.436523,
              39.175394
            ],
            [
              102.480469,
              39.107179
            ],
            [
              102.568359,
              39.073046
            ],
            [
              102.65625,
              39.004732
            ],
            [
              102.744141,
              38.97055
            ],
            [
              102.788086,
              38.902137
            ],
            [
              102.875977,
              38.867906
            ],
            [
              102.963867,
              38.833658
            ],
            [
              103.095703,
              38.833658
            ],
            [
              103.183594,
              38.799393
            ],
            [
              103.447266,
              38.799393
            ],
            [
              103.623047,
              38.799393
            ],
            [
              103.798828,
              38.833658
            ],
            [
              103.930664,
              38.833658
            ],
            [
              104.0625,
              38.867906
            ],
            [
              104.194336,
              38.902137
            ],
            [
              104.282227,
              38.936352
            ],
            [
              104.414063,
              39.004732
            ],
            [
              104.501953,
              39.038898
            ],
            [
              104.545898,
              39.107179
            ],
            [
              104.677734,
              39.141295
            ],
            [
              104.765625,
              39.175394
            ],
            [
              104.897461,
              39.243543
            ],
            [
              105.029297,
              39.277593
            ],
            [
              105.117188,
              39.311626
            ],
            [
              105.249023,
              39.311626
            ],
            [
              105.424805,
              39.311626
            ],
            [
              105.512695,
              39.277593
            ],
            [
              105.600586,
              39.243543
            ],
            [
              105.732422,
              39.243543
            ],
            [
              105.864258,
              39.209477
            ],
            [
              105.996094,
              39.209477
            ],
            [
              106.12793,
              39.209477
            ],
            [
              106.21582,
              39.175394
            ],
            [
              106.347656,
              39.175394
            ],
            [
              106.479492,
              39.175394
            ],
            [
              106.567383,
              39.141295
            ],
            [
              106.699219,
              39.141295
            ],
            [
              106.787109,
              39.107179
            ],
            [
              106.962891,
              39.073046
            ],
            [
              107.050781,
              39.038898
            ],
            [
              107.138672,
              39.004732
            ],
            [
              107.270508,
              38.936352
            ],
            [
              107.402344,
              38.902137
            ],
            [
              107.490234,
              38.867906
            ],
            [
              107.578125,
              38.833658
            ],
            [
              107.709961,
              38.799393
            ],
            [
              107.841797,
              38.765113
            ],
            [
              107.929688,
              38.730815
            ],
            [
              108.017578,
              38.696501
            ],
            [
              108.105469,
              38.662171
            ],
            [
              108.193359,
              38.627824
            ],
            [
              108.325195,
              38.627824
            ],
            [
              108.457031,
              38.593461
            ],
            [
              108.632813,
              38.593461
            ],
            [
              108.764648,
              38.627824
            ],
            [
              108.94043,
              38.627824
            ],
            [
              109.02832,
              38.662171
            ],
            [
              109.116211,
              38.696501
            ],
            [
              109.335938,
              38.730815
            ],
            [
              109.467773,
              38.730815
            ],
            [
              109.555664,
              38.765113
            ],
            [
              109.643555,
              38.799393
            ],
            [
              109.731445,
              38.867906
            ],
            [
              109.775391,
              38.936352
            ],
            [
              109.819336,
              39.004732
            ],
            [
              109.819336,
              39.107179
            ],
            [
              109.863281,
              39.209477
            ],
            [
              109.863281,
              39.311626
            ],
            [
              109.863281,
              39.413626
            ],
            [
              109.951172,
              39.515477
            ],
            [
              109.951172,
              39.617179
            ],
            [
              110.039063,
              39.684898
            ],
            [
              110.083008,
              39.75255
            ],
            [
              110.126953,
              39.853904
            ],
            [
              110.170898,
              39.92139
            ],
            [
              110.258789,
              39.98881
            ],
            [
              110.34668,
              40.056163
            ],
            [
              110.390625,
              40.12345
            ],
            [
              110.43457,
              40.19067
            ],
            [
              110.478516,
              40.257823
            ],
            [
              110.522461,
              40.324911
            ],
            [
              110.566406,
              40.391931
            ],
            [
              110.610352,
              40.458885
            ],
            [
              110.698242,
              40.525772
            ],
            [
              110.786133,
              40.559191
            ],
            [
              110.874023,
              40.625978
            ],
            [
              110.917969,
              40.692698
            ],
            [
              111.005859,
              40.759352
            ],
            [
              110.961914,
              40.825939
            ],
            [
              110.874023,
              40.892459
            ],
            [
              110.830078,
              40.958912
            ],
            [
              110.742188,
              40.992114
            ],
            [
              110.566406,
              41.025298
            ],
            [
              110.478516,
              41.058467
            ],
            [
              110.34668,
              41.091618
            ],
            [
              110.214844,
              41.091618
            ],
            [
              110.126953,
              41.124753
            ],
            [
              109.995117,
              41.124753
            ],
            [
              109.907227,
              41.157871
            ],
            [
              109.775391,
              41.190972
            ],
            [
              109.643555,
              41.190972
            ],
            [
              109.555664,
              41.224057
            ],
            [
              109.423828,
              41.224057
            ],
            [
              109.335938,
              41.190972
            ],
            [
              109.248047,
              41.157871
            ],
            [
              109.248047,
              41.157871
            ],
            [
              109.379883,
              41.224057
            ]
          ]
        ]
      }
    },
    {
      "type": "Feature",
      "properties": {
        "NAME": "서진",
        "name": "서진",
        "color": "#ef4444",
        "fill": "#ef4444",
        "fill-opacity": 0.5,
        "stroke": "#ef4444",
        "stroke-width": 2,
        "originalType": "polygon",
        "CODE": "서진"
      },
      "geometry": {
        "type": "Polygon",
        "coordinates": [
          [
            [
              105.996094,
              36.678277
            ],
            [
              106.083984,
              36.643
            ],
            [
              106.171875,
              36.607707
            ],
            [
              106.21582,
              36.537072
            ],
            [
              106.303711,
              36.430998
            ],
            [
              106.347656,
              36.32478
            ],
            [
              106.391602,
              36.253887
            ],
            [
              106.479492,
              36.218416
            ],
            [
              106.567383,
              36.111907
            ],
            [
              106.655273,
              36.040821
            ],
            [
              106.699219,
              35.969671
            ],
            [
              106.787109,
              35.898457
            ],
            [
              106.875,
              35.791515
            ],
            [
              106.918945,
              35.72014
            ],
            [
              106.962891,
              35.648702
            ],
            [
              106.962891,
              35.541424
            ],
            [
              106.962891,
              35.398163
            ],
            [
              106.962891,
              35.29055
            ],
            [
              106.875,
              35.218729
            ],
            [
              106.831055,
              35.146844
            ],
            [
              106.787109,
              35.074895
            ],
            [
              106.743164,
              35.002883
            ],
            [
              106.699219,
              34.930808
            ],
            [
              106.655273,
              34.858669
            ],
            [
              106.523438,
              34.786467
            ],
            [
              106.435547,
              34.714201
            ],
            [
              106.347656,
              34.678045
            ],
            [
              106.21582,
              34.641872
            ],
            [
              106.12793,
              34.605684
            ],
            [
              105.996094,
              34.56948
            ],
            [
              105.908203,
              34.533261
            ],
            [
              105.820313,
              34.460774
            ],
            [
              105.732422,
              34.424508
            ],
            [
              105.688477,
              34.351927
            ],
            [
              105.644531,
              34.279283
            ],
            [
              105.600586,
              34.206576
            ],
            [
              105.556641,
              34.133807
            ],
            [
              105.556641,
              34.024535
            ],
            [
              105.600586,
              33.951609
            ],
            [
              105.644531,
              33.842103
            ],
            [
              105.688477,
              33.76902
            ],
            [
              105.732422,
              33.695876
            ],
            [
              105.776367,
              33.622669
            ],
            [
              105.820313,
              33.549399
            ],
            [
              105.864258,
              33.476068
            ],
            [
              105.952148,
              33.439379
            ],
            [
              105.996094,
              33.365954
            ],
            [
              106.040039,
              33.292468
            ],
            [
              106.12793,
              33.218919
            ],
            [
              106.171875,
              33.145309
            ],
            [
              106.259766,
              33.071636
            ],
            [
              106.347656,
              32.961012
            ],
            [
              106.435547,
              32.887186
            ],
            [
              106.523438,
              32.85025
            ],
            [
              106.567383,
              32.776331
            ],
            [
              106.655273,
              32.702351
            ],
            [
              106.743164,
              32.665337
            ],
            [
              106.831055,
              32.591265
            ],
            [
              106.918945,
              32.517132
            ],
            [
              106.962891,
              32.405817
            ],
            [
              107.006836,
              32.294364
            ],
            [
              107.050781,
              32.182774
            ],
            [
              107.094727,
              32.071048
            ],
            [
              107.138672,
              31.959184
            ],
            [
              107.182617,
              31.884533
            ],
            [
              107.182617,
              31.772443
            ],
            [
              107.138672,
              31.69764
            ],
            [
              107.050781,
              31.660216
            ],
            [
              107.006836,
              31.585323
            ],
            [
              106.875,
              31.585323
            ],
            [
              106.743164,
              31.51037
            ],
            [
              106.611328,
              31.51037
            ],
            [
              106.523438,
              31.47287
            ],
            [
              106.391602,
              31.47287
            ],
            [
              106.259766,
              31.47287
            ],
            [
              106.083984,
              31.47287
            ],
            [
              105.908203,
              31.47287
            ],
            [
              105.776367,
              31.47287
            ],
            [
              105.644531,
              31.47287
            ],
            [
              105.512695,
              31.47287
            ],
            [
              105.380859,
              31.47287
            ],
            [
              105.249023,
              31.47287
            ],
            [
              105.117188,
              31.47287
            ],
            [
              104.941406,
              31.47287
            ],
            [
              104.765625,
              31.47287
            ],
            [
              104.633789,
              31.51037
            ],
            [
              104.501953,
              31.585323
            ],
            [
              104.458008,
              31.660216
            ],
            [
              104.370117,
              31.772443
            ],
            [
              104.326172,
              31.847185
            ],
            [
              104.238281,
              31.921866
            ],
            [
              104.106445,
              31.959184
            ],
            [
              104.018555,
              31.996487
            ],
            [
              103.886719,
              32.033775
            ],
            [
              103.754883,
              32.071048
            ],
            [
              103.623047,
              32.108305
            ],
            [
              103.491211,
              32.108305
            ],
            [
              103.40332,
              32.145547
            ],
            [
              103.31543,
              32.182774
            ],
            [
              103.183594,
              32.219986
            ],
            [
              103.095703,
              32.294364
            ],
            [
              103.007813,
              32.33153
            ],
            [
              102.963867,
              32.405817
            ],
            [
              102.919922,
              32.480042
            ],
            [
              102.832031,
              32.591265
            ],
            [
              102.832031,
              32.702351
            ],
            [
              102.744141,
              32.813298
            ],
            [
              102.700195,
              32.887186
            ],
            [
              102.700195,
              32.997902
            ],
            [
              102.700195,
              33.10848
            ],
            [
              102.744141,
              33.255701
            ],
            [
              102.744141,
              33.365954
            ],
            [
              102.788086,
              33.439379
            ],
            [
              102.788086,
              33.549399
            ],
            [
              102.832031,
              33.622669
            ],
            [
              102.875977,
              33.695876
            ],
            [
              102.832031,
              33.76902
            ],
            [
              102.832031,
              33.87862
            ],
            [
              102.788086,
              33.951609
            ],
            [
              102.744141,
              34.024535
            ],
            [
              102.612305,
              34.024535
            ],
            [
              102.436523,
              33.98808
            ],
            [
              102.348633,
              33.951609
            ],
            [
              102.304688,
              33.87862
            ],
            [
              102.216797,
              33.842103
            ],
            [
              102.128906,
              33.76902
            ],
            [
              101.99707,
              33.65928
            ],
            [
              101.865234,
              33.622669
            ],
            [
              101.733398,
              33.622669
            ],
            [
              101.645508,
              33.65928
            ],
            [
              101.557617,
              33.695876
            ],
            [
              101.469727,
              33.732456
            ],
            [
              101.381836,
              33.805569
            ],
            [
              101.293945,
              33.87862
            ],
            [
              101.162109,
              33.98808
            ],
            [
              101.118164,
              34.097399
            ],
            [
              101.074219,
              34.170199
            ],
            [
              101.074219,
              34.279283
            ],
            [
              101.118164,
              34.351927
            ],
            [
              101.162109,
              34.424508
            ],
            [
              101.206055,
              34.497026
            ],
            [
              101.293945,
              34.56948
            ],
            [
              101.381836,
              34.605684
            ],
            [
              101.513672,
              34.641872
            ],
            [
              101.601563,
              34.678045
            ],
            [
              101.689453,
              34.714201
            ],
            [
              101.821289,
              34.786467
            ],
            [
              101.865234,
              34.858669
            ],
            [
              101.953125,
              34.966853
            ],
            [
              102.041016,
              35.038897
            ],
            [
              102.084961,
              35.110878
            ],
            [
              102.128906,
              35.182794
            ],
            [
              102.172852,
              35.29055
            ],
            [
              102.216797,
              35.469825
            ],
            [
              102.216797,
              35.577199
            ],
            [
              102.216797,
              35.72014
            ],
            [
              102.260742,
              35.898457
            ],
            [
              102.260742,
              36.005254
            ],
            [
              102.260742,
              36.111907
            ],
            [
              102.304688,
              36.253887
            ],
            [
              102.304688,
              36.395608
            ],
            [
              102.304688,
              36.50173
            ],
            [
              102.304688,
              36.607707
            ],
            [
              102.304688,
              36.784011
            ],
            [
              102.304688,
              36.8896
            ],
            [
              102.304688,
              37.030158
            ],
            [
              102.260742,
              37.135406
            ],
            [
              102.216797,
              37.20549
            ],
            [
              102.260742,
              37.275509
            ],
            [
              102.348633,
              37.310494
            ],
            [
              102.436523,
              37.345463
            ],
            [
              102.65625,
              37.310494
            ],
            [
              102.788086,
              37.310494
            ],
            [
              102.875977,
              37.275509
            ],
            [
              103.051758,
              37.275509
            ],
            [
              103.183594,
              37.240507
            ],
            [
              103.40332,
              37.20549
            ],
            [
              103.491211,
              37.170456
            ],
            [
              103.623047,
              37.170456
            ],
            [
              103.710938,
              37.135406
            ],
            [
              103.842773,
              37.135406
            ],
            [
              103.930664,
              37.100339
            ],
            [
              104.0625,
              37.100339
            ],
            [
              104.194336,
              37.100339
            ],
            [
              104.326172,
              37.100339
            ],
            [
              104.458008,
              37.100339
            ],
            [
              104.589844,
              37.100339
            ],
            [
              104.677734,
              37.135406
            ],
            [
              104.765625,
              37.170456
            ],
            [
              104.853516,
              37.20549
            ],
            [
              104.985352,
              37.20549
            ],
            [
              105.117188,
              37.170456
            ],
            [
              105.249023,
              37.135406
            ],
            [
              105.336914,
              37.100339
            ],
            [
              105.424805,
              37.065257
            ],
            [
              105.512695,
              37.030158
            ],
            [
              105.644531,
              36.995042
            ],
            [
              105.776367,
              36.959911
            ],
            [
              105.864258,
              36.924764
            ],
            [
              105.908203,
              36.85442
            ],
            [
              105.996094,
              36.819224
            ],
            [
              106.040039,
              36.748783
            ],
            [
              106.083984,
              36.678277
            ],
            [
              106.12793,
              36.607707
            ],
            [
              106.21582,
              36.537072
            ],
            [
              106.303711,
              36.50173
            ],
            [
              106.347656,
              36.466372
            ],
            [
              105.996094,
              36.678277
            ]
          ]
        ]
      }
    },
    {
      "type": "Feature",
      "properties": {
        "NAME": "후진",
        "name": "후진",
        "color": "#ef4444",
        "fill": "#ef4444",
        "fill-opacity": 0.5,
        "stroke": "#ef4444",
        "stroke-width": 2,
        "originalType": "polygon",
        "CODE": "후진"
      },
      "geometry": {
        "type": "Polygon",
        "coordinates": [
          [
            [
              106.303711,
              36.739651
            ],
            [
              106.369629,
              36.739651
            ],
            [
              106.479492,
              36.739651
            ],
            [
              106.54541,
              36.739651
            ],
            [
              106.633301,
              36.722029
            ],
            [
              106.699219,
              36.722029
            ],
            [
              106.787109,
              36.722029
            ],
            [
              106.875,
              36.722029
            ],
            [
              106.940918,
              36.704402
            ],
            [
              107.006836,
              36.704402
            ],
            [
              107.094727,
              36.704402
            ],
            [
              107.160645,
              36.686772
            ],
            [
              107.248535,
              36.686772
            ],
            [
              107.314453,
              36.686772
            ],
            [
              107.402344,
              36.669137
            ],
            [
              107.468262,
              36.651499
            ],
            [
              107.53418,
              36.633856
            ],
            [
              107.578125,
              36.616209
            ],
            [
              107.644043,
              36.616209
            ],
            [
              107.687988,
              36.598559
            ],
            [
              107.731934,
              36.580904
            ],
            [
              107.775879,
              36.563245
            ],
            [
              107.86377,
              36.563245
            ],
            [
              107.907715,
              36.545582
            ],
            [
              107.973633,
              36.545582
            ],
            [
              108.039551,
              36.545582
            ],
            [
              108.105469,
              36.545582
            ],
            [
              108.171387,
              36.545582
            ],
            [
              108.237305,
              36.563245
            ],
            [
              108.303223,
              36.563245
            ],
            [
              108.369141,
              36.563245
            ],
            [
              108.413086,
              36.580904
            ],
            [
              108.500977,
              36.580904
            ],
            [
              108.566895,
              36.598559
            ],
            [
              108.632813,
              36.598559
            ],
            [
              108.676758,
              36.616209
            ],
            [
              108.742676,
              36.616209
            ],
            [
              108.786621,
              36.633856
            ],
            [
              108.852539,
              36.633856
            ],
            [
              108.94043,
              36.633856
            ],
            [
              109.006348,
              36.651499
            ],
            [
              109.050293,
              36.669137
            ],
            [
              109.094238,
              36.686772
            ],
            [
              109.138184,
              36.704402
            ],
            [
              109.204102,
              36.739651
            ],
            [
              109.248047,
              36.75727
            ],
            [
              109.313965,
              36.774884
            ],
            [
              109.401855,
              36.774884
            ],
            [
              109.467773,
              36.810101
            ],
            [
              109.511719,
              36.827703
            ],
            [
              109.577637,
              36.845301
            ],
            [
              109.643555,
              36.845301
            ],
            [
              109.709473,
              36.862895
            ],
            [
              109.731445,
              36.898071
            ],
            [
              109.775391,
              36.915653
            ],
            [
              109.819336,
              36.933231
            ],
            [
              109.863281,
              36.968375
            ],
            [
              109.907227,
              36.98594
            ],
            [
              109.951172,
              37.003502
            ],
            [
              109.995117,
              37.038613
            ],
            [
              110.039063,
              37.073708
            ],
            [
              110.083008,
              37.09125
            ],
            [
              110.126953,
              37.108787
            ],
            [
              110.170898,
              37.14385
            ],
            [
              110.236816,
              37.161375
            ],
            [
              110.280762,
              37.213926
            ],
            [
              110.34668,
              37.231435
            ],
            [
              110.390625,
              37.266441
            ],
            [
              110.43457,
              37.283937
            ],
            [
              110.478516,
              37.318918
            ],
            [
              110.544434,
              37.353883
            ],
            [
              110.588379,
              37.37136
            ],
            [
              110.632324,
              37.388832
            ],
            [
              110.654297,
              37.423764
            ],
            [
              110.720215,
              37.441225
            ],
            [
              110.76416,
              37.458681
            ],
            [
              110.808105,
              37.49358
            ],
            [
              110.874023,
              37.49358
            ],
            [
              110.917969,
              37.511024
            ],
            [
              110.983887,
              37.511024
            ],
            [
              111.027832,
              37.528464
            ],
            [
              111.09375,
              37.528464
            ],
            [
              111.137695,
              37.5459
            ],
            [
              111.181641,
              37.563331
            ],
            [
              111.225586,
              37.580759
            ],
            [
              111.313477,
              37.580759
            ],
            [
              111.401367,
              37.598182
            ],
            [
              111.489258,
              37.598182
            ],
            [
              111.555176,
              37.598182
            ],
            [
              111.599121,
              37.580759
            ],
            [
              111.665039,
              37.580759
            ],
            [
              111.730957,
              37.580759
            ],
            [
              111.796875,
              37.580759
            ],
            [
              111.84082,
              37.563331
            ],
            [
              111.906738,
              37.563331
            ],
            [
              111.972656,
              37.5459
            ],
            [
              112.038574,
              37.5459
            ],
            [
              112.08252,
              37.528464
            ],
            [
              112.126465,
              37.511024
            ],
            [
              112.214355,
              37.49358
            ],
            [
              112.258301,
              37.476133
            ],
            [
              112.346191,
              37.458681
            ],
            [
              112.390137,
              37.441225
            ],
            [
              112.456055,
              37.423764
            ],
            [
              112.543945,
              37.4063
            ],
            [
              112.631836,
              37.388832
            ],
            [
              112.697754,
              37.388832
            ],
            [
              112.741699,
              37.37136
            ],
            [
              112.785645,
              37.353883
            ],
            [
              112.82959,
              37.318918
            ],
            [
              112.851563,
              37.283937
            ],
            [
              112.895508,
              37.24894
            ],
            [
              112.91748,
              37.196413
            ],
            [
              112.961426,
              37.178896
            ],
            [
              112.983398,
              37.14385
            ],
            [
              113.027344,
              37.12632
            ],
            [
              113.071289,
              37.09125
            ],
            [
              113.115234,
              37.073708
            ],
            [
              113.15918,
              37.038613
            ],
            [
              113.225098,
              36.98594
            ],
            [
              113.291016,
              36.950805
            ],
            [
              113.334961,
              36.933231
            ],
            [
              113.378906,
              36.915653
            ],
            [
              113.400879,
              36.880485
            ],
            [
              113.444824,
              36.862895
            ],
            [
              113.466797,
              36.827703
            ],
            [
              113.510742,
              36.792494
            ],
            [
              113.554688,
              36.75727
            ],
            [
              113.57666,
              36.722029
            ],
            [
              113.620605,
              36.686772
            ],
            [
              113.686523,
              36.633856
            ],
            [
              113.730469,
              36.580904
            ],
            [
              113.774414,
              36.563245
            ],
            [
              113.796387,
              36.527915
            ],
            [
              113.840332,
              36.492569
            ],
            [
              113.862305,
              36.457207
            ],
            [
              113.884277,
              36.421829
            ],
            [
              113.90625,
              36.386435
            ],
            [
              113.928223,
              36.333313
            ],
            [
              113.950195,
              36.297879
            ],
            [
              113.994141,
              36.280155
            ],
            [
              114.038086,
              36.262428
            ],
            [
              114.082031,
              36.244697
            ],
            [
              114.125977,
              36.209222
            ],
            [
              114.169922,
              36.191478
            ],
            [
              114.213867,
              36.155979
            ],
            [
              114.257813,
              36.120464
            ],
            [
              114.279785,
              36.084933
            ],
            [
              114.32373,
              36.049386
            ],
            [
              114.367676,
              36.013823
            ],
            [
              114.411621,
              35.996035
            ],
            [
              114.433594,
              35.960448
            ],
            [
              114.455566,
              35.924845
            ],
            [
              114.477539,
              35.889225
            ],
            [
              114.521484,
              35.835766
            ],
            [
              114.543457,
              35.800107
            ],
            [
              114.56543,
              35.764431
            ],
            [
              114.587402,
              35.710888
            ],
            [
              114.609375,
              35.675173
            ],
            [
              114.65332,
              35.621569
            ],
            [
              114.675293,
              35.56793
            ],
            [
              114.719238,
              35.550043
            ],
            [
              114.741211,
              35.514255
            ],
            [
              114.763184,
              35.478452
            ],
            [
              114.785156,
              35.442633
            ],
            [
              114.807129,
              35.406797
            ],
            [
              114.851074,
              35.370946
            ],
            [
              114.873047,
              35.335079
            ],
            [
              114.89502,
              35.299196
            ],
            [
              114.916992,
              35.263297
            ],
            [
              114.938965,
              35.227382
            ],
            [
              114.960938,
              35.17348
            ],
            [
              114.960938,
              35.119542
            ],
            [
              114.960938,
              35.065569
            ],
            [
              114.98291,
              35.011559
            ],
            [
              114.98291,
              34.957514
            ],
            [
              115.004883,
              34.921465
            ],
            [
              115.026855,
              34.885399
            ],
            [
              115.048828,
              34.831271
            ],
            [
              115.070801,
              34.795166
            ],
            [
              115.092773,
              34.740978
            ],
            [
              115.114746,
              34.686755
            ],
            [
              115.114746,
              34.632496
            ],
            [
              115.092773,
              34.596304
            ],
            [
              115.048828,
              34.578202
            ],
            [
              115.004883,
              34.560096
            ],
            [
              114.960938,
              34.541987
            ],
            [
              114.916992,
              34.523873
            ],
            [
              114.851074,
              34.523873
            ],
            [
              114.785156,
              34.523873
            ],
            [
              114.719238,
              34.523873
            ],
            [
              114.675293,
              34.541987
            ],
            [
              114.609375,
              34.541987
            ],
            [
              114.56543,
              34.560096
            ],
            [
              114.499512,
              34.578202
            ],
            [
              114.455566,
              34.596304
            ],
            [
              114.411621,
              34.614402
            ],
            [
              114.367676,
              34.632496
            ],
            [
              114.32373,
              34.668673
            ],
            [
              114.279785,
              34.686755
            ],
            [
              114.191895,
              34.704833
            ],
            [
              114.125977,
              34.704833
            ],
            [
              114.038086,
              34.704833
            ],
            [
              113.972168,
              34.704833
            ],
            [
              113.90625,
              34.704833
            ],
            [
              113.818359,
              34.704833
            ],
            [
              113.752441,
              34.704833
            ],
            [
              113.686523,
              34.704833
            ],
            [
              113.598633,
              34.704833
            ],
            [
              113.510742,
              34.704833
            ],
            [
              113.466797,
              34.686755
            ],
            [
              113.400879,
              34.668673
            ],
            [
              113.312988,
              34.650587
            ],
            [
              113.269043,
              34.632496
            ],
            [
              113.225098,
              34.614402
            ],
            [
              113.181152,
              34.596304
            ],
            [
              113.137207,
              34.578202
            ],
            [
              113.049316,
              34.560096
            ],
            [
              113.005371,
              34.541987
            ],
            [
              112.91748,
              34.541987
            ],
            [
              112.82959,
              34.523873
            ],
            [
              112.785645,
              34.505755
            ],
            [
              112.719727,
              34.505755
            ],
            [
              112.631836,
              34.487633
            ],
            [
              112.565918,
              34.469508
            ],
            [
              112.478027,
              34.469508
            ],
            [
              112.390137,
              34.451378
            ],
            [
              112.324219,
              34.451378
            ],
            [
              112.236328,
              34.433245
            ],
            [
              112.17041,
              34.433245
            ],
            [
              112.08252,
              34.415107
            ],
            [
              111.994629,
              34.415107
            ],
            [
              111.906738,
              34.396966
            ],
            [
              111.796875,
              34.396966
            ],
            [
              111.708984,
              34.396966
            ],
            [
              111.643066,
              34.396966
            ],
            [
              111.555176,
              34.378821
            ],
            [
              111.489258,
              34.378821
            ],
            [
              111.42334,
              34.378821
            ],
            [
              111.357422,
              34.378821
            ],
            [
              111.291504,
              34.378821
            ],
            [
              111.225586,
              34.378821
            ],
            [
              111.137695,
              34.378821
            ],
            [
              111.071777,
              34.378821
            ],
            [
              111.005859,
              34.378821
            ],
            [
              110.939941,
              34.378821
            ],
            [
              110.874023,
              34.378821
            ],
            [
              110.830078,
              34.396966
            ],
            [
              110.76416,
              34.396966
            ],
            [
              110.720215,
              34.378821
            ],
            [
              110.654297,
              34.378821
            ],
            [
              110.588379,
              34.378821
            ],
            [
              110.500488,
              34.378821
            ],
            [
              110.43457,
              34.378821
            ],
            [
              110.34668,
              34.396966
            ],
            [
              110.280762,
              34.415107
            ],
            [
              110.236816,
              34.433245
            ],
            [
              110.148926,
              34.433245
            ],
            [
              110.083008,
              34.451378
            ],
            [
              109.995117,
              34.451378
            ],
            [
              109.907227,
              34.451378
            ],
            [
              109.819336,
              34.451378
            ],
            [
              109.731445,
              34.451378
            ],
            [
              109.6875,
              34.433245
            ],
            [
              109.643555,
              34.415107
            ],
            [
              109.577637,
              34.396966
            ],
            [
              109.533691,
              34.360671
            ],
            [
              109.489746,
              34.342518
            ],
            [
              109.445801,
              34.324361
            ],
            [
              109.35791,
              34.288035
            ],
            [
              109.291992,
              34.269866
            ],
            [
              109.182129,
              34.251693
            ],
            [
              109.116211,
              34.233517
            ],
            [
              109.072266,
              34.215336
            ],
            [
              109.02832,
              34.197151
            ],
            [
              108.984375,
              34.178963
            ],
            [
              108.94043,
              34.16077
            ],
            [
              108.896484,
              34.142574
            ],
            [
              108.808594,
              34.124374
            ],
            [
              108.764648,
              34.10617
            ],
            [
              108.69873,
              34.06975
            ],
            [
              108.632813,
              34.051534
            ],
            [
              108.544922,
              34.033314
            ],
            [
              108.500977,
              34.01509
            ],
            [
              108.435059,
              33.996862
            ],
            [
              108.391113,
              33.978631
            ],
            [
              108.325195,
              33.978631
            ],
            [
              108.28125,
              33.960395
            ],
            [
              108.215332,
              33.960395
            ],
            [
              108.127441,
              33.942156
            ],
            [
              108.039551,
              33.942156
            ],
            [
              107.973633,
              33.923913
            ],
            [
              107.885742,
              33.905665
            ],
            [
              107.819824,
              33.905665
            ],
            [
              107.753906,
              33.905665
            ],
            [
              107.666016,
              33.923913
            ],
            [
              107.600098,
              33.942156
            ],
            [
              107.512207,
              33.942156
            ],
            [
              107.468262,
              33.960395
            ],
            [
              107.402344,
              33.960395
            ],
            [
              107.336426,
              33.960395
            ],
            [
              107.270508,
              33.978631
            ],
            [
              107.182617,
              33.978631
            ],
            [
              107.094727,
              33.978631
            ],
            [
              107.050781,
              33.996862
            ],
            [
              106.984863,
              33.996862
            ],
            [
              106.896973,
              33.996862
            ],
            [
              106.831055,
              33.996862
            ],
            [
              106.787109,
              34.01509
            ],
            [
              106.699219,
              34.01509
            ],
            [
              106.633301,
              33.996862
            ],
            [
              106.523438,
              33.996862
            ],
            [
              106.45752,
              33.978631
            ],
            [
              106.347656,
              33.978631
            ],
            [
              106.303711,
              33.960395
            ],
            [
              106.237793,
              33.960395
            ],
            [
              106.171875,
              33.960395
            ],
            [
              106.062012,
              33.960395
            ],
            [
              106.018066,
              33.978631
            ],
            [
              105.974121,
              34.01509
            ],
            [
              105.952148,
              34.051534
            ],
            [
              105.952148,
              34.10617
            ],
            [
              105.952148,
              34.16077
            ],
            [
              105.974121,
              34.197151
            ],
            [
              105.974121,
              34.251693
            ],
            [
              106.018066,
              34.288035
            ],
            [
              106.040039,
              34.324361
            ],
            [
              106.105957,
              34.360671
            ],
            [
              106.12793,
              34.396966
            ],
            [
              106.193848,
              34.433245
            ],
            [
              106.21582,
              34.469508
            ],
            [
              106.259766,
              34.487633
            ],
            [
              106.325684,
              34.505755
            ],
            [
              106.369629,
              34.541987
            ],
            [
              106.435547,
              34.596304
            ],
            [
              106.479492,
              34.614402
            ],
            [
              106.523438,
              34.632496
            ],
            [
              106.567383,
              34.650587
            ],
            [
              106.611328,
              34.668673
            ],
            [
              106.655273,
              34.704833
            ],
            [
              106.699219,
              34.740978
            ],
            [
              106.743164,
              34.759045
            ],
            [
              106.765137,
              34.795166
            ],
            [
              106.809082,
              34.831271
            ],
            [
              106.831055,
              34.86736
            ],
            [
              106.875,
              34.903434
            ],
            [
              106.896973,
              34.939491
            ],
            [
              106.940918,
              34.975533
            ],
            [
              106.962891,
              35.011559
            ],
            [
              107.006836,
              35.065569
            ],
            [
              107.050781,
              35.119542
            ],
            [
              107.072754,
              35.155505
            ],
            [
              107.094727,
              35.191451
            ],
            [
              107.116699,
              35.245342
            ],
            [
              107.116699,
              35.299196
            ],
            [
              107.138672,
              35.353015
            ],
            [
              107.138672,
              35.406797
            ],
            [
              107.138672,
              35.478452
            ],
            [
              107.138672,
              35.56793
            ],
            [
              107.138672,
              35.657309
            ],
            [
              107.138672,
              35.72874
            ],
            [
              107.116699,
              35.800107
            ],
            [
              107.094727,
              35.85359
            ],
            [
              107.094727,
              35.907037
            ],
            [
              107.072754,
              35.960448
            ],
            [
              107.028809,
              36.013823
            ],
            [
              107.006836,
              36.049386
            ],
            [
              106.962891,
              36.084933
            ],
            [
              106.940918,
              36.120464
            ],
            [
              106.896973,
              36.155979
            ],
            [
              106.853027,
              36.209222
            ],
            [
              106.787109,
              36.244697
            ],
            [
              106.743164,
              36.280155
            ],
            [
              106.721191,
              36.315598
            ],
            [
              106.677246,
              36.351024
            ],
            [
              106.633301,
              36.368732
            ],
            [
              106.567383,
              36.421829
            ],
            [
              106.501465,
              36.457207
            ],
            [
              106.435547,
              36.510244
            ],
            [
              106.369629,
              36.580904
            ],
            [
              106.325684,
              36.616209
            ],
            [
              106.303711,
              36.651499
            ],
            [
              106.303711,
              36.704402
            ],
            [
              106.347656,
              36.722029
            ],
            [
              106.413574,
              36.722029
            ],
            [
              106.45752,
              36.722029
            ],
            [
              106.303711,
              36.739651
            ]
          ]
        ]
      }
    },
    {
      "type": "Feature",
      "properties": {
        "NAME": "남량",
        "name": "남량",
        "color": "#ef4444",
        "fill": "#ef4444",
        "fill-opacity": 0.5,
        "stroke": "#ef4444",
        "stroke-width": 2,
        "originalType": "polygon",
        "CODE": "남량"
      },
      "geometry": {
        "type": "Polygon",
        "coordinates": [
          [
            [
              106.347656,
              39.047125
            ],
            [
              106.303711,
              39.030046
            ],
            [
              106.259766,
              39.012963
            ],
            [
              106.21582,
              38.995876
            ],
            [
              106.149902,
              38.978785
            ],
            [
              106.083984,
              38.978785
            ],
            [
              106.040039,
              38.96169
            ],
            [
              105.996094,
              38.927487
            ],
            [
              105.952148,
              38.91038
            ],
            [
              105.908203,
              38.876152
            ],
            [
              105.864258,
              38.859033
            ],
            [
              105.820313,
              38.841909
            ],
            [
              105.776367,
              38.807648
            ],
            [
              105.732422,
              38.773371
            ],
            [
              105.710449,
              38.739078
            ],
            [
              105.666504,
              38.687607
            ],
            [
              105.622559,
              38.636099
            ],
            [
              105.600586,
              38.567364
            ],
            [
              105.600586,
              38.498563
            ],
            [
              105.578613,
              38.41247
            ],
            [
              105.578613,
              38.326274
            ],
            [
              105.578613,
              38.257243
            ],
            [
              105.600586,
              38.188147
            ],
            [
              105.622559,
              38.136281
            ],
            [
              105.622559,
              38.049757
            ],
            [
              105.622559,
              37.96313
            ],
            [
              105.644531,
              37.911105
            ],
            [
              105.666504,
              37.859043
            ],
            [
              105.666504,
              37.78957
            ],
            [
              105.688477,
              37.720032
            ],
            [
              105.710449,
              37.667835
            ],
            [
              105.710449,
              37.615601
            ],
            [
              105.732422,
              37.5459
            ],
            [
              105.732422,
              37.476133
            ],
            [
              105.776367,
              37.423764
            ],
            [
              105.79834,
              37.37136
            ],
            [
              105.820313,
              37.318918
            ],
            [
              105.842285,
              37.266441
            ],
            [
              105.864258,
              37.213926
            ],
            [
              105.88623,
              37.178896
            ],
            [
              105.908203,
              37.14385
            ],
            [
              105.952148,
              37.12632
            ],
            [
              105.996094,
              37.09125
            ],
            [
              106.062012,
              37.073708
            ],
            [
              106.105957,
              37.056163
            ],
            [
              106.171875,
              37.038613
            ],
            [
              106.21582,
              37.02106
            ],
            [
              106.281738,
              37.02106
            ],
            [
              106.347656,
              37.02106
            ],
            [
              106.391602,
              37.003502
            ],
            [
              106.435547,
              36.98594
            ],
            [
              106.479492,
              36.968375
            ],
            [
              106.523438,
              36.950805
            ],
            [
              106.567383,
              36.933231
            ],
            [
              106.633301,
              36.898071
            ],
            [
              106.677246,
              36.880485
            ],
            [
              106.743164,
              36.862895
            ],
            [
              106.831055,
              36.862895
            ],
            [
              106.875,
              36.845301
            ],
            [
              106.940918,
              36.827703
            ],
            [
              107.028809,
              36.827703
            ],
            [
              107.116699,
              36.810101
            ],
            [
              107.182617,
              36.810101
            ],
            [
              107.226563,
              36.827703
            ],
            [
              107.29248,
              36.827703
            ],
            [
              107.336426,
              36.810101
            ],
            [
              107.424316,
              36.810101
            ],
            [
              107.468262,
              36.792494
            ],
            [
              107.53418,
              36.774884
            ],
            [
              107.600098,
              36.75727
            ],
            [
              107.644043,
              36.739651
            ],
            [
              107.687988,
              36.722029
            ],
            [
              107.753906,
              36.704402
            ],
            [
              107.819824,
              36.704402
            ],
            [
              107.885742,
              36.686772
            ],
            [
              107.95166,
              36.669137
            ],
            [
              108.017578,
              36.651499
            ],
            [
              108.105469,
              36.651499
            ],
            [
              108.171387,
              36.651499
            ],
            [
              108.237305,
              36.651499
            ],
            [
              108.303223,
              36.651499
            ],
            [
              108.369141,
              36.669137
            ],
            [
              108.435059,
              36.669137
            ],
            [
              108.479004,
              36.686772
            ],
            [
              108.544922,
              36.686772
            ],
            [
              108.61084,
              36.686772
            ],
            [
              108.676758,
              36.686772
            ],
            [
              108.764648,
              36.704402
            ],
            [
              108.830566,
              36.704402
            ],
            [
              108.896484,
              36.704402
            ],
            [
              108.984375,
              36.704402
            ],
            [
              109.050293,
              36.704402
            ],
            [
              109.116211,
              36.704402
            ],
            [
              109.160156,
              36.722029
            ],
            [
              109.226074,
              36.739651
            ],
            [
              109.27002,
              36.774884
            ],
            [
              109.313965,
              36.792494
            ],
            [
              109.335938,
              36.845301
            ],
            [
              109.379883,
              36.880485
            ],
            [
              109.423828,
              36.915653
            ],
            [
              109.467773,
              36.933231
            ],
            [
              109.511719,
              36.950805
            ],
            [
              109.555664,
              36.968375
            ],
            [
              109.599609,
              36.98594
            ],
            [
              109.643555,
              37.003502
            ],
            [
              109.6875,
              37.02106
            ],
            [
              109.753418,
              37.02106
            ],
            [
              109.819336,
              37.038613
            ],
            [
              109.863281,
              37.056163
            ],
            [
              109.929199,
              37.073708
            ],
            [
              109.973145,
              37.09125
            ],
            [
              110.01709,
              37.12632
            ],
            [
              110.061035,
              37.161375
            ],
            [
              110.126953,
              37.196413
            ],
            [
              110.148926,
              37.231435
            ],
            [
              110.214844,
              37.24894
            ],
            [
              110.258789,
              37.266441
            ],
            [
              110.302734,
              37.30143
            ],
            [
              110.34668,
              37.336403
            ],
            [
              110.390625,
              37.353883
            ],
            [
              110.43457,
              37.37136
            ],
            [
              110.478516,
              37.388832
            ],
            [
              110.522461,
              37.423764
            ],
            [
              110.566406,
              37.458681
            ],
            [
              110.588379,
              37.49358
            ],
            [
              110.610352,
              37.528464
            ],
            [
              110.632324,
              37.580759
            ],
            [
              110.654297,
              37.633017
            ],
            [
              110.698242,
              37.667835
            ],
            [
              110.698242,
              37.720032
            ],
            [
              110.720215,
              37.772192
            ],
            [
              110.742188,
              37.841681
            ],
            [
              110.742188,
              37.893755
            ],
            [
              110.720215,
              37.96313
            ],
            [
              110.698242,
              37.997793
            ],
            [
              110.698242,
              38.049757
            ],
            [
              110.67627,
              38.084379
            ],
            [
              110.632324,
              38.118985
            ],
            [
              110.610352,
              38.153574
            ],
            [
              110.566406,
              38.170862
            ],
            [
              110.522461,
              38.188147
            ],
            [
              110.43457,
              38.188147
            ],
            [
              110.34668,
              38.205427
            ],
            [
              110.280762,
              38.205427
            ],
            [
              110.214844,
              38.222703
            ],
            [
              110.148926,
              38.222703
            ],
            [
              110.061035,
              38.239975
            ],
            [
              109.995117,
              38.239975
            ],
            [
              109.951172,
              38.274507
            ],
            [
              109.907227,
              38.291767
            ],
            [
              109.863281,
              38.326274
            ],
            [
              109.841309,
              38.378004
            ],
            [
              109.819336,
              38.44692
            ],
            [
              109.797363,
              38.481353
            ],
            [
              109.775391,
              38.51577
            ],
            [
              109.731445,
              38.55017
            ],
            [
              109.6875,
              38.567364
            ],
            [
              109.643555,
              38.584554
            ],
            [
              109.599609,
              38.60174
            ],
            [
              109.533691,
              38.60174
            ],
            [
              109.445801,
              38.584554
            ],
            [
              109.379883,
              38.567364
            ],
            [
              109.313965,
              38.567364
            ],
            [
              109.248047,
              38.55017
            ],
            [
              109.204102,
              38.532972
            ],
            [
              109.094238,
              38.51577
            ],
            [
              109.050293,
              38.498563
            ],
            [
              108.984375,
              38.481353
            ],
            [
              108.896484,
              38.481353
            ],
            [
              108.808594,
              38.481353
            ],
            [
              108.720703,
              38.481353
            ],
            [
              108.676758,
              38.498563
            ],
            [
              108.61084,
              38.498563
            ],
            [
              108.566895,
              38.51577
            ],
            [
              108.522949,
              38.532972
            ],
            [
              108.479004,
              38.55017
            ],
            [
              108.413086,
              38.567364
            ],
            [
              108.347168,
              38.567364
            ],
            [
              108.303223,
              38.584554
            ],
            [
              108.237305,
              38.584554
            ],
            [
              108.171387,
              38.618921
            ],
            [
              108.105469,
              38.618921
            ],
            [
              108.039551,
              38.636099
            ],
            [
              107.95166,
              38.636099
            ],
            [
              107.885742,
              38.636099
            ],
            [
              107.797852,
              38.636099
            ],
            [
              107.709961,
              38.636099
            ],
            [
              107.62207,
              38.653272
            ],
            [
              107.512207,
              38.670442
            ],
            [
              107.446289,
              38.687607
            ],
            [
              107.358398,
              38.704768
            ],
            [
              107.314453,
              38.739078
            ],
            [
              107.270508,
              38.773371
            ],
            [
              107.226563,
              38.790512
            ],
            [
              107.160645,
              38.82478
            ],
            [
              107.116699,
              38.859033
            ],
            [
              107.050781,
              38.876152
            ],
            [
              107.006836,
              38.893268
            ],
            [
              106.962891,
              38.91038
            ],
            [
              106.896973,
              38.91038
            ],
            [
              106.853027,
              38.944591
            ],
            [
              106.765137,
              38.96169
            ],
            [
              106.721191,
              38.978785
            ],
            [
              106.655273,
              38.978785
            ],
            [
              106.611328,
              39.012963
            ],
            [
              106.54541,
              39.012963
            ],
            [
              106.479492,
              39.012963
            ],
            [
              106.413574,
              39.030046
            ],
            [
              106.369629,
              39.047125
            ],
            [
              106.303711,
              39.047125
            ],
            [
              106.303711,
              39.047125
            ],
            [
              106.347656,
              39.047125
            ]
          ]
        ]
      }
    },
    {
      "type": "Feature",
      "properties": {
        "NAME": "북량",
        "name": "북량",
        "color": "#ef4444",
        "fill": "#ef4444",
        "fill-opacity": 0.5,
        "stroke": "#ef4444",
        "stroke-width": 2,
        "originalType": "polygon",
        "CODE": "북량"
      },
      "geometry": {
        "type": "Polygon",
        "coordinates": [
          [
            [
              102.568359,
              38.807648
            ],
            [
              102.612305,
              38.773371
            ],
            [
              102.65625,
              38.756227
            ],
            [
              102.700195,
              38.739078
            ],
            [
              102.766113,
              38.721925
            ],
            [
              102.854004,
              38.704768
            ],
            [
              102.897949,
              38.670442
            ],
            [
              103.029785,
              38.636099
            ],
            [
              103.095703,
              38.636099
            ],
            [
              103.161621,
              38.636099
            ],
            [
              103.227539,
              38.636099
            ],
            [
              103.293457,
              38.636099
            ],
            [
              103.359375,
              38.653272
            ],
            [
              103.469238,
              38.653272
            ],
            [
              103.535156,
              38.653272
            ],
            [
              103.601074,
              38.670442
            ],
            [
              103.64502,
              38.687607
            ],
            [
              103.754883,
              38.704768
            ],
            [
              103.864746,
              38.721925
            ],
            [
              103.930664,
              38.721925
            ],
            [
              103.974609,
              38.739078
            ],
            [
              104.084473,
              38.756227
            ],
            [
              104.172363,
              38.773371
            ],
            [
              104.260254,
              38.773371
            ],
            [
              104.326172,
              38.807648
            ],
            [
              104.39209,
              38.82478
            ],
            [
              104.436035,
              38.841909
            ],
            [
              104.47998,
              38.859033
            ],
            [
              104.523926,
              38.893268
            ],
            [
              104.567871,
              38.927487
            ],
            [
              104.611816,
              38.944591
            ],
            [
              104.699707,
              38.96169
            ],
            [
              104.765625,
              38.978785
            ],
            [
              104.831543,
              38.978785
            ],
            [
              104.875488,
              38.995876
            ],
            [
              104.941406,
              39.012963
            ],
            [
              104.985352,
              39.030046
            ],
            [
              105.05127,
              39.047125
            ],
            [
              105.117188,
              39.047125
            ],
            [
              105.161133,
              39.030046
            ],
            [
              105.205078,
              39.012963
            ],
            [
              105.270996,
              38.995876
            ],
            [
              105.314941,
              38.978785
            ],
            [
              105.358887,
              38.944591
            ],
            [
              105.380859,
              38.91038
            ],
            [
              105.380859,
              38.859033
            ],
            [
              105.380859,
              38.807648
            ],
            [
              105.358887,
              38.773371
            ],
            [
              105.336914,
              38.721925
            ],
            [
              105.336914,
              38.670442
            ],
            [
              105.314941,
              38.636099
            ],
            [
              105.314941,
              38.584554
            ],
            [
              105.314941,
              38.51577
            ],
            [
              105.314941,
              38.464138
            ],
            [
              105.336914,
              38.395239
            ],
            [
              105.336914,
              38.343521
            ],
            [
              105.336914,
              38.291767
            ],
            [
              105.358887,
              38.239975
            ],
            [
              105.358887,
              38.188147
            ],
            [
              105.358887,
              38.136281
            ],
            [
              105.380859,
              38.084379
            ],
            [
              105.380859,
              38.03244
            ],
            [
              105.402832,
              37.997793
            ],
            [
              105.402832,
              37.945793
            ],
            [
              105.424805,
              37.911105
            ],
            [
              105.424805,
              37.859043
            ],
            [
              105.446777,
              37.806945
            ],
            [
              105.46875,
              37.772192
            ],
            [
              105.490723,
              37.720032
            ],
            [
              105.490723,
              37.667835
            ],
            [
              105.512695,
              37.615601
            ],
            [
              105.512695,
              37.563331
            ],
            [
              105.534668,
              37.528464
            ],
            [
              105.556641,
              37.49358
            ],
            [
              105.578613,
              37.458681
            ],
            [
              105.578613,
              37.4063
            ],
            [
              105.622559,
              37.37136
            ],
            [
              105.644531,
              37.336403
            ],
            [
              105.666504,
              37.30143
            ],
            [
              105.666504,
              37.24894
            ],
            [
              105.666504,
              37.196413
            ],
            [
              105.600586,
              37.196413
            ],
            [
              105.556641,
              37.213926
            ],
            [
              105.512695,
              37.231435
            ],
            [
              105.46875,
              37.24894
            ],
            [
              105.424805,
              37.283937
            ],
            [
              105.380859,
              37.30143
            ],
            [
              105.336914,
              37.318918
            ],
            [
              105.292969,
              37.336403
            ],
            [
              105.249023,
              37.353883
            ],
            [
              105.161133,
              37.353883
            ],
            [
              105.095215,
              37.353883
            ],
            [
              105.029297,
              37.353883
            ],
            [
              104.963379,
              37.353883
            ],
            [
              104.853516,
              37.336403
            ],
            [
              104.787598,
              37.318918
            ],
            [
              104.72168,
              37.318918
            ],
            [
              104.655762,
              37.30143
            ],
            [
              104.589844,
              37.283937
            ],
            [
              104.523926,
              37.283937
            ],
            [
              104.47998,
              37.266441
            ],
            [
              104.370117,
              37.266441
            ],
            [
              104.304199,
              37.24894
            ],
            [
              104.216309,
              37.24894
            ],
            [
              104.106445,
              37.24894
            ],
            [
              104.040527,
              37.24894
            ],
            [
              103.996582,
              37.266441
            ],
            [
              103.952637,
              37.283937
            ],
            [
              103.886719,
              37.30143
            ],
            [
              103.820801,
              37.30143
            ],
            [
              103.754883,
              37.318918
            ],
            [
              103.666992,
              37.336403
            ],
            [
              103.623047,
              37.353883
            ],
            [
              103.579102,
              37.37136
            ],
            [
              103.469238,
              37.37136
            ],
            [
              103.40332,
              37.37136
            ],
            [
              103.359375,
              37.388832
            ],
            [
              103.293457,
              37.388832
            ],
            [
              103.205566,
              37.388832
            ],
            [
              103.117676,
              37.4063
            ],
            [
              103.051758,
              37.4063
            ],
            [
              102.98584,
              37.423764
            ],
            [
              102.919922,
              37.423764
            ],
            [
              102.854004,
              37.423764
            ],
            [
              102.810059,
              37.441225
            ],
            [
              102.722168,
              37.441225
            ],
            [
              102.65625,
              37.441225
            ],
            [
              102.590332,
              37.441225
            ],
            [
              102.524414,
              37.441225
            ],
            [
              102.458496,
              37.441225
            ],
            [
              102.370605,
              37.441225
            ],
            [
              102.32666,
              37.423764
            ],
            [
              102.260742,
              37.423764
            ],
            [
              102.194824,
              37.4063
            ],
            [
              102.150879,
              37.388832
            ],
            [
              102.084961,
              37.37136
            ],
            [
              102.019043,
              37.353883
            ],
            [
              101.975098,
              37.336403
            ],
            [
              101.931152,
              37.318918
            ],
            [
              101.887207,
              37.30143
            ],
            [
              101.821289,
              37.283937
            ],
            [
              101.755371,
              37.266441
            ],
            [
              101.689453,
              37.266441
            ],
            [
              101.623535,
              37.283937
            ],
            [
              101.535645,
              37.318918
            ],
            [
              101.491699,
              37.336403
            ],
            [
              101.403809,
              37.353883
            ],
            [
              101.359863,
              37.37136
            ],
            [
              101.315918,
              37.388832
            ],
            [
              101.271973,
              37.423764
            ],
            [
              101.228027,
              37.441225
            ],
            [
              101.206055,
              37.476133
            ],
            [
              101.228027,
              37.511024
            ],
            [
              101.228027,
              37.563331
            ],
            [
              101.25,
              37.598182
            ],
            [
              101.25,
              37.650428
            ],
            [
              101.271973,
              37.685238
            ],
            [
              101.293945,
              37.720032
            ],
            [
              101.315918,
              37.754809
            ],
            [
              101.337891,
              37.78957
            ],
            [
              101.359863,
              37.824315
            ],
            [
              101.381836,
              37.859043
            ],
            [
              101.403809,
              37.893755
            ],
            [
              101.425781,
              37.928451
            ],
            [
              101.469727,
              37.945793
            ],
            [
              101.513672,
              37.96313
            ],
            [
              101.557617,
              37.980464
            ],
            [
              101.601563,
              37.997793
            ],
            [
              101.645508,
              38.015119
            ],
            [
              101.689453,
              38.03244
            ],
            [
              101.777344,
              38.049757
            ],
            [
              101.865234,
              38.06707
            ],
            [
              101.90918,
              38.084379
            ],
            [
              101.953125,
              38.118985
            ],
            [
              101.99707,
              38.136281
            ],
            [
              102.041016,
              38.153574
            ],
            [
              102.062988,
              38.188147
            ],
            [
              102.106934,
              38.222703
            ],
            [
              102.128906,
              38.257243
            ],
            [
              102.172852,
              38.309022
            ],
            [
              102.194824,
              38.343521
            ],
            [
              102.23877,
              38.395239
            ],
            [
              102.282715,
              38.429697
            ],
            [
              102.304688,
              38.464138
            ],
            [
              102.348633,
              38.498563
            ],
            [
              102.392578,
              38.532972
            ],
            [
              102.414551,
              38.567364
            ],
            [
              102.458496,
              38.584554
            ],
            [
              102.480469,
              38.618921
            ],
            [
              102.502441,
              38.670442
            ],
            [
              102.524414,
              38.704768
            ],
            [
              102.524414,
              38.756227
            ],
            [
              102.546387,
              38.790512
            ],
            [
              102.590332,
              38.807648
            ],
            [
              102.612305,
              38.807648
            ],
            [
              102.568359,
              38.807648
            ]
          ]
        ]
      }
    },
    {
      "type": "Feature",
      "properties": {
        "NAME": "후연",
        "name": "후연",
        "color": "#ef4444",
        "fill": "#ef4444",
        "fill-opacity": 0.5,
        "stroke": "#ef4444",
        "stroke-width": 2,
        "originalType": "polygon",
        "CODE": "후연"
      },
      "geometry": {
        "type": "Polygon",
        "coordinates": [
          [
            [
              119.575195,
              42.949269
            ],
            [
              119.663086,
              42.917072
            ],
            [
              119.750977,
              42.884858
            ],
            [
              119.838867,
              42.820379
            ],
            [
              119.882813,
              42.755834
            ],
            [
              119.970703,
              42.723535
            ],
            [
              120.058594,
              42.691221
            ],
            [
              120.102539,
              42.62654
            ],
            [
              120.19043,
              42.594175
            ],
            [
              120.27832,
              42.561793
            ],
            [
              120.322266,
              42.496978
            ],
            [
              120.410156,
              42.464545
            ],
            [
              120.454102,
              42.39963
            ],
            [
              120.541992,
              42.334647
            ],
            [
              120.585938,
              42.269597
            ],
            [
              120.673828,
              42.237046
            ],
            [
              120.717773,
              42.171895
            ],
            [
              120.805664,
              42.106677
            ],
            [
              120.849609,
              42.041392
            ],
            [
              120.893555,
              41.97604
            ],
            [
              120.9375,
              41.91062
            ],
            [
              120.981445,
              41.845133
            ],
            [
              121.025391,
              41.77958
            ],
            [
              121.025391,
              41.681123
            ],
            [
              121.069336,
              41.615402
            ],
            [
              121.069336,
              41.516694
            ],
            [
              121.069336,
              41.384849
            ],
            [
              121.069336,
              41.28579
            ],
            [
              121.069336,
              41.18658
            ],
            [
              121.025391,
              41.087219
            ],
            [
              121.025391,
              40.987708
            ],
            [
              120.981445,
              40.921284
            ],
            [
              120.9375,
              40.854792
            ],
            [
              120.893555,
              40.788234
            ],
            [
              120.849609,
              40.688272
            ],
            [
              120.805664,
              40.621548
            ],
            [
              120.717773,
              40.554756
            ],
            [
              120.673828,
              40.487898
            ],
            [
              120.585938,
              40.454444
            ],
            [
              120.541992,
              40.387485
            ],
            [
              120.498047,
              40.320461
            ],
            [
              120.454102,
              40.253369
            ],
            [
              120.366211,
              40.152607
            ],
            [
              120.27832,
              40.118986
            ],
            [
              120.19043,
              40.051695
            ],
            [
              120.102539,
              39.950634
            ],
            [
              120.014648,
              39.916913
            ],
            [
              119.926758,
              39.849423
            ],
            [
              119.882813,
              39.781866
            ],
            [
              119.794922,
              39.714242
            ],
            [
              119.750977,
              39.646553
            ],
            [
              119.707031,
              39.578797
            ],
            [
              119.619141,
              39.510974
            ],
            [
              119.575195,
              39.409117
            ],
            [
              119.53125,
              39.341129
            ],
            [
              119.443359,
              39.273074
            ],
            [
              119.355469,
              39.204954
            ],
            [
              119.267578,
              39.170869
            ],
            [
              119.135742,
              39.10265
            ],
            [
              119.003906,
              39.068515
            ],
            [
              118.828125,
              39.068515
            ],
            [
              118.740234,
              39.034364
            ],
            [
              118.608398,
              39.034364
            ],
            [
              118.520508,
              39.000196
            ],
            [
              118.432617,
              39.034364
            ],
            [
              118.300781,
              39.068515
            ],
            [
              118.168945,
              39.068515
            ],
            [
              118.037109,
              39.068515
            ],
            [
              117.949219,
              39.000196
            ],
            [
              117.861328,
              38.931812
            ],
            [
              117.817383,
              38.829111
            ],
            [
              117.773438,
              38.760561
            ],
            [
              117.729492,
              38.657613
            ],
            [
              117.729492,
              38.554517
            ],
            [
              117.729492,
              38.451273
            ],
            [
              117.773438,
              38.382361
            ],
            [
              117.817383,
              38.278871
            ],
            [
              117.729492,
              38.244341
            ],
            [
              117.641602,
              38.209795
            ],
            [
              117.509766,
              38.175232
            ],
            [
              117.37793,
              38.175232
            ],
            [
              117.246094,
              38.140653
            ],
            [
              117.158203,
              38.106058
            ],
            [
              117.026367,
              38.106058
            ],
            [
              116.894531,
              38.071446
            ],
            [
              116.806641,
              38.036818
            ],
            [
              116.674805,
              38.002174
            ],
            [
              116.499023,
              38.002174
            ],
            [
              116.367188,
              37.967513
            ],
            [
              116.235352,
              37.967513
            ],
            [
              116.147461,
              37.932835
            ],
            [
              116.015625,
              37.898142
            ],
            [
              115.883789,
              37.898142
            ],
            [
              115.795898,
              37.863432
            ],
            [
              115.708008,
              37.828706
            ],
            [
              115.576172,
              37.793963
            ],
            [
              115.444336,
              37.793963
            ],
            [
              115.356445,
              37.759204
            ],
            [
              115.224609,
              37.724429
            ],
            [
              115.048828,
              37.724429
            ],
            [
              114.960938,
              37.689637
            ],
            [
              114.829102,
              37.654829
            ],
            [
              114.697266,
              37.620004
            ],
            [
              114.56543,
              37.620004
            ],
            [
              114.433594,
              37.585164
            ],
            [
              114.301758,
              37.585164
            ],
            [
              114.213867,
              37.550307
            ],
            [
              114.082031,
              37.515433
            ],
            [
              113.950195,
              37.480544
            ],
            [
              113.862305,
              37.445638
            ],
            [
              113.686523,
              37.410716
            ],
            [
              113.554688,
              37.410716
            ],
            [
              113.466797,
              37.375777
            ],
            [
              113.334961,
              37.410716
            ],
            [
              113.24707,
              37.480544
            ],
            [
              113.15918,
              37.515433
            ],
            [
              113.071289,
              37.550307
            ],
            [
              112.983398,
              37.620004
            ],
            [
              112.895508,
              37.654829
            ],
            [
              112.807617,
              37.689637
            ],
            [
              112.719727,
              37.724429
            ],
            [
              112.587891,
              37.724429
            ],
            [
              112.456055,
              37.759204
            ],
            [
              112.368164,
              37.793963
            ],
            [
              112.192383,
              37.793963
            ],
            [
              112.060547,
              37.793963
            ],
            [
              111.928711,
              37.793963
            ],
            [
              111.796875,
              37.793963
            ],
            [
              111.577148,
              37.793963
            ],
            [
              111.445313,
              37.793963
            ],
            [
              111.313477,
              37.793963
            ],
            [
              111.181641,
              37.793963
            ],
            [
              111.137695,
              37.863432
            ],
            [
              111.09375,
              37.932835
            ],
            [
              111.09375,
              38.036818
            ],
            [
              111.049805,
              38.175232
            ],
            [
              111.005859,
              38.244341
            ],
            [
              110.874023,
              38.347881
            ],
            [
              110.786133,
              38.416825
            ],
            [
              110.698242,
              38.451273
            ],
            [
              110.610352,
              38.485704
            ],
            [
              110.478516,
              38.520119
            ],
            [
              110.34668,
              38.554517
            ],
            [
              110.258789,
              38.588899
            ],
            [
              110.126953,
              38.623264
            ],
            [
              110.126953,
              38.760561
            ],
            [
              110.126953,
              38.897595
            ],
            [
              110.126953,
              39.034364
            ],
            [
              110.126953,
              39.136768
            ],
            [
              110.170898,
              39.204954
            ],
            [
              110.214844,
              39.273074
            ],
            [
              110.214844,
              39.375131
            ],
            [
              110.258789,
              39.443086
            ],
            [
              110.34668,
              39.510974
            ],
            [
              110.390625,
              39.578797
            ],
            [
              110.43457,
              39.646553
            ],
            [
              110.478516,
              39.748062
            ],
            [
              110.522461,
              39.815653
            ],
            [
              110.566406,
              39.883176
            ],
            [
              110.654297,
              39.984338
            ],
            [
              110.742188,
              40.051695
            ],
            [
              110.830078,
              40.186211
            ],
            [
              110.874023,
              40.253369
            ],
            [
              110.961914,
              40.320461
            ],
            [
              111.049805,
              40.420973
            ],
            [
              111.09375,
              40.487898
            ],
            [
              111.225586,
              40.521335
            ],
            [
              111.357422,
              40.58816
            ],
            [
              111.445313,
              40.621548
            ],
            [
              111.533203,
              40.654918
            ],
            [
              111.621094,
              40.688272
            ],
            [
              111.75293,
              40.72161
            ],
            [
              111.84082,
              40.75493
            ],
            [
              111.928711,
              40.788234
            ],
            [
              112.060547,
              40.788234
            ],
            [
              112.148438,
              40.821522
            ],
            [
              112.236328,
              40.854792
            ],
            [
              112.368164,
              40.854792
            ],
            [
              112.456055,
              40.888046
            ],
            [
              112.587891,
              40.888046
            ],
            [
              112.675781,
              40.921284
            ],
            [
              112.807617,
              40.954504
            ],
            [
              112.939453,
              40.954504
            ],
            [
              113.027344,
              40.987708
            ],
            [
              113.115234,
              41.020895
            ],
            [
              113.203125,
              41.054065
            ],
            [
              113.334961,
              41.054065
            ],
            [
              113.422852,
              41.087219
            ],
            [
              113.510742,
              41.120356
            ],
            [
              113.598633,
              41.18658
            ],
            [
              113.730469,
              41.219666
            ],
            [
              113.818359,
              41.28579
            ],
            [
              113.90625,
              41.318826
            ],
            [
              113.994141,
              41.351846
            ],
            [
              114.125977,
              41.417836
            ],
            [
              114.213867,
              41.450805
            ],
            [
              114.301758,
              41.483758
            ],
            [
              114.389648,
              41.516694
            ],
            [
              114.521484,
              41.549613
            ],
            [
              114.609375,
              41.582516
            ],
            [
              114.741211,
              41.615402
            ],
            [
              114.873047,
              41.615402
            ],
            [
              115.092773,
              41.648271
            ],
            [
              115.224609,
              41.648271
            ],
            [
              115.3125,
              41.681123
            ],
            [
              115.444336,
              41.681123
            ],
            [
              115.532227,
              41.713959
            ],
            [
              115.664063,
              41.713959
            ],
            [
              115.839844,
              41.746778
            ],
            [
              115.927734,
              41.77958
            ],
            [
              116.05957,
              41.812365
            ],
            [
              116.147461,
              41.845133
            ],
            [
              116.279297,
              41.877885
            ],
            [
              116.455078,
              41.91062
            ],
            [
              116.630859,
              41.943338
            ],
            [
              116.762695,
              41.97604
            ],
            [
              116.850586,
              42.008724
            ],
            [
              116.938477,
              42.041392
            ],
            [
              117.070313,
              42.074043
            ],
            [
              117.202148,
              42.106677
            ],
            [
              117.37793,
              42.171895
            ],
            [
              117.509766,
              42.204479
            ],
            [
              117.597656,
              42.237046
            ],
            [
              117.685547,
              42.269597
            ],
            [
              117.817383,
              42.269597
            ],
            [
              117.905273,
              42.334647
            ],
            [
              117.993164,
              42.367147
            ],
            [
              118.081055,
              42.39963
            ],
            [
              118.168945,
              42.432096
            ],
            [
              118.256836,
              42.464545
            ],
            [
              118.344727,
              42.496978
            ],
            [
              118.432617,
              42.529394
            ],
            [
              118.564453,
              42.594175
            ],
            [
              118.652344,
              42.62654
            ],
            [
              118.740234,
              42.658889
            ],
            [
              118.828125,
              42.691221
            ],
            [
              118.916016,
              42.723535
            ],
            [
              119.003906,
              42.788115
            ],
            [
              119.091797,
              42.820379
            ],
            [
              119.179688,
              42.852627
            ],
            [
              119.355469,
              42.852627
            ],
            [
              119.443359,
              42.884858
            ],
            [
              119.575195,
              42.884858
            ],
            [
              119.663086,
              42.917072
            ],
            [
              119.707031,
              42.917072
            ],
            [
              119.575195,
              42.949269
            ]
          ]
        ]
      }
    },
    {
      "type": "Feature",
      "properties": {
        "NAME": "말갈",
        "name": "말갈",
        "color": "#ef4444",
        "fill": "#ef4444",
        "fill-opacity": 0.5,
        "stroke": "#ef4444",
        "stroke-width": 2,
        "originalType": "polygon",
        "CODE": "말갈"
      },
      "geometry": {
        "type": "Polygon",
        "coordinates": [
          [
            [
              133.286133,
              47.972041
            ],
            [
              133.374023,
              47.88364
            ],
            [
              133.417969,
              47.824622
            ],
            [
              133.505859,
              47.795088
            ],
            [
              133.59375,
              47.735969
            ],
            [
              133.637695,
              47.676783
            ],
            [
              133.681641,
              47.61753
            ],
            [
              133.769531,
              47.587879
            ],
            [
              133.813477,
              47.528525
            ],
            [
              133.857422,
              47.439368
            ],
            [
              133.901367,
              47.379846
            ],
            [
              133.945313,
              47.290437
            ],
            [
              133.945313,
              47.170989
            ],
            [
              133.945313,
              47.081227
            ],
            [
              133.945313,
              46.991313
            ],
            [
              133.945313,
              46.901247
            ],
            [
              133.989258,
              46.841119
            ],
            [
              133.945313,
              46.750801
            ],
            [
              133.945313,
              46.660332
            ],
            [
              133.945313,
              46.56971
            ],
            [
              133.945313,
              46.478937
            ],
            [
              133.945313,
              46.357671
            ],
            [
              133.945313,
              46.266544
            ],
            [
              133.989258,
              46.175265
            ],
            [
              133.989258,
              46.083835
            ],
            [
              133.945313,
              46.022797
            ],
            [
              133.945313,
              45.931113
            ],
            [
              133.945313,
              45.839278
            ],
            [
              133.945313,
              45.747291
            ],
            [
              133.945313,
              45.593642
            ],
            [
              133.945313,
              45.470419
            ],
            [
              133.945313,
              45.377824
            ],
            [
              133.945313,
              45.285078
            ],
            [
              133.945313,
              45.19218
            ],
            [
              133.945313,
              45.068079
            ],
            [
              133.945313,
              44.943708
            ],
            [
              133.945313,
              44.850253
            ],
            [
              133.945313,
              44.756646
            ],
            [
              133.945313,
              44.631601
            ],
            [
              133.945313,
              44.506285
            ],
            [
              133.945313,
              44.412121
            ],
            [
              133.901367,
              44.349261
            ],
            [
              133.857422,
              44.254844
            ],
            [
              133.857422,
              44.160275
            ],
            [
              133.813477,
              44.065554
            ],
            [
              133.813477,
              43.939024
            ],
            [
              133.769531,
              43.875658
            ],
            [
              133.769531,
              43.780482
            ],
            [
              133.725586,
              43.716947
            ],
            [
              133.725586,
              43.621518
            ],
            [
              133.681641,
              43.557814
            ],
            [
              133.681641,
              43.462132
            ],
            [
              133.637695,
              43.39826
            ],
            [
              133.637695,
              43.302326
            ],
            [
              133.725586,
              43.270314
            ],
            [
              133.813477,
              43.238285
            ],
            [
              133.945313,
              43.238285
            ],
            [
              134.077148,
              43.238285
            ],
            [
              134.208984,
              43.270314
            ],
            [
              134.296875,
              43.302326
            ],
            [
              134.428711,
              43.334321
            ],
            [
              134.560547,
              43.366299
            ],
            [
              134.648438,
              43.39826
            ],
            [
              134.736328,
              43.430205
            ],
            [
              134.824219,
              43.462132
            ],
            [
              134.956055,
              43.525937
            ],
            [
              135.043945,
              43.557814
            ],
            [
              135.175781,
              43.653344
            ],
            [
              135.263672,
              43.716947
            ],
            [
              135.351563,
              43.780482
            ],
            [
              135.483398,
              43.843949
            ],
            [
              135.571289,
              43.907349
            ],
            [
              135.65918,
              43.970682
            ],
            [
              135.74707,
              44.002323
            ],
            [
              135.834961,
              44.097145
            ],
            [
              135.922852,
              44.160275
            ],
            [
              135.966797,
              44.223338
            ],
            [
              136.098633,
              44.286333
            ],
            [
              136.186523,
              44.349261
            ],
            [
              136.274414,
              44.412121
            ],
            [
              136.362305,
              44.443526
            ],
            [
              136.40625,
              44.506285
            ],
            [
              136.494141,
              44.568977
            ],
            [
              136.538086,
              44.631601
            ],
            [
              136.582031,
              44.694157
            ],
            [
              136.625977,
              44.756646
            ],
            [
              136.713867,
              44.819068
            ],
            [
              136.757813,
              44.912574
            ],
            [
              136.845703,
              44.974826
            ],
            [
              136.889648,
              45.037012
            ],
            [
              136.933594,
              45.099129
            ],
            [
              137.021484,
              45.16118
            ],
            [
              137.109375,
              45.223163
            ],
            [
              137.197266,
              45.31601
            ],
            [
              137.285156,
              45.408706
            ],
            [
              137.373047,
              45.470419
            ],
            [
              137.416992,
              45.532064
            ],
            [
              137.460938,
              45.593642
            ],
            [
              137.504883,
              45.655152
            ],
            [
              137.548828,
              45.716595
            ],
            [
              137.636719,
              45.808632
            ],
            [
              137.724609,
              45.869907
            ],
            [
              137.8125,
              45.931113
            ],
            [
              137.856445,
              46.022797
            ],
            [
              137.900391,
              46.083835
            ],
            [
              137.944336,
              46.144805
            ],
            [
              137.988281,
              46.205708
            ],
            [
              138.076172,
              46.266544
            ],
            [
              138.120117,
              46.327312
            ],
            [
              138.208008,
              46.388013
            ],
            [
              138.251953,
              46.448646
            ],
            [
              138.295898,
              46.509212
            ],
            [
              138.383789,
              46.56971
            ],
            [
              138.427734,
              46.630141
            ],
            [
              138.47168,
              46.690505
            ],
            [
              138.55957,
              46.750801
            ],
            [
              138.603516,
              46.841119
            ],
            [
              138.647461,
              46.901247
            ],
            [
              138.691406,
              46.961308
            ],
            [
              138.779297,
              47.021301
            ],
            [
              138.823242,
              47.111164
            ],
            [
              138.867188,
              47.170989
            ],
            [
              138.911133,
              47.230747
            ],
            [
              138.911133,
              47.320257
            ],
            [
              138.955078,
              47.379846
            ],
            [
              139.042969,
              47.469104
            ],
            [
              139.130859,
              47.528525
            ],
            [
              139.21875,
              47.587879
            ],
            [
              139.350586,
              47.676783
            ],
            [
              139.394531,
              47.735969
            ],
            [
              139.482422,
              47.795088
            ],
            [
              139.526367,
              47.854139
            ],
            [
              139.614258,
              47.88364
            ],
            [
              139.702148,
              47.94259
            ],
            [
              139.790039,
              47.972041
            ],
            [
              139.87793,
              48.030891
            ],
            [
              139.921875,
              48.089673
            ],
            [
              139.96582,
              48.177722
            ],
            [
              140.009766,
              48.236337
            ],
            [
              140.053711,
              48.353366
            ],
            [
              140.097656,
              48.41178
            ],
            [
              140.141602,
              48.470126
            ],
            [
              140.185547,
              48.586619
            ],
            [
              140.185547,
              48.702844
            ],
            [
              140.229492,
              48.760856
            ],
            [
              140.273438,
              48.847748
            ],
            [
              140.317383,
              48.905593
            ],
            [
              140.361328,
              48.963371
            ],
            [
              140.405273,
              49.021082
            ],
            [
              140.449219,
              49.078726
            ],
            [
              140.537109,
              49.165067
            ],
            [
              140.581055,
              49.222544
            ],
            [
              140.625,
              49.279954
            ],
            [
              140.668945,
              49.365945
            ],
            [
              140.712891,
              49.451785
            ],
            [
              140.712891,
              49.537475
            ],
            [
              140.756836,
              49.594518
            ],
            [
              140.800781,
              49.651495
            ],
            [
              140.800781,
              49.736835
            ],
            [
              140.844727,
              49.878736
            ],
            [
              140.888672,
              50.020221
            ],
            [
              140.932617,
              50.104913
            ],
            [
              140.976563,
              50.189455
            ],
            [
              140.976563,
              50.273848
            ],
            [
              140.976563,
              50.358091
            ],
            [
              140.976563,
              50.442186
            ],
            [
              140.976563,
              50.526131
            ],
            [
              141.020508,
              50.582011
            ],
            [
              141.064453,
              50.637825
            ],
            [
              140.976563,
              50.665708
            ],
            [
              140.888672,
              50.637825
            ],
            [
              140.800781,
              50.609926
            ],
            [
              140.668945,
              50.609926
            ],
            [
              140.493164,
              50.609926
            ],
            [
              140.361328,
              50.609926
            ],
            [
              140.229492,
              50.609926
            ],
            [
              140.097656,
              50.609926
            ],
            [
              140.009766,
              50.637825
            ],
            [
              139.921875,
              50.693573
            ],
            [
              139.833984,
              50.721423
            ],
            [
              139.702148,
              50.721423
            ],
            [
              139.614258,
              50.749255
            ],
            [
              139.482422,
              50.749255
            ],
            [
              139.438477,
              50.804871
            ],
            [
              139.350586,
              50.832654
            ],
            [
              139.306641,
              50.888171
            ],
            [
              139.262695,
              50.943621
            ],
            [
              139.21875,
              50.999006
            ],
            [
              139.130859,
              51.054324
            ],
            [
              139.042969,
              51.137178
            ],
            [
              138.955078,
              51.164763
            ],
            [
              138.867188,
              51.219883
            ],
            [
              138.779297,
              51.247419
            ],
            [
              138.691406,
              51.302441
            ],
            [
              138.603516,
              51.329927
            ],
            [
              138.47168,
              51.384849
            ],
            [
              138.251953,
              51.412286
            ],
            [
              138.032227,
              51.439706
            ],
            [
              137.8125,
              51.46711
            ],
            [
              137.680664,
              51.46711
            ],
            [
              137.592773,
              51.494498
            ],
            [
              137.460938,
              51.494498
            ],
            [
              137.285156,
              51.494498
            ],
            [
              137.15332,
              51.494498
            ],
            [
              137.021484,
              51.494498
            ],
            [
              136.889648,
              51.494498
            ],
            [
              136.757813,
              51.494498
            ],
            [
              136.625977,
              51.494498
            ],
            [
              136.494141,
              51.494498
            ],
            [
              136.362305,
              51.494498
            ],
            [
              136.230469,
              51.494498
            ],
            [
              136.054688,
              51.46711
            ],
            [
              135.878906,
              51.46711
            ],
            [
              135.74707,
              51.46711
            ],
            [
              135.615234,
              51.439706
            ],
            [
              135.395508,
              51.439706
            ],
            [
              135.263672,
              51.439706
            ],
            [
              135.043945,
              51.439706
            ],
            [
              134.912109,
              51.439706
            ],
            [
              134.736328,
              51.439706
            ],
            [
              134.604492,
              51.439706
            ],
            [
              134.516602,
              51.412286
            ],
            [
              134.34082,
              51.412286
            ],
            [
              134.208984,
              51.412286
            ],
            [
              134.077148,
              51.412286
            ],
            [
              133.989258,
              51.384849
            ],
            [
              133.857422,
              51.384849
            ],
            [
              133.725586,
              51.357396
            ],
            [
              133.549805,
              51.357396
            ],
            [
              133.417969,
              51.329927
            ],
            [
              133.286133,
              51.329927
            ],
            [
              133.154297,
              51.302441
            ],
            [
              133.066406,
              51.274938
            ],
            [
              132.978516,
              51.247419
            ],
            [
              132.84668,
              51.219883
            ],
            [
              132.758789,
              51.192331
            ],
            [
              132.670898,
              51.164763
            ],
            [
              132.583008,
              51.137178
            ],
            [
              132.495117,
              51.109577
            ],
            [
              132.407227,
              51.081959
            ],
            [
              132.319336,
              51.054324
            ],
            [
              132.231445,
              51.026673
            ],
            [
              132.143555,
              50.999006
            ],
            [
              132.099609,
              50.943621
            ],
            [
              131.967773,
              50.915904
            ],
            [
              131.879883,
              50.860421
            ],
            [
              131.791992,
              50.832654
            ],
            [
              131.704102,
              50.777071
            ],
            [
              131.616211,
              50.749255
            ],
            [
              131.572266,
              50.693573
            ],
            [
              131.484375,
              50.665708
            ],
            [
              131.44043,
              50.609926
            ],
            [
              131.396484,
              50.554079
            ],
            [
              131.352539,
              50.498165
            ],
            [
              131.308594,
              50.442186
            ],
            [
              131.308594,
              50.358091
            ],
            [
              131.308594,
              50.245734
            ],
            [
              131.308594,
              50.161291
            ],
            [
              131.352539,
              50.076699
            ],
            [
              131.352539,
              49.963677
            ],
            [
              131.352539,
              49.878736
            ],
            [
              131.396484,
              49.822026
            ],
            [
              131.396484,
              49.736835
            ],
            [
              131.44043,
              49.651495
            ],
            [
              131.52832,
              49.566005
            ],
            [
              131.572266,
              49.480365
            ],
            [
              131.616211,
              49.423188
            ],
            [
              131.660156,
              49.365945
            ],
            [
              131.704102,
              49.308634
            ],
            [
              131.748047,
              49.251258
            ],
            [
              131.835938,
              49.193814
            ],
            [
              131.879883,
              49.136303
            ],
            [
              131.923828,
              49.078726
            ],
            [
              131.967773,
              49.021082
            ],
            [
              132.011719,
              48.963371
            ],
            [
              132.099609,
              48.905593
            ],
            [
              132.143555,
              48.847748
            ],
            [
              132.1875,
              48.789837
            ],
            [
              132.231445,
              48.731858
            ],
            [
              132.319336,
              48.702844
            ],
            [
              132.407227,
              48.644765
            ],
            [
              132.451172,
              48.586619
            ],
            [
              132.539063,
              48.557521
            ],
            [
              132.583008,
              48.499275
            ],
            [
              132.670898,
              48.470126
            ],
            [
              132.714844,
              48.41178
            ],
            [
              132.758789,
              48.353366
            ],
            [
              132.802734,
              48.294885
            ],
            [
              132.84668,
              48.236337
            ],
            [
              132.890625,
              48.177722
            ],
            [
              132.978516,
              48.11904
            ],
            [
              133.066406,
              48.06029
            ],
            [
              133.154297,
              48.030891
            ],
            [
              133.198242,
              47.972041
            ],
            [
              133.286133,
              47.94259
            ],
            [
              133.374023,
              47.913123
            ],
            [
              133.417969,
              47.854139
            ],
            [
              133.505859,
              47.824622
            ],
            [
              133.59375,
              47.765537
            ],
            [
              133.59375,
              47.765537
            ],
            [
              133.286133,
              47.972041
            ]
          ]
        ]
      }
    },
    {
      "type": "Feature",
      "properties": {
        "NAME": "진나라",
        "name": "410-419",
        "color": "#ef4444",
        "fill": "#ef4444",
        "fill-opacity": 0.5,
        "stroke": "#ef4444",
        "stroke-width": 2,
        "originalType": "polyline",
        "CODE": "진나라"
      },
      "geometry": {
        "type": "Polygon",
        "coordinates": [
          [
            [
              107.226563,
              33.662673
            ],
            [
              107.050781,
              33.589438
            ],
            [
              106.787109,
              33.589438
            ],
            [
              106.611328,
              33.51614
            ],
            [
              106.699219,
              33.295875
            ],
            [
              106.875,
              33.222329
            ],
            [
              106.962891,
              33.001321
            ],
            [
              107.050781,
              32.853674
            ],
            [
              107.226563,
              32.779758
            ],
            [
              107.314453,
              32.631742
            ],
            [
              107.490234,
              32.483481
            ],
            [
              107.578125,
              32.334975
            ],
            [
              107.666016,
              32.186224
            ],
            [
              107.753906,
              32.037231
            ],
            [
              107.666016,
              31.887994
            ],
            [
              107.578125,
              31.738516
            ],
            [
              107.402344,
              31.663686
            ],
            [
              107.226563,
              31.588795
            ],
            [
              107.138672,
              31.438834
            ],
            [
              106.962891,
              31.363763
            ],
            [
              106.787109,
              31.288633
            ],
            [
              106.611328,
              31.213442
            ],
            [
              106.435547,
              31.138191
            ],
            [
              106.171875,
              31.138191
            ],
            [
              105.908203,
              31.138191
            ],
            [
              105.644531,
              31.138191
            ],
            [
              105.46875,
              31.062881
            ],
            [
              105.205078,
              31.062881
            ],
            [
              105.029297,
              31.138191
            ],
            [
              104.765625,
              31.138191
            ],
            [
              104.589844,
              31.213442
            ],
            [
              104.326172,
              31.213442
            ],
            [
              104.0625,
              31.213442
            ],
            [
              103.798828,
              31.213442
            ],
            [
              103.535156,
              31.213442
            ],
            [
              103.183594,
              31.213442
            ],
            [
              102.919922,
              31.138191
            ],
            [
              102.65625,
              31.138191
            ],
            [
              102.392578,
              31.138191
            ],
            [
              102.216797,
              31.062881
            ],
            [
              102.041016,
              30.987511
            ],
            [
              101.777344,
              30.912082
            ],
            [
              101.513672,
              30.836592
            ],
            [
              101.337891,
              30.761044
            ],
            [
              101.162109,
              30.685436
            ],
            [
              100.986328,
              30.609769
            ],
            [
              100.810547,
              30.534043
            ],
            [
              100.634766,
              30.458257
            ],
            [
              100.371094,
              30.382413
            ],
            [
              100.195313,
              30.230548
            ],
            [
              100.019531,
              30.154527
            ],
            [
              99.84375,
              30.00231
            ],
            [
              99.667969,
              29.926113
            ],
            [
              99.492188,
              29.849858
            ],
            [
              99.404297,
              29.697174
            ],
            [
              99.228516,
              29.544257
            ],
            [
              99.052734,
              29.391109
            ],
            [
              98.964844,
              29.237729
            ],
            [
              98.789063,
              29.160953
            ],
            [
              98.789063,
              28.853275
            ],
            [
              98.701172,
              28.621918
            ],
            [
              98.701172,
              28.390049
            ],
            [
              98.613281,
              28.157672
            ],
            [
              98.613281,
              27.924789
            ],
            [
              98.613281,
              27.691404
            ],
            [
              98.701172,
              27.535536
            ],
            [
              98.789063,
              27.379446
            ],
            [
              98.876953,
              27.223136
            ],
            [
              98.964844,
              27.066606
            ],
            [
              99.052734,
              26.909857
            ],
            [
              99.140625,
              26.674326
            ],
            [
              99.052734,
              26.438307
            ],
            [
              99.052734,
              26.201804
            ],
            [
              98.964844,
              26.043868
            ],
            [
              98.789063,
              25.96482
            ],
            [
              98.701172,
              25.806564
            ],
            [
              98.525391,
              25.648097
            ],
            [
              98.4375,
              25.489419
            ],
            [
              98.349609,
              25.251009
            ],
            [
              98.349609,
              25.01213
            ],
            [
              98.349609,
              24.772785
            ],
            [
              98.4375,
              24.532979
            ],
            [
              98.525391,
              24.372852
            ],
            [
              98.701172,
              24.292713
            ],
            [
              98.789063,
              24.132282
            ],
            [
              98.876953,
              23.97165
            ],
            [
              99.140625,
              23.810818
            ],
            [
              99.228516,
              23.649786
            ],
            [
              99.316406,
              23.488556
            ],
            [
              99.492188,
              23.327128
            ],
            [
              99.580078,
              23.165504
            ],
            [
              99.755859,
              23.084618
            ],
            [
              99.931641,
              22.922702
            ],
            [
              100.107422,
              22.760591
            ],
            [
              100.195313,
              22.598288
            ],
            [
              100.371094,
              22.517064
            ],
            [
              100.546875,
              22.354474
            ],
            [
              100.722656,
              22.191694
            ],
            [
              100.898438,
              22.110233
            ],
            [
              101.074219,
              22.028725
            ],
            [
              101.425781,
              21.94717
            ],
            [
              101.689453,
              21.94717
            ],
            [
              102.041016,
              21.94717
            ],
            [
              102.304688,
              21.865569
            ],
            [
              102.480469,
              21.78392
            ],
            [
              102.744141,
              21.78392
            ],
            [
              102.919922,
              21.702225
            ],
            [
              103.095703,
              21.538696
            ],
            [
              103.271484,
              21.456863
            ],
            [
              103.359375,
              21.293057
            ],
            [
              103.535156,
              21.12907
            ],
            [
              103.710938,
              20.9649
            ],
            [
              103.886719,
              20.80055
            ],
            [
              103.974609,
              20.636021
            ],
            [
              104.150391,
              20.471314
            ],
            [
              104.238281,
              20.223922
            ],
            [
              104.326172,
              20.058774
            ],
            [
              104.326172,
              19.810727
            ],
            [
              104.326172,
              19.562293
            ],
            [
              104.414063,
              19.396457
            ],
            [
              104.414063,
              19.064278
            ],
            [
              104.501953,
              18.897938
            ],
            [
              104.589844,
              18.731432
            ],
            [
              104.677734,
              18.564763
            ],
            [
              104.853516,
              18.481366
            ],
            [
              104.941406,
              18.314453
            ],
            [
              105.029297,
              18.147378
            ],
            [
              105.205078,
              17.980143
            ],
            [
              105.380859,
              17.728994
            ],
            [
              105.556641,
              17.561365
            ],
            [
              105.644531,
              17.393581
            ],
            [
              105.820313,
              17.309631
            ],
            [
              105.996094,
              17.057552
            ],
            [
              106.171875,
              16.88931
            ],
            [
              106.259766,
              16.720917
            ],
            [
              106.435547,
              16.552376
            ],
            [
              106.611328,
              16.383687
            ],
            [
              106.787109,
              16.130381
            ],
            [
              106.875,
              15.792135
            ],
            [
              107.050781,
              15.622799
            ],
            [
              107.138672,
              15.453323
            ],
            [
              107.226563,
              15.283708
            ],
            [
              107.314453,
              15.113957
            ],
            [
              107.402344,
              14.774046
            ],
            [
              107.402344,
              14.518764
            ],
            [
              107.490234,
              14.348411
            ],
            [
              107.578125,
              14.177929
            ],
            [
              107.578125,
              13.921965
            ],
            [
              107.666016,
              13.751165
            ],
            [
              107.666016,
              13.494731
            ],
            [
              107.666016,
              13.238022
            ],
            [
              107.753906,
              13.066731
            ],
            [
              107.753906,
              12.809573
            ],
            [
              107.666016,
              12.637988
            ],
            [
              107.578125,
              12.466288
            ],
            [
              107.578125,
              12.208524
            ],
            [
              107.666016,
              12.036542
            ],
            [
              107.753906,
              11.86445
            ],
            [
              108.105469,
              11.778363
            ],
            [
              108.369141,
              11.778363
            ],
            [
              108.632813,
              11.778363
            ],
            [
              108.896484,
              11.778363
            ],
            [
              109.160156,
              11.778363
            ],
            [
              109.335938,
              11.950509
            ],
            [
              109.423828,
              12.208524
            ],
            [
              109.511719,
              12.380395
            ],
            [
              109.511719,
              12.637988
            ],
            [
              109.511719,
              12.895322
            ],
            [
              109.423828,
              13.066731
            ],
            [
              109.423828,
              13.323622
            ],
            [
              109.335938,
              13.494731
            ],
            [
              109.248047,
              13.751165
            ],
            [
              109.160156,
              14.007318
            ],
            [
              109.160156,
              14.348411
            ],
            [
              109.072266,
              14.603891
            ],
            [
              108.984375,
              14.944069
            ],
            [
              108.896484,
              15.19885
            ],
            [
              108.808594,
              15.453323
            ],
            [
              108.720703,
              15.707484
            ],
            [
              108.632813,
              15.961329
            ],
            [
              108.544922,
              16.130381
            ],
            [
              108.457031,
              16.299288
            ],
            [
              108.369141,
              16.46805
            ],
            [
              108.193359,
              16.552376
            ],
            [
              108.105469,
              16.720917
            ],
            [
              108.017578,
              16.88931
            ],
            [
              107.841797,
              16.97345
            ],
            [
              107.666016,
              17.141617
            ],
            [
              107.578125,
              17.309631
            ],
            [
              107.402344,
              17.477493
            ],
            [
              107.314453,
              17.728994
            ],
            [
              107.226563,
              17.896466
            ],
            [
              107.138672,
              18.06378
            ],
            [
              107.050781,
              18.314453
            ],
            [
              106.962891,
              18.564763
            ],
            [
              106.875,
              18.981129
            ],
            [
              106.787109,
              19.230451
            ],
            [
              106.787109,
              19.562293
            ],
            [
              106.875,
              19.727959
            ],
            [
              106.962891,
              19.976135
            ],
            [
              107.138672,
              20.14137
            ],
            [
              107.314453,
              20.30643
            ],
            [
              107.402344,
              20.471314
            ],
            [
              107.666016,
              20.55369
            ],
            [
              107.841797,
              20.636021
            ],
            [
              108.017578,
              20.718308
            ],
            [
              108.28125,
              20.80055
            ],
            [
              108.457031,
              20.882748
            ],
            [
              108.632813,
              21.047008
            ],
            [
              108.896484,
              21.12907
            ],
            [
              109.160156,
              21.12907
            ],
            [
              109.248047,
              20.9649
            ],
            [
              109.423828,
              20.718308
            ],
            [
              109.423828,
              20.471314
            ],
            [
              109.335938,
              20.14137
            ],
            [
              109.160156,
              20.058774
            ],
            [
              108.984375,
              19.893453
            ],
            [
              108.808594,
              19.727959
            ],
            [
              108.632813,
              19.562293
            ],
            [
              108.544922,
              19.313475
            ],
            [
              108.457031,
              19.147385
            ],
            [
              108.457031,
              18.897938
            ],
            [
              108.457031,
              18.648118
            ],
            [
              108.632813,
              18.481366
            ],
            [
              108.808594,
              18.39793
            ],
            [
              108.984375,
              18.314453
            ],
            [
              109.248047,
              18.314453
            ],
            [
              109.599609,
              18.314453
            ],
            [
              109.951172,
              18.314453
            ],
            [
              110.214844,
              18.39793
            ],
            [
              110.390625,
              18.481366
            ],
            [
              110.566406,
              18.564763
            ],
            [
              110.830078,
              18.731432
            ],
            [
              110.917969,
              18.897938
            ],
            [
              111.005859,
              19.230451
            ],
            [
              111.09375,
              19.396457
            ],
            [
              111.181641,
              19.645147
            ],
            [
              111.181641,
              19.976135
            ],
            [
              111.269531,
              20.14137
            ],
            [
              111.269531,
              20.471314
            ],
            [
              111.269531,
              20.718308
            ],
            [
              111.357422,
              20.882748
            ],
            [
              111.533203,
              20.9649
            ],
            [
              111.621094,
              21.12907
            ],
            [
              111.796875,
              21.293057
            ],
            [
              111.972656,
              21.374983
            ],
            [
              112.236328,
              21.538696
            ],
            [
              112.412109,
              21.620484
            ],
            [
              112.587891,
              21.78392
            ],
            [
              112.763672,
              21.865569
            ],
            [
              113.027344,
              21.94717
            ],
            [
              113.203125,
              22.028725
            ],
            [
              113.378906,
              22.110233
            ],
            [
              113.642578,
              22.110233
            ],
            [
              113.90625,
              22.110233
            ],
            [
              114.169922,
              22.191694
            ],
            [
              114.609375,
              22.191694
            ],
            [
              114.960938,
              22.191694
            ],
            [
              115.136719,
              22.273108
            ],
            [
              115.488281,
              22.435793
            ],
            [
              115.664063,
              22.517064
            ],
            [
              116.015625,
              22.598288
            ],
            [
              116.191406,
              22.760591
            ],
            [
              116.455078,
              22.922702
            ],
            [
              116.630859,
              23.084618
            ],
            [
              116.806641,
              23.24634
            ],
            [
              116.982422,
              23.407866
            ],
            [
              117.158203,
              23.569196
            ],
            [
              117.333984,
              23.810818
            ],
            [
              117.597656,
              23.97165
            ],
            [
              117.773438,
              24.051991
            ],
            [
              117.949219,
              24.292713
            ],
            [
              118.125,
              24.452941
            ],
            [
              118.300781,
              24.532979
            ],
            [
              118.564453,
              24.692901
            ],
            [
              118.740234,
              24.852618
            ],
            [
              118.828125,
              25.01213
            ],
            [
              119.003906,
              25.171434
            ],
            [
              119.091797,
              25.410001
            ],
            [
              119.267578,
              25.489419
            ],
            [
              119.355469,
              25.648097
            ],
            [
              119.443359,
              25.806564
            ],
            [
              119.619141,
              25.885718
            ],
            [
              119.707031,
              26.201804
            ],
            [
              119.794922,
              26.359527
            ],
            [
              119.882813,
              26.674326
            ],
            [
              119.970703,
              26.831401
            ],
            [
              120.058594,
              26.988259
            ],
            [
              120.146484,
              27.144898
            ],
            [
              120.234375,
              27.379446
            ],
            [
              120.322266,
              27.535536
            ],
            [
              120.410156,
              27.691404
            ],
            [
              120.585938,
              27.84705
            ],
            [
              120.673828,
              28.002473
            ],
            [
              120.761719,
              28.157672
            ],
            [
              120.9375,
              28.390049
            ],
            [
              121.113281,
              28.544685
            ],
            [
              121.201172,
              28.699094
            ],
            [
              121.289063,
              28.853275
            ],
            [
              121.464844,
              29.08412
            ],
            [
              121.640625,
              29.237729
            ],
            [
              121.728516,
              29.391109
            ],
            [
              121.816406,
              29.620745
            ],
            [
              121.904297,
              29.849858
            ],
            [
              121.992188,
              30.078448
            ],
            [
              122.080078,
              30.382413
            ],
            [
              122.080078,
              30.609769
            ],
            [
              122.167969,
              30.912082
            ],
            [
              122.167969,
              31.138191
            ],
            [
              122.167969,
              31.363763
            ],
            [
              122.167969,
              31.588795
            ],
            [
              122.080078,
              31.738516
            ],
            [
              122.080078,
              31.962643
            ],
            [
              121.992188,
              32.111758
            ],
            [
              121.816406,
              32.26063
            ],
            [
              121.728516,
              32.409258
            ],
            [
              121.640625,
              32.557642
            ],
            [
              121.552734,
              32.705781
            ],
            [
              121.464844,
              32.853674
            ],
            [
              121.289063,
              33.001321
            ],
            [
              121.201172,
              33.148722
            ],
            [
              121.025391,
              33.295875
            ],
            [
              120.849609,
              33.51614
            ],
            [
              120.761719,
              33.662673
            ],
            [
              120.673828,
              33.808957
            ],
            [
              120.498047,
              33.882005
            ],
            [
              120.410156,
              34.027914
            ],
            [
              120.234375,
              34.100774
            ],
            [
              120.146484,
              34.246307
            ],
            [
              119.970703,
              34.318979
            ],
            [
              119.882813,
              34.464135
            ],
            [
              119.882813,
              34.681397
            ],
            [
              119.794922,
              34.89809
            ],
            [
              119.794922,
              35.186126
            ],
            [
              119.707031,
              35.401486
            ],
            [
              119.707031,
              35.616272
            ],
            [
              119.794922,
              35.759144
            ],
            [
              119.970703,
              35.830483
            ],
            [
              120.058594,
              35.97297
            ],
            [
              120.234375,
              36.044118
            ],
            [
              120.322266,
              36.186219
            ],
            [
              120.498047,
              36.257174
            ],
            [
              120.673828,
              36.398889
            ],
            [
              120.849609,
              36.46965
            ],
            [
              121.025391,
              36.540347
            ],
            [
              121.289063,
              36.540347
            ],
            [
              121.464844,
              36.610979
            ],
            [
              121.728516,
              36.610979
            ],
            [
              121.992188,
              36.610979
            ],
            [
              122.255859,
              36.681546
            ],
            [
              122.431641,
              36.752049
            ],
            [
              122.607422,
              36.822487
            ],
            [
              122.783203,
              36.963168
            ],
            [
              122.871094,
              37.10359
            ],
            [
              122.958984,
              37.243753
            ],
            [
              122.871094,
              37.523296
            ],
            [
              122.695313,
              37.593019
            ],
            [
              122.519531,
              37.662677
            ],
            [
              122.34375,
              37.732269
            ],
            [
              122.080078,
              37.732269
            ],
            [
              121.904297,
              37.801796
            ],
            [
              121.640625,
              37.801796
            ],
            [
              121.376953,
              37.871258
            ],
            [
              121.113281,
              37.871258
            ],
            [
              120.849609,
              37.871258
            ],
            [
              120.498047,
              37.801796
            ],
            [
              120.322266,
              37.732269
            ],
            [
              120.146484,
              37.662677
            ],
            [
              119.970703,
              37.593019
            ],
            [
              119.882813,
              37.453508
            ],
            [
              119.707031,
              37.383655
            ],
            [
              119.443359,
              37.383655
            ],
            [
              119.267578,
              37.523296
            ],
            [
              119.091797,
              37.593019
            ],
            [
              119.003906,
              37.732269
            ],
            [
              118.828125,
              37.871258
            ],
            [
              118.740234,
              38.009985
            ],
            [
              118.652344,
              38.14845
            ],
            [
              118.564453,
              38.286652
            ],
            [
              118.300781,
              38.286652
            ],
            [
              118.212891,
              38.14845
            ],
            [
              118.037109,
              38.07925
            ],
            [
              117.773438,
              38.07925
            ],
            [
              117.597656,
              38.009985
            ],
            [
              117.333984,
              38.009985
            ],
            [
              117.158203,
              37.940654
            ],
            [
              116.806641,
              37.940654
            ],
            [
              116.542969,
              37.871258
            ],
            [
              116.367188,
              37.801796
            ],
            [
              116.103516,
              37.801796
            ],
            [
              115.839844,
              37.801796
            ],
            [
              115.664063,
              37.732269
            ],
            [
              115.400391,
              37.662677
            ],
            [
              115.136719,
              37.662677
            ],
            [
              114.960938,
              37.593019
            ],
            [
              114.785156,
              37.523296
            ],
            [
              114.521484,
              37.453508
            ],
            [
              114.345703,
              37.383655
            ],
            [
              114.169922,
              37.313736
            ],
            [
              113.90625,
              37.243753
            ],
            [
              113.818359,
              37.10359
            ],
            [
              113.90625,
              36.963168
            ],
            [
              113.994141,
              36.752049
            ],
            [
              114.169922,
              36.681546
            ],
            [
              114.345703,
              36.540347
            ],
            [
              114.521484,
              36.398889
            ],
            [
              114.609375,
              36.257174
            ],
            [
              114.697266,
              36.044118
            ],
            [
              114.697266,
              35.830483
            ],
            [
              114.785156,
              35.68774
            ],
            [
              114.873047,
              35.544741
            ],
            [
              114.960938,
              35.401486
            ],
            [
              115.048828,
              35.257976
            ],
            [
              115.136719,
              35.114212
            ],
            [
              115.224609,
              34.970194
            ],
            [
              115.224609,
              34.753691
            ],
            [
              115.3125,
              34.609039
            ],
            [
              115.400391,
              34.464135
            ],
            [
              115.3125,
              34.318979
            ],
            [
              115.136719,
              34.246307
            ],
            [
              114.960938,
              34.173572
            ],
            [
              114.697266,
              34.173572
            ],
            [
              114.433594,
              34.173572
            ],
            [
              114.257813,
              34.246307
            ],
            [
              113.994141,
              34.246307
            ],
            [
              113.730469,
              34.246307
            ],
            [
              113.554688,
              34.318979
            ],
            [
              113.291016,
              34.318979
            ],
            [
              113.027344,
              34.318979
            ],
            [
              112.763672,
              34.318979
            ],
            [
              112.5,
              34.246307
            ],
            [
              112.236328,
              34.246307
            ],
            [
              112.060547,
              34.173572
            ],
            [
              111.884766,
              34.100774
            ],
            [
              111.621094,
              34.100774
            ],
            [
              111.357422,
              34.100774
            ],
            [
              111.09375,
              34.027914
            ],
            [
              110.830078,
              34.027914
            ],
            [
              110.566406,
              34.027914
            ],
            [
              110.302734,
              34.027914
            ],
            [
              110.126953,
              33.95499
            ],
            [
              109.863281,
              33.95499
            ],
            [
              109.599609,
              33.95499
            ],
            [
              109.423828,
              33.882005
            ],
            [
              109.160156,
              33.882005
            ],
            [
              108.984375,
              33.808957
            ],
            [
              108.720703,
              33.808957
            ],
            [
              108.544922,
              33.735846
            ],
            [
              108.28125,
              33.735846
            ],
            [
              108.105469,
              33.662673
            ],
            [
              107.841797,
              33.662673
            ],
            [
              107.578125,
              33.589438
            ],
            [
              107.314453,
              33.589438
            ],
            [
              107.138672,
              33.662673
            ],
            [
              106.962891,
              33.662673
            ],
            [
              107.226563,
              33.662673
            ]
          ]
        ]
      }
    },
    {
      "type": "Feature",
      "properties": {
        "NAME": "고구려",
        "name": "410-419",
        "color": "#ef4444",
        "fill": "#ef4444",
        "fill-opacity": 0.5,
        "stroke": "#ef4444",
        "stroke-width": 2,
        "originalType": "polyline",
        "CODE": "고구려"
      },
      "geometry": {
        "type": "Polygon",
        "coordinates": [
          [
            [
              125.46386718750001,
              45.1314702777053
            ],
            [
              125.37597656250001,
              45.100437408108135
            ],
            [
              125.24414062500001,
              45.038321039642966
            ],
            [
              125.15625000000001,
              45.00723754068632
            ],
            [
              125.02441406250001,
              44.97613716522098
            ],
            [
              124.93652343750001,
              44.94501991325223
            ],
            [
              124.84863281250001,
              44.9138857848053
            ],
            [
              124.71679687500001,
              44.88273477992537
            ],
            [
              124.54101562500001,
              44.88273477992537
            ],
            [
              124.40917968750001,
              44.88273477992537
            ],
            [
              124.27734375000001,
              44.88273477992537
            ],
            [
              124.18945312500001,
              44.85156689867755
            ],
            [
              124.01367187500001,
              44.85156689867755
            ],
            [
              123.88183593750001,
              44.85156689867755
            ],
            [
              123.75000000000001,
              44.85156689867755
            ],
            [
              123.57421875000001,
              44.85156689867755
            ],
            [
              123.44238281250001,
              44.789180507439006
            ],
            [
              123.31054687500001,
              44.7579619976787
            ],
            [
              123.17871093750001,
              44.69547435060286
            ],
            [
              123.0908203125,
              44.66420521363845
            ],
            [
              122.95898437500001,
              44.6016163138861
            ],
            [
              122.82714843750001,
              44.5702965515706
            ],
            [
              122.69531250000001,
              44.53895991464431
            ],
            [
              122.60742187500001,
              44.507606403394206
            ],
            [
              122.51953125000001,
              44.47623601812767
            ],
            [
              122.38769531250001,
              44.47623601812767
            ],
            [
              122.29980468750001,
              44.444848759172444
            ],
            [
              122.21191406250001,
              44.41344462687663
            ],
            [
              122.08007812500001,
              44.3820236216089
            ],
            [
              121.94824218750001,
              44.3820236216089
            ],
            [
              121.81640625000001,
              44.3820236216089
            ],
            [
              121.68457031250001,
              44.3820236216089
            ],
            [
              121.50878906250001,
              44.3820236216089
            ],
            [
              121.42089843750001,
              44.41344462687663
            ],
            [
              121.33300781250001,
              44.444848759172444
            ],
            [
              121.2451171875,
              44.507606403394206
            ],
            [
              121.15722656250001,
              44.5702965515706
            ],
            [
              121.06933593750001,
              44.632919201324185
            ],
            [
              120.98144531250001,
              44.69547435060286
            ],
            [
              120.89355468750001,
              44.72672661201149
            ],
            [
              120.80566406250001,
              44.7579619976787
            ],
            [
              120.71777343750001,
              44.789180507439006
            ],
            [
              120.6298828125,
              44.82038214114706
            ],
            [
              120.54199218750001,
              44.85156689867755
            ],
            [
              120.41015625000001,
              44.85156689867755
            ],
            [
              120.32226562500001,
              44.88273477992537
            ],
            [
              120.19042968750001,
              44.9138857848053
            ],
            [
              120.10253906250001,
              44.94501991325223
            ],
            [
              120.0146484375,
              44.97613716522098
            ],
            [
              119.92675781250001,
              45.00723754068632
            ],
            [
              119.83886718750001,
              45.038321039642966
            ],
            [
              119.75097656250001,
              45.06938766210545
            ],
            [
              119.61914062500001,
              45.100437408108135
            ],
            [
              119.48730468750001,
              45.100437408108135
            ],
            [
              119.3994140625,
              45.1314702777053
            ],
            [
              119.26757812500001,
              45.1314702777053
            ],
            [
              119.17968750000001,
              45.100437408108135
            ],
            [
              119.09179687500001,
              45.06938766210545
            ],
            [
              118.91601562500001,
              45.038321039642966
            ],
            [
              118.82812500000001,
              45.00723754068632
            ],
            [
              118.74023437500001,
              44.97613716522098
            ],
            [
              118.65234375000001,
              44.9138857848053
            ],
            [
              118.60839843750001,
              44.85156689867755
            ],
            [
              118.56445312500001,
              44.789180507439006
            ],
            [
              118.56445312500001,
              44.69547435060286
            ],
            [
              118.60839843750001,
              44.632919201324185
            ],
            [
              118.65234375000001,
              44.5702965515706
            ],
            [
              118.69628906250001,
              44.507606403394206
            ],
            [
              118.74023437500001,
              44.444848759172444
            ],
            [
              118.74023437500001,
              44.35058574375837
            ],
            [
              118.82812500000001,
              44.3191309937347
            ],
            [
              118.87207031250001,
              44.22466551502948
            ],
            [
              118.95996093750001,
              44.16160417679656
            ],
            [
              119.00390625000001,
              44.09847536145411
            ],
            [
              119.04785156250001,
              44.03527907351884
            ],
            [
              119.09179687500001,
              43.97201531784053
            ],
            [
              119.13574218750001,
              43.908684099602894
            ],
            [
              119.22363281250001,
              43.84528542432475
            ],
            [
              119.26757812500001,
              43.781819297861
            ],
            [
              119.31152343750001,
              43.718285726403614
            ],
            [
              119.35546875000001,
              43.65468471648269
            ],
            [
              119.3994140625,
              43.59101627496751
            ],
            [
              119.44335937500001,
              43.52728040906747
            ],
            [
              119.48730468750001,
              43.46347712633319
            ],
            [
              119.57519531250001,
              43.39960643465749
            ],
            [
              119.61914062500001,
              43.335668342276456
            ],
            [
              119.66308593750001,
              43.271662857770345
            ],
            [
              119.75097656250001,
              43.20758999006476
            ],
            [
              119.79492187500001,
              43.14344974843158
            ],
            [
              119.88281250000001,
              43.07924214248994
            ],
            [
              119.97070312500001,
              43.01496718220736
            ],
            [
              120.05859375000001,
              42.950624877900545
            ],
            [
              120.14648437500001,
              42.91842847505787
            ],
            [
              120.23437500000001,
              42.88621524023674
            ],
            [
              120.32226562500001,
              42.85398517482549
            ],
            [
              120.41015625000001,
              42.7894745578959
            ],
            [
              120.49804687500001,
              42.72489663581653
            ],
            [
              120.54199218750001,
              42.660251420488635
            ],
            [
              120.6298828125,
              42.595538924168444
            ],
            [
              120.71777343750001,
              42.53075915946795
            ],
            [
              120.76171875000001,
              42.433463412671586
            ],
            [
              120.80566406250001,
              42.36851553454269
            ],
            [
              120.84960937500001,
              42.30350043499277
            ],
            [
              120.89355468750001,
              42.23841812824777
            ],
            [
              120.93750000000001,
              42.17326862889504
            ],
            [
              120.98144531250001,
              42.10805195188425
            ],
            [
              121.02539062500001,
              42.04276811252849
            ],
            [
              121.06933593750001,
              41.97741712650524
            ],
            [
              121.11328125000001,
              41.87926478266258
            ],
            [
              121.15722656250001,
              41.81374600095958
            ],
            [
              121.20117187500001,
              41.74816013034389
            ],
            [
              121.28906250000001,
              41.68250718814484
            ],
            [
              121.33300781250001,
              41.55100016016428
            ],
            [
              121.33300781250001,
              41.41922506306641
            ],
            [
              121.37695312500001,
              41.35323703586857
            ],
            [
              121.37695312500001,
              41.254129451649675
            ],
            [
              121.37695312500001,
              41.15487127556352
            ],
            [
              121.42089843750001,
              41.08861553027613
            ],
            [
              121.37695312500001,
              41.02229290719943
            ],
            [
              121.37695312500001,
              40.9226836237572
            ],
            [
              121.46484375000001,
              40.85619390088729
            ],
            [
              121.55273437500001,
              40.78963737697282
            ],
            [
              121.64062500000001,
              40.756334071729746
            ],
            [
              121.72851562500001,
              40.72301407480051
            ],
            [
              121.81640625000001,
              40.68967738909347
            ],
            [
              121.94824218750001,
              40.656324017541024
            ],
            [
              122.12402343750001,
              40.656324017541024
            ],
            [
              122.21191406250001,
              40.62295396309958
            ],
            [
              122.29980468750001,
              40.58956722874976
            ],
            [
              122.38769531250001,
              40.55616381749618
            ],
            [
              122.34375000000001,
              40.489306976417694
            ],
            [
              122.29980468750001,
              40.422383464385625
            ],
            [
              122.21191406250001,
              40.355393306309665
            ],
            [
              122.12402343750001,
              40.32187324289584
            ],
            [
              122.03613281250001,
              40.25478316331092
            ],
            [
              121.94824218750001,
              40.18762650166044
            ],
            [
              121.90429687500001,
              40.08676672539647
            ],
            [
              121.81640625000001,
              40.053113537656735
            ],
            [
              121.72851562500001,
              39.9520542350115
            ],
            [
              121.68457031250001,
              39.850845395815576
            ],
            [
              121.64062500000001,
              39.78328980731989
            ],
            [
              121.59667968750001,
              39.71566782895811
            ],
            [
              121.55273437500001,
              39.64797948977148
            ],
            [
              121.50878906250001,
              39.58022481919995
            ],
            [
              121.46484375000001,
              39.512403847083206
            ],
            [
              121.46484375000001,
              39.4105481397713
            ],
            [
              121.42089843750001,
              39.30854342587336
            ],
            [
              121.37695312500001,
              39.17230553580422
            ],
            [
              121.37695312500001,
              39.0699535548366
            ],
            [
              121.37695312500001,
              38.96745292790403
            ],
            [
              121.46484375000001,
              38.89903665106504
            ],
            [
              121.64062500000001,
              38.86480376764938
            ],
            [
              121.77246093750001,
              38.86480376764938
            ],
            [
              121.94824218750001,
              38.86480376764938
            ],
            [
              122.08007812500001,
              38.86480376764938
            ],
            [
              122.21191406250001,
              38.86480376764938
            ],
            [
              122.34375000000001,
              38.86480376764938
            ],
            [
              122.4755859375,
              38.89903665106504
            ],
            [
              122.56347656250001,
              38.93325303923276
            ],
            [
              122.65136718750001,
              38.96745292790403
            ],
            [
              122.73925781250001,
              39.001636312855794
            ],
            [
              122.87109375000001,
              39.0699535548366
            ],
            [
              122.95898437500001,
              39.138204731901666
            ],
            [
              123.04687500000001,
              39.20638981118477
            ],
            [
              123.13476562500001,
              39.27450876022609
            ],
            [
              123.26660156250001,
              39.30854342587336
            ],
            [
              123.35449218750001,
              39.376563119576886
            ],
            [
              123.48632812500001,
              39.444516603661576
            ],
            [
              123.57421875000001,
              39.512403847083206
            ],
            [
              123.7060546875,
              39.5463226189541
            ],
            [
              123.79394531250001,
              39.58022481919995
            ],
            [
              123.96972656250001,
              39.61411044405322
            ],
            [
              124.10156250000001,
              39.61411044405322
            ],
            [
              124.27734375000001,
              39.61411044405322
            ],
            [
              124.36523437500001,
              39.58022481919995
            ],
            [
              124.49707031250001,
              39.58022481919995
            ],
            [
              124.62890625000001,
              39.512403847083206
            ],
            [
              124.76074218750001,
              39.47846850737983
            ],
            [
              124.84863281250001,
              39.444516603661576
            ],
            [
              124.89257812500001,
              39.376563119576886
            ],
            [
              124.93652343750001,
              39.27450876022609
            ],
            [
              124.89257812500001,
              39.17230553580422
            ],
            [
              124.84863281250001,
              39.10408740354729
            ],
            [
              124.80468750000001,
              39.001636312855794
            ],
            [
              124.76074218750001,
              38.93325303923276
            ],
            [
              124.76074218750001,
              38.830554393259916
            ],
            [
              124.71679687500001,
              38.76200618878442
            ],
            [
              124.67285156250001,
              38.69339207234468
            ],
            [
              124.67285156250001,
              38.590347389684325
            ],
            [
              124.67285156250001,
              38.48715460447657
            ],
            [
              124.67285156250001,
              38.383813839075685
            ],
            [
              124.67285156250001,
              38.28032521793558
            ],
            [
              124.71679687500001,
              38.176688867616434
            ],
            [
              124.71679687500001,
              38.07290491679082
            ],
            [
              124.76074218750001,
              38.0036336804602
            ],
            [
              124.89257812500001,
              37.93429694126808
            ],
            [
              124.98046875000001,
              37.899604020488184
            ],
            [
              125.06835937500001,
              37.864894738912724
            ],
            [
              125.24414062500001,
              37.864894738912724
            ],
            [
              125.37597656250001,
              37.864894738912724
            ],
            [
              125.55175781250001,
              37.864894738912724
            ],
            [
              125.68359375000001,
              37.864894738912724
            ],
            [
              125.81542968750001,
              37.864894738912724
            ],
            [
              125.94726562500001,
              37.864894738912724
            ],
            [
              126.03515625000001,
              37.899604020488184
            ],
            [
              126.21093750000001,
              37.899604020488184
            ],
            [
              126.34277343750001,
              37.899604020488184
            ],
            [
              126.47460937500001,
              37.864894738912724
            ],
            [
              126.51855468750001,
              37.795427113513945
            ],
            [
              126.51855468750001,
              37.691103096010956
            ],
            [
              126.47460937500001,
              37.6214720913013
            ],
            [
              126.47460937500001,
              37.51690319867938
            ],
            [
              126.43066406250001,
              37.44710907467073
            ],
            [
              126.43066406250001,
              37.34229570193197
            ],
            [
              126.47460937500001,
              37.272338725289345
            ],
            [
              126.56250000000001,
              37.237335834883616
            ],
            [
              126.69433593750001,
              37.237335834883616
            ],
            [
              126.82617187500001,
              37.237335834883616
            ],
            [
              126.95800781250001,
              37.272338725289345
            ],
            [
              127.04589843750001,
              37.34229570193197
            ],
            [
              127.13378906250001,
              37.37724977723505
            ],
            [
              127.22167968750001,
              37.44710907467073
            ],
            [
              127.26562500000001,
              37.51690319867938
            ],
            [
              127.35351562500001,
              37.551775807298775
            ],
            [
              127.48535156250001,
              37.551775807298775
            ],
            [
              127.61718750000001,
              37.551775807298775
            ],
            [
              127.74902343750001,
              37.551775807298775
            ],
            [
              127.88085937500001,
              37.551775807298775
            ],
            [
              127.96875000000001,
              37.51690319867938
            ],
            [
              128.05664062500003,
              37.48201428603004
            ],
            [
              128.14453125000003,
              37.44710907467073
            ],
            [
              128.14453125000003,
              37.34229570193197
            ],
            [
              128.10058593750003,
              37.272338725289345
            ],
            [
              128.14453125000003,
              37.20231668375559
            ],
            [
              128.32031250000003,
              37.167281277439294
            ],
            [
              128.49609375000003,
              37.13222962149559
            ],
            [
              128.62792968750003,
              37.13222962149559
            ],
            [
              128.71582031250003,
              37.09716172151229
            ],
            [
              128.84765625000003,
              37.09716172151229
            ],
            [
              128.97949218750003,
              37.09716172151229
            ],
            [
              129.11132812500003,
              37.09716172151229
            ],
            [
              129.24316406250003,
              37.13222962149559
            ],
            [
              129.37500000000003,
              37.13222962149559
            ],
            [
              129.41894531250003,
              37.20231668375559
            ],
            [
              129.41894531250003,
              37.30732534946556
            ],
            [
              129.41894531250003,
              37.44710907467073
            ],
            [
              129.41894531250003,
              37.551775807298775
            ],
            [
              129.37500000000003,
              37.6214720913013
            ],
            [
              129.33105468750003,
              37.725894105613875
            ],
            [
              129.28710937500003,
              37.795427113513945
            ],
            [
              129.24316406250003,
              37.864894738912724
            ],
            [
              129.15527343750003,
              37.93429694126808
            ],
            [
              129.11132812500003,
              38.0036336804602
            ],
            [
              129.06738281250003,
              38.10751595909239
            ],
            [
              129.02343750000003,
              38.176688867616434
            ],
            [
              128.97949218750003,
              38.24579617587178
            ],
            [
              128.93554687500003,
              38.31483784562883
            ],
            [
              128.84765625000003,
              38.41827719548059
            ],
            [
              128.75976562500003,
              38.48715460447657
            ],
            [
              128.67187500000003,
              38.590347389684325
            ],
            [
              128.58398437500003,
              38.65906030809635
            ],
            [
              128.49609375000003,
              38.727707367374876
            ],
            [
              128.45214843750003,
              38.79628853219645
            ],
            [
              128.36425781250003,
              38.830554393259916
            ],
            [
              128.32031250000003,
              38.89903665106504
            ],
            [
              128.23242187500003,
              38.96745292790403
            ],
            [
              128.14453125000003,
              39.03580318989065
            ],
            [
              128.05664062500003,
              39.10408740354729
            ],
            [
              127.96875000000001,
              39.138204731901666
            ],
            [
              127.88085937500001,
              39.17230553580422
            ],
            [
              127.79296875000001,
              39.20638981118477
            ],
            [
              127.70507812500001,
              39.24045755399853
            ],
            [
              127.66113281250001,
              39.30854342587336
            ],
            [
              127.61718750000001,
              39.376563119576886
            ],
            [
              127.61718750000001,
              39.512403847083206
            ],
            [
              127.61718750000001,
              39.64797948977148
            ],
            [
              127.61718750000001,
              39.74948711506654
            ],
            [
              127.66113281250001,
              39.81707590210053
            ],
            [
              127.74902343750001,
              39.850845395815576
            ],
            [
              127.83691406250001,
              39.918334565801864
            ],
            [
              127.96875000000001,
              39.9520542350115
            ],
            [
              128.05664062500003,
              39.98575728903237
            ],
            [
              128.14453125000003,
              40.019443724395515
            ],
            [
              128.27636718750003,
              40.08676672539647
            ],
            [
              128.36425781250003,
              40.120403284219776
            ],
            [
              128.45214843750003,
              40.15402321075633
            ],
            [
              128.58398437500003,
              40.18762650166044
            ],
            [
              128.71582031250003,
              40.22121315361085
            ],
            [
              128.84765625000003,
              40.22121315361085
            ],
            [
              128.93554687500003,
              40.288336527488475
            ],
            [
              129.02343750000003,
              40.32187324289584
            ],
            [
              129.11132812500003,
              40.38889671453109
            ],
            [
              129.19921875000003,
              40.489306976417694
            ],
            [
              129.28710937500003,
              40.52274373236781
            ],
            [
              129.33105468750003,
              40.58956722874976
            ],
            [
              129.41894531250003,
              40.656324017541024
            ],
            [
              129.46289062500003,
              40.72301407480051
            ],
            [
              129.50683593750003,
              40.78963737697282
            ],
            [
              129.59472656250003,
              40.85619390088729
            ],
            [
              129.63867187500003,
              40.9226836237572
            ],
            [
              129.63867187500003,
              41.02229290719943
            ],
            [
              129.68261718750003,
              41.08861553027613
            ],
            [
              129.77050781250003,
              41.18797406243664
            ],
            [
              129.81445312500003,
              41.28718204886368
            ],
            [
              129.85839843750003,
              41.386239420674826
            ],
            [
              129.94628906250003,
              41.45219396060966
            ],
            [
              129.99023437500003,
              41.55100016016428
            ],
            [
              130.07812500000003,
              41.61678719206166
            ],
            [
              130.20996093750003,
              41.715342042094775
            ],
            [
              130.29785156250003,
              41.81374600095958
            ],
            [
              130.38574218750003,
              41.84651377899384
            ],
            [
              130.51757812500003,
              41.94471645849236
            ],
            [
              130.56152343750003,
              42.01010101185619
            ],
            [
              130.60546875000003,
              42.07541842652819
            ],
            [
              130.69335937500003,
              42.14066868664834
            ],
            [
              130.73730468750003,
              42.23841812824777
            ],
            [
              130.78125000000003,
              42.30350043499277
            ],
            [
              130.82519531250003,
              42.36851553454269
            ],
            [
              130.86914062500003,
              42.433463412671586
            ],
            [
              130.95703125000003,
              42.46591213935613
            ],
            [
              131.04492187500003,
              42.53075915946795
            ],
            [
              131.13281250000003,
              42.563157449563555
            ],
            [
              131.22070312500003,
              42.62790358167269
            ],
            [
              131.30859375000003,
              42.660251420488635
            ],
            [
              131.39648437500003,
              42.72489663581653
            ],
            [
              131.48437500000003,
              42.75719400926441
            ],
            [
              131.61621093750003,
              42.821738280234406
            ],
            [
              131.74804687500003,
              42.821738280234406
            ],
            [
              131.92382812500003,
              42.821738280234406
            ],
            [
              132.05566406250003,
              42.821738280234406
            ],
            [
              132.14355468750003,
              42.7894745578959
            ],
            [
              132.23144531250003,
              42.75719400926441
            ],
            [
              132.31933593750003,
              42.72489663581653
            ],
            [
              132.40722656250003,
              42.692582439050966
            ],
            [
              132.49511718750003,
              42.660251420488635
            ],
            [
              132.58300781250003,
              42.62790358167269
            ],
            [
              132.67089843750003,
              42.595538924168444
            ],
            [
              132.80273437500003,
              42.595538924168444
            ],
            [
              132.93457031250003,
              42.595538924168444
            ],
            [
              133.06640625000003,
              42.595538924168444
            ],
            [
              133.15429687500003,
              42.660251420488635
            ],
            [
              133.24218750000003,
              42.72489663581653
            ],
            [
              133.33007812500003,
              42.7894745578959
            ],
            [
              133.37402343750003,
              42.85398517482549
            ],
            [
              133.37402343750003,
              42.950624877900545
            ],
            [
              133.46191406250003,
              43.01496718220736
            ],
            [
              133.46191406250003,
              43.11135436538454
            ],
            [
              133.50585937500003,
              43.17552829039608
            ],
            [
              133.50585937500003,
              43.271662857770345
            ],
            [
              133.50585937500003,
              43.36764581302695
            ],
            [
              133.50585937500003,
              43.46347712633319
            ],
            [
              133.54980468750003,
              43.52728040906747
            ],
            [
              133.59375000000003,
              43.62285892423177
            ],
            [
              133.63769531250003,
              43.718285726403614
            ],
            [
              133.68164062500003,
              43.81356079211201
            ],
            [
              133.68164062500003,
              43.908684099602894
            ],
            [
              133.68164062500003,
              44.00365562883142
            ],
            [
              133.68164062500003,
              44.09847536145411
            ],
            [
              133.68164062500003,
              44.19314328082103
            ],
            [
              133.68164062500003,
              44.287659371968005
            ],
            [
              133.68164062500003,
              44.3820236216089
            ],
            [
              133.72558593750003,
              44.47623601812767
            ],
            [
              133.72558593750003,
              44.5702965515706
            ],
            [
              133.72558593750003,
              44.66420521363845
            ],
            [
              133.72558593750003,
              44.7579619976787
            ],
            [
              133.72558593750003,
              44.85156689867755
            ],
            [
              133.72558593750003,
              44.94501991325223
            ],
            [
              133.72558593750003,
              45.038321039642966
            ],
            [
              133.72558593750003,
              45.1314702777053
            ],
            [
              133.72558593750003,
              45.22446762890213
            ],
            [
              133.76953125000003,
              45.31731309629581
            ],
            [
              133.76953125000003,
              45.41000668454035
            ],
            [
              133.76953125000003,
              45.5025483998735
            ],
            [
              133.81347656250003,
              45.564158506716524
            ],
            [
              133.81347656250003,
              45.656447118668865
            ],
            [
              133.81347656250003,
              45.717888498932645
            ],
            [
              133.81347656250003,
              45.809924036452394
            ],
            [
              133.81347656250003,
              45.932401912414626
            ],
            [
              133.81347656250003,
              46.02408320803258
            ],
            [
              133.81347656250003,
              46.11561271221554
            ],
            [
              133.81347656250003,
              46.23741596264931
            ],
            [
              133.81347656250003,
              46.32859135989352
            ],
            [
              133.81347656250003,
              46.41961503197505
            ],
            [
              133.81347656250003,
              46.51048700203238
            ],
            [
              133.81347656250003,
              46.60120729469301
            ],
            [
              133.81347656250003,
              46.69177593606581
            ],
            [
              133.81347656250003,
              46.78219295373284
            ],
            [
              133.76953125000003,
              46.872458376741676
            ],
            [
              133.72558593750003,
              46.93255112116424
            ],
            [
              133.68164062500003,
              46.992576513108034
            ],
            [
              133.68164062500003,
              47.08248833638346
            ],
            [
              133.63769531250003,
              47.172248672308754
            ],
            [
              133.59375000000003,
              47.29169353444938
            ],
            [
              133.54980468750003,
              47.38110053965472
            ],
            [
              133.50585937500003,
              47.44062111616206
            ],
            [
              133.46191406250003,
              47.50007443147922
            ],
            [
              133.41796875000003,
              47.55946049767182
            ],
            [
              133.37402343750003,
              47.618779327080986
            ],
            [
              133.33007812500003,
              47.678030932322386
            ],
            [
              133.28613281250003,
              47.737215326284975
            ],
            [
              133.24218750000003,
              47.796332522130214
            ],
            [
              133.15429687500003,
              47.85538253329089
            ],
            [
              133.11035156250003,
              47.91436537347015
            ],
            [
              133.06640625000003,
              47.97328105664048
            ],
            [
              133.02246093750003,
              48.03212959704262
            ],
            [
              132.93457031250003,
              48.09091100918455
            ],
            [
              132.89062500000003,
              48.149625307840516
            ],
            [
              132.80273437500003,
              48.17895729430075
            ],
            [
              132.71484375000003,
              48.237570951009324
            ],
            [
              132.62695312500003,
              48.29611753232556
            ],
            [
              132.58300781250003,
              48.35459705394738
            ],
            [
              132.49511718750003,
              48.4130095318344
            ],
            [
              132.36328125000003,
              48.50050257721476
            ],
            [
              132.31933593750003,
              48.55874751729553
            ],
            [
              132.23144531250003,
              48.64598933432517
            ],
            [
              132.14355468750003,
              48.70406684201681
            ],
            [
              132.05566406250003,
              48.76207740716778
            ],
            [
              132.01171875000003,
              48.82002104754041
            ],
            [
              131.92382812500003,
              48.84896777655489
            ],
            [
              131.83593750000003,
              48.90681106361842
            ],
            [
              131.74804687500003,
              48.96458747141599
            ],
            [
              131.61621093750003,
              48.99345060140677
            ],
            [
              131.52832031250003,
              49.02229701859248
            ],
            [
              131.39648437500003,
              49.02229701859248
            ],
            [
              131.30859375000003,
              49.05112672534272
            ],
            [
              131.17675781250003,
              49.05112672534272
            ],
            [
              131.08886718750003,
              49.07993972404275
            ],
            [
              130.95703125000003,
              49.07993972404275
            ],
            [
              130.82519531250003,
              49.07993972404275
            ],
            [
              130.69335937500003,
              49.07993972404275
            ],
            [
              130.60546875000003,
              49.05112672534272
            ],
            [
              130.47363281250003,
              49.02229701859248
            ],
            [
              130.38574218750003,
              48.99345060140677
            ],
            [
              130.29785156250003,
              48.96458747141599
            ],
            [
              130.20996093750003,
              48.93570762626601
            ],
            [
              130.12207031250003,
              48.90681106361842
            ],
            [
              130.03417968750003,
              48.87789778115043
            ],
            [
              129.90234375000003,
              48.84896777655489
            ],
            [
              129.81445312500003,
              48.79105759183133
            ],
            [
              129.72656250000003,
              48.70406684201681
            ],
            [
              129.68261718750003,
              48.64598933432517
            ],
            [
              129.63867187500003,
              48.58784486658508
            ],
            [
              129.59472656250003,
              48.52963342154424
            ],
            [
              129.50683593750003,
              48.471354982206755
            ],
            [
              129.46289062500003,
              48.4130095318344
            ],
            [
              129.41894531250003,
              48.35459705394738
            ],
            [
              129.37500000000003,
              48.26685262511652
            ],
            [
              129.33105468750003,
              48.149625307840516
            ],
            [
              129.28710937500003,
              48.09091100918455
            ],
            [
              129.24316406250003,
              48.03212959704262
            ],
            [
              129.19921875000003,
              47.94383160879766
            ],
            [
              129.15527343750003,
              47.88488234888623
            ],
            [
              129.15527343750003,
              47.796332522130214
            ],
            [
              129.11132812500003,
              47.70763152989731
            ],
            [
              129.11132812500003,
              47.618779327080986
            ],
            [
              129.06738281250003,
              47.52977586995119
            ],
            [
              129.06738281250003,
              47.44062111616206
            ],
            [
              129.02343750000003,
              47.38110053965472
            ],
            [
              128.97949218750003,
              47.29169353444938
            ],
            [
              128.93554687500003,
              47.20213512648957
            ],
            [
              128.89160156250003,
              47.14234539011137
            ],
            [
              128.89160156250003,
              47.05253456225517
            ],
            [
              128.84765625000003,
              46.992576513108034
            ],
            [
              128.80371093750003,
              46.93255112116424
            ],
            [
              128.80371093750003,
              46.84238674440318
            ],
            [
              128.75976562500003,
              46.75207079315923
            ],
            [
              128.71582031250003,
              46.69177593606581
            ],
            [
              128.67187500000003,
              46.60120729469301
            ],
            [
              128.62792968750003,
              46.54074395137105
            ],
            [
              128.58398437500003,
              46.4802131996374
            ],
            [
              128.54003906250003,
              46.41961503197505
            ],
            [
              128.49609375000003,
              46.35894944116019
            ],
            [
              128.45214843750003,
              46.29821642026312
            ],
            [
              128.36425781250003,
              46.23741596264931
            ],
            [
              128.27636718750003,
              46.146088818600944
            ],
            [
              128.23242187500003,
              46.085119742115765
            ],
            [
              128.18847656250003,
              46.02408320803258
            ],
            [
              128.14453125000003,
              45.932401912414626
            ],
            [
              128.10058593750003,
              45.871196711836525
            ],
            [
              128.05664062500003,
              45.809924036452394
            ],
            [
              128.01269531250003,
              45.74858388202659
            ],
            [
              127.96875000000001,
              45.68717624462795
            ],
            [
              127.88085937500001,
              45.625701120630914
            ],
            [
              127.79296875000001,
              45.564158506716524
            ],
            [
              127.74902343750001,
              45.5025483998735
            ],
            [
              127.66113281250001,
              45.44087079739916
            ],
            [
              127.61718750000001,
              45.37912569690065
            ],
            [
              127.52929687500001,
              45.31731309629581
            ],
            [
              127.44140625000001,
              45.286381482888096
            ],
            [
              127.35351562500001,
              45.255432993814345
            ],
            [
              127.26562500000001,
              45.22446762890213
            ],
            [
              127.13378906250001,
              45.22446762890213
            ],
            [
              127.00195312500001,
              45.19348538799872
            ],
            [
              126.87011718750001,
              45.19348538799872
            ],
            [
              126.73828125000001,
              45.19348538799872
            ],
            [
              126.60644531250001,
              45.19348538799872
            ],
            [
              126.47460937500001,
              45.19348538799872
            ],
            [
              126.34277343750001,
              45.19348538799872
            ],
            [
              126.16699218750001,
              45.22446762890213
            ],
            [
              126.03515625000001,
              45.22446762890213
            ],
            [
              125.90332031250001,
              45.22446762890213
            ],
            [
              125.77148437500001,
              45.19348538799872
            ],
            [
              125.68359375000001,
              45.162486270970945
            ],
            [
              125.59570312500001,
              45.1314702777053
            ],
            [
              125.50781250000001,
              45.100437408108135
            ],
            [
              125.41992187500001,
              45.06938766210545
            ],
            [
              125.41992187500001,
              45.06938766210545
            ],
            [
              125.46386718750001,
              45.1314702777053
            ]
          ]
        ]
      }
    },
    {
      "type": "Feature",
      "properties": {
        "NAME": "두막루",
        "name": "410-419",
        "color": "#ef4444",
        "fill": "#ef4444",
        "fill-opacity": 0.5,
        "stroke": "#ef4444",
        "stroke-width": 2,
        "originalType": "polyline",
        "CODE": "두막루"
      },
      "geometry": {
        "type": "Polygon",
        "coordinates": [
          [
            [
              130.73730468750003,
              50.134298113037
            ],
            [
              130.64941406250003,
              50.106101496112885
            ],
            [
              130.51757812500003,
              50.106101496112885
            ],
            [
              130.38574218750003,
              50.077888270038926
            ],
            [
              130.25390625000003,
              50.049658431876466
            ],
            [
              130.07812500000003,
              50.02141197870128
            ],
            [
              129.94628906250003,
              50.02141197870128
            ],
            [
              129.81445312500003,
              49.99314890760349
            ],
            [
              129.72656250000003,
              49.96486921568775
            ],
            [
              129.63867187500003,
              49.93657290007319
            ],
            [
              129.46289062500003,
              49.90825995789344
            ],
            [
              129.33105468750003,
              49.879930386296664
            ],
            [
              129.24316406250003,
              49.851584182445606
            ],
            [
              129.15527343750003,
              49.82322134351771
            ],
            [
              129.06738281250003,
              49.794841866704985
            ],
            [
              128.97949218750003,
              49.76644574921408
            ],
            [
              128.89160156250003,
              49.7380329882665
            ],
            [
              128.80371093750003,
              49.70960358109828
            ],
            [
              128.71582031250003,
              49.681157524960405
            ],
            [
              128.62792968750003,
              49.62421545485333
            ],
            [
              128.54003906250003,
              49.567206756249156
            ],
            [
              128.45214843750003,
              49.510131407690125
            ],
            [
              128.36425781250003,
              49.452989387957686
            ],
            [
              128.36425781250003,
              49.36715130408514
            ],
            [
              128.40820312500003,
              49.30984251516792
            ],
            [
              128.45214843750003,
              49.223754181356576
            ],
            [
              128.45214843750003,
              49.13751560691051
            ],
            [
              128.54003906250003,
              49.07993972404275
            ],
            [
              128.62792968750003,
              49.05112672534272
            ],
            [
              128.71582031250003,
              49.02229701859248
            ],
            [
              128.84765625000003,
              49.02229701859248
            ],
            [
              128.93554687500003,
              48.99345060140677
            ],
            [
              129.06738281250003,
              48.99345060140677
            ],
            [
              129.15527343750003,
              48.96458747141599
            ],
            [
              129.37500000000003,
              48.93570762626601
            ],
            [
              129.50683593750003,
              48.93570762626601
            ],
            [
              129.59472656250003,
              48.96458747141599
            ],
            [
              129.72656250000003,
              48.96458747141599
            ],
            [
              129.81445312500003,
              48.99345060140677
            ],
            [
              129.90234375000003,
              49.02229701859248
            ],
            [
              129.99023437500003,
              49.05112672534272
            ],
            [
              130.07812500000003,
              49.07993972404275
            ],
            [
              130.16601562500003,
              49.10873601709326
            ],
            [
              130.29785156250003,
              49.13751560691051
            ],
            [
              130.42968750000003,
              49.13751560691051
            ],
            [
              130.51757812500003,
              49.166278495926164
            ],
            [
              130.60546875000003,
              49.195024686587345
            ],
            [
              130.69335937500003,
              49.223754181356576
            ],
            [
              130.78125000000003,
              49.281163093145985
            ],
            [
              130.91308593750003,
              49.281163093145985
            ],
            [
              131.04492187500003,
              49.30984251516792
            ],
            [
              131.13281250000003,
              49.3385052513013
            ],
            [
              131.26464843750003,
              49.36715130408514
            ],
            [
              131.35253906250003,
              49.3957806760737
            ],
            [
              131.39648437500003,
              49.452989387957686
            ],
            [
              131.39648437500003,
              49.53867741454577
            ],
            [
              131.39648437500003,
              49.62421545485333
            ],
            [
              131.35253906250003,
              49.681157524960405
            ],
            [
              131.35253906250003,
              49.76644574921408
            ],
            [
              131.30859375000003,
              49.851584182445606
            ],
            [
              131.30859375000003,
              49.93657290007319
            ],
            [
              131.30859375000003,
              50.02141197870128
            ],
            [
              131.30859375000003,
              50.106101496112885
            ],
            [
              131.22070312500003,
              50.134298113037
            ],
            [
              131.13281250000003,
              50.16247812376432
            ],
            [
              131.04492187500003,
              50.134298113037
            ],
            [
              130.95703125000003,
              50.106101496112885
            ],
            [
              130.82519531250003,
              50.106101496112885
            ],
            [
              130.69335937500003,
              50.106101496112885
            ],
            [
              130.69335937500003,
              50.077888270038926
            ],
            [
              130.73730468750003,
              50.134298113037
            ]
          ]
        ]
      }
    }
  ]
}