{
  "type": "FeatureCollection",
  "features": [
    {
      "type": "Feature",
      "properties": {
        "NAME": "가야",
        "name": "가야",
        "color": "#ef4444",
        "fill": "#ef4444",
        "fill-opacity": 0.5,
        "stroke": "#ef4444",
        "stroke-width": 2,
        "originalType": "polygon"
      },
      "geometry": {
        "type": "Polygon",
        "coordinates": [
          [
            [
              127.8479,
              35.51822
            ],
            [
              127.8479,
              35.491371
            ],
            [
              127.8479,
              35.464512
            ],
            [
              127.8479,
              35.437645
            ],
            [
              127.8479,
              35.410768
            ],
            [
              127.8479,
              35.383882
            ],
            [
              127.8479,
              35.356988
            ],
            [
              127.836914,
              35.330084
            ],
            [
              127.836914,
              35.303172
            ],
            [
              127.836914,
              35.267275
            ],
            [
              127.825928,
              35.231362
            ],
            [
              127.825928,
              35.204416
            ],
            [
              127.825928,
              35.177462
            ],
            [
              127.825928,
              35.150499
            ],
            [
              127.825928,
              35.123527
            ],
            [
              127.825928,
              35.096546
            ],
            [
              127.836914,
              35.078554
            ],
            [
              127.836914,
              35.051558
            ],
            [
              127.8479,
              35.024553
            ],
            [
              127.858887,
              34.997539
            ],
            [
              127.880859,
              34.979525
            ],
            [
              127.902832,
              34.961507
            ],
            [
              127.946777,
              34.961507
            ],
            [
              127.990723,
              34.961507
            ],
            [
              128.023682,
              34.961507
            ],
            [
              128.045654,
              34.970517
            ],
            [
              128.111572,
              34.970517
            ],
            [
              128.144531,
              34.970517
            ],
            [
              128.17749,
              34.970517
            ],
            [
              128.210449,
              34.961507
            ],
            [
              128.243408,
              34.961507
            ],
            [
              128.276367,
              34.961507
            ],
            [
              128.309326,
              34.952496
            ],
            [
              128.353271,
              34.952496
            ],
            [
              128.397217,
              34.952496
            ],
            [
              128.430176,
              34.961507
            ],
            [
              128.463135,
              34.970517
            ],
            [
              128.496094,
              34.979525
            ],
            [
              128.518066,
              34.988533
            ],
            [
              128.551025,
              34.997539
            ],
            [
              128.594971,
              35.006545
            ],
            [
              128.62793,
              35.015549
            ],
            [
              128.649902,
              35.024553
            ],
            [
              128.660889,
              35.042557
            ],
            [
              128.693848,
              35.060557
            ],
            [
              128.704834,
              35.078554
            ],
            [
              128.737793,
              35.08755
            ],
            [
              128.748779,
              35.105541
            ],
            [
              128.781738,
              35.114534
            ],
            [
              128.803711,
              35.123527
            ],
            [
              128.825684,
              35.132519
            ],
            [
              128.847656,
              35.141509
            ],
            [
              128.869629,
              35.150499
            ],
            [
              128.902588,
              35.150499
            ],
            [
              128.935547,
              35.150499
            ],
            [
              128.968506,
              35.159488
            ],
            [
              128.990479,
              35.168475
            ],
            [
              129.012451,
              35.177462
            ],
            [
              129.04541,
              35.186448
            ],
            [
              129.078369,
              35.195433
            ],
            [
              129.100342,
              35.204416
            ],
            [
              129.122314,
              35.222381
            ],
            [
              129.144287,
              35.231362
            ],
            [
              129.16626,
              35.240341
            ],
            [
              129.188232,
              35.258298
            ],
            [
              129.221191,
              35.276251
            ],
            [
              129.243164,
              35.285225
            ],
            [
              129.25415,
              35.303172
            ],
            [
              129.276123,
              35.312144
            ],
            [
              129.298096,
              35.330084
            ],
            [
              129.320068,
              35.348021
            ],
            [
              129.342041,
              35.374919
            ],
            [
              129.364014,
              35.401807
            ],
            [
              129.375,
              35.419728
            ],
            [
              129.385986,
              35.437645
            ],
            [
              129.385986,
              35.464512
            ],
            [
              129.396973,
              35.482419
            ],
            [
              129.396973,
              35.509272
            ],
            [
              129.418945,
              35.536115
            ],
            [
              129.429932,
              35.56295
            ],
            [
              129.429932,
              35.589776
            ],
            [
              129.440918,
              35.607655
            ],
            [
              129.451904,
              35.634465
            ],
            [
              129.462891,
              35.661267
            ],
            [
              129.462891,
              35.68806
            ],
            [
              129.473877,
              35.723769
            ],
            [
              129.473877,
              35.750541
            ],
            [
              129.484863,
              35.777304
            ],
            [
              129.49585,
              35.795141
            ],
            [
              129.506836,
              35.821889
            ],
            [
              129.506836,
              35.857538
            ],
            [
              129.517822,
              35.884265
            ],
            [
              129.517822,
              35.910983
            ],
            [
              129.517822,
              35.937691
            ],
            [
              129.517822,
              35.964391
            ],
            [
              129.528809,
              35.991082
            ],
            [
              129.528809,
              36.017763
            ],
            [
              129.517822,
              36.035546
            ],
            [
              129.506836,
              36.053325
            ],
            [
              129.484863,
              36.062213
            ],
            [
              129.451904,
              36.062213
            ],
            [
              129.418945,
              36.062213
            ],
            [
              129.385986,
              36.062213
            ],
            [
              129.353027,
              36.053325
            ],
            [
              129.320068,
              36.053325
            ],
            [
              129.287109,
              36.053325
            ],
            [
              129.265137,
              36.044436
            ],
            [
              129.232178,
              36.044436
            ],
            [
              129.210205,
              36.035546
            ],
            [
              129.16626,
              36.035546
            ],
            [
              129.122314,
              36.035546
            ],
            [
              129.078369,
              36.035546
            ],
            [
              129.056396,
              36.026655
            ],
            [
              129.012451,
              36.026655
            ],
            [
              128.979492,
              36.026655
            ],
            [
              128.935547,
              36.026655
            ],
            [
              128.902588,
              36.017763
            ],
            [
              128.869629,
              36.017763
            ],
            [
              128.83667,
              36.00887
            ],
            [
              128.803711,
              36.00887
            ],
            [
              128.781738,
              35.999977
            ],
            [
              128.759766,
              35.991082
            ],
            [
              128.726807,
              35.991082
            ],
            [
              128.693848,
              35.982186
            ],
            [
              128.660889,
              35.982186
            ],
            [
              128.62793,
              35.973289
            ],
            [
              128.572998,
              35.973289
            ],
            [
              128.540039,
              35.964391
            ],
            [
              128.50708,
              35.964391
            ],
            [
              128.485107,
              35.955492
            ],
            [
              128.452148,
              35.955492
            ],
            [
              128.419189,
              35.946592
            ],
            [
              128.364258,
              35.937691
            ],
            [
              128.331299,
              35.92879
            ],
            [
              128.287354,
              35.92879
            ],
            [
              128.265381,
              35.919887
            ],
            [
              128.232422,
              35.919887
            ],
            [
              128.210449,
              35.910983
            ],
            [
              128.188477,
              35.902078
            ],
            [
              128.166504,
              35.893172
            ],
            [
              128.133545,
              35.884265
            ],
            [
              128.111572,
              35.875357
            ],
            [
              128.0896,
              35.866448
            ],
            [
              128.067627,
              35.857538
            ],
            [
              128.045654,
              35.848627
            ],
            [
              128.023682,
              35.839715
            ],
            [
              128.012695,
              35.821889
            ],
            [
              127.990723,
              35.804058
            ],
            [
              127.96875,
              35.795141
            ],
            [
              127.957764,
              35.777304
            ],
            [
              127.946777,
              35.759463
            ],
            [
              127.924805,
              35.741618
            ],
            [
              127.913818,
              35.723769
            ],
            [
              127.902832,
              35.705917
            ],
            [
              127.891846,
              35.67913
            ],
            [
              127.891846,
              35.652334
            ],
            [
              127.891846,
              35.625529
            ],
            [
              127.891846,
              35.598716
            ],
            [
              127.880859,
              35.580835
            ],
            [
              127.869873,
              35.56295
            ],
            [
              127.858887,
              35.545061
            ],
            [
              127.8479,
              35.527168
            ],
            [
              127.836914,
              35.509272
            ],
            [
              127.836914,
              35.482419
            ],
            [
              127.836914,
              35.482419
            ],
            [
              127.8479,
              35.51822
            ]
          ]
        ]
      }
    },
    {
      "type": "Feature",
      "properties": {
        "NAME": "북부여",
        "name": "북부여",
        "color": "#ef4444",
        "fill": "#ef4444",
        "fill-opacity": 0.5,
        "stroke": "#ef4444",
        "stroke-width": 2,
        "originalType": "polygon"
      },
      "geometry": {
        "type": "Polygon",
        "coordinates": [
          [
            [
              121.816406,
              44.471366
            ],
            [
              122.080078,
              44.534095
            ],
            [
              122.34375,
              44.596757
            ],
            [
              122.607422,
              44.721877
            ],
            [
              122.871094,
              44.784337
            ],
            [
              122.958984,
              44.909052
            ],
            [
              123.134766,
              44.971309
            ],
            [
              123.310547,
              45.033498
            ],
            [
              123.574219,
              45.09562
            ],
            [
              123.837891,
              45.09562
            ],
            [
              124.101563,
              45.09562
            ],
            [
              124.365234,
              45.09562
            ],
            [
              124.628906,
              45.09562
            ],
            [
              124.804688,
              45.157674
            ],
            [
              125.068359,
              45.157674
            ],
            [
              125.244141,
              45.21966
            ],
            [
              125.419922,
              45.281579
            ],
            [
              125.595703,
              45.343431
            ],
            [
              125.771484,
              45.405215
            ],
            [
              126.035156,
              45.405215
            ],
            [
              126.298828,
              45.405215
            ],
            [
              126.5625,
              45.466932
            ],
            [
              126.826172,
              45.466932
            ],
            [
              127.089844,
              45.466932
            ],
            [
              127.353516,
              45.466932
            ],
            [
              127.441406,
              45.590162
            ],
            [
              127.617188,
              45.713123
            ],
            [
              127.792969,
              45.835814
            ],
            [
              127.880859,
              45.958235
            ],
            [
              127.96875,
              46.080386
            ],
            [
              128.144531,
              46.202267
            ],
            [
              128.232422,
              46.384583
            ],
            [
              128.320313,
              46.50579
            ],
            [
              128.408203,
              46.626727
            ],
            [
              128.496094,
              46.747394
            ],
            [
              128.583984,
              46.867792
            ],
            [
              128.583984,
              47.047884
            ],
            [
              128.583984,
              47.22737
            ],
            [
              128.671875,
              47.346691
            ],
            [
              128.671875,
              47.525167
            ],
            [
              128.759766,
              47.643816
            ],
            [
              128.759766,
              47.821284
            ],
            [
              128.847656,
              47.93926
            ],
            [
              128.935547,
              48.056967
            ],
            [
              128.935547,
              48.233025
            ],
            [
              128.935547,
              48.408479
            ],
            [
              128.847656,
              48.525114
            ],
            [
              128.671875,
              48.64148
            ],
            [
              128.583984,
              48.757578
            ],
            [
              128.408203,
              48.815527
            ],
            [
              128.232422,
              48.931224
            ],
            [
              128.056641,
              48.988972
            ],
            [
              127.880859,
              49.046654
            ],
            [
              127.617188,
              49.104268
            ],
            [
              127.265625,
              49.104268
            ],
            [
              126.914063,
              49.161816
            ],
            [
              126.5625,
              49.161816
            ],
            [
              126.210938,
              49.161816
            ],
            [
              125.859375,
              49.161816
            ],
            [
              125.595703,
              49.161816
            ],
            [
              125.332031,
              49.161816
            ],
            [
              125.15625,
              49.104268
            ],
            [
              124.804688,
              49.104268
            ],
            [
              124.628906,
              49.046654
            ],
            [
              124.453125,
              48.988972
            ],
            [
              124.013672,
              48.988972
            ],
            [
              123.75,
              48.931224
            ],
            [
              123.398438,
              48.873409
            ],
            [
              123.046875,
              48.815527
            ],
            [
              122.695313,
              48.815527
            ],
            [
              122.34375,
              48.757578
            ],
            [
              122.080078,
              48.757578
            ],
            [
              121.728516,
              48.699563
            ],
            [
              121.464844,
              48.64148
            ],
            [
              121.025391,
              48.58333
            ],
            [
              120.849609,
              48.525114
            ],
            [
              120.585938,
              48.46683
            ],
            [
              120.322266,
              48.408479
            ],
            [
              120.146484,
              48.350062
            ],
            [
              119.882813,
              48.291577
            ],
            [
              119.707031,
              48.233025
            ],
            [
              119.53125,
              48.11572
            ],
            [
              119.267578,
              47.998147
            ],
            [
              119.091797,
              47.93926
            ],
            [
              119.003906,
              47.821284
            ],
            [
              118.828125,
              47.643816
            ],
            [
              118.652344,
              47.525167
            ],
            [
              118.564453,
              47.40625
            ],
            [
              118.564453,
              47.167609
            ],
            [
              118.564453,
              46.987921
            ],
            [
              118.652344,
              46.867792
            ],
            [
              118.740234,
              46.626727
            ],
            [
              118.740234,
              46.44522
            ],
            [
              118.828125,
              46.323878
            ],
            [
              118.916016,
              46.14136
            ],
            [
              119.091797,
              46.019344
            ],
            [
              119.179688,
              45.835814
            ],
            [
              119.355469,
              45.713123
            ],
            [
              119.53125,
              45.590162
            ],
            [
              119.619141,
              45.466932
            ],
            [
              119.794922,
              45.343431
            ],
            [
              119.970703,
              45.21966
            ],
            [
              120.146484,
              45.09562
            ],
            [
              120.322266,
              45.033498
            ],
            [
              120.585938,
              45.033498
            ],
            [
              120.849609,
              45.033498
            ],
            [
              121.025391,
              44.909052
            ],
            [
              121.201172,
              44.846728
            ],
            [
              121.376953,
              44.721877
            ],
            [
              121.552734,
              44.659351
            ],
            [
              121.728516,
              44.596757
            ],
            [
              121.904297,
              44.534095
            ],
            [
              122.167969,
              44.534095
            ],
            [
              122.255859,
              44.534095
            ],
            [
              121.816406,
              44.471366
            ]
          ]
        ]
      }
    },
    {
      "type": "Feature",
      "properties": {
        "NAME": "사로",
        "name": "사로",
        "color": "#ef4444",
        "fill": "#ef4444",
        "fill-opacity": 0.5,
        "stroke": "#ef4444",
        "stroke-width": 2,
        "originalType": "polygon"
      },
      "geometry": {
        "type": "Polygon",
        "coordinates": [
          [
            [
              129.375,
              37.237533
            ],
            [
              129.375,
              37.132427
            ],
            [
              129.243164,
              37.097359
            ],
            [
              129.111328,
              37.097359
            ],
            [
              128.979492,
              37.097359
            ],
            [
              128.891602,
              37.062275
            ],
            [
              128.759766,
              37.062275
            ],
            [
              128.62793,
              37.062275
            ],
            [
              128.540039,
              37.027174
            ],
            [
              128.408203,
              37.027174
            ],
            [
              128.320313,
              36.992058
            ],
            [
              128.232422,
              36.956925
            ],
            [
              128.144531,
              36.921776
            ],
            [
              128.100586,
              36.85143
            ],
            [
              128.056641,
              36.781018
            ],
            [
              128.056641,
              36.67528
            ],
            [
              128.100586,
              36.569396
            ],
            [
              128.100586,
              36.463367
            ],
            [
              128.100586,
              36.357193
            ],
            [
              128.056641,
              36.286329
            ],
            [
              128.100586,
              36.215401
            ],
            [
              128.144531,
              36.144409
            ],
            [
              128.100586,
              36.073352
            ],
            [
              128.144531,
              36.002231
            ],
            [
              128.232422,
              35.966647
            ],
            [
              128.320313,
              36.002231
            ],
            [
              128.452148,
              36.0378
            ],
            [
              128.540039,
              36.073352
            ],
            [
              128.671875,
              36.073352
            ],
            [
              128.759766,
              36.108889
            ],
            [
              128.847656,
              36.144409
            ],
            [
              128.979492,
              36.144409
            ],
            [
              129.111328,
              36.144409
            ],
            [
              129.243164,
              36.108889
            ],
            [
              129.375,
              36.108889
            ],
            [
              129.462891,
              36.144409
            ],
            [
              129.550781,
              36.108889
            ],
            [
              129.638672,
              36.073352
            ],
            [
              129.726563,
              36.108889
            ],
            [
              129.770508,
              36.179913
            ],
            [
              129.726563,
              36.286329
            ],
            [
              129.682617,
              36.357193
            ],
            [
              129.726563,
              36.463367
            ],
            [
              129.726563,
              36.569396
            ],
            [
              129.726563,
              36.67528
            ],
            [
              129.682617,
              36.745789
            ],
            [
              129.682617,
              36.85143
            ],
            [
              129.682617,
              36.956925
            ],
            [
              129.726563,
              37.027174
            ],
            [
              129.682617,
              37.097359
            ],
            [
              129.594727,
              37.132427
            ],
            [
              129.506836,
              37.167478
            ],
            [
              129.418945,
              37.132427
            ],
            [
              129.331055,
              37.097359
            ],
            [
              129.331055,
              37.097359
            ],
            [
              129.375,
              37.237533
            ]
          ]
        ]
      }
    },
    {
      "type": "Feature",
      "properties": {
        "NAME": "백제",
        "name": "백제",
        "color": "#ef4444",
        "fill": "#ef4444",
        "fill-opacity": 0.5,
        "stroke": "#ef4444",
        "stroke-width": 2,
        "originalType": "polygon"
      },
      "geometry": {
        "type": "Polygon",
        "coordinates": [
          [
            [
              127.858887,
              37.480605
            ],
            [
              127.792969,
              37.463154
            ],
            [
              127.749023,
              37.445699
            ],
            [
              127.683105,
              37.445699
            ],
            [
              127.595215,
              37.445699
            ],
            [
              127.507324,
              37.42824
            ],
            [
              127.441406,
              37.42824
            ],
            [
              127.375488,
              37.42824
            ],
            [
              127.287598,
              37.42824
            ],
            [
              127.243652,
              37.410777
            ],
            [
              127.177734,
              37.410777
            ],
            [
              127.111816,
              37.410777
            ],
            [
              127.067871,
              37.39331
            ],
            [
              127.001953,
              37.375839
            ],
            [
              126.936035,
              37.375839
            ],
            [
              126.89209,
              37.358363
            ],
            [
              126.848145,
              37.340884
            ],
            [
              126.826172,
              37.305913
            ],
            [
              126.804199,
              37.270926
            ],
            [
              126.782227,
              37.218414
            ],
            [
              126.804199,
              37.165866
            ],
            [
              126.804199,
              37.113282
            ],
            [
              126.782227,
              37.060661
            ],
            [
              126.782227,
              37.008003
            ],
            [
              126.782227,
              36.955309
            ],
            [
              126.738281,
              36.937736
            ],
            [
              126.672363,
              36.937736
            ],
            [
              126.606445,
              36.937736
            ],
            [
              126.5625,
              36.955309
            ],
            [
              126.518555,
              36.972878
            ],
            [
              126.474609,
              37.008003
            ],
            [
              126.430664,
              37.02556
            ],
            [
              126.364746,
              37.043112
            ],
            [
              126.298828,
              37.043112
            ],
            [
              126.23291,
              37.043112
            ],
            [
              126.188965,
              37.008003
            ],
            [
              126.188965,
              36.955309
            ],
            [
              126.166992,
              36.920159
            ],
            [
              126.188965,
              36.884993
            ],
            [
              126.23291,
              36.849811
            ],
            [
              126.254883,
              36.814613
            ],
            [
              126.276855,
              36.779398
            ],
            [
              126.276855,
              36.726546
            ],
            [
              126.276855,
              36.673658
            ],
            [
              126.298828,
              36.638379
            ],
            [
              126.298828,
              36.585429
            ],
            [
              126.298828,
              36.532444
            ],
            [
              126.320801,
              36.4971
            ],
            [
              126.342773,
              36.444054
            ],
            [
              126.364746,
              36.390972
            ],
            [
              126.386719,
              36.355564
            ],
            [
              126.408691,
              36.302421
            ],
            [
              126.430664,
              36.249242
            ],
            [
              126.430664,
              36.196027
            ],
            [
              126.430664,
              36.142775
            ],
            [
              126.452637,
              36.089488
            ],
            [
              126.474609,
              36.053943
            ],
            [
              126.496582,
              36.018382
            ],
            [
              126.518555,
              35.982804
            ],
            [
              126.540527,
              35.947211
            ],
            [
              126.540527,
              35.893791
            ],
            [
              126.518555,
              35.858158
            ],
            [
              126.496582,
              35.786843
            ],
            [
              126.474609,
              35.751162
            ],
            [
              126.452637,
              35.697609
            ],
            [
              126.452637,
              35.644021
            ],
            [
              126.430664,
              35.590397
            ],
            [
              126.408691,
              35.500944
            ],
            [
              126.386719,
              35.429309
            ],
            [
              126.342773,
              35.375542
            ],
            [
              126.320801,
              35.339677
            ],
            [
              126.276855,
              35.321738
            ],
            [
              126.254883,
              35.285849
            ],
            [
              126.210938,
              35.249944
            ],
            [
              126.166992,
              35.231986
            ],
            [
              126.123047,
              35.196057
            ],
            [
              126.101074,
              35.124152
            ],
            [
              126.057129,
              35.052183
            ],
            [
              126.035156,
              35.016175
            ],
            [
              126.035156,
              34.962133
            ],
            [
              126.035156,
              34.908056
            ],
            [
              126.013184,
              34.871984
            ],
            [
              125.991211,
              34.835897
            ],
            [
              125.991211,
              34.781736
            ],
            [
              125.969238,
              34.745609
            ],
            [
              125.947266,
              34.691389
            ],
            [
              125.947266,
              34.637134
            ],
            [
              125.947266,
              34.582843
            ],
            [
              125.947266,
              34.528516
            ],
            [
              125.969238,
              34.474154
            ],
            [
              125.969238,
              34.419757
            ],
            [
              125.969238,
              34.347172
            ],
            [
              125.969238,
              34.292691
            ],
            [
              125.991211,
              34.256352
            ],
            [
              126.035156,
              34.219996
            ],
            [
              126.079102,
              34.201813
            ],
            [
              126.166992,
              34.183625
            ],
            [
              126.298828,
              34.165434
            ],
            [
              126.386719,
              34.165434
            ],
            [
              126.474609,
              34.165434
            ],
            [
              126.540527,
              34.165434
            ],
            [
              126.584473,
              34.147239
            ],
            [
              126.650391,
              34.165434
            ],
            [
              126.694336,
              34.183625
            ],
            [
              126.782227,
              34.201813
            ],
            [
              126.826172,
              34.219996
            ],
            [
              126.89209,
              34.238176
            ],
            [
              126.958008,
              34.256352
            ],
            [
              127.023926,
              34.274524
            ],
            [
              127.067871,
              34.292691
            ],
            [
              127.133789,
              34.310855
            ],
            [
              127.199707,
              34.310855
            ],
            [
              127.243652,
              34.347172
            ],
            [
              127.287598,
              34.365324
            ],
            [
              127.331543,
              34.383472
            ],
            [
              127.375488,
              34.401616
            ],
            [
              127.419434,
              34.437893
            ],
            [
              127.463379,
              34.474154
            ],
            [
              127.507324,
              34.528516
            ],
            [
              127.507324,
              34.582843
            ],
            [
              127.529297,
              34.619041
            ],
            [
              127.55127,
              34.655223
            ],
            [
              127.573242,
              34.691389
            ],
            [
              127.595215,
              34.72754
            ],
            [
              127.63916,
              34.745609
            ],
            [
              127.683105,
              34.763675
            ],
            [
              127.705078,
              34.799794
            ],
            [
              127.727051,
              34.835897
            ],
            [
              127.749023,
              34.871984
            ],
            [
              127.749023,
              34.944112
            ],
            [
              127.770996,
              34.998165
            ],
            [
              127.770996,
              35.052183
            ],
            [
              127.770996,
              35.124152
            ],
            [
              127.770996,
              35.178087
            ],
            [
              127.770996,
              35.231986
            ],
            [
              127.770996,
              35.285849
            ],
            [
              127.770996,
              35.357611
            ],
            [
              127.792969,
              35.393468
            ],
            [
              127.792969,
              35.465135
            ],
            [
              127.814941,
              35.500944
            ],
            [
              127.814941,
              35.554628
            ],
            [
              127.814941,
              35.608276
            ],
            [
              127.836914,
              35.644021
            ],
            [
              127.836914,
              35.697609
            ],
            [
              127.836914,
              35.769004
            ],
            [
              127.858887,
              35.822508
            ],
            [
              127.880859,
              35.875976
            ],
            [
              127.902832,
              35.911602
            ],
            [
              127.924805,
              35.947211
            ],
            [
              127.96875,
              35.982804
            ],
            [
              127.990723,
              36.018382
            ],
            [
              128.012695,
              36.053943
            ],
            [
              128.034668,
              36.107254
            ],
            [
              128.034668,
              36.17828
            ],
            [
              128.056641,
              36.231508
            ],
            [
              128.056641,
              36.302421
            ],
            [
              128.056641,
              36.37327
            ],
            [
              128.056641,
              36.426364
            ],
            [
              128.056641,
              36.479422
            ],
            [
              128.056641,
              36.532444
            ],
            [
              128.056641,
              36.603083
            ],
            [
              128.034668,
              36.638379
            ],
            [
              128.034668,
              36.691291
            ],
            [
              128.034668,
              36.744168
            ],
            [
              128.034668,
              36.797008
            ],
            [
              128.034668,
              36.849811
            ],
            [
              128.034668,
              36.902578
            ],
            [
              128.034668,
              36.955309
            ],
            [
              128.012695,
              36.990442
            ],
            [
              127.990723,
              37.060661
            ],
            [
              127.990723,
              37.113282
            ],
            [
              127.990723,
              37.165866
            ],
            [
              127.990723,
              37.218414
            ],
            [
              127.990723,
              37.270926
            ],
            [
              127.96875,
              37.305913
            ],
            [
              127.96875,
              37.358363
            ],
            [
              127.946777,
              37.39331
            ],
            [
              127.924805,
              37.42824
            ],
            [
              127.902832,
              37.463154
            ],
            [
              127.836914,
              37.463154
            ],
            [
              127.836914,
              37.463154
            ],
            [
              127.858887,
              37.480605
            ]
          ]
        ]
      }
    },
    {
      "type": "Feature",
      "properties": {
        "NAME": "거란",
        "name": "거란",
        "color": "#ef4444",
        "fill": "#ef4444",
        "fill-opacity": 0.5,
        "stroke": "#ef4444",
        "stroke-width": 2,
        "originalType": "polygon"
      },
      "geometry": {
        "type": "Polygon",
        "coordinates": [
          [
            [
              113.422852,
              46.422361
            ],
            [
              113.510742,
              46.392038
            ],
            [
              113.642578,
              46.392038
            ],
            [
              113.774414,
              46.392038
            ],
            [
              113.950195,
              46.392038
            ],
            [
              114.082031,
              46.392038
            ],
            [
              114.301758,
              46.392038
            ],
            [
              114.477539,
              46.392038
            ],
            [
              114.697266,
              46.392038
            ],
            [
              114.785156,
              46.422361
            ],
            [
              114.960938,
              46.422361
            ],
            [
              115.092773,
              46.422361
            ],
            [
              115.224609,
              46.422361
            ],
            [
              115.3125,
              46.452667
            ],
            [
              115.444336,
              46.482956
            ],
            [
              115.576172,
              46.513229
            ],
            [
              115.751953,
              46.513229
            ],
            [
              115.839844,
              46.543484
            ],
            [
              116.015625,
              46.543484
            ],
            [
              116.235352,
              46.543484
            ],
            [
              116.411133,
              46.543484
            ],
            [
              116.542969,
              46.573723
            ],
            [
              116.674805,
              46.573723
            ],
            [
              116.806641,
              46.573723
            ],
            [
              116.938477,
              46.573723
            ],
            [
              117.070313,
              46.573723
            ],
            [
              117.202148,
              46.573723
            ],
            [
              117.333984,
              46.573723
            ],
            [
              117.509766,
              46.543484
            ],
            [
              117.597656,
              46.513229
            ],
            [
              117.685547,
              46.482956
            ],
            [
              117.817383,
              46.482956
            ],
            [
              117.949219,
              46.482956
            ],
            [
              118.037109,
              46.452667
            ],
            [
              118.168945,
              46.422361
            ],
            [
              118.256836,
              46.392038
            ],
            [
              118.344727,
              46.361699
            ],
            [
              118.476563,
              46.300969
            ],
            [
              118.564453,
              46.270579
            ],
            [
              118.652344,
              46.240171
            ],
            [
              118.696289,
              46.148849
            ],
            [
              118.740234,
              46.087883
            ],
            [
              118.78418,
              46.026849
            ],
            [
              118.87207,
              45.965748
            ],
            [
              118.916016,
              45.90458
            ],
            [
              118.959961,
              45.843344
            ],
            [
              119.003906,
              45.782041
            ],
            [
              119.047852,
              45.72067
            ],
            [
              119.135742,
              45.689959
            ],
            [
              119.223633,
              45.628487
            ],
            [
              119.267578,
              45.566948
            ],
            [
              119.267578,
              45.474512
            ],
            [
              119.223633,
              45.412803
            ],
            [
              119.179688,
              45.351028
            ],
            [
              119.135742,
              45.289184
            ],
            [
              119.091797,
              45.227273
            ],
            [
              119.003906,
              45.196293
            ],
            [
              118.916016,
              45.165295
            ],
            [
              118.78418,
              45.165295
            ],
            [
              118.696289,
              45.134281
            ],
            [
              118.608398,
              45.103249
            ],
            [
              118.520508,
              45.041136
            ],
            [
              118.432617,
              45.010054
            ],
            [
              118.344727,
              44.94784
            ],
            [
              118.300781,
              44.885557
            ],
            [
              118.256836,
              44.823208
            ],
            [
              118.212891,
              44.760791
            ],
            [
              118.256836,
              44.667039
            ],
            [
              118.300781,
              44.604453
            ],
            [
              118.344727,
              44.510447
            ],
            [
              118.344727,
              44.41629
            ],
            [
              118.344727,
              44.321981
            ],
            [
              118.388672,
              44.259024
            ],
            [
              118.476563,
              44.164462
            ],
            [
              118.520508,
              44.101336
            ],
            [
              118.564453,
              44.006521
            ],
            [
              118.608398,
              43.943227
            ],
            [
              118.608398,
              43.848159
            ],
            [
              118.696289,
              43.784695
            ],
            [
              118.740234,
              43.721165
            ],
            [
              118.828125,
              43.657567
            ],
            [
              118.87207,
              43.593902
            ],
            [
              118.959961,
              43.562044
            ],
            [
              119.047852,
              43.498277
            ],
            [
              119.135742,
              43.466369
            ],
            [
              119.223633,
              43.434443
            ],
            [
              119.311523,
              43.402501
            ],
            [
              119.355469,
              43.338566
            ],
            [
              119.399414,
              43.242537
            ],
            [
              119.355469,
              43.178433
            ],
            [
              119.267578,
              43.146356
            ],
            [
              119.179688,
              43.082152
            ],
            [
              119.091797,
              43.050024
            ],
            [
              119.003906,
              43.01788
            ],
            [
              118.87207,
              42.985719
            ],
            [
              118.78418,
              42.953541
            ],
            [
              118.696289,
              42.921346
            ],
            [
              118.608398,
              42.889134
            ],
            [
              118.432617,
              42.856906
            ],
            [
              118.344727,
              42.82466
            ],
            [
              118.256836,
              42.760119
            ],
            [
              118.168945,
              42.727823
            ],
            [
              118.081055,
              42.663181
            ],
            [
              117.993164,
              42.598472
            ],
            [
              117.905273,
              42.566092
            ],
            [
              117.817383,
              42.501281
            ],
            [
              117.729492,
              42.436404
            ],
            [
              117.641602,
              42.371459
            ],
            [
              117.553711,
              42.306447
            ],
            [
              117.46582,
              42.273916
            ],
            [
              117.37793,
              42.241367
            ],
            [
              117.290039,
              42.208803
            ],
            [
              117.158203,
              42.208803
            ],
            [
              117.070313,
              42.176221
            ],
            [
              116.894531,
              42.143623
            ],
            [
              116.762695,
              42.111007
            ],
            [
              116.630859,
              42.111007
            ],
            [
              116.499023,
              42.111007
            ],
            [
              116.367188,
              42.078375
            ],
            [
              116.279297,
              42.045727
            ],
            [
              116.147461,
              42.013061
            ],
            [
              116.015625,
              42.013061
            ],
            [
              115.927734,
              41.980379
            ],
            [
              115.795898,
              41.980379
            ],
            [
              115.664063,
              41.980379
            ],
            [
              115.532227,
              41.980379
            ],
            [
              115.444336,
              41.947679
            ],
            [
              115.3125,
              41.947679
            ],
            [
              115.136719,
              41.947679
            ],
            [
              115.048828,
              41.914964
            ],
            [
              114.916992,
              41.914964
            ],
            [
              114.785156,
              41.914964
            ],
            [
              114.697266,
              41.882231
            ],
            [
              114.521484,
              41.882231
            ],
            [
              114.433594,
              41.849481
            ],
            [
              114.301758,
              41.816715
            ],
            [
              114.125977,
              41.783932
            ],
            [
              113.994141,
              41.751132
            ],
            [
              113.862305,
              41.718316
            ],
            [
              113.774414,
              41.652632
            ],
            [
              113.730469,
              41.586882
            ],
            [
              113.642578,
              41.553981
            ],
            [
              113.554688,
              41.521064
            ],
            [
              113.466797,
              41.422212
            ],
            [
              113.378906,
              41.389228
            ],
            [
              113.291016,
              41.32321
            ],
            [
              113.15918,
              41.290175
            ],
            [
              113.027344,
              41.224057
            ],
            [
              112.939453,
              41.190972
            ],
            [
              112.807617,
              41.157871
            ],
            [
              112.719727,
              41.124753
            ],
            [
              112.587891,
              41.091618
            ],
            [
              112.456055,
              41.058467
            ],
            [
              112.324219,
              41.058467
            ],
            [
              112.236328,
              41.025298
            ],
            [
              112.104492,
              41.025298
            ],
            [
              111.972656,
              41.025298
            ],
            [
              111.84082,
              41.025298
            ],
            [
              111.708984,
              41.025298
            ],
            [
              111.577148,
              41.025298
            ],
            [
              111.445313,
              41.058467
            ],
            [
              111.313477,
              41.058467
            ],
            [
              111.181641,
              41.091618
            ],
            [
              111.049805,
              41.124753
            ],
            [
              110.874023,
              41.157871
            ],
            [
              110.742188,
              41.190972
            ],
            [
              110.610352,
              41.190972
            ],
            [
              110.522461,
              41.224057
            ],
            [
              110.390625,
              41.257124
            ],
            [
              110.302734,
              41.290175
            ],
            [
              110.170898,
              41.290175
            ],
            [
              110.083008,
              41.32321
            ],
            [
              109.951172,
              41.32321
            ],
            [
              109.863281,
              41.356227
            ],
            [
              109.6875,
              41.356227
            ],
            [
              109.555664,
              41.356227
            ],
            [
              109.423828,
              41.389228
            ],
            [
              109.291992,
              41.389228
            ],
            [
              109.204102,
              41.422212
            ],
            [
              109.072266,
              41.422212
            ],
            [
              108.94043,
              41.422212
            ],
            [
              108.808594,
              41.422212
            ],
            [
              108.676758,
              41.422212
            ],
            [
              108.544922,
              41.422212
            ],
            [
              108.369141,
              41.422212
            ],
            [
              108.237305,
              41.422212
            ],
            [
              107.929688,
              41.422212
            ],
            [
              107.841797,
              41.45518
            ],
            [
              107.709961,
              41.48813
            ],
            [
              107.578125,
              41.48813
            ],
            [
              107.490234,
              41.521064
            ],
            [
              107.402344,
              41.553981
            ],
            [
              107.314453,
              41.586882
            ],
            [
              107.226563,
              41.652632
            ],
            [
              107.138672,
              41.685482
            ],
            [
              107.050781,
              41.751132
            ],
            [
              106.918945,
              41.849481
            ],
            [
              106.831055,
              41.882231
            ],
            [
              106.787109,
              41.947679
            ],
            [
              106.699219,
              41.980379
            ],
            [
              106.611328,
              42.045727
            ],
            [
              106.523438,
              42.111007
            ],
            [
              106.391602,
              42.176221
            ],
            [
              106.303711,
              42.241367
            ],
            [
              106.21582,
              42.338961
            ],
            [
              106.12793,
              42.371459
            ],
            [
              106.040039,
              42.436404
            ],
            [
              105.952148,
              42.468851
            ],
            [
              105.864258,
              42.501281
            ],
            [
              105.776367,
              42.533695
            ],
            [
              105.688477,
              42.566092
            ],
            [
              105.600586,
              42.598472
            ],
            [
              105.512695,
              42.630835
            ],
            [
              105.380859,
              42.630835
            ],
            [
              105.292969,
              42.663181
            ],
            [
              105.117188,
              42.663181
            ],
            [
              104.985352,
              42.69551
            ],
            [
              104.80957,
              42.727823
            ],
            [
              104.633789,
              42.760119
            ],
            [
              104.501953,
              42.792398
            ],
            [
              104.326172,
              42.82466
            ],
            [
              104.194336,
              42.856906
            ],
            [
              104.0625,
              42.889134
            ],
            [
              103.886719,
              42.921346
            ],
            [
              103.754883,
              42.953541
            ],
            [
              103.535156,
              42.985719
            ],
            [
              103.359375,
              42.985719
            ],
            [
              103.227539,
              42.985719
            ],
            [
              103.095703,
              42.985719
            ],
            [
              102.919922,
              42.985719
            ],
            [
              102.832031,
              43.01788
            ],
            [
              102.700195,
              42.953541
            ],
            [
              102.568359,
              42.953541
            ],
            [
              102.392578,
              42.856906
            ],
            [
              102.304688,
              42.82466
            ],
            [
              102.216797,
              42.792398
            ],
            [
              102.041016,
              42.760119
            ],
            [
              101.90918,
              42.760119
            ],
            [
              101.821289,
              42.727823
            ],
            [
              101.733398,
              42.663181
            ],
            [
              101.601563,
              42.630835
            ],
            [
              101.513672,
              42.566092
            ],
            [
              101.337891,
              42.533695
            ],
            [
              101.25,
              42.501281
            ],
            [
              101.074219,
              42.501281
            ],
            [
              100.854492,
              42.501281
            ],
            [
              100.678711,
              42.501281
            ],
            [
              100.59082,
              42.533695
            ],
            [
              100.50293,
              42.566092
            ],
            [
              100.415039,
              42.630835
            ],
            [
              100.415039,
              42.727823
            ],
            [
              100.50293,
              42.792398
            ],
            [
              100.546875,
              42.856906
            ],
            [
              100.634766,
              42.889134
            ],
            [
              100.722656,
              42.921346
            ],
            [
              100.898438,
              43.050024
            ],
            [
              100.986328,
              43.114263
            ],
            [
              101.074219,
              43.178433
            ],
            [
              101.206055,
              43.274563
            ],
            [
              101.25,
              43.338566
            ],
            [
              101.337891,
              43.370542
            ],
            [
              101.425781,
              43.402501
            ],
            [
              101.513672,
              43.466369
            ],
            [
              101.601563,
              43.498277
            ],
            [
              101.689453,
              43.530169
            ],
            [
              101.777344,
              43.562044
            ],
            [
              101.865234,
              43.593902
            ],
            [
              101.99707,
              43.625743
            ],
            [
              102.128906,
              43.657567
            ],
            [
              102.304688,
              43.657567
            ],
            [
              102.480469,
              43.689374
            ],
            [
              102.65625,
              43.721165
            ],
            [
              102.832031,
              43.752939
            ],
            [
              102.963867,
              43.752939
            ],
            [
              103.051758,
              43.784695
            ],
            [
              103.183594,
              43.784695
            ],
            [
              103.31543,
              43.784695
            ],
            [
              103.40332,
              43.816435
            ],
            [
              103.535156,
              43.848159
            ],
            [
              103.710938,
              43.879865
            ],
            [
              103.842773,
              43.879865
            ],
            [
              103.974609,
              43.911554
            ],
            [
              104.0625,
              43.943227
            ],
            [
              104.238281,
              43.974882
            ],
            [
              104.370117,
              43.974882
            ],
            [
              104.458008,
              44.006521
            ],
            [
              104.589844,
              44.038143
            ],
            [
              104.80957,
              44.038143
            ],
            [
              104.941406,
              44.069748
            ],
            [
              105.117188,
              44.101336
            ],
            [
              105.249023,
              44.132908
            ],
            [
              105.424805,
              44.164462
            ],
            [
              105.600586,
              44.196
            ],
            [
              105.776367,
              44.259024
            ],
            [
              105.908203,
              44.290511
            ],
            [
              106.040039,
              44.321981
            ],
            [
              106.12793,
              44.384871
            ],
            [
              106.21582,
              44.479079
            ],
            [
              106.303711,
              44.573135
            ],
            [
              106.347656,
              44.635754
            ],
            [
              106.347656,
              44.760791
            ],
            [
              106.435547,
              44.823208
            ],
            [
              106.479492,
              44.885557
            ],
            [
              106.567383,
              44.978955
            ],
            [
              106.699219,
              45.041136
            ],
            [
              106.831055,
              45.103249
            ],
            [
              106.918945,
              45.165295
            ],
            [
              107.050781,
              45.258237
            ],
            [
              107.182617,
              45.351028
            ],
            [
              107.270508,
              45.381924
            ],
            [
              107.402344,
              45.474512
            ],
            [
              107.490234,
              45.536152
            ],
            [
              107.578125,
              45.597726
            ],
            [
              107.709961,
              45.659232
            ],
            [
              107.841797,
              45.689959
            ],
            [
              107.929688,
              45.751364
            ],
            [
              108.017578,
              45.782041
            ],
            [
              108.149414,
              45.812701
            ],
            [
              108.28125,
              45.843344
            ],
            [
              108.457031,
              45.90458
            ],
            [
              108.632813,
              45.935173
            ],
            [
              108.764648,
              45.935173
            ],
            [
              108.896484,
              45.965748
            ],
            [
              109.072266,
              45.996307
            ],
            [
              109.248047,
              46.026849
            ],
            [
              109.467773,
              46.057374
            ],
            [
              109.731445,
              46.087883
            ],
            [
              109.951172,
              46.087883
            ],
            [
              110.083008,
              46.087883
            ],
            [
              110.170898,
              46.118374
            ],
            [
              110.302734,
              46.118374
            ],
            [
              110.478516,
              46.118374
            ],
            [
              110.610352,
              46.087883
            ],
            [
              110.786133,
              46.087883
            ],
            [
              110.917969,
              46.087883
            ],
            [
              111.005859,
              46.118374
            ],
            [
              111.225586,
              46.118374
            ],
            [
              111.357422,
              46.148849
            ],
            [
              111.533203,
              46.179307
            ],
            [
              111.621094,
              46.209747
            ],
            [
              111.665039,
              46.270579
            ],
            [
              111.75293,
              46.331342
            ],
            [
              111.84082,
              46.361699
            ],
            [
              111.928711,
              46.422361
            ],
            [
              112.016602,
              46.452667
            ],
            [
              112.104492,
              46.482956
            ],
            [
              112.236328,
              46.482956
            ],
            [
              112.368164,
              46.482956
            ],
            [
              112.5,
              46.452667
            ],
            [
              112.631836,
              46.452667
            ],
            [
              112.719727,
              46.422361
            ],
            [
              112.851563,
              46.392038
            ],
            [
              112.983398,
              46.361699
            ],
            [
              113.115234,
              46.331342
            ],
            [
              113.291016,
              46.361699
            ],
            [
              113.422852,
              46.361699
            ],
            [
              113.510742,
              46.392038
            ],
            [
              113.510742,
              46.392038
            ],
            [
              113.422852,
              46.422361
            ]
          ]
        ]
      }
    },
    {
      "type": "Feature",
      "properties": {
        "NAME": "말갈",
        "name": "말갈",
        "color": "#ef4444",
        "fill": "#ef4444",
        "fill-opacity": 0.5,
        "stroke": "#ef4444",
        "stroke-width": 2,
        "originalType": "polygon"
      },
      "geometry": {
        "type": "Polygon",
        "coordinates": [
          [
            [
              133.286133,
              47.972041
            ],
            [
              133.374023,
              47.88364
            ],
            [
              133.417969,
              47.824622
            ],
            [
              133.505859,
              47.795088
            ],
            [
              133.59375,
              47.735969
            ],
            [
              133.637695,
              47.676783
            ],
            [
              133.681641,
              47.61753
            ],
            [
              133.769531,
              47.587879
            ],
            [
              133.813477,
              47.528525
            ],
            [
              133.857422,
              47.439368
            ],
            [
              133.901367,
              47.379846
            ],
            [
              133.945313,
              47.290437
            ],
            [
              133.945313,
              47.170989
            ],
            [
              133.945313,
              47.081227
            ],
            [
              133.945313,
              46.991313
            ],
            [
              133.945313,
              46.901247
            ],
            [
              133.989258,
              46.841119
            ],
            [
              133.945313,
              46.750801
            ],
            [
              133.945313,
              46.660332
            ],
            [
              133.945313,
              46.56971
            ],
            [
              133.945313,
              46.478937
            ],
            [
              133.945313,
              46.357671
            ],
            [
              133.945313,
              46.266544
            ],
            [
              133.989258,
              46.175265
            ],
            [
              133.989258,
              46.083835
            ],
            [
              133.945313,
              46.022797
            ],
            [
              133.945313,
              45.931113
            ],
            [
              133.945313,
              45.839278
            ],
            [
              133.945313,
              45.747291
            ],
            [
              133.945313,
              45.593642
            ],
            [
              133.945313,
              45.470419
            ],
            [
              133.945313,
              45.377824
            ],
            [
              133.945313,
              45.285078
            ],
            [
              133.945313,
              45.19218
            ],
            [
              133.945313,
              45.068079
            ],
            [
              133.945313,
              44.943708
            ],
            [
              133.945313,
              44.850253
            ],
            [
              133.945313,
              44.756646
            ],
            [
              133.945313,
              44.631601
            ],
            [
              133.945313,
              44.506285
            ],
            [
              133.945313,
              44.412121
            ],
            [
              133.901367,
              44.349261
            ],
            [
              133.857422,
              44.254844
            ],
            [
              133.857422,
              44.160275
            ],
            [
              133.813477,
              44.065554
            ],
            [
              133.813477,
              43.939024
            ],
            [
              133.769531,
              43.875658
            ],
            [
              133.769531,
              43.780482
            ],
            [
              133.725586,
              43.716947
            ],
            [
              133.725586,
              43.621518
            ],
            [
              133.681641,
              43.557814
            ],
            [
              133.681641,
              43.462132
            ],
            [
              133.637695,
              43.39826
            ],
            [
              133.637695,
              43.302326
            ],
            [
              133.725586,
              43.270314
            ],
            [
              133.813477,
              43.238285
            ],
            [
              133.945313,
              43.238285
            ],
            [
              134.077148,
              43.238285
            ],
            [
              134.208984,
              43.270314
            ],
            [
              134.296875,
              43.302326
            ],
            [
              134.428711,
              43.334321
            ],
            [
              134.560547,
              43.366299
            ],
            [
              134.648438,
              43.39826
            ],
            [
              134.736328,
              43.430205
            ],
            [
              134.824219,
              43.462132
            ],
            [
              134.956055,
              43.525937
            ],
            [
              135.043945,
              43.557814
            ],
            [
              135.175781,
              43.653344
            ],
            [
              135.263672,
              43.716947
            ],
            [
              135.351563,
              43.780482
            ],
            [
              135.483398,
              43.843949
            ],
            [
              135.571289,
              43.907349
            ],
            [
              135.65918,
              43.970682
            ],
            [
              135.74707,
              44.002323
            ],
            [
              135.834961,
              44.097145
            ],
            [
              135.922852,
              44.160275
            ],
            [
              135.966797,
              44.223338
            ],
            [
              136.098633,
              44.286333
            ],
            [
              136.186523,
              44.349261
            ],
            [
              136.274414,
              44.412121
            ],
            [
              136.362305,
              44.443526
            ],
            [
              136.40625,
              44.506285
            ],
            [
              136.494141,
              44.568977
            ],
            [
              136.538086,
              44.631601
            ],
            [
              136.582031,
              44.694157
            ],
            [
              136.625977,
              44.756646
            ],
            [
              136.713867,
              44.819068
            ],
            [
              136.757813,
              44.912574
            ],
            [
              136.845703,
              44.974826
            ],
            [
              136.889648,
              45.037012
            ],
            [
              136.933594,
              45.099129
            ],
            [
              137.021484,
              45.16118
            ],
            [
              137.109375,
              45.223163
            ],
            [
              137.197266,
              45.31601
            ],
            [
              137.285156,
              45.408706
            ],
            [
              137.373047,
              45.470419
            ],
            [
              137.416992,
              45.532064
            ],
            [
              137.460938,
              45.593642
            ],
            [
              137.504883,
              45.655152
            ],
            [
              137.548828,
              45.716595
            ],
            [
              137.636719,
              45.808632
            ],
            [
              137.724609,
              45.869907
            ],
            [
              137.8125,
              45.931113
            ],
            [
              137.856445,
              46.022797
            ],
            [
              137.900391,
              46.083835
            ],
            [
              137.944336,
              46.144805
            ],
            [
              137.988281,
              46.205708
            ],
            [
              138.076172,
              46.266544
            ],
            [
              138.120117,
              46.327312
            ],
            [
              138.208008,
              46.388013
            ],
            [
              138.251953,
              46.448646
            ],
            [
              138.295898,
              46.509212
            ],
            [
              138.383789,
              46.56971
            ],
            [
              138.427734,
              46.630141
            ],
            [
              138.47168,
              46.690505
            ],
            [
              138.55957,
              46.750801
            ],
            [
              138.603516,
              46.841119
            ],
            [
              138.647461,
              46.901247
            ],
            [
              138.691406,
              46.961308
            ],
            [
              138.779297,
              47.021301
            ],
            [
              138.823242,
              47.111164
            ],
            [
              138.867188,
              47.170989
            ],
            [
              138.911133,
              47.230747
            ],
            [
              138.911133,
              47.320257
            ],
            [
              138.955078,
              47.379846
            ],
            [
              139.042969,
              47.469104
            ],
            [
              139.130859,
              47.528525
            ],
            [
              139.21875,
              47.587879
            ],
            [
              139.350586,
              47.676783
            ],
            [
              139.394531,
              47.735969
            ],
            [
              139.482422,
              47.795088
            ],
            [
              139.526367,
              47.854139
            ],
            [
              139.614258,
              47.88364
            ],
            [
              139.702148,
              47.94259
            ],
            [
              139.790039,
              47.972041
            ],
            [
              139.87793,
              48.030891
            ],
            [
              139.921875,
              48.089673
            ],
            [
              139.96582,
              48.177722
            ],
            [
              140.009766,
              48.236337
            ],
            [
              140.053711,
              48.353366
            ],
            [
              140.097656,
              48.41178
            ],
            [
              140.141602,
              48.470126
            ],
            [
              140.185547,
              48.586619
            ],
            [
              140.185547,
              48.702844
            ],
            [
              140.229492,
              48.760856
            ],
            [
              140.273438,
              48.847748
            ],
            [
              140.317383,
              48.905593
            ],
            [
              140.361328,
              48.963371
            ],
            [
              140.405273,
              49.021082
            ],
            [
              140.449219,
              49.078726
            ],
            [
              140.537109,
              49.165067
            ],
            [
              140.581055,
              49.222544
            ],
            [
              140.625,
              49.279954
            ],
            [
              140.668945,
              49.365945
            ],
            [
              140.712891,
              49.451785
            ],
            [
              140.712891,
              49.537475
            ],
            [
              140.756836,
              49.594518
            ],
            [
              140.800781,
              49.651495
            ],
            [
              140.800781,
              49.736835
            ],
            [
              140.844727,
              49.878736
            ],
            [
              140.888672,
              50.020221
            ],
            [
              140.932617,
              50.104913
            ],
            [
              140.976563,
              50.189455
            ],
            [
              140.976563,
              50.273848
            ],
            [
              140.976563,
              50.358091
            ],
            [
              140.976563,
              50.442186
            ],
            [
              140.976563,
              50.526131
            ],
            [
              141.020508,
              50.582011
            ],
            [
              141.064453,
              50.637825
            ],
            [
              140.976563,
              50.665708
            ],
            [
              140.888672,
              50.637825
            ],
            [
              140.800781,
              50.609926
            ],
            [
              140.668945,
              50.609926
            ],
            [
              140.493164,
              50.609926
            ],
            [
              140.361328,
              50.609926
            ],
            [
              140.229492,
              50.609926
            ],
            [
              140.097656,
              50.609926
            ],
            [
              140.009766,
              50.637825
            ],
            [
              139.921875,
              50.693573
            ],
            [
              139.833984,
              50.721423
            ],
            [
              139.702148,
              50.721423
            ],
            [
              139.614258,
              50.749255
            ],
            [
              139.482422,
              50.749255
            ],
            [
              139.438477,
              50.804871
            ],
            [
              139.350586,
              50.832654
            ],
            [
              139.306641,
              50.888171
            ],
            [
              139.262695,
              50.943621
            ],
            [
              139.21875,
              50.999006
            ],
            [
              139.130859,
              51.054324
            ],
            [
              139.042969,
              51.137178
            ],
            [
              138.955078,
              51.164763
            ],
            [
              138.867188,
              51.219883
            ],
            [
              138.779297,
              51.247419
            ],
            [
              138.691406,
              51.302441
            ],
            [
              138.603516,
              51.329927
            ],
            [
              138.47168,
              51.384849
            ],
            [
              138.251953,
              51.412286
            ],
            [
              138.032227,
              51.439706
            ],
            [
              137.8125,
              51.46711
            ],
            [
              137.680664,
              51.46711
            ],
            [
              137.592773,
              51.494498
            ],
            [
              137.460938,
              51.494498
            ],
            [
              137.285156,
              51.494498
            ],
            [
              137.15332,
              51.494498
            ],
            [
              137.021484,
              51.494498
            ],
            [
              136.889648,
              51.494498
            ],
            [
              136.757813,
              51.494498
            ],
            [
              136.625977,
              51.494498
            ],
            [
              136.494141,
              51.494498
            ],
            [
              136.362305,
              51.494498
            ],
            [
              136.230469,
              51.494498
            ],
            [
              136.054688,
              51.46711
            ],
            [
              135.878906,
              51.46711
            ],
            [
              135.74707,
              51.46711
            ],
            [
              135.615234,
              51.439706
            ],
            [
              135.395508,
              51.439706
            ],
            [
              135.263672,
              51.439706
            ],
            [
              135.043945,
              51.439706
            ],
            [
              134.912109,
              51.439706
            ],
            [
              134.736328,
              51.439706
            ],
            [
              134.604492,
              51.439706
            ],
            [
              134.516602,
              51.412286
            ],
            [
              134.34082,
              51.412286
            ],
            [
              134.208984,
              51.412286
            ],
            [
              134.077148,
              51.412286
            ],
            [
              133.989258,
              51.384849
            ],
            [
              133.857422,
              51.384849
            ],
            [
              133.725586,
              51.357396
            ],
            [
              133.549805,
              51.357396
            ],
            [
              133.417969,
              51.329927
            ],
            [
              133.286133,
              51.329927
            ],
            [
              133.154297,
              51.302441
            ],
            [
              133.066406,
              51.274938
            ],
            [
              132.978516,
              51.247419
            ],
            [
              132.84668,
              51.219883
            ],
            [
              132.758789,
              51.192331
            ],
            [
              132.670898,
              51.164763
            ],
            [
              132.583008,
              51.137178
            ],
            [
              132.495117,
              51.109577
            ],
            [
              132.407227,
              51.081959
            ],
            [
              132.319336,
              51.054324
            ],
            [
              132.231445,
              51.026673
            ],
            [
              132.143555,
              50.999006
            ],
            [
              132.099609,
              50.943621
            ],
            [
              131.967773,
              50.915904
            ],
            [
              131.879883,
              50.860421
            ],
            [
              131.791992,
              50.832654
            ],
            [
              131.704102,
              50.777071
            ],
            [
              131.616211,
              50.749255
            ],
            [
              131.572266,
              50.693573
            ],
            [
              131.484375,
              50.665708
            ],
            [
              131.44043,
              50.609926
            ],
            [
              131.396484,
              50.554079
            ],
            [
              131.352539,
              50.498165
            ],
            [
              131.308594,
              50.442186
            ],
            [
              131.308594,
              50.358091
            ],
            [
              131.308594,
              50.245734
            ],
            [
              131.308594,
              50.161291
            ],
            [
              131.352539,
              50.076699
            ],
            [
              131.352539,
              49.963677
            ],
            [
              131.352539,
              49.878736
            ],
            [
              131.396484,
              49.822026
            ],
            [
              131.396484,
              49.736835
            ],
            [
              131.44043,
              49.651495
            ],
            [
              131.52832,
              49.566005
            ],
            [
              131.572266,
              49.480365
            ],
            [
              131.616211,
              49.423188
            ],
            [
              131.660156,
              49.365945
            ],
            [
              131.704102,
              49.308634
            ],
            [
              131.748047,
              49.251258
            ],
            [
              131.835938,
              49.193814
            ],
            [
              131.879883,
              49.136303
            ],
            [
              131.923828,
              49.078726
            ],
            [
              131.967773,
              49.021082
            ],
            [
              132.011719,
              48.963371
            ],
            [
              132.099609,
              48.905593
            ],
            [
              132.143555,
              48.847748
            ],
            [
              132.1875,
              48.789837
            ],
            [
              132.231445,
              48.731858
            ],
            [
              132.319336,
              48.702844
            ],
            [
              132.407227,
              48.644765
            ],
            [
              132.451172,
              48.586619
            ],
            [
              132.539063,
              48.557521
            ],
            [
              132.583008,
              48.499275
            ],
            [
              132.670898,
              48.470126
            ],
            [
              132.714844,
              48.41178
            ],
            [
              132.758789,
              48.353366
            ],
            [
              132.802734,
              48.294885
            ],
            [
              132.84668,
              48.236337
            ],
            [
              132.890625,
              48.177722
            ],
            [
              132.978516,
              48.11904
            ],
            [
              133.066406,
              48.06029
            ],
            [
              133.154297,
              48.030891
            ],
            [
              133.198242,
              47.972041
            ],
            [
              133.286133,
              47.94259
            ],
            [
              133.374023,
              47.913123
            ],
            [
              133.417969,
              47.854139
            ],
            [
              133.505859,
              47.824622
            ],
            [
              133.59375,
              47.765537
            ],
            [
              133.59375,
              47.765537
            ],
            [
              133.286133,
              47.972041
            ]
          ]
        ]
      }
    },
    {
      "type": "Feature",
      "properties": {
        "NAME": "유송",
        "name": "유송",
        "color": "#ef4444",
        "fill": "#ef4444",
        "fill-opacity": 0.5,
        "stroke": "#ef4444",
        "stroke-width": 2,
        "originalType": "polygon"
      },
      "geometry": {
        "type": "Polygon",
        "coordinates": [
          [
            [
              107.226563,
              33.662673
            ],
            [
              107.050781,
              33.589438
            ],
            [
              106.787109,
              33.589438
            ],
            [
              106.611328,
              33.51614
            ],
            [
              106.699219,
              33.295875
            ],
            [
              106.875,
              33.222329
            ],
            [
              106.962891,
              33.001321
            ],
            [
              107.050781,
              32.853674
            ],
            [
              107.226563,
              32.779758
            ],
            [
              107.314453,
              32.631742
            ],
            [
              107.490234,
              32.483481
            ],
            [
              107.578125,
              32.334975
            ],
            [
              107.666016,
              32.186224
            ],
            [
              107.753906,
              32.037231
            ],
            [
              107.666016,
              31.887994
            ],
            [
              107.578125,
              31.738516
            ],
            [
              107.402344,
              31.663686
            ],
            [
              107.226563,
              31.588795
            ],
            [
              107.138672,
              31.438834
            ],
            [
              106.962891,
              31.363763
            ],
            [
              106.787109,
              31.288633
            ],
            [
              106.611328,
              31.213442
            ],
            [
              106.435547,
              31.138191
            ],
            [
              106.171875,
              31.138191
            ],
            [
              105.908203,
              31.138191
            ],
            [
              105.644531,
              31.138191
            ],
            [
              105.46875,
              31.062881
            ],
            [
              105.205078,
              31.062881
            ],
            [
              105.029297,
              31.138191
            ],
            [
              104.765625,
              31.138191
            ],
            [
              104.589844,
              31.213442
            ],
            [
              104.326172,
              31.213442
            ],
            [
              104.0625,
              31.213442
            ],
            [
              103.798828,
              31.213442
            ],
            [
              103.535156,
              31.213442
            ],
            [
              103.183594,
              31.213442
            ],
            [
              102.919922,
              31.138191
            ],
            [
              102.65625,
              31.138191
            ],
            [
              102.392578,
              31.138191
            ],
            [
              102.216797,
              31.062881
            ],
            [
              102.041016,
              30.987511
            ],
            [
              101.777344,
              30.912082
            ],
            [
              101.513672,
              30.836592
            ],
            [
              101.337891,
              30.761044
            ],
            [
              101.162109,
              30.685436
            ],
            [
              100.986328,
              30.609769
            ],
            [
              100.810547,
              30.534043
            ],
            [
              100.634766,
              30.458257
            ],
            [
              100.371094,
              30.382413
            ],
            [
              100.195313,
              30.230548
            ],
            [
              100.019531,
              30.154527
            ],
            [
              99.84375,
              30.00231
            ],
            [
              99.667969,
              29.926113
            ],
            [
              99.492188,
              29.849858
            ],
            [
              99.404297,
              29.697174
            ],
            [
              99.228516,
              29.544257
            ],
            [
              99.052734,
              29.391109
            ],
            [
              98.964844,
              29.237729
            ],
            [
              98.789063,
              29.160953
            ],
            [
              98.789063,
              28.853275
            ],
            [
              98.701172,
              28.621918
            ],
            [
              98.701172,
              28.390049
            ],
            [
              98.613281,
              28.157672
            ],
            [
              98.613281,
              27.924789
            ],
            [
              98.613281,
              27.691404
            ],
            [
              98.701172,
              27.535536
            ],
            [
              98.789063,
              27.379446
            ],
            [
              98.876953,
              27.223136
            ],
            [
              98.964844,
              27.066606
            ],
            [
              99.052734,
              26.909857
            ],
            [
              99.140625,
              26.674326
            ],
            [
              99.052734,
              26.438307
            ],
            [
              99.052734,
              26.201804
            ],
            [
              98.964844,
              26.043868
            ],
            [
              98.789063,
              25.96482
            ],
            [
              98.701172,
              25.806564
            ],
            [
              98.525391,
              25.648097
            ],
            [
              98.4375,
              25.489419
            ],
            [
              98.349609,
              25.251009
            ],
            [
              98.349609,
              25.01213
            ],
            [
              98.349609,
              24.772785
            ],
            [
              98.4375,
              24.532979
            ],
            [
              98.525391,
              24.372852
            ],
            [
              98.701172,
              24.292713
            ],
            [
              98.789063,
              24.132282
            ],
            [
              98.876953,
              23.97165
            ],
            [
              99.140625,
              23.810818
            ],
            [
              99.228516,
              23.649786
            ],
            [
              99.316406,
              23.488556
            ],
            [
              99.492188,
              23.327128
            ],
            [
              99.580078,
              23.165504
            ],
            [
              99.755859,
              23.084618
            ],
            [
              99.931641,
              22.922702
            ],
            [
              100.107422,
              22.760591
            ],
            [
              100.195313,
              22.598288
            ],
            [
              100.371094,
              22.517064
            ],
            [
              100.546875,
              22.354474
            ],
            [
              100.722656,
              22.191694
            ],
            [
              100.898438,
              22.110233
            ],
            [
              101.074219,
              22.028725
            ],
            [
              101.425781,
              21.94717
            ],
            [
              101.689453,
              21.94717
            ],
            [
              102.041016,
              21.94717
            ],
            [
              102.304688,
              21.865569
            ],
            [
              102.480469,
              21.78392
            ],
            [
              102.744141,
              21.78392
            ],
            [
              102.919922,
              21.702225
            ],
            [
              103.095703,
              21.538696
            ],
            [
              103.271484,
              21.456863
            ],
            [
              103.359375,
              21.293057
            ],
            [
              103.535156,
              21.12907
            ],
            [
              103.710938,
              20.9649
            ],
            [
              103.886719,
              20.80055
            ],
            [
              103.974609,
              20.636021
            ],
            [
              104.150391,
              20.471314
            ],
            [
              104.238281,
              20.223922
            ],
            [
              104.326172,
              20.058774
            ],
            [
              104.326172,
              19.810727
            ],
            [
              104.326172,
              19.562293
            ],
            [
              104.414063,
              19.396457
            ],
            [
              104.414063,
              19.064278
            ],
            [
              104.501953,
              18.897938
            ],
            [
              104.589844,
              18.731432
            ],
            [
              104.677734,
              18.564763
            ],
            [
              104.853516,
              18.481366
            ],
            [
              104.941406,
              18.314453
            ],
            [
              105.029297,
              18.147378
            ],
            [
              105.205078,
              17.980143
            ],
            [
              105.380859,
              17.728994
            ],
            [
              105.556641,
              17.561365
            ],
            [
              105.644531,
              17.393581
            ],
            [
              105.820313,
              17.309631
            ],
            [
              105.996094,
              17.057552
            ],
            [
              106.171875,
              16.88931
            ],
            [
              106.259766,
              16.720917
            ],
            [
              106.435547,
              16.552376
            ],
            [
              106.611328,
              16.383687
            ],
            [
              106.787109,
              16.130381
            ],
            [
              106.875,
              15.792135
            ],
            [
              107.050781,
              15.622799
            ],
            [
              107.138672,
              15.453323
            ],
            [
              107.226563,
              15.283708
            ],
            [
              107.314453,
              15.113957
            ],
            [
              107.402344,
              14.774046
            ],
            [
              107.402344,
              14.518764
            ],
            [
              107.490234,
              14.348411
            ],
            [
              107.578125,
              14.177929
            ],
            [
              107.578125,
              13.921965
            ],
            [
              107.666016,
              13.751165
            ],
            [
              107.666016,
              13.494731
            ],
            [
              107.666016,
              13.238022
            ],
            [
              107.753906,
              13.066731
            ],
            [
              107.753906,
              12.809573
            ],
            [
              107.666016,
              12.637988
            ],
            [
              107.578125,
              12.466288
            ],
            [
              107.578125,
              12.208524
            ],
            [
              107.666016,
              12.036542
            ],
            [
              107.753906,
              11.86445
            ],
            [
              108.105469,
              11.778363
            ],
            [
              108.369141,
              11.778363
            ],
            [
              108.632813,
              11.778363
            ],
            [
              108.896484,
              11.778363
            ],
            [
              109.160156,
              11.778363
            ],
            [
              109.335938,
              11.950509
            ],
            [
              109.423828,
              12.208524
            ],
            [
              109.511719,
              12.380395
            ],
            [
              109.511719,
              12.637988
            ],
            [
              109.511719,
              12.895322
            ],
            [
              109.423828,
              13.066731
            ],
            [
              109.423828,
              13.323622
            ],
            [
              109.335938,
              13.494731
            ],
            [
              109.248047,
              13.751165
            ],
            [
              109.160156,
              14.007318
            ],
            [
              109.160156,
              14.348411
            ],
            [
              109.072266,
              14.603891
            ],
            [
              108.984375,
              14.944069
            ],
            [
              108.896484,
              15.19885
            ],
            [
              108.808594,
              15.453323
            ],
            [
              108.720703,
              15.707484
            ],
            [
              108.632813,
              15.961329
            ],
            [
              108.544922,
              16.130381
            ],
            [
              108.457031,
              16.299288
            ],
            [
              108.369141,
              16.46805
            ],
            [
              108.193359,
              16.552376
            ],
            [
              108.105469,
              16.720917
            ],
            [
              108.017578,
              16.88931
            ],
            [
              107.841797,
              16.97345
            ],
            [
              107.666016,
              17.141617
            ],
            [
              107.578125,
              17.309631
            ],
            [
              107.402344,
              17.477493
            ],
            [
              107.314453,
              17.728994
            ],
            [
              107.226563,
              17.896466
            ],
            [
              107.138672,
              18.06378
            ],
            [
              107.050781,
              18.314453
            ],
            [
              106.962891,
              18.564763
            ],
            [
              106.875,
              18.981129
            ],
            [
              106.787109,
              19.230451
            ],
            [
              106.787109,
              19.562293
            ],
            [
              106.875,
              19.727959
            ],
            [
              106.962891,
              19.976135
            ],
            [
              107.138672,
              20.14137
            ],
            [
              107.314453,
              20.30643
            ],
            [
              107.402344,
              20.471314
            ],
            [
              107.666016,
              20.55369
            ],
            [
              107.841797,
              20.636021
            ],
            [
              108.017578,
              20.718308
            ],
            [
              108.28125,
              20.80055
            ],
            [
              108.457031,
              20.882748
            ],
            [
              108.632813,
              21.047008
            ],
            [
              108.896484,
              21.12907
            ],
            [
              109.160156,
              21.12907
            ],
            [
              109.248047,
              20.9649
            ],
            [
              109.423828,
              20.718308
            ],
            [
              109.423828,
              20.471314
            ],
            [
              109.335938,
              20.14137
            ],
            [
              109.160156,
              20.058774
            ],
            [
              108.984375,
              19.893453
            ],
            [
              108.808594,
              19.727959
            ],
            [
              108.632813,
              19.562293
            ],
            [
              108.544922,
              19.313475
            ],
            [
              108.457031,
              19.147385
            ],
            [
              108.457031,
              18.897938
            ],
            [
              108.457031,
              18.648118
            ],
            [
              108.632813,
              18.481366
            ],
            [
              108.808594,
              18.39793
            ],
            [
              108.984375,
              18.314453
            ],
            [
              109.248047,
              18.314453
            ],
            [
              109.599609,
              18.314453
            ],
            [
              109.951172,
              18.314453
            ],
            [
              110.214844,
              18.39793
            ],
            [
              110.390625,
              18.481366
            ],
            [
              110.566406,
              18.564763
            ],
            [
              110.830078,
              18.731432
            ],
            [
              110.917969,
              18.897938
            ],
            [
              111.005859,
              19.230451
            ],
            [
              111.09375,
              19.396457
            ],
            [
              111.181641,
              19.645147
            ],
            [
              111.181641,
              19.976135
            ],
            [
              111.269531,
              20.14137
            ],
            [
              111.269531,
              20.471314
            ],
            [
              111.269531,
              20.718308
            ],
            [
              111.357422,
              20.882748
            ],
            [
              111.533203,
              20.9649
            ],
            [
              111.621094,
              21.12907
            ],
            [
              111.796875,
              21.293057
            ],
            [
              111.972656,
              21.374983
            ],
            [
              112.236328,
              21.538696
            ],
            [
              112.412109,
              21.620484
            ],
            [
              112.587891,
              21.78392
            ],
            [
              112.763672,
              21.865569
            ],
            [
              113.027344,
              21.94717
            ],
            [
              113.203125,
              22.028725
            ],
            [
              113.378906,
              22.110233
            ],
            [
              113.642578,
              22.110233
            ],
            [
              113.90625,
              22.110233
            ],
            [
              114.169922,
              22.191694
            ],
            [
              114.609375,
              22.191694
            ],
            [
              114.960938,
              22.191694
            ],
            [
              115.136719,
              22.273108
            ],
            [
              115.488281,
              22.435793
            ],
            [
              115.664063,
              22.517064
            ],
            [
              116.015625,
              22.598288
            ],
            [
              116.191406,
              22.760591
            ],
            [
              116.455078,
              22.922702
            ],
            [
              116.630859,
              23.084618
            ],
            [
              116.806641,
              23.24634
            ],
            [
              116.982422,
              23.407866
            ],
            [
              117.158203,
              23.569196
            ],
            [
              117.333984,
              23.810818
            ],
            [
              117.597656,
              23.97165
            ],
            [
              117.773438,
              24.051991
            ],
            [
              117.949219,
              24.292713
            ],
            [
              118.125,
              24.452941
            ],
            [
              118.300781,
              24.532979
            ],
            [
              118.564453,
              24.692901
            ],
            [
              118.740234,
              24.852618
            ],
            [
              118.828125,
              25.01213
            ],
            [
              119.003906,
              25.171434
            ],
            [
              119.091797,
              25.410001
            ],
            [
              119.267578,
              25.489419
            ],
            [
              119.355469,
              25.648097
            ],
            [
              119.443359,
              25.806564
            ],
            [
              119.619141,
              25.885718
            ],
            [
              119.707031,
              26.201804
            ],
            [
              119.794922,
              26.359527
            ],
            [
              119.882813,
              26.674326
            ],
            [
              119.970703,
              26.831401
            ],
            [
              120.058594,
              26.988259
            ],
            [
              120.146484,
              27.144898
            ],
            [
              120.234375,
              27.379446
            ],
            [
              120.322266,
              27.535536
            ],
            [
              120.410156,
              27.691404
            ],
            [
              120.585938,
              27.84705
            ],
            [
              120.673828,
              28.002473
            ],
            [
              120.761719,
              28.157672
            ],
            [
              120.9375,
              28.390049
            ],
            [
              121.113281,
              28.544685
            ],
            [
              121.201172,
              28.699094
            ],
            [
              121.289063,
              28.853275
            ],
            [
              121.464844,
              29.08412
            ],
            [
              121.640625,
              29.237729
            ],
            [
              121.728516,
              29.391109
            ],
            [
              121.816406,
              29.620745
            ],
            [
              121.904297,
              29.849858
            ],
            [
              121.992188,
              30.078448
            ],
            [
              122.080078,
              30.382413
            ],
            [
              122.080078,
              30.609769
            ],
            [
              122.167969,
              30.912082
            ],
            [
              122.167969,
              31.138191
            ],
            [
              122.167969,
              31.363763
            ],
            [
              122.167969,
              31.588795
            ],
            [
              122.080078,
              31.738516
            ],
            [
              122.080078,
              31.962643
            ],
            [
              121.992188,
              32.111758
            ],
            [
              121.816406,
              32.26063
            ],
            [
              121.728516,
              32.409258
            ],
            [
              121.640625,
              32.557642
            ],
            [
              121.552734,
              32.705781
            ],
            [
              121.464844,
              32.853674
            ],
            [
              121.289063,
              33.001321
            ],
            [
              121.201172,
              33.148722
            ],
            [
              121.025391,
              33.295875
            ],
            [
              120.849609,
              33.51614
            ],
            [
              120.761719,
              33.662673
            ],
            [
              120.673828,
              33.808957
            ],
            [
              120.498047,
              33.882005
            ],
            [
              120.410156,
              34.027914
            ],
            [
              120.234375,
              34.100774
            ],
            [
              120.146484,
              34.246307
            ],
            [
              119.970703,
              34.318979
            ],
            [
              119.882813,
              34.464135
            ],
            [
              119.882813,
              34.681397
            ],
            [
              119.794922,
              34.89809
            ],
            [
              119.794922,
              35.186126
            ],
            [
              119.707031,
              35.401486
            ],
            [
              119.707031,
              35.616272
            ],
            [
              119.794922,
              35.759144
            ],
            [
              119.970703,
              35.830483
            ],
            [
              120.058594,
              35.97297
            ],
            [
              120.234375,
              36.044118
            ],
            [
              120.322266,
              36.186219
            ],
            [
              120.498047,
              36.257174
            ],
            [
              120.673828,
              36.398889
            ],
            [
              120.849609,
              36.46965
            ],
            [
              121.025391,
              36.540347
            ],
            [
              121.289063,
              36.540347
            ],
            [
              121.464844,
              36.610979
            ],
            [
              121.728516,
              36.610979
            ],
            [
              121.992188,
              36.610979
            ],
            [
              122.255859,
              36.681546
            ],
            [
              122.431641,
              36.752049
            ],
            [
              122.607422,
              36.822487
            ],
            [
              122.783203,
              36.963168
            ],
            [
              122.871094,
              37.10359
            ],
            [
              122.958984,
              37.243753
            ],
            [
              122.871094,
              37.523296
            ],
            [
              122.695313,
              37.593019
            ],
            [
              122.519531,
              37.662677
            ],
            [
              122.34375,
              37.732269
            ],
            [
              122.080078,
              37.732269
            ],
            [
              121.904297,
              37.801796
            ],
            [
              121.640625,
              37.801796
            ],
            [
              121.376953,
              37.871258
            ],
            [
              121.113281,
              37.871258
            ],
            [
              120.849609,
              37.871258
            ],
            [
              120.498047,
              37.801796
            ],
            [
              120.322266,
              37.732269
            ],
            [
              120.146484,
              37.662677
            ],
            [
              119.970703,
              37.593019
            ],
            [
              119.882813,
              37.453508
            ],
            [
              119.707031,
              37.383655
            ],
            [
              119.443359,
              37.383655
            ],
            [
              119.267578,
              37.523296
            ],
            [
              119.091797,
              37.593019
            ],
            [
              119.003906,
              37.732269
            ],
            [
              118.828125,
              37.871258
            ],
            [
              118.740234,
              38.009985
            ],
            [
              118.652344,
              38.14845
            ],
            [
              118.564453,
              38.286652
            ],
            [
              118.300781,
              38.286652
            ],
            [
              118.212891,
              38.14845
            ],
            [
              118.037109,
              38.07925
            ],
            [
              117.773438,
              38.07925
            ],
            [
              117.597656,
              38.009985
            ],
            [
              117.333984,
              38.009985
            ],
            [
              117.158203,
              37.940654
            ],
            [
              116.806641,
              37.940654
            ],
            [
              116.542969,
              37.871258
            ],
            [
              116.367188,
              37.801796
            ],
            [
              116.103516,
              37.801796
            ],
            [
              115.839844,
              37.801796
            ],
            [
              115.664063,
              37.732269
            ],
            [
              115.400391,
              37.662677
            ],
            [
              115.136719,
              37.662677
            ],
            [
              114.960938,
              37.593019
            ],
            [
              114.785156,
              37.523296
            ],
            [
              114.521484,
              37.453508
            ],
            [
              114.345703,
              37.383655
            ],
            [
              114.169922,
              37.313736
            ],
            [
              113.90625,
              37.243753
            ],
            [
              113.818359,
              37.10359
            ],
            [
              113.90625,
              36.963168
            ],
            [
              113.994141,
              36.752049
            ],
            [
              114.169922,
              36.681546
            ],
            [
              114.345703,
              36.540347
            ],
            [
              114.521484,
              36.398889
            ],
            [
              114.609375,
              36.257174
            ],
            [
              114.697266,
              36.044118
            ],
            [
              114.697266,
              35.830483
            ],
            [
              114.785156,
              35.68774
            ],
            [
              114.873047,
              35.544741
            ],
            [
              114.960938,
              35.401486
            ],
            [
              115.048828,
              35.257976
            ],
            [
              115.136719,
              35.114212
            ],
            [
              115.224609,
              34.970194
            ],
            [
              115.224609,
              34.753691
            ],
            [
              115.3125,
              34.609039
            ],
            [
              115.400391,
              34.464135
            ],
            [
              115.3125,
              34.318979
            ],
            [
              115.136719,
              34.246307
            ],
            [
              114.960938,
              34.173572
            ],
            [
              114.697266,
              34.173572
            ],
            [
              114.433594,
              34.173572
            ],
            [
              114.257813,
              34.246307
            ],
            [
              113.994141,
              34.246307
            ],
            [
              113.730469,
              34.246307
            ],
            [
              113.554688,
              34.318979
            ],
            [
              113.291016,
              34.318979
            ],
            [
              113.027344,
              34.318979
            ],
            [
              112.763672,
              34.318979
            ],
            [
              112.5,
              34.246307
            ],
            [
              112.236328,
              34.246307
            ],
            [
              112.060547,
              34.173572
            ],
            [
              111.884766,
              34.100774
            ],
            [
              111.621094,
              34.100774
            ],
            [
              111.357422,
              34.100774
            ],
            [
              111.09375,
              34.027914
            ],
            [
              110.830078,
              34.027914
            ],
            [
              110.566406,
              34.027914
            ],
            [
              110.302734,
              34.027914
            ],
            [
              110.126953,
              33.95499
            ],
            [
              109.863281,
              33.95499
            ],
            [
              109.599609,
              33.95499
            ],
            [
              109.423828,
              33.882005
            ],
            [
              109.160156,
              33.882005
            ],
            [
              108.984375,
              33.808957
            ],
            [
              108.720703,
              33.808957
            ],
            [
              108.544922,
              33.735846
            ],
            [
              108.28125,
              33.735846
            ],
            [
              108.105469,
              33.662673
            ],
            [
              107.841797,
              33.662673
            ],
            [
              107.578125,
              33.589438
            ],
            [
              107.314453,
              33.589438
            ],
            [
              107.138672,
              33.662673
            ],
            [
              106.962891,
              33.662673
            ],
            [
              107.226563,
              33.662673
            ]
          ]
        ]
      }
    },
    {
      "type": "Feature",
      "properties": {
        "NAME": "고구려",
        "name": "고구려",
        "color": "#ef4444",
        "fill": "#ef4444",
        "fill-opacity": 0.5,
        "stroke": "#ef4444",
        "stroke-width": 2,
        "originalType": "polygon"
      },
      "geometry": {
        "type": "Polygon",
        "coordinates": [
          [
            [
              125.463867,
              45.13147
            ],
            [
              125.375977,
              45.100437
            ],
            [
              125.244141,
              45.038321
            ],
            [
              125.15625,
              45.007238
            ],
            [
              125.024414,
              44.976137
            ],
            [
              124.936523,
              44.94502
            ],
            [
              124.848633,
              44.913886
            ],
            [
              124.716797,
              44.882735
            ],
            [
              124.541016,
              44.882735
            ],
            [
              124.40918,
              44.882735
            ],
            [
              124.277344,
              44.882735
            ],
            [
              124.189453,
              44.851567
            ],
            [
              124.013672,
              44.851567
            ],
            [
              123.881836,
              44.851567
            ],
            [
              123.75,
              44.851567
            ],
            [
              123.574219,
              44.851567
            ],
            [
              123.442383,
              44.789181
            ],
            [
              123.310547,
              44.757962
            ],
            [
              123.178711,
              44.695474
            ],
            [
              123.09082,
              44.664205
            ],
            [
              122.958984,
              44.601616
            ],
            [
              122.827148,
              44.570297
            ],
            [
              122.695313,
              44.53896
            ],
            [
              122.607422,
              44.507606
            ],
            [
              122.519531,
              44.476236
            ],
            [
              122.387695,
              44.476236
            ],
            [
              122.299805,
              44.444849
            ],
            [
              122.211914,
              44.413445
            ],
            [
              122.080078,
              44.382024
            ],
            [
              121.948242,
              44.382024
            ],
            [
              121.816406,
              44.382024
            ],
            [
              121.68457,
              44.382024
            ],
            [
              121.508789,
              44.382024
            ],
            [
              121.420898,
              44.413445
            ],
            [
              121.333008,
              44.444849
            ],
            [
              121.245117,
              44.507606
            ],
            [
              121.157227,
              44.570297
            ],
            [
              121.069336,
              44.632919
            ],
            [
              120.981445,
              44.695474
            ],
            [
              120.893555,
              44.726727
            ],
            [
              120.805664,
              44.757962
            ],
            [
              120.717773,
              44.789181
            ],
            [
              120.629883,
              44.820382
            ],
            [
              120.541992,
              44.851567
            ],
            [
              120.410156,
              44.851567
            ],
            [
              120.322266,
              44.882735
            ],
            [
              120.19043,
              44.913886
            ],
            [
              120.102539,
              44.94502
            ],
            [
              120.014648,
              44.976137
            ],
            [
              119.926758,
              45.007238
            ],
            [
              119.838867,
              45.038321
            ],
            [
              119.750977,
              45.069388
            ],
            [
              119.619141,
              45.100437
            ],
            [
              119.487305,
              45.100437
            ],
            [
              119.399414,
              45.13147
            ],
            [
              119.267578,
              45.13147
            ],
            [
              119.179688,
              45.100437
            ],
            [
              119.091797,
              45.069388
            ],
            [
              118.916016,
              45.038321
            ],
            [
              118.828125,
              45.007238
            ],
            [
              118.740234,
              44.976137
            ],
            [
              118.652344,
              44.913886
            ],
            [
              118.608398,
              44.851567
            ],
            [
              118.564453,
              44.789181
            ],
            [
              118.564453,
              44.695474
            ],
            [
              118.608398,
              44.632919
            ],
            [
              118.652344,
              44.570297
            ],
            [
              118.696289,
              44.507606
            ],
            [
              118.740234,
              44.444849
            ],
            [
              118.740234,
              44.350586
            ],
            [
              118.828125,
              44.319131
            ],
            [
              118.87207,
              44.224666
            ],
            [
              118.959961,
              44.161604
            ],
            [
              119.003906,
              44.098475
            ],
            [
              119.047852,
              44.035279
            ],
            [
              119.091797,
              43.972015
            ],
            [
              119.135742,
              43.908684
            ],
            [
              119.223633,
              43.845285
            ],
            [
              119.267578,
              43.781819
            ],
            [
              119.311523,
              43.718286
            ],
            [
              119.355469,
              43.654685
            ],
            [
              119.399414,
              43.591016
            ],
            [
              119.443359,
              43.52728
            ],
            [
              119.487305,
              43.463477
            ],
            [
              119.575195,
              43.399606
            ],
            [
              119.619141,
              43.335668
            ],
            [
              119.663086,
              43.271663
            ],
            [
              119.750977,
              43.20759
            ],
            [
              119.794922,
              43.14345
            ],
            [
              119.882813,
              43.079242
            ],
            [
              119.970703,
              43.014967
            ],
            [
              120.058594,
              42.950625
            ],
            [
              120.146484,
              42.918428
            ],
            [
              120.234375,
              42.886215
            ],
            [
              120.322266,
              42.853985
            ],
            [
              120.410156,
              42.789475
            ],
            [
              120.498047,
              42.724897
            ],
            [
              120.541992,
              42.660251
            ],
            [
              120.629883,
              42.595539
            ],
            [
              120.717773,
              42.530759
            ],
            [
              120.761719,
              42.433463
            ],
            [
              120.805664,
              42.368516
            ],
            [
              120.849609,
              42.3035
            ],
            [
              120.893555,
              42.238418
            ],
            [
              120.9375,
              42.173269
            ],
            [
              120.981445,
              42.108052
            ],
            [
              121.025391,
              42.042768
            ],
            [
              121.069336,
              41.977417
            ],
            [
              121.113281,
              41.879265
            ],
            [
              121.157227,
              41.813746
            ],
            [
              121.201172,
              41.74816
            ],
            [
              121.289063,
              41.682507
            ],
            [
              121.333008,
              41.551
            ],
            [
              121.333008,
              41.419225
            ],
            [
              121.376953,
              41.353237
            ],
            [
              121.376953,
              41.254129
            ],
            [
              121.376953,
              41.154871
            ],
            [
              121.420898,
              41.088616
            ],
            [
              121.376953,
              41.022293
            ],
            [
              121.376953,
              40.922684
            ],
            [
              121.464844,
              40.856194
            ],
            [
              121.552734,
              40.789637
            ],
            [
              121.640625,
              40.756334
            ],
            [
              121.728516,
              40.723014
            ],
            [
              121.816406,
              40.689677
            ],
            [
              121.948242,
              40.656324
            ],
            [
              122.124023,
              40.656324
            ],
            [
              122.211914,
              40.622954
            ],
            [
              122.299805,
              40.589567
            ],
            [
              122.387695,
              40.556164
            ],
            [
              122.34375,
              40.489307
            ],
            [
              122.299805,
              40.422383
            ],
            [
              122.211914,
              40.355393
            ],
            [
              122.124023,
              40.321873
            ],
            [
              122.036133,
              40.254783
            ],
            [
              121.948242,
              40.187627
            ],
            [
              121.904297,
              40.086767
            ],
            [
              121.816406,
              40.053114
            ],
            [
              121.728516,
              39.952054
            ],
            [
              121.68457,
              39.850845
            ],
            [
              121.640625,
              39.78329
            ],
            [
              121.59668,
              39.715668
            ],
            [
              121.552734,
              39.647979
            ],
            [
              121.508789,
              39.580225
            ],
            [
              121.464844,
              39.512404
            ],
            [
              121.464844,
              39.410548
            ],
            [
              121.420898,
              39.308543
            ],
            [
              121.376953,
              39.172306
            ],
            [
              121.376953,
              39.069954
            ],
            [
              121.376953,
              38.967453
            ],
            [
              121.464844,
              38.899037
            ],
            [
              121.640625,
              38.864804
            ],
            [
              121.772461,
              38.864804
            ],
            [
              121.948242,
              38.864804
            ],
            [
              122.080078,
              38.864804
            ],
            [
              122.211914,
              38.864804
            ],
            [
              122.34375,
              38.864804
            ],
            [
              122.475586,
              38.899037
            ],
            [
              122.563477,
              38.933253
            ],
            [
              122.651367,
              38.967453
            ],
            [
              122.739258,
              39.001636
            ],
            [
              122.871094,
              39.069954
            ],
            [
              122.958984,
              39.138205
            ],
            [
              123.046875,
              39.20639
            ],
            [
              123.134766,
              39.274509
            ],
            [
              123.266602,
              39.308543
            ],
            [
              123.354492,
              39.376563
            ],
            [
              123.486328,
              39.444517
            ],
            [
              123.574219,
              39.512404
            ],
            [
              123.706055,
              39.546323
            ],
            [
              123.793945,
              39.580225
            ],
            [
              123.969727,
              39.61411
            ],
            [
              124.101563,
              39.61411
            ],
            [
              124.277344,
              39.61411
            ],
            [
              124.365234,
              39.580225
            ],
            [
              124.49707,
              39.580225
            ],
            [
              124.628906,
              39.512404
            ],
            [
              124.760742,
              39.478469
            ],
            [
              124.848633,
              39.444517
            ],
            [
              124.892578,
              39.376563
            ],
            [
              124.936523,
              39.274509
            ],
            [
              124.892578,
              39.172306
            ],
            [
              124.848633,
              39.104087
            ],
            [
              124.804688,
              39.001636
            ],
            [
              124.760742,
              38.933253
            ],
            [
              124.760742,
              38.830554
            ],
            [
              124.716797,
              38.762006
            ],
            [
              124.672852,
              38.693392
            ],
            [
              124.672852,
              38.590347
            ],
            [
              124.672852,
              38.487155
            ],
            [
              124.672852,
              38.383814
            ],
            [
              124.672852,
              38.280325
            ],
            [
              124.716797,
              38.176689
            ],
            [
              124.716797,
              38.072905
            ],
            [
              124.760742,
              38.003634
            ],
            [
              124.892578,
              37.934297
            ],
            [
              124.980469,
              37.899604
            ],
            [
              125.068359,
              37.864895
            ],
            [
              125.244141,
              37.864895
            ],
            [
              125.375977,
              37.864895
            ],
            [
              125.551758,
              37.864895
            ],
            [
              125.683594,
              37.864895
            ],
            [
              125.81543,
              37.864895
            ],
            [
              125.947266,
              37.864895
            ],
            [
              126.035156,
              37.899604
            ],
            [
              126.210938,
              37.899604
            ],
            [
              126.342773,
              37.899604
            ],
            [
              126.474609,
              37.864895
            ],
            [
              126.518555,
              37.795427
            ],
            [
              126.518555,
              37.691103
            ],
            [
              126.474609,
              37.621472
            ],
            [
              126.474609,
              37.516903
            ],
            [
              126.430664,
              37.447109
            ],
            [
              126.430664,
              37.342296
            ],
            [
              126.474609,
              37.272339
            ],
            [
              126.5625,
              37.237336
            ],
            [
              126.694336,
              37.237336
            ],
            [
              126.826172,
              37.237336
            ],
            [
              126.958008,
              37.272339
            ],
            [
              127.045898,
              37.342296
            ],
            [
              127.133789,
              37.37725
            ],
            [
              127.22168,
              37.447109
            ],
            [
              127.265625,
              37.516903
            ],
            [
              127.353516,
              37.551776
            ],
            [
              127.485352,
              37.551776
            ],
            [
              127.617188,
              37.551776
            ],
            [
              127.749023,
              37.551776
            ],
            [
              127.880859,
              37.551776
            ],
            [
              127.96875,
              37.516903
            ],
            [
              128.056641,
              37.482014
            ],
            [
              128.144531,
              37.447109
            ],
            [
              128.144531,
              37.342296
            ],
            [
              128.100586,
              37.272339
            ],
            [
              128.144531,
              37.202317
            ],
            [
              128.320313,
              37.167281
            ],
            [
              128.496094,
              37.13223
            ],
            [
              128.62793,
              37.13223
            ],
            [
              128.71582,
              37.097162
            ],
            [
              128.847656,
              37.097162
            ],
            [
              128.979492,
              37.097162
            ],
            [
              129.111328,
              37.097162
            ],
            [
              129.243164,
              37.13223
            ],
            [
              129.375,
              37.13223
            ],
            [
              129.418945,
              37.202317
            ],
            [
              129.418945,
              37.307325
            ],
            [
              129.418945,
              37.447109
            ],
            [
              129.418945,
              37.551776
            ],
            [
              129.375,
              37.621472
            ],
            [
              129.331055,
              37.725894
            ],
            [
              129.287109,
              37.795427
            ],
            [
              129.243164,
              37.864895
            ],
            [
              129.155273,
              37.934297
            ],
            [
              129.111328,
              38.003634
            ],
            [
              129.067383,
              38.107516
            ],
            [
              129.023438,
              38.176689
            ],
            [
              128.979492,
              38.245796
            ],
            [
              128.935547,
              38.314838
            ],
            [
              128.847656,
              38.418277
            ],
            [
              128.759766,
              38.487155
            ],
            [
              128.671875,
              38.590347
            ],
            [
              128.583984,
              38.65906
            ],
            [
              128.496094,
              38.727707
            ],
            [
              128.452148,
              38.796289
            ],
            [
              128.364258,
              38.830554
            ],
            [
              128.320313,
              38.899037
            ],
            [
              128.232422,
              38.967453
            ],
            [
              128.144531,
              39.035803
            ],
            [
              128.056641,
              39.104087
            ],
            [
              127.96875,
              39.138205
            ],
            [
              127.880859,
              39.172306
            ],
            [
              127.792969,
              39.20639
            ],
            [
              127.705078,
              39.240458
            ],
            [
              127.661133,
              39.308543
            ],
            [
              127.617188,
              39.376563
            ],
            [
              127.617188,
              39.512404
            ],
            [
              127.617188,
              39.647979
            ],
            [
              127.617188,
              39.749487
            ],
            [
              127.661133,
              39.817076
            ],
            [
              127.749023,
              39.850845
            ],
            [
              127.836914,
              39.918335
            ],
            [
              127.96875,
              39.952054
            ],
            [
              128.056641,
              39.985757
            ],
            [
              128.144531,
              40.019444
            ],
            [
              128.276367,
              40.086767
            ],
            [
              128.364258,
              40.120403
            ],
            [
              128.452148,
              40.154023
            ],
            [
              128.583984,
              40.187627
            ],
            [
              128.71582,
              40.221213
            ],
            [
              128.847656,
              40.221213
            ],
            [
              128.935547,
              40.288337
            ],
            [
              129.023438,
              40.321873
            ],
            [
              129.111328,
              40.388897
            ],
            [
              129.199219,
              40.489307
            ],
            [
              129.287109,
              40.522744
            ],
            [
              129.331055,
              40.589567
            ],
            [
              129.418945,
              40.656324
            ],
            [
              129.462891,
              40.723014
            ],
            [
              129.506836,
              40.789637
            ],
            [
              129.594727,
              40.856194
            ],
            [
              129.638672,
              40.922684
            ],
            [
              129.638672,
              41.022293
            ],
            [
              129.682617,
              41.088616
            ],
            [
              129.770508,
              41.187974
            ],
            [
              129.814453,
              41.287182
            ],
            [
              129.858398,
              41.386239
            ],
            [
              129.946289,
              41.452194
            ],
            [
              129.990234,
              41.551
            ],
            [
              130.078125,
              41.616787
            ],
            [
              130.209961,
              41.715342
            ],
            [
              130.297852,
              41.813746
            ],
            [
              130.385742,
              41.846514
            ],
            [
              130.517578,
              41.944716
            ],
            [
              130.561523,
              42.010101
            ],
            [
              130.605469,
              42.075418
            ],
            [
              130.693359,
              42.140669
            ],
            [
              130.737305,
              42.238418
            ],
            [
              130.78125,
              42.3035
            ],
            [
              130.825195,
              42.368516
            ],
            [
              130.869141,
              42.433463
            ],
            [
              130.957031,
              42.465912
            ],
            [
              131.044922,
              42.530759
            ],
            [
              131.132813,
              42.563157
            ],
            [
              131.220703,
              42.627904
            ],
            [
              131.308594,
              42.660251
            ],
            [
              131.396484,
              42.724897
            ],
            [
              131.484375,
              42.757194
            ],
            [
              131.616211,
              42.821738
            ],
            [
              131.748047,
              42.821738
            ],
            [
              131.923828,
              42.821738
            ],
            [
              132.055664,
              42.821738
            ],
            [
              132.143555,
              42.789475
            ],
            [
              132.231445,
              42.757194
            ],
            [
              132.319336,
              42.724897
            ],
            [
              132.407227,
              42.692582
            ],
            [
              132.495117,
              42.660251
            ],
            [
              132.583008,
              42.627904
            ],
            [
              132.670898,
              42.595539
            ],
            [
              132.802734,
              42.595539
            ],
            [
              132.93457,
              42.595539
            ],
            [
              133.066406,
              42.595539
            ],
            [
              133.154297,
              42.660251
            ],
            [
              133.242188,
              42.724897
            ],
            [
              133.330078,
              42.789475
            ],
            [
              133.374023,
              42.853985
            ],
            [
              133.374023,
              42.950625
            ],
            [
              133.461914,
              43.014967
            ],
            [
              133.461914,
              43.111354
            ],
            [
              133.505859,
              43.175528
            ],
            [
              133.505859,
              43.271663
            ],
            [
              133.505859,
              43.367646
            ],
            [
              133.505859,
              43.463477
            ],
            [
              133.549805,
              43.52728
            ],
            [
              133.59375,
              43.622859
            ],
            [
              133.637695,
              43.718286
            ],
            [
              133.681641,
              43.813561
            ],
            [
              133.681641,
              43.908684
            ],
            [
              133.681641,
              44.003656
            ],
            [
              133.681641,
              44.098475
            ],
            [
              133.681641,
              44.193143
            ],
            [
              133.681641,
              44.287659
            ],
            [
              133.681641,
              44.382024
            ],
            [
              133.725586,
              44.476236
            ],
            [
              133.725586,
              44.570297
            ],
            [
              133.725586,
              44.664205
            ],
            [
              133.725586,
              44.757962
            ],
            [
              133.725586,
              44.851567
            ],
            [
              133.725586,
              44.94502
            ],
            [
              133.725586,
              45.038321
            ],
            [
              133.725586,
              45.13147
            ],
            [
              133.725586,
              45.224468
            ],
            [
              133.769531,
              45.317313
            ],
            [
              133.769531,
              45.410007
            ],
            [
              133.769531,
              45.502548
            ],
            [
              133.813477,
              45.564159
            ],
            [
              133.813477,
              45.656447
            ],
            [
              133.813477,
              45.717888
            ],
            [
              133.813477,
              45.809924
            ],
            [
              133.813477,
              45.932402
            ],
            [
              133.813477,
              46.024083
            ],
            [
              133.813477,
              46.115613
            ],
            [
              133.813477,
              46.237416
            ],
            [
              133.813477,
              46.328591
            ],
            [
              133.813477,
              46.419615
            ],
            [
              133.813477,
              46.510487
            ],
            [
              133.813477,
              46.601207
            ],
            [
              133.813477,
              46.691776
            ],
            [
              133.813477,
              46.782193
            ],
            [
              133.769531,
              46.872458
            ],
            [
              133.725586,
              46.932551
            ],
            [
              133.681641,
              46.992577
            ],
            [
              133.681641,
              47.082488
            ],
            [
              133.637695,
              47.172249
            ],
            [
              133.59375,
              47.291694
            ],
            [
              133.549805,
              47.381101
            ],
            [
              133.505859,
              47.440621
            ],
            [
              133.461914,
              47.500074
            ],
            [
              133.417969,
              47.55946
            ],
            [
              133.374023,
              47.618779
            ],
            [
              133.330078,
              47.678031
            ],
            [
              133.286133,
              47.737215
            ],
            [
              133.242188,
              47.796333
            ],
            [
              133.154297,
              47.855383
            ],
            [
              133.110352,
              47.914365
            ],
            [
              133.066406,
              47.973281
            ],
            [
              133.022461,
              48.03213
            ],
            [
              132.93457,
              48.090911
            ],
            [
              132.890625,
              48.149625
            ],
            [
              132.802734,
              48.178957
            ],
            [
              132.714844,
              48.237571
            ],
            [
              132.626953,
              48.296118
            ],
            [
              132.583008,
              48.354597
            ],
            [
              132.495117,
              48.41301
            ],
            [
              132.363281,
              48.500503
            ],
            [
              132.319336,
              48.558748
            ],
            [
              132.231445,
              48.645989
            ],
            [
              132.143555,
              48.704067
            ],
            [
              132.055664,
              48.762077
            ],
            [
              132.011719,
              48.820021
            ],
            [
              131.923828,
              48.848968
            ],
            [
              131.835938,
              48.906811
            ],
            [
              131.748047,
              48.964587
            ],
            [
              131.616211,
              48.993451
            ],
            [
              131.52832,
              49.022297
            ],
            [
              131.396484,
              49.022297
            ],
            [
              131.308594,
              49.051127
            ],
            [
              131.176758,
              49.051127
            ],
            [
              131.088867,
              49.07994
            ],
            [
              130.957031,
              49.07994
            ],
            [
              130.825195,
              49.07994
            ],
            [
              130.693359,
              49.07994
            ],
            [
              130.605469,
              49.051127
            ],
            [
              130.473633,
              49.022297
            ],
            [
              130.385742,
              48.993451
            ],
            [
              130.297852,
              48.964587
            ],
            [
              130.209961,
              48.935708
            ],
            [
              130.12207,
              48.906811
            ],
            [
              130.03418,
              48.877898
            ],
            [
              129.902344,
              48.848968
            ],
            [
              129.814453,
              48.791058
            ],
            [
              129.726563,
              48.704067
            ],
            [
              129.682617,
              48.645989
            ],
            [
              129.638672,
              48.587845
            ],
            [
              129.594727,
              48.529633
            ],
            [
              129.506836,
              48.471355
            ],
            [
              129.462891,
              48.41301
            ],
            [
              129.418945,
              48.354597
            ],
            [
              129.375,
              48.266853
            ],
            [
              129.331055,
              48.149625
            ],
            [
              129.287109,
              48.090911
            ],
            [
              129.243164,
              48.03213
            ],
            [
              129.199219,
              47.943832
            ],
            [
              129.155273,
              47.884882
            ],
            [
              129.155273,
              47.796333
            ],
            [
              129.111328,
              47.707632
            ],
            [
              129.111328,
              47.618779
            ],
            [
              129.067383,
              47.529776
            ],
            [
              129.067383,
              47.440621
            ],
            [
              129.023438,
              47.381101
            ],
            [
              128.979492,
              47.291694
            ],
            [
              128.935547,
              47.202135
            ],
            [
              128.891602,
              47.142345
            ],
            [
              128.891602,
              47.052535
            ],
            [
              128.847656,
              46.992577
            ],
            [
              128.803711,
              46.932551
            ],
            [
              128.803711,
              46.842387
            ],
            [
              128.759766,
              46.752071
            ],
            [
              128.71582,
              46.691776
            ],
            [
              128.671875,
              46.601207
            ],
            [
              128.62793,
              46.540744
            ],
            [
              128.583984,
              46.480213
            ],
            [
              128.540039,
              46.419615
            ],
            [
              128.496094,
              46.358949
            ],
            [
              128.452148,
              46.298216
            ],
            [
              128.364258,
              46.237416
            ],
            [
              128.276367,
              46.146089
            ],
            [
              128.232422,
              46.08512
            ],
            [
              128.188477,
              46.024083
            ],
            [
              128.144531,
              45.932402
            ],
            [
              128.100586,
              45.871197
            ],
            [
              128.056641,
              45.809924
            ],
            [
              128.012695,
              45.748584
            ],
            [
              127.96875,
              45.687176
            ],
            [
              127.880859,
              45.625701
            ],
            [
              127.792969,
              45.564159
            ],
            [
              127.749023,
              45.502548
            ],
            [
              127.661133,
              45.440871
            ],
            [
              127.617188,
              45.379126
            ],
            [
              127.529297,
              45.317313
            ],
            [
              127.441406,
              45.286381
            ],
            [
              127.353516,
              45.255433
            ],
            [
              127.265625,
              45.224468
            ],
            [
              127.133789,
              45.224468
            ],
            [
              127.001953,
              45.193485
            ],
            [
              126.870117,
              45.193485
            ],
            [
              126.738281,
              45.193485
            ],
            [
              126.606445,
              45.193485
            ],
            [
              126.474609,
              45.193485
            ],
            [
              126.342773,
              45.193485
            ],
            [
              126.166992,
              45.224468
            ],
            [
              126.035156,
              45.224468
            ],
            [
              125.90332,
              45.224468
            ],
            [
              125.771484,
              45.193485
            ],
            [
              125.683594,
              45.162486
            ],
            [
              125.595703,
              45.13147
            ],
            [
              125.507813,
              45.100437
            ],
            [
              125.419922,
              45.069388
            ],
            [
              125.419922,
              45.069388
            ],
            [
              125.463867,
              45.13147
            ]
          ]
        ]
      }
    },
    {
      "type": "Feature",
      "properties": {
        "NAME": "두막루",
        "name": "두막루",
        "color": "#ef4444",
        "fill": "#ef4444",
        "fill-opacity": 0.5,
        "stroke": "#ef4444",
        "stroke-width": 2,
        "originalType": "polygon"
      },
      "geometry": {
        "type": "Polygon",
        "coordinates": [
          [
            [
              130.737305,
              50.134298
            ],
            [
              130.649414,
              50.106101
            ],
            [
              130.517578,
              50.106101
            ],
            [
              130.385742,
              50.077888
            ],
            [
              130.253906,
              50.049658
            ],
            [
              130.078125,
              50.021412
            ],
            [
              129.946289,
              50.021412
            ],
            [
              129.814453,
              49.993149
            ],
            [
              129.726563,
              49.964869
            ],
            [
              129.638672,
              49.936573
            ],
            [
              129.462891,
              49.90826
            ],
            [
              129.331055,
              49.87993
            ],
            [
              129.243164,
              49.851584
            ],
            [
              129.155273,
              49.823221
            ],
            [
              129.067383,
              49.794842
            ],
            [
              128.979492,
              49.766446
            ],
            [
              128.891602,
              49.738033
            ],
            [
              128.803711,
              49.709604
            ],
            [
              128.71582,
              49.681158
            ],
            [
              128.62793,
              49.624215
            ],
            [
              128.540039,
              49.567207
            ],
            [
              128.452148,
              49.510131
            ],
            [
              128.364258,
              49.452989
            ],
            [
              128.364258,
              49.367151
            ],
            [
              128.408203,
              49.309843
            ],
            [
              128.452148,
              49.223754
            ],
            [
              128.452148,
              49.137516
            ],
            [
              128.540039,
              49.07994
            ],
            [
              128.62793,
              49.051127
            ],
            [
              128.71582,
              49.022297
            ],
            [
              128.847656,
              49.022297
            ],
            [
              128.935547,
              48.993451
            ],
            [
              129.067383,
              48.993451
            ],
            [
              129.155273,
              48.964587
            ],
            [
              129.375,
              48.935708
            ],
            [
              129.506836,
              48.935708
            ],
            [
              129.594727,
              48.964587
            ],
            [
              129.726563,
              48.964587
            ],
            [
              129.814453,
              48.993451
            ],
            [
              129.902344,
              49.022297
            ],
            [
              129.990234,
              49.051127
            ],
            [
              130.078125,
              49.07994
            ],
            [
              130.166016,
              49.108736
            ],
            [
              130.297852,
              49.137516
            ],
            [
              130.429688,
              49.137516
            ],
            [
              130.517578,
              49.166278
            ],
            [
              130.605469,
              49.195025
            ],
            [
              130.693359,
              49.223754
            ],
            [
              130.78125,
              49.281163
            ],
            [
              130.913086,
              49.281163
            ],
            [
              131.044922,
              49.309843
            ],
            [
              131.132813,
              49.338505
            ],
            [
              131.264648,
              49.367151
            ],
            [
              131.352539,
              49.395781
            ],
            [
              131.396484,
              49.452989
            ],
            [
              131.396484,
              49.538677
            ],
            [
              131.396484,
              49.624215
            ],
            [
              131.352539,
              49.681158
            ],
            [
              131.352539,
              49.766446
            ],
            [
              131.308594,
              49.851584
            ],
            [
              131.308594,
              49.936573
            ],
            [
              131.308594,
              50.021412
            ],
            [
              131.308594,
              50.106101
            ],
            [
              131.220703,
              50.134298
            ],
            [
              131.132813,
              50.162478
            ],
            [
              131.044922,
              50.134298
            ],
            [
              130.957031,
              50.106101
            ],
            [
              130.825195,
              50.106101
            ],
            [
              130.693359,
              50.106101
            ],
            [
              130.693359,
              50.077888
            ],
            [
              130.737305,
              50.134298
            ]
          ]
        ]
      }
    },
    {
      "type": "Feature",
      "properties": {
        "NAME": "북연",
        "name": "420-436",
        "color": "#ef4444",
        "fill": "#ef4444",
        "fill-opacity": 0.5,
        "stroke": "#ef4444",
        "stroke-width": 2,
        "originalType": "polyline"
      },
      "geometry": {
        "type": "Polygon",
        "coordinates": [
          [
            [
              118.43261718750001,
              38.420043483765795
            ],
            [
              118.30078125000001,
              38.45448956455257
            ],
            [
              118.1689453125,
              38.488919207426235
            ],
            [
              118.08105468750001,
              38.52333240780466
            ],
            [
              117.94921875000001,
              38.55772916113168
            ],
            [
              117.86132812500001,
              38.592109462877026
            ],
            [
              117.81738281250001,
              38.66082069363073
            ],
            [
              117.81738281250001,
              38.763764041127324
            ],
            [
              117.86132812500001,
              38.83231055568794
            ],
            [
              117.90527343750001,
              38.9350066651339
            ],
            [
              117.99316406250001,
              39.003388246651205
            ],
            [
              118.03710937500001,
              39.0717037956684
            ],
            [
              118.12500000000001,
              39.1058367975788
            ],
            [
              118.21289062500001,
              39.139953278922334
            ],
            [
              118.30078125000001,
              39.17405323560473
            ],
            [
              118.38867187500001,
              39.20813666355718
            ],
            [
              118.47656250000001,
              39.242203558736165
            ],
            [
              118.56445312500001,
              39.31028773472664
            ],
            [
              118.65234375000001,
              39.34430500757776
            ],
            [
              118.7841796875,
              39.378305731734706
            ],
            [
              118.91601562500001,
              39.378305731734706
            ],
            [
              119.00390625000001,
              39.41228990328047
            ],
            [
              119.09179687500001,
              39.446257518323186
            ],
            [
              119.22363281250001,
              39.48020857299626
            ],
            [
              119.31152343750001,
              39.51414306345815
            ],
            [
              119.44335937500001,
              39.581962336508106
            ],
            [
              119.53125000000001,
              39.649715307243
            ],
            [
              119.57519531250001,
              39.71740194583343
            ],
            [
              119.66308593750001,
              39.78502222284961
            ],
            [
              119.70703125000001,
              39.852576109260575
            ],
            [
              119.79492187500001,
              39.92006357643315
            ],
            [
              119.88281250000001,
              39.953782393965746
            ],
            [
              119.92675781250001,
              40.05483914051434
            ],
            [
              119.97070312500001,
              40.12212718213765
            ],
            [
              120.05859375000001,
              40.155746255945566
            ],
            [
              120.14648437500001,
              40.22293449283147
            ],
            [
              120.19042968750001,
              40.29005616006712
            ],
            [
              120.27832031250001,
              40.32359202190409
            ],
            [
              120.36621093750001,
              40.35711123158296
            ],
            [
              120.41015625000001,
              40.42409968170028
            ],
            [
              120.49804687500001,
              40.49102148513038
            ],
            [
              120.54199218750001,
              40.55787661697351
            ],
            [
              120.58593750000001,
              40.624665052718115
            ],
            [
              120.6298828125,
              40.691386768239674
            ],
            [
              120.71777343750001,
              40.72472259848355
            ],
            [
              120.80566406250001,
              40.75804173979994
            ],
            [
              120.84960937500001,
              40.824629944045896
            ],
            [
              120.89355468750001,
              40.89115135800878
            ],
            [
              120.93750000000001,
              40.957605959103205
            ],
            [
              120.98144531250001,
              41.090314634256096
            ],
            [
              120.98144531250001,
              41.18967059447796
            ],
            [
              120.98144531250001,
              41.321911012044126
            ],
            [
              120.98144531250001,
              41.42091558933404
            ],
            [
              120.98144531250001,
              41.51976946201235
            ],
            [
              120.93750000000001,
              41.61847256566651
            ],
            [
              120.89355468750001,
              41.74984206648523
            ],
            [
              120.89355468750001,
              41.848193135855304
            ],
            [
              120.84960937500001,
              41.94639323509607
            ],
            [
              120.80566406250001,
              42.04444230792834
            ],
            [
              120.76171875000001,
              42.10972442597159
            ],
            [
              120.71777343750001,
              42.17493938127282
            ],
            [
              120.67382812500001,
              42.24008715852827
            ],
            [
              120.58593750000001,
              42.30516774279754
            ],
            [
              120.54199218750001,
              42.37018111950259
            ],
            [
              120.49804687500001,
              42.435127274426705
            ],
            [
              120.45410156250001,
              42.50000619371362
            ],
            [
              120.41015625000001,
              42.564817863866324
            ],
            [
              120.32226562500001,
              42.62956227174623
            ],
            [
              120.23437500000001,
              42.661909248325834
            ],
            [
              120.14648437500001,
              42.69423940457214
            ],
            [
              120.05859375000001,
              42.72655273894317
            ],
            [
              119.92675781250001,
              42.75884924991917
            ],
            [
              119.83886718750001,
              42.79112893600255
            ],
            [
              119.70703125000001,
              42.79112893600255
            ],
            [
              119.57519531250001,
              42.79112893600255
            ],
            [
              119.44335937500001,
              42.79112893600255
            ],
            [
              119.31152343750001,
              42.79112893600255
            ],
            [
              119.17968750000001,
              42.823391795717846
            ],
            [
              119.04785156250001,
              42.79112893600255
            ],
            [
              118.91601562500001,
              42.79112893600255
            ],
            [
              118.82812500000001,
              42.75884924991917
            ],
            [
              118.69628906250001,
              42.72655273894317
            ],
            [
              118.60839843750001,
              42.69423940457214
            ],
            [
              118.52050781250001,
              42.62956227174623
            ],
            [
              118.43261718750001,
              42.597198476397566
            ],
            [
              118.30078125000001,
              42.53242043576129
            ],
            [
              118.25683593750001,
              42.46757513937678
            ],
            [
              118.1689453125,
              42.402662600561726
            ],
            [
              118.08105468750001,
              42.37018111950259
            ],
            [
              117.94921875000001,
              42.33768283299257
            ],
            [
              117.86132812500001,
              42.30516774279754
            ],
            [
              117.77343750000001,
              42.27263585070579
            ],
            [
              117.68554687500001,
              42.24008715852827
            ],
            [
              117.59765625000001,
              42.20752166809853
            ],
            [
              117.50976562500001,
              42.17493938127282
            ],
            [
              117.37792968750001,
              42.142340299929934
            ],
            [
              117.20214843750001,
              42.10972442597159
            ],
            [
              117.11425781250001,
              42.077091761321995
            ],
            [
              116.982421875,
              42.077091761321995
            ],
            [
              116.89453125000001,
              42.04444230792834
            ],
            [
              116.76269531250001,
              42.04444230792834
            ],
            [
              116.58691406250001,
              42.0117760677605
            ],
            [
              116.45507812500001,
              42.0117760677605
            ],
            [
              116.27929687500001,
              42.0117760677605
            ],
            [
              116.19140625000001,
              41.97909304281119
            ],
            [
              116.01562500000001,
              41.94639323509607
            ],
            [
              115.92773437500001,
              41.913676646653606
            ],
            [
              115.79589843750001,
              41.913676646653606
            ],
            [
              115.7080078125,
              41.880943279545214
            ],
            [
              115.57617187500001,
              41.848193135855304
            ],
            [
              115.44433593750001,
              41.848193135855304
            ],
            [
              115.31250000000001,
              41.81542621769123
            ],
            [
              115.13671875,
              41.78264252718341
            ],
            [
              115.00488281250001,
              41.74984206648523
            ],
            [
              114.91699218750001,
              41.71702483777326
            ],
            [
              114.78515625000001,
              41.71702483777326
            ],
            [
              114.69726562500001,
              41.68419084324709
            ],
            [
              114.60937500000001,
              41.65134008512954
            ],
            [
              114.4775390625,
              41.61847256566651
            ],
            [
              114.34570312500001,
              41.61847256566651
            ],
            [
              114.25781250000001,
              41.58558828712716
            ],
            [
              114.16992187500001,
              41.5526872518039
            ],
            [
              114.03808593750001,
              41.5526872518039
            ],
            [
              113.95019531250001,
              41.48683492009146
            ],
            [
              113.8623046875,
              41.45388362840349
            ],
            [
              113.77441406250001,
              41.38793080529215
            ],
            [
              113.68652343750001,
              41.35492927871022
            ],
            [
              113.59863281250001,
              41.28887600777323
            ],
            [
              113.51074218750001,
              41.255824268400374
            ],
            [
              113.37890625000001,
              41.22275579645197
            ],
            [
              113.291015625,
              41.18967059447796
            ],
            [
              113.15917968750001,
              41.1565686650519
            ],
            [
              113.07128906250001,
              41.090314634256096
            ],
            [
              112.93945312500001,
              41.090314634256096
            ],
            [
              112.85156250000001,
              41.05716253815175
            ],
            [
              112.76367187500001,
              40.9908081978714
            ],
            [
              112.71972656250001,
              40.89115135800878
            ],
            [
              112.67578125,
              40.824629944045896
            ],
            [
              112.71972656250001,
              40.75804173979994
            ],
            [
              112.80761718750001,
              40.691386768239674
            ],
            [
              112.85156250000001,
              40.624665052718115
            ],
            [
              112.93945312500001,
              40.591279173375
            ],
            [
              113.02734375000001,
              40.52445738654137
            ],
            [
              113.11523437500001,
              40.49102148513038
            ],
            [
              113.20312500000001,
              40.45756891581658
            ],
            [
              113.291015625,
              40.42409968170028
            ],
            [
              113.37890625000001,
              40.35711123158296
            ],
            [
              113.51074218750001,
              40.29005616006712
            ],
            [
              113.64257812500001,
              40.22293449283147
            ],
            [
              113.73046875000001,
              40.155746255945566
            ],
            [
              113.81835937500001,
              40.08849147587092
            ],
            [
              113.90625,
              40.021170179461656
            ],
            [
              113.99414062500001,
              39.953782393965746
            ],
            [
              114.08203125000001,
              39.92006357643315
            ],
            [
              114.12597656250001,
              39.852576109260575
            ],
            [
              114.16992187500001,
              39.78502222284961
            ],
            [
              114.21386718750001,
              39.71740194583343
            ],
            [
              114.25781250000001,
              39.649715307243
            ],
            [
              114.30175781250001,
              39.54806098589253
            ],
            [
              114.34570312500001,
              39.48020857299626
            ],
            [
              114.34570312500001,
              39.378305731734706
            ],
            [
              114.38964843750001,
              39.31028773472664
            ],
            [
              114.43359375000001,
              39.242203558736165
            ],
            [
              114.521484375,
              39.139953278922334
            ],
            [
              114.56542968750001,
              39.0717037956684
            ],
            [
              114.60937500000001,
              39.003388246651205
            ],
            [
              114.65332031250001,
              38.9350066651339
            ],
            [
              114.74121093750001,
              38.86655908478772
            ],
            [
              114.78515625000001,
              38.79804553969311
            ],
            [
              114.87304687500001,
              38.72946606434039
            ],
            [
              114.91699218750001,
              38.66082069363073
            ],
            [
              114.96093750000001,
              38.592109462877026
            ],
            [
              115.04882812500001,
              38.55772916113168
            ],
            [
              115.13671875,
              38.488919207426235
            ],
            [
              115.22460937500001,
              38.45448956455257
            ],
            [
              115.26855468750001,
              38.38558096967393
            ],
            [
              115.35644531250001,
              38.35110202691099
            ],
            [
              115.44433593750001,
              38.2820948740381
            ],
            [
              115.53222656250001,
              38.24756667332623
            ],
            [
              115.66406250000001,
              38.24756667332623
            ],
            [
              115.79589843750001,
              38.213022062739675
            ],
            [
              115.88378906250001,
              38.17846104704276
            ],
            [
              116.01562500000001,
              38.17846104704276
            ],
            [
              116.14746093750001,
              38.17846104704276
            ],
            [
              116.27929687500001,
              38.17846104704276
            ],
            [
              116.41113281250001,
              38.17846104704276
            ],
            [
              116.58691406250001,
              38.17846104704276
            ],
            [
              116.67480468750001,
              38.213022062739675
            ],
            [
              116.80664062500001,
              38.213022062739675
            ],
            [
              116.89453125000001,
              38.24756667332623
            ],
            [
              117.07031250000001,
              38.2820948740381
            ],
            [
              117.20214843750001,
              38.31660666013705
            ],
            [
              117.33398437500001,
              38.35110202691099
            ],
            [
              117.46582031250001,
              38.38558096967393
            ],
            [
              117.59765625000001,
              38.38558096967393
            ],
            [
              117.68554687500001,
              38.420043483765795
            ],
            [
              117.81738281250001,
              38.45448956455257
            ],
            [
              117.94921875000001,
              38.45448956455257
            ],
            [
              118.03710937500001,
              38.420043483765795
            ],
            [
              118.1689453125,
              38.420043483765795
            ],
            [
              118.21289062500001,
              38.45448956455257
            ],
            [
              118.43261718750001,
              38.420043483765795
            ]
          ]
        ]
      }
    },
    {
      "type": "Feature",
      "properties": {
        "NAME": "북위",
        "name": "420-436",
        "color": "#ef4444",
        "fill": "#ef4444",
        "fill-opacity": 0.5,
        "stroke": "#ef4444",
        "stroke-width": 2,
        "originalType": "polyline"
      },
      "geometry": {
        "type": "Polygon",
        "coordinates": [
          [
            [
              111.88476562500001,
              40.691386768239674
            ],
            [
              111.97265625000001,
              40.624665052718115
            ],
            [
              112.060546875,
              40.591279173375
            ],
            [
              112.14843750000001,
              40.52445738654137
            ],
            [
              112.23632812500001,
              40.45756891581658
            ],
            [
              112.32421875000001,
              40.42409968170028
            ],
            [
              112.45605468750001,
              40.35711123158296
            ],
            [
              112.58789062500001,
              40.25650364929408
            ],
            [
              112.71972656250001,
              40.22293449283147
            ],
            [
              112.85156250000001,
              40.18934869395015
            ],
            [
              112.98339843750001,
              40.18934869395015
            ],
            [
              113.11523437500001,
              40.155746255945566
            ],
            [
              113.2470703125,
              40.12212718213765
            ],
            [
              113.33496093750001,
              40.08849147587092
            ],
            [
              113.42285156250001,
              40.05483914051434
            ],
            [
              113.55468750000001,
              39.98748459613114
            ],
            [
              113.64257812500001,
              39.953782393965746
            ],
            [
              113.68652343750001,
              39.886328147025715
            ],
            [
              113.77441406250001,
              39.81880746667964
            ],
            [
              113.81835937500001,
              39.71740194583343
            ],
            [
              113.8623046875,
              39.649715307243
            ],
            [
              113.95019531250001,
              39.581962336508106
            ],
            [
              113.99414062500001,
              39.51414306345815
            ],
            [
              114.03808593750001,
              39.446257518323186
            ],
            [
              114.08203125000001,
              39.378305731734706
            ],
            [
              114.16992187500001,
              39.31028773472664
            ],
            [
              114.16992187500001,
              39.20813666355718
            ],
            [
              114.21386718750001,
              39.139953278922334
            ],
            [
              114.25781250000001,
              39.037554277310846
            ],
            [
              114.30175781250001,
              38.96920570786021
            ],
            [
              114.34570312500001,
              38.90079112269399
            ],
            [
              114.43359375000001,
              38.83231055568794
            ],
            [
              114.4775390625,
              38.763764041127324
            ],
            [
              114.521484375,
              38.69515161370779
            ],
            [
              114.60937500000001,
              38.626473308536205
            ],
            [
              114.69726562500001,
              38.592109462877026
            ],
            [
              114.74121093750001,
              38.52333240780466
            ],
            [
              114.78515625000001,
              38.45448956455257
            ],
            [
              114.87304687500001,
              38.420043483765795
            ],
            [
              114.96093750000001,
              38.38558096967393
            ],
            [
              114.96093750000001,
              38.2820948740381
            ],
            [
              115.00488281250001,
              38.213022062739675
            ],
            [
              115.04882812500001,
              38.14388363102582
            ],
            [
              115.04882812500001,
              38.040053029351846
            ],
            [
              115.0927734375,
              37.970750715638715
            ],
            [
              115.00488281250001,
              37.9360749997675
            ],
            [
              114.91699218750001,
              37.9013829178432
            ],
            [
              114.82910156250001,
              37.866674474866215
            ],
            [
              114.74121093750001,
              37.83194967586338
            ],
            [
              114.60937500000001,
              37.83194967586338
            ],
            [
              114.521484375,
              37.79720852588792
            ],
            [
              114.38964843750001,
              37.79720852588792
            ],
            [
              114.30175781250001,
              37.76245103001936
            ],
            [
              114.21386718750001,
              37.727677193363824
            ],
            [
              114.12597656250001,
              37.692887021053856
            ],
            [
              114.03808593750001,
              37.658080518248426
            ],
            [
              113.95019531250001,
              37.623257690133144
            ],
            [
              113.8623046875,
              37.58841854192009
            ],
            [
              113.77441406250001,
              37.51869130618192
            ],
            [
              113.64257812500001,
              37.48380322921398
            ],
            [
              113.55468750000001,
              37.44889885326265
            ],
            [
              113.51074218750001,
              37.37904122581741
            ],
            [
              113.51074218750001,
              37.27413267677288
            ],
            [
              113.46679687500001,
              37.20411230243421
            ],
            [
              113.51074218750001,
              37.13402690623188
            ],
            [
              113.51074218750001,
              37.028776993578724
            ],
            [
              113.55468750000001,
              36.95852923871368
            ],
            [
              113.59863281250001,
              36.888216619914495
            ],
            [
              113.64257812500001,
              36.817839183276035
            ],
            [
              113.73046875000001,
              36.747396975326645
            ],
            [
              113.77441406250001,
              36.67689004302899
            ],
            [
              113.81835937500001,
              36.60631843378069
            ],
            [
              113.90625,
              36.535682195415234
            ],
            [
              113.95019531250001,
              36.46498137620257
            ],
            [
              114.03808593750001,
              36.35880916496199
            ],
            [
              114.08203125000001,
              36.28794710768402
            ],
            [
              114.12597656250001,
              36.21702064195238
            ],
            [
              114.16992187500001,
              36.14602981801064
            ],
            [
              114.21386718750001,
              36.07497468654308
            ],
            [
              114.25781250000001,
              36.00385529867533
            ],
            [
              114.30175781250001,
              35.93267170597503
            ],
            [
              114.34570312500001,
              35.86142396045264
            ],
            [
              114.38964843750001,
              35.7901121145621
            ],
            [
              114.43359375000001,
              35.68302427337233
            ],
            [
              114.4775390625,
              35.61155240896422
            ],
            [
              114.521484375,
              35.540016631279514
            ],
            [
              114.56542968750001,
              35.46841699477652
            ],
            [
              114.60937500000001,
              35.396753554360934
            ],
            [
              114.65332031250001,
              35.28913888261038
            ],
            [
              114.69726562500001,
              35.21731617556753
            ],
            [
              114.69726562500001,
              35.10946286738132
            ],
            [
              114.74121093750001,
              35.03748124669224
            ],
            [
              114.78515625000001,
              34.929389836820825
            ],
            [
              114.78515625000001,
              34.82115582702066
            ],
            [
              114.74121093750001,
              34.7489206962908
            ],
            [
              114.74121093750001,
              34.64044946244062
            ],
            [
              114.69726562500001,
              34.5680563688468
            ],
            [
              114.56542968750001,
              34.5680563688468
            ],
            [
              114.43359375000001,
              34.5680563688468
            ],
            [
              114.30175781250001,
              34.5680563688468
            ],
            [
              114.16992187500001,
              34.5680563688468
            ],
            [
              114.03808593750001,
              34.5680563688468
            ],
            [
              113.95019531250001,
              34.60426080438595
            ],
            [
              113.81835937500001,
              34.60426080438595
            ],
            [
              113.68652343750001,
              34.60426080438595
            ],
            [
              113.55468750000001,
              34.60426080438595
            ],
            [
              113.42285156250001,
              34.60426080438595
            ],
            [
              113.2470703125,
              34.60426080438595
            ],
            [
              113.15917968750001,
              34.5680563688468
            ],
            [
              113.02734375000001,
              34.5680563688468
            ],
            [
              112.89550781250001,
              34.53183616340649
            ],
            [
              112.76367187500001,
              34.53183616340649
            ],
            [
              112.6318359375,
              34.53183616340649
            ],
            [
              112.50000000000001,
              34.53183616340649
            ],
            [
              112.36816406250001,
              34.53183616340649
            ],
            [
              112.28027343750001,
              34.49560019567696
            ],
            [
              112.14843750000001,
              34.49560019567696
            ],
            [
              112.0166015625,
              34.45934847329858
            ],
            [
              111.84082031250001,
              34.45934847329858
            ],
            [
              111.75292968750001,
              34.42308100394032
            ],
            [
              111.62109375000001,
              34.386797795299735
            ],
            [
              111.48925781250001,
              34.386797795299735
            ],
            [
              111.4013671875,
              34.3504988551029
            ],
            [
              111.31347656250001,
              34.31418419110452
            ],
            [
              111.18164062500001,
              34.31418419110452
            ],
            [
              111.09375000000001,
              34.277853811087944
            ],
            [
              110.96191406250001,
              34.277853811087944
            ],
            [
              110.830078125,
              34.277853811087944
            ],
            [
              110.69824218750001,
              34.277853811087944
            ],
            [
              110.61035156250001,
              34.24150772286513
            ],
            [
              110.47851562500001,
              34.24150772286513
            ],
            [
              110.34667968750001,
              34.24150772286513
            ],
            [
              110.21484375,
              34.24150772286513
            ],
            [
              110.08300781250001,
              34.205145934276686
            ],
            [
              109.95117187500001,
              34.205145934276686
            ],
            [
              109.81933593750001,
              34.168768453191916
            ],
            [
              109.73144531250001,
              34.1323752875088
            ],
            [
              109.599609375,
              34.1323752875088
            ],
            [
              109.46777343750001,
              34.09596644515404
            ],
            [
              109.37988281250001,
              34.05954193408304
            ],
            [
              109.24804687500001,
              34.05954193408304
            ],
            [
              109.07226562500001,
              34.02310176228007
            ],
            [
              108.94042968750001,
              34.02310176228007
            ],
            [
              108.80859375000001,
              34.02310176228007
            ],
            [
              108.67675781250001,
              34.02310176228007
            ],
            [
              108.54492187500001,
              34.02310176228007
            ],
            [
              108.4130859375,
              33.986645937757984
            ],
            [
              108.28125000000001,
              33.986645937757984
            ],
            [
              108.14941406250001,
              33.986645937757984
            ],
            [
              108.06152343750001,
              33.95017446855855
            ],
            [
              107.92968750000001,
              33.95017446855855
            ],
            [
              107.75390625,
              33.95017446855855
            ],
            [
              107.62207031250001,
              33.91368736275231
            ],
            [
              107.49023437500001,
              33.91368736275231
            ],
            [
              107.31445312500001,
              33.91368736275231
            ],
            [
              107.138671875,
              33.91368736275231
            ],
            [
              107.00683593750001,
              33.91368736275231
            ],
            [
              106.87500000000001,
              33.91368736275231
            ],
            [
              106.78710937500001,
              33.87718462843861
            ],
            [
              106.65527343750001,
              33.87718462843861
            ],
            [
              106.5234375,
              33.87718462843861
            ],
            [
              106.39160156250001,
              33.840666273745626
            ],
            [
              106.25976562500001,
              33.840666273745626
            ],
            [
              106.12792968750001,
              33.840666273745626
            ],
            [
              106.04003906250001,
              33.87718462843861
            ],
            [
              105.99609375000001,
              33.95017446855855
            ],
            [
              105.99609375000001,
              34.05954193408304
            ],
            [
              105.9521484375,
              34.1323752875088
            ],
            [
              105.9521484375,
              34.277853811087944
            ],
            [
              105.99609375000001,
              34.3504988551029
            ],
            [
              105.99609375000001,
              34.45934847329858
            ],
            [
              105.9521484375,
              34.53183616340649
            ],
            [
              105.9521484375,
              34.64044946244062
            ],
            [
              105.9521484375,
              34.7489206962908
            ],
            [
              105.99609375000001,
              34.82115582702066
            ],
            [
              105.99609375000001,
              34.929389836820825
            ],
            [
              105.99609375000001,
              35.07347999377843
            ],
            [
              105.99609375000001,
              35.21731617556753
            ],
            [
              106.04003906250001,
              35.28913888261038
            ],
            [
              105.99609375000001,
              35.43259324660869
            ],
            [
              105.99609375000001,
              35.540016631279514
            ],
            [
              105.99609375000001,
              35.647296333714046
            ],
            [
              105.99609375000001,
              35.754432170492066
            ],
            [
              105.99609375000001,
              35.86142396045264
            ],
            [
              105.99609375000001,
              36.00385529867533
            ],
            [
              105.99609375000001,
              36.14602981801064
            ],
            [
              105.99609375000001,
              36.252491922745
            ],
            [
              105.99609375000001,
              36.35880916496199
            ],
            [
              105.9521484375,
              36.50033985538086
            ],
            [
              105.9521484375,
              36.6416123200443
            ],
            [
              105.908203125,
              36.747396975326645
            ],
            [
              105.86425781250001,
              36.817839183276035
            ],
            [
              105.82031250000001,
              36.888216619914495
            ],
            [
              105.77636718750001,
              36.95852923871368
            ],
            [
              105.73242187500001,
              37.028776993578724
            ],
            [
              105.68847656250001,
              37.09895983884744
            ],
            [
              105.64453125000001,
              37.169077729289604
            ],
            [
              105.55664062500001,
              37.27413267677288
            ],
            [
              105.51269531250001,
              37.344087985094035
            ],
            [
              105.42480468750001,
              37.41397818367313
            ],
            [
              105.3369140625,
              37.48380322921398
            ],
            [
              105.29296875,
              37.55356307884791
            ],
            [
              105.20507812500001,
              37.623257690133144
            ],
            [
              105.11718750000001,
              37.727677193363824
            ],
            [
              105.02929687500001,
              37.76245103001936
            ],
            [
              104.94140625000001,
              37.83194967586338
            ],
            [
              104.85351562500001,
              37.866674474866215
            ],
            [
              104.80957031250001,
              37.9360749997675
            ],
            [
              104.7216796875,
              37.970750715638715
            ],
            [
              104.63378906250001,
              38.040053029351846
            ],
            [
              104.58984375000001,
              38.10928981950547
            ],
            [
              104.50195312500001,
              38.14388363102582
            ],
            [
              104.41406250000001,
              38.213022062739675
            ],
            [
              104.32617187500001,
              38.2820948740381
            ],
            [
              104.23828125000001,
              38.31660666013705
            ],
            [
              104.150390625,
              38.38558096967393
            ],
            [
              104.0625,
              38.45448956455257
            ],
            [
              103.97460937500001,
              38.52333240780466
            ],
            [
              103.93066406250001,
              38.66082069363073
            ],
            [
              103.88671875000001,
              38.72946606434039
            ],
            [
              103.88671875000001,
              38.83231055568794
            ],
            [
              103.84277343750001,
              38.90079112269399
            ],
            [
              103.84277343750001,
              39.003388246651205
            ],
            [
              103.84277343750001,
              39.139953278922334
            ],
            [
              103.88671875000001,
              39.20813666355718
            ],
            [
              103.88671875000001,
              39.31028773472664
            ],
            [
              103.88671875000001,
              39.41228990328047
            ],
            [
              103.93066406250001,
              39.48020857299626
            ],
            [
              103.93066406250001,
              39.61584711153866
            ],
            [
              103.93066406250001,
              39.71740194583343
            ],
            [
              103.97460937500001,
              39.852576109260575
            ],
            [
              104.01855468750001,
              39.92006357643315
            ],
            [
              104.01855468750001,
              40.021170179461656
            ],
            [
              104.01855468750001,
              40.155746255945566
            ],
            [
              104.0625,
              40.25650364929408
            ],
            [
              104.0625,
              40.42409968170028
            ],
            [
              104.0625,
              40.55787661697351
            ],
            [
              104.1064453125,
              40.658034251999446
            ],
            [
              104.150390625,
              40.75804173979994
            ],
            [
              104.150390625,
              40.857899001233285
            ],
            [
              104.19433593750001,
              40.957605959103205
            ],
            [
              104.28222656250001,
              41.02399372512617
            ],
            [
              104.32617187500001,
              41.123450010771
            ],
            [
              104.37011718750001,
              41.18967059447796
            ],
            [
              104.45800781250001,
              41.28887600777323
            ],
            [
              104.54589843750001,
              41.35492927871022
            ],
            [
              104.58984375000001,
              41.42091558933404
            ],
            [
              104.63378906250001,
              41.48683492009146
            ],
            [
              104.7216796875,
              41.51976946201235
            ],
            [
              104.80957031250001,
              41.58558828712716
            ],
            [
              104.89746093750001,
              41.61847256566651
            ],
            [
              104.98535156250001,
              41.65134008512954
            ],
            [
              105.07324218750001,
              41.68419084324709
            ],
            [
              105.16113281250001,
              41.71702483777326
            ],
            [
              105.29296875,
              41.71702483777326
            ],
            [
              105.42480468750001,
              41.71702483777326
            ],
            [
              105.55664062500001,
              41.71702483777326
            ],
            [
              105.64453125000001,
              41.68419084324709
            ],
            [
              105.73242187500001,
              41.65134008512954
            ],
            [
              105.77636718750001,
              41.58558828712716
            ],
            [
              105.86425781250001,
              41.5526872518039
            ],
            [
              105.9521484375,
              41.48683492009146
            ],
            [
              106.04003906250001,
              41.45388362840349
            ],
            [
              106.08398437500001,
              41.38793080529215
            ],
            [
              106.17187500000001,
              41.35492927871022
            ],
            [
              106.25976562500001,
              41.321911012044126
            ],
            [
              106.39160156250001,
              41.28887600777323
            ],
            [
              106.5234375,
              41.255824268400374
            ],
            [
              106.65527343750001,
              41.255824268400374
            ],
            [
              106.78710937500001,
              41.255824268400374
            ],
            [
              106.96289062500001,
              41.22275579645197
            ],
            [
              107.138671875,
              41.22275579645197
            ],
            [
              107.27050781250001,
              41.22275579645197
            ],
            [
              107.40234375000001,
              41.22275579645197
            ],
            [
              107.57812500000001,
              41.22275579645197
            ],
            [
              107.70996093750001,
              41.22275579645197
            ],
            [
              107.88574218750001,
              41.22275579645197
            ],
            [
              108.01757812500001,
              41.22275579645197
            ],
            [
              108.19335937500001,
              41.22275579645197
            ],
            [
              108.32519531250001,
              41.22275579645197
            ],
            [
              108.45703125000001,
              41.22275579645197
            ],
            [
              108.58886718750001,
              41.22275579645197
            ],
            [
              108.72070312500001,
              41.22275579645197
            ],
            [
              108.85253906250001,
              41.18967059447796
            ],
            [
              109.0283203125,
              41.18967059447796
            ],
            [
              109.16015625000001,
              41.1565686650519
            ],
            [
              109.29199218750001,
              41.123450010771
            ],
            [
              109.42382812500001,
              41.123450010771
            ],
            [
              109.51171875000001,
              41.090314634256096
            ],
            [
              109.6435546875,
              41.090314634256096
            ],
            [
              109.77539062500001,
              41.090314634256096
            ],
            [
              109.90722656250001,
              41.090314634256096
            ],
            [
              110.03906250000001,
              41.090314634256096
            ],
            [
              110.21484375,
              41.090314634256096
            ],
            [
              110.39062500000001,
              41.090314634256096
            ],
            [
              110.52246093750001,
              41.090314634256096
            ],
            [
              110.65429687500001,
              41.090314634256096
            ],
            [
              110.7861328125,
              41.090314634256096
            ],
            [
              110.91796875000001,
              41.05716253815175
            ],
            [
              111.00585937500001,
              40.9908081978714
            ],
            [
              111.09375000000001,
              40.957605959103205
            ],
            [
              111.18164062500001,
              40.92438701156118
            ],
            [
              111.26953125000001,
              40.89115135800878
            ],
            [
              111.35742187500001,
              40.857899001233285
            ],
            [
              111.48925781250001,
              40.824629944045896
            ],
            [
              111.62109375000001,
              40.79134418928176
            ],
            [
              111.70898437500001,
              40.75804173979994
            ],
            [
              111.84082031250001,
              40.75804173979994
            ],
            [
              111.88476562500001,
              40.691386768239674
            ],
            [
              111.92871093750001,
              40.624665052718115
            ],
            [
              111.97265625000001,
              40.624665052718115
            ],
            [
              111.88476562500001,
              40.691386768239674
            ]
          ]
        ]
      }
    },
    {
      "type": "Feature",
      "properties": {
        "NAME": "북량",
        "name": "420-436",
        "color": "#ef4444",
        "fill": "#ef4444",
        "fill-opacity": 0.5,
        "stroke": "#ef4444",
        "stroke-width": 2,
        "originalType": "polyline"
      },
      "geometry": {
        "type": "Polygon",
        "coordinates": [
          [
            [
              103.93066406250001,
              41.255824268400374
            ],
            [
              103.88671875000001,
              41.05716253815175
            ],
            [
              103.84277343750001,
              40.9908081978714
            ],
            [
              103.79882812500001,
              40.857899001233285
            ],
            [
              103.75488281250001,
              40.75804173979994
            ],
            [
              103.71093750000001,
              40.691386768239674
            ],
            [
              103.66699218750001,
              40.591279173375
            ],
            [
              103.66699218750001,
              40.49102148513038
            ],
            [
              103.62304687500001,
              40.42409968170028
            ],
            [
              103.57910156250001,
              40.32359202190409
            ],
            [
              103.53515625,
              40.22293449283147
            ],
            [
              103.53515625,
              40.12212718213765
            ],
            [
              103.53515625,
              40.021170179461656
            ],
            [
              103.4912109375,
              39.953782393965746
            ],
            [
              103.447265625,
              39.78502222284961
            ],
            [
              103.447265625,
              39.61584711153866
            ],
            [
              103.4912109375,
              39.54806098589253
            ],
            [
              103.4912109375,
              39.41228990328047
            ],
            [
              103.4912109375,
              39.242203558736165
            ],
            [
              103.4912109375,
              39.139953278922334
            ],
            [
              103.53515625,
              39.037554277310846
            ],
            [
              103.53515625,
              38.90079112269399
            ],
            [
              103.53515625,
              38.763764041127324
            ],
            [
              103.53515625,
              38.66082069363073
            ],
            [
              103.57910156250001,
              38.592109462877026
            ],
            [
              103.62304687500001,
              38.488919207426235
            ],
            [
              103.66699218750001,
              38.35110202691099
            ],
            [
              103.71093750000001,
              38.2820948740381
            ],
            [
              103.75488281250001,
              38.17846104704276
            ],
            [
              103.84277343750001,
              38.14388363102582
            ],
            [
              103.93066406250001,
              38.07467961732447
            ],
            [
              104.01855468750001,
              37.970750715638715
            ],
            [
              104.150390625,
              37.9013829178432
            ],
            [
              104.23828125000001,
              37.866674474866215
            ],
            [
              104.28222656250001,
              37.79720852588792
            ],
            [
              104.37011718750001,
              37.727677193363824
            ],
            [
              104.45800781250001,
              37.658080518248426
            ],
            [
              104.50195312500001,
              37.58841854192009
            ],
            [
              104.54589843750001,
              37.51869130618192
            ],
            [
              104.63378906250001,
              37.44889885326265
            ],
            [
              104.677734375,
              37.344087985094035
            ],
            [
              104.765625,
              37.239130620106174
            ],
            [
              104.80957031250001,
              37.169077729289604
            ],
            [
              104.85351562500001,
              37.06387653274962
            ],
            [
              104.89746093750001,
              36.99366122700198
            ],
            [
              104.94140625000001,
              36.888216619914495
            ],
            [
              104.98535156250001,
              36.817839183276035
            ],
            [
              105.02929687500001,
              36.67689004302899
            ],
            [
              105.07324218750001,
              36.60631843378069
            ],
            [
              105.07324218750001,
              36.46498137620257
            ],
            [
              105.11718750000001,
              36.35880916496199
            ],
            [
              105.11718750000001,
              36.252491922745
            ],
            [
              105.16113281250001,
              36.18153327160033
            ],
            [
              105.16113281250001,
              36.07497468654308
            ],
            [
              105.20507812500001,
              35.93267170597503
            ],
            [
              105.20507812500001,
              35.82577604675767
            ],
            [
              105.20507812500001,
              35.68302427337233
            ],
            [
              105.24902343750001,
              35.61155240896422
            ],
            [
              105.24902343750001,
              35.504224791959174
            ],
            [
              105.24902343750001,
              35.396753554360934
            ],
            [
              105.24902343750001,
              35.28913888261038
            ],
            [
              105.29296875,
              35.14542986031454
            ],
            [
              105.29296875,
              35.03748124669224
            ],
            [
              105.29296875,
              34.929389836820825
            ],
            [
              105.3369140625,
              34.82115582702066
            ],
            [
              105.38085937500001,
              34.71277941590523
            ],
            [
              105.38085937500001,
              34.60426080438595
            ],
            [
              105.42480468750001,
              34.49560019567696
            ],
            [
              105.42480468750001,
              34.386797795299735
            ],
            [
              105.46875000000001,
              34.277853811087944
            ],
            [
              105.51269531250001,
              34.205145934276686
            ],
            [
              105.55664062500001,
              34.09596644515404
            ],
            [
              105.55664062500001,
              33.986645937757984
            ],
            [
              105.64453125000001,
              33.91368736275231
            ],
            [
              105.68847656250001,
              33.840666273745626
            ],
            [
              105.73242187500001,
              33.767582735878875
            ],
            [
              105.77636718750001,
              33.657840481099
            ],
            [
              105.86425781250001,
              33.54795808746069
            ],
            [
              105.908203125,
              33.437935780671225
            ],
            [
              105.9521484375,
              33.327773788787674
            ],
            [
              105.99609375000001,
              33.25425497172138
            ],
            [
              106.04003906250001,
              33.18067424359916
            ],
            [
              106.08398437500001,
              33.07018721994689
            ],
            [
              106.12792968750001,
              32.99645201847258
            ],
            [
              106.17187500000001,
              32.922655150598736
            ],
            [
              106.21582031250001,
              32.848796687279155
            ],
            [
              106.30371093750001,
              32.77487669993616
            ],
            [
              106.34765625000001,
              32.700895260461046
            ],
            [
              106.43554687500001,
              32.66388151876827
            ],
            [
              106.47949218750001,
              32.58980803691801
            ],
            [
              106.5673828125,
              32.55274831502693
            ],
            [
              106.65527343750001,
              32.47858295519941
            ],
            [
              106.74316406250001,
              32.4414773357059
            ],
            [
              106.78710937500001,
              32.36722026388757
            ],
            [
              106.83105468750001,
              32.29290214374222
            ],
            [
              106.78710937500001,
              32.21852305022049
            ],
            [
              106.78710937500001,
              32.106840249974304
            ],
            [
              106.74316406250001,
              32.03230905402153
            ],
            [
              106.69921875000001,
              31.957717150742088
            ],
            [
              106.65527343750001,
              31.883064617215446
            ],
            [
              106.61132812500001,
              31.80835153099528
            ],
            [
              106.5234375,
              31.770972304990394
            ],
            [
              106.43554687500001,
              31.696168536181318
            ],
            [
              106.30371093750001,
              31.65874401306232
            ],
            [
              106.17187500000001,
              31.65874401306232
            ],
            [
              105.99609375000001,
              31.65874401306232
            ],
            [
              105.908203125,
              31.621304410640025
            ],
            [
              105.77636718750001,
              31.621304410640025
            ],
            [
              105.68847656250001,
              31.58384973883135
            ],
            [
              105.51269531250001,
              31.54638000758296
            ],
            [
              105.38085937500001,
              31.54638000758296
            ],
            [
              105.24902343750001,
              31.54638000758296
            ],
            [
              105.11718750000001,
              31.50889522687126
            ],
            [
              104.94140625000001,
              31.50889522687126
            ],
            [
              104.80957031250001,
              31.50889522687126
            ],
            [
              104.677734375,
              31.471395406702435
            ],
            [
              104.54589843750001,
              31.471395406702435
            ],
            [
              104.41406250000001,
              31.471395406702435
            ],
            [
              104.28222656250001,
              31.471395406702435
            ],
            [
              104.1064453125,
              31.471395406702435
            ],
            [
              103.97460937500001,
              31.471395406702435
            ],
            [
              103.79882812500001,
              31.471395406702435
            ],
            [
              103.71093750000001,
              31.50889522687126
            ],
            [
              103.53515625,
              31.50889522687126
            ],
            [
              103.40332031250001,
              31.50889522687126
            ],
            [
              103.27148437500001,
              31.50889522687126
            ],
            [
              103.13964843750001,
              31.50889522687126
            ],
            [
              102.96386718750001,
              31.50889522687126
            ],
            [
              102.83203125,
              31.50889522687126
            ],
            [
              102.74414062500001,
              31.471395406702435
            ],
            [
              102.61230468750001,
              31.471395406702435
            ],
            [
              102.48046875000001,
              31.471395406702435
            ],
            [
              102.34863281250001,
              31.471395406702435
            ],
            [
              102.2607421875,
              31.433880557112424
            ],
            [
              102.12890625000001,
              31.433880557112424
            ],
            [
              102.04101562500001,
              31.471395406702435
            ],
            [
              101.99707031250001,
              31.54638000758296
            ],
            [
              101.99707031250001,
              31.65874401306232
            ],
            [
              101.95312500000001,
              31.73357797010982
            ],
            [
              101.95312500000001,
              31.845715638326414
            ],
            [
              101.99707031250001,
              31.92039845792369
            ],
            [
              101.99707031250001,
              32.06958224521269
            ],
            [
              101.99707031250001,
              32.18131066199474
            ],
            [
              102.04101562500001,
              32.255720213950546
            ],
            [
              102.04101562500001,
              32.36722026388757
            ],
            [
              102.08496093750001,
              32.47858295519941
            ],
            [
              102.12890625000001,
              32.55274831502693
            ],
            [
              102.12890625000001,
              32.66388151876827
            ],
            [
              102.12890625000001,
              32.77487669993616
            ],
            [
              102.12890625000001,
              32.95956128841194
            ],
            [
              102.12890625000001,
              33.07018721994689
            ],
            [
              102.08496093750001,
              33.14386068453574
            ],
            [
              102.08496093750001,
              33.25425497172138
            ],
            [
              102.04101562500001,
              33.327773788787674
            ],
            [
              101.99707031250001,
              33.401230625946226
            ],
            [
              101.90917968750001,
              33.474625414810866
            ],
            [
              101.86523437500001,
              33.58460110910681
            ],
            [
              101.82128906250001,
              33.69443681475501
            ],
            [
              101.73339843750001,
              33.767582735878875
            ],
            [
              101.6455078125,
              33.87718462843861
            ],
            [
              101.55761718750001,
              33.986645937757984
            ],
            [
              101.51367187500001,
              34.05954193408304
            ],
            [
              101.42578125000001,
              34.1323752875088
            ],
            [
              101.38183593750001,
              34.205145934276686
            ],
            [
              101.29394531250001,
              34.31418419110452
            ],
            [
              101.20605468750001,
              34.386797795299735
            ],
            [
              101.11816406250001,
              34.45934847329858
            ],
            [
              101.07421875,
              34.53183616340649
            ],
            [
              100.986328125,
              34.60426080438595
            ],
            [
              100.94238281250001,
              34.67662233545586
            ],
            [
              100.89843750000001,
              34.7489206962908
            ],
            [
              100.81054687500001,
              34.82115582702066
            ],
            [
              100.72265625000001,
              34.929389836820825
            ],
            [
              100.63476562500001,
              35.001466633337294
            ],
            [
              100.54687500000001,
              35.03748124669224
            ],
            [
              100.54687500000001,
              35.18138096541993
            ],
            [
              100.54687500000001,
              35.32502636538649
            ],
            [
              100.54687500000001,
              35.43259324660869
            ],
            [
              100.54687500000001,
              35.575792505888266
            ],
            [
              100.54687500000001,
              35.68302427337233
            ],
            [
              100.54687500000001,
              35.7901121145621
            ],
            [
              100.54687500000001,
              35.89705584904863
            ],
            [
              100.59082031250001,
              35.968271524688994
            ],
            [
              100.59082031250001,
              36.07497468654308
            ],
            [
              100.59082031250001,
              36.18153327160033
            ],
            [
              100.54687500000001,
              36.28794710768402
            ],
            [
              100.54687500000001,
              36.429606763982456
            ],
            [
              100.54687500000001,
              36.535682195415234
            ],
            [
              100.50292968750001,
              36.60631843378069
            ],
            [
              100.50292968750001,
              36.712151596769196
            ],
            [
              100.50292968750001,
              36.817839183276035
            ],
            [
              100.458984375,
              36.888216619914495
            ],
            [
              100.458984375,
              36.99366122700198
            ],
            [
              100.458984375,
              37.13402690623188
            ],
            [
              100.458984375,
              37.27413267677288
            ],
            [
              100.4150390625,
              37.37904122581741
            ],
            [
              100.4150390625,
              37.48380322921398
            ],
            [
              100.37109375,
              37.55356307884791
            ],
            [
              100.32714843750001,
              37.623257690133144
            ],
            [
              100.23925781250001,
              37.658080518248426
            ],
            [
              100.19531250000001,
              37.727677193363824
            ],
            [
              100.10742187500001,
              37.76245103001936
            ],
            [
              100.01953125000001,
              37.79720852588792
            ],
            [
              99.93164062500001,
              37.866674474866215
            ],
            [
              99.84375,
              37.970750715638715
            ],
            [
              99.755859375,
              38.005410060482745
            ],
            [
              99.66796875000001,
              38.10928981950547
            ],
            [
              99.62402343750001,
              38.17846104704276
            ],
            [
              99.49218750000001,
              38.2820948740381
            ],
            [
              99.40429687500001,
              38.35110202691099
            ],
            [
              99.31640625000001,
              38.38558096967393
            ],
            [
              99.1845703125,
              38.45448956455257
            ],
            [
              99.09667968750001,
              38.488919207426235
            ],
            [
              99.00878906250001,
              38.52333240780466
            ],
            [
              98.83300781250001,
              38.55772916113168
            ],
            [
              98.74511718750001,
              38.592109462877026
            ],
            [
              98.61328125,
              38.592109462877026
            ],
            [
              98.48144531250001,
              38.626473308536205
            ],
            [
              98.39355468750001,
              38.66082069363073
            ],
            [
              98.21777343750001,
              38.66082069363073
            ],
            [
              98.08593750000001,
              38.66082069363073
            ],
            [
              97.9541015625,
              38.66082069363073
            ],
            [
              97.86621093750001,
              38.626473308536205
            ],
            [
              97.73437500000001,
              38.626473308536205
            ],
            [
              97.64648437500001,
              38.592109462877026
            ],
            [
              97.51464843750001,
              38.592109462877026
            ],
            [
              97.3828125,
              38.592109462877026
            ],
            [
              97.25097656250001,
              38.592109462877026
            ],
            [
              97.11914062500001,
              38.592109462877026
            ],
            [
              96.98730468750001,
              38.592109462877026
            ],
            [
              96.85546875000001,
              38.592109462877026
            ],
            [
              96.6796875,
              38.592109462877026
            ],
            [
              96.54785156250001,
              38.592109462877026
            ],
            [
              96.41601562500001,
              38.592109462877026
            ],
            [
              96.28417968750001,
              38.592109462877026
            ],
            [
              96.1962890625,
              38.626473308536205
            ],
            [
              96.064453125,
              38.626473308536205
            ],
            [
              95.88867187500001,
              38.626473308536205
            ],
            [
              95.71289062500001,
              38.66082069363073
            ],
            [
              95.5810546875,
              38.66082069363073
            ],
            [
              95.4931640625,
              38.69515161370779
            ],
            [
              95.31738281250001,
              38.72946606434039
            ],
            [
              95.18554687500001,
              38.763764041127324
            ],
            [
              95.09765625000001,
              38.79804553969311
            ],
            [
              95.05371093750001,
              38.90079112269399
            ],
            [
              94.9658203125,
              38.9350066651339
            ],
            [
              94.921875,
              39.003388246651205
            ],
            [
              94.833984375,
              39.037554277310846
            ],
            [
              94.74609375000001,
              39.1058367975788
            ],
            [
              94.70214843750001,
              39.17405323560473
            ],
            [
              94.61425781250001,
              39.20813666355718
            ],
            [
              94.57031250000001,
              39.2762539171236
            ],
            [
              94.52636718750001,
              39.34430500757776
            ],
            [
              94.48242187500001,
              39.41228990328047
            ],
            [
              94.43847656250001,
              39.48020857299626
            ],
            [
              94.43847656250001,
              39.581962336508106
            ],
            [
              94.43847656250001,
              39.68356691990499
            ],
            [
              94.39453125000001,
              39.75122038136208
            ],
            [
              94.3505859375,
              39.852576109260575
            ],
            [
              94.3505859375,
              39.953782393965746
            ],
            [
              94.306640625,
              40.021170179461656
            ],
            [
              94.306640625,
              40.12212718213765
            ],
            [
              94.2626953125,
              40.18934869395015
            ],
            [
              94.2626953125,
              40.35711123158296
            ],
            [
              94.2626953125,
              40.45756891581658
            ],
            [
              94.2626953125,
              40.55787661697351
            ],
            [
              94.2626953125,
              40.658034251999446
            ],
            [
              94.2626953125,
              40.79134418928176
            ],
            [
              94.306640625,
              40.857899001233285
            ],
            [
              94.3505859375,
              40.957605959103205
            ],
            [
              94.3505859375,
              41.05716253815175
            ],
            [
              94.39453125000001,
              41.123450010771
            ],
            [
              94.43847656250001,
              41.18967059447796
            ],
            [
              94.52636718750001,
              41.255824268400374
            ],
            [
              94.61425781250001,
              41.321911012044126
            ],
            [
              94.70214843750001,
              41.35492927871022
            ],
            [
              94.79003906250001,
              41.42091558933404
            ],
            [
              94.8779296875,
              41.48683492009146
            ],
            [
              94.9658203125,
              41.5526872518039
            ],
            [
              95.09765625000001,
              41.61847256566651
            ],
            [
              95.18554687500001,
              41.71702483777326
            ],
            [
              95.27343750000001,
              41.78264252718341
            ],
            [
              95.36132812500001,
              41.81542621769123
            ],
            [
              95.44921875,
              41.880943279545214
            ],
            [
              95.537109375,
              41.94639323509607
            ],
            [
              95.5810546875,
              42.0117760677605
            ],
            [
              95.71289062500001,
              42.077091761321995
            ],
            [
              95.75683593750001,
              42.142340299929934
            ],
            [
              95.84472656250001,
              42.20752166809853
            ],
            [
              95.93261718750001,
              42.30516774279754
            ],
            [
              95.97656250000001,
              42.37018111950259
            ],
            [
              96.064453125,
              42.402662600561726
            ],
            [
              96.1083984375,
              42.46757513937678
            ],
            [
              96.1962890625,
              42.50000619371362
            ],
            [
              96.28417968750001,
              42.564817863866324
            ],
            [
              96.37207031250001,
              42.597198476397566
            ],
            [
              96.45996093750001,
              42.62956227174623
            ],
            [
              96.59179687500001,
              42.62956227174623
            ],
            [
              96.7236328125,
              42.62956227174623
            ],
            [
              96.8115234375,
              42.597198476397566
            ],
            [
              96.89941406250001,
              42.564817863866324
            ],
            [
              96.98730468750001,
              42.53242043576129
            ],
            [
              97.07519531250001,
              42.50000619371362
            ],
            [
              97.16308593750001,
              42.435127274426705
            ],
            [
              97.25097656250001,
              42.402662600561726
            ],
            [
              97.3388671875,
              42.37018111950259
            ],
            [
              97.4267578125,
              42.33768283299257
            ],
            [
              97.51464843750001,
              42.27263585070579
            ],
            [
              97.60253906250001,
              42.24008715852827
            ],
            [
              97.69042968750001,
              42.17493938127282
            ],
            [
              97.77832031250001,
              42.142340299929934
            ],
            [
              97.86621093750001,
              42.10972442597159
            ],
            [
              97.91015625,
              42.04444230792834
            ],
            [
              97.998046875,
              42.0117760677605
            ],
            [
              98.08593750000001,
              41.94639323509607
            ],
            [
              98.17382812500001,
              41.913676646653606
            ],
            [
              98.21777343750001,
              41.848193135855304
            ],
            [
              98.30566406250001,
              41.78264252718341
            ],
            [
              98.39355468750001,
              41.74984206648523
            ],
            [
              98.48144531250001,
              41.71702483777326
            ],
            [
              98.5693359375,
              41.68419084324709
            ],
            [
              98.70117187500001,
              41.68419084324709
            ],
            [
              98.83300781250001,
              41.68419084324709
            ],
            [
              99.00878906250001,
              41.71702483777326
            ],
            [
              99.1845703125,
              41.74984206648523
            ],
            [
              99.36035156250001,
              41.78264252718341
            ],
            [
              99.49218750000001,
              41.81542621769123
            ],
            [
              99.62402343750001,
              41.848193135855304
            ],
            [
              99.71191406250001,
              41.880943279545214
            ],
            [
              99.7998046875,
              41.913676646653606
            ],
            [
              99.93164062500001,
              41.913676646653606
            ],
            [
              100.06347656250001,
              41.97909304281119
            ],
            [
              100.23925781250001,
              42.0117760677605
            ],
            [
              100.32714843750001,
              42.04444230792834
            ],
            [
              100.50292968750001,
              42.04444230792834
            ],
            [
              100.59082031250001,
              42.077091761321995
            ],
            [
              100.72265625000001,
              42.10972442597159
            ],
            [
              100.85449218750001,
              42.10972442597159
            ],
            [
              100.94238281250001,
              42.142340299929934
            ],
            [
              101.0302734375,
              42.17493938127282
            ],
            [
              101.11816406250001,
              42.24008715852827
            ],
            [
              101.25000000000001,
              42.27263585070579
            ],
            [
              101.33789062500001,
              42.30516774279754
            ],
            [
              101.51367187500001,
              42.33768283299257
            ],
            [
              101.6455078125,
              42.37018111950259
            ],
            [
              101.77734375000001,
              42.37018111950259
            ],
            [
              101.86523437500001,
              42.402662600561726
            ],
            [
              101.95312500000001,
              42.435127274426705
            ],
            [
              102.04101562500001,
              42.46757513937678
            ],
            [
              102.17285156250001,
              42.50000619371362
            ],
            [
              102.3046875,
              42.50000619371362
            ],
            [
              102.39257812500001,
              42.53242043576129
            ],
            [
              102.52441406250001,
              42.53242043576129
            ],
            [
              102.61230468750001,
              42.564817863866324
            ],
            [
              102.74414062500001,
              42.564817863866324
            ],
            [
              102.8759765625,
              42.597198476397566
            ],
            [
              103.00781250000001,
              42.597198476397566
            ],
            [
              103.13964843750001,
              42.564817863866324
            ],
            [
              103.31542968750001,
              42.53242043576129
            ],
            [
              103.447265625,
              42.50000619371362
            ],
            [
              103.53515625,
              42.46757513937678
            ],
            [
              103.62304687500001,
              42.435127274426705
            ],
            [
              103.66699218750001,
              42.37018111950259
            ],
            [
              103.75488281250001,
              42.33768283299257
            ],
            [
              103.79882812500001,
              42.27263585070579
            ],
            [
              103.88671875000001,
              42.20752166809853
            ],
            [
              103.93066406250001,
              42.142340299929934
            ],
            [
              103.97460937500001,
              42.077091761321995
            ],
            [
              104.01855468750001,
              42.0117760677605
            ],
            [
              104.01855468750001,
              41.913676646653606
            ],
            [
              104.01855468750001,
              41.81542621769123
            ],
            [
              104.0625,
              41.74984206648523
            ],
            [
              104.0625,
              41.65134008512954
            ],
            [
              104.1064453125,
              41.58558828712716
            ],
            [
              104.1064453125,
              41.48683492009146
            ],
            [
              104.0625,
              41.42091558933404
            ],
            [
              103.97460937500001,
              41.35492927871022
            ],
            [
              103.93066406250001,
              41.28887600777323
            ],
            [
              103.97460937500001,
              41.255824268400374
            ],
            [
              103.93066406250001,
              41.255824268400374
            ]
          ]
        ]
      }
    }
  ]
}