{
  "type": "FeatureCollection",
  "features": [
    {
      "type": "Feature",
      "properties": {
        "NAME": "백제",
        "name": "백제",
        "color": "#ef4444",
        "fill": "#ef4444",
        "fill-opacity": 0.5,
        "stroke": "#ef4444",
        "stroke-width": 2,
        "originalType": "polygon",
        "CODE": "백제"
      },
      "geometry": {
        "type": "Polygon",
        "coordinates": [
          [
            [
              127.858887,
              37.480605
            ],
            [
              127.792969,
              37.463154
            ],
            [
              127.749023,
              37.445699
            ],
            [
              127.683105,
              37.445699
            ],
            [
              127.595215,
              37.445699
            ],
            [
              127.507324,
              37.42824
            ],
            [
              127.441406,
              37.42824
            ],
            [
              127.375488,
              37.42824
            ],
            [
              127.287598,
              37.42824
            ],
            [
              127.243652,
              37.410777
            ],
            [
              127.177734,
              37.410777
            ],
            [
              127.111816,
              37.410777
            ],
            [
              127.067871,
              37.39331
            ],
            [
              127.001953,
              37.375839
            ],
            [
              126.936035,
              37.375839
            ],
            [
              126.89209,
              37.358363
            ],
            [
              126.848145,
              37.340884
            ],
            [
              126.826172,
              37.305913
            ],
            [
              126.804199,
              37.270926
            ],
            [
              126.782227,
              37.218414
            ],
            [
              126.804199,
              37.165866
            ],
            [
              126.804199,
              37.113282
            ],
            [
              126.782227,
              37.060661
            ],
            [
              126.782227,
              37.008003
            ],
            [
              126.782227,
              36.955309
            ],
            [
              126.738281,
              36.937736
            ],
            [
              126.672363,
              36.937736
            ],
            [
              126.606445,
              36.937736
            ],
            [
              126.5625,
              36.955309
            ],
            [
              126.518555,
              36.972878
            ],
            [
              126.474609,
              37.008003
            ],
            [
              126.430664,
              37.02556
            ],
            [
              126.364746,
              37.043112
            ],
            [
              126.298828,
              37.043112
            ],
            [
              126.23291,
              37.043112
            ],
            [
              126.188965,
              37.008003
            ],
            [
              126.188965,
              36.955309
            ],
            [
              126.166992,
              36.920159
            ],
            [
              126.188965,
              36.884993
            ],
            [
              126.23291,
              36.849811
            ],
            [
              126.254883,
              36.814613
            ],
            [
              126.276855,
              36.779398
            ],
            [
              126.276855,
              36.726546
            ],
            [
              126.276855,
              36.673658
            ],
            [
              126.298828,
              36.638379
            ],
            [
              126.298828,
              36.585429
            ],
            [
              126.298828,
              36.532444
            ],
            [
              126.320801,
              36.4971
            ],
            [
              126.342773,
              36.444054
            ],
            [
              126.364746,
              36.390972
            ],
            [
              126.386719,
              36.355564
            ],
            [
              126.408691,
              36.302421
            ],
            [
              126.430664,
              36.249242
            ],
            [
              126.430664,
              36.196027
            ],
            [
              126.430664,
              36.142775
            ],
            [
              126.452637,
              36.089488
            ],
            [
              126.474609,
              36.053943
            ],
            [
              126.496582,
              36.018382
            ],
            [
              126.518555,
              35.982804
            ],
            [
              126.540527,
              35.947211
            ],
            [
              126.540527,
              35.893791
            ],
            [
              126.518555,
              35.858158
            ],
            [
              126.496582,
              35.786843
            ],
            [
              126.474609,
              35.751162
            ],
            [
              126.452637,
              35.697609
            ],
            [
              126.452637,
              35.644021
            ],
            [
              126.430664,
              35.590397
            ],
            [
              126.408691,
              35.500944
            ],
            [
              126.386719,
              35.429309
            ],
            [
              126.342773,
              35.375542
            ],
            [
              126.320801,
              35.339677
            ],
            [
              126.276855,
              35.321738
            ],
            [
              126.254883,
              35.285849
            ],
            [
              126.210938,
              35.249944
            ],
            [
              126.166992,
              35.231986
            ],
            [
              126.123047,
              35.196057
            ],
            [
              126.101074,
              35.124152
            ],
            [
              126.057129,
              35.052183
            ],
            [
              126.035156,
              35.016175
            ],
            [
              126.035156,
              34.962133
            ],
            [
              126.035156,
              34.908056
            ],
            [
              126.013184,
              34.871984
            ],
            [
              125.991211,
              34.835897
            ],
            [
              125.991211,
              34.781736
            ],
            [
              125.969238,
              34.745609
            ],
            [
              125.947266,
              34.691389
            ],
            [
              125.947266,
              34.637134
            ],
            [
              125.947266,
              34.582843
            ],
            [
              125.947266,
              34.528516
            ],
            [
              125.969238,
              34.474154
            ],
            [
              125.969238,
              34.419757
            ],
            [
              125.969238,
              34.347172
            ],
            [
              125.969238,
              34.292691
            ],
            [
              125.991211,
              34.256352
            ],
            [
              126.035156,
              34.219996
            ],
            [
              126.079102,
              34.201813
            ],
            [
              126.166992,
              34.183625
            ],
            [
              126.298828,
              34.165434
            ],
            [
              126.386719,
              34.165434
            ],
            [
              126.474609,
              34.165434
            ],
            [
              126.540527,
              34.165434
            ],
            [
              126.584473,
              34.147239
            ],
            [
              126.650391,
              34.165434
            ],
            [
              126.694336,
              34.183625
            ],
            [
              126.782227,
              34.201813
            ],
            [
              126.826172,
              34.219996
            ],
            [
              126.89209,
              34.238176
            ],
            [
              126.958008,
              34.256352
            ],
            [
              127.023926,
              34.274524
            ],
            [
              127.067871,
              34.292691
            ],
            [
              127.133789,
              34.310855
            ],
            [
              127.199707,
              34.310855
            ],
            [
              127.243652,
              34.347172
            ],
            [
              127.287598,
              34.365324
            ],
            [
              127.331543,
              34.383472
            ],
            [
              127.375488,
              34.401616
            ],
            [
              127.419434,
              34.437893
            ],
            [
              127.463379,
              34.474154
            ],
            [
              127.507324,
              34.528516
            ],
            [
              127.507324,
              34.582843
            ],
            [
              127.529297,
              34.619041
            ],
            [
              127.55127,
              34.655223
            ],
            [
              127.573242,
              34.691389
            ],
            [
              127.595215,
              34.72754
            ],
            [
              127.63916,
              34.745609
            ],
            [
              127.683105,
              34.763675
            ],
            [
              127.705078,
              34.799794
            ],
            [
              127.727051,
              34.835897
            ],
            [
              127.749023,
              34.871984
            ],
            [
              127.749023,
              34.944112
            ],
            [
              127.770996,
              34.998165
            ],
            [
              127.770996,
              35.052183
            ],
            [
              127.770996,
              35.124152
            ],
            [
              127.770996,
              35.178087
            ],
            [
              127.770996,
              35.231986
            ],
            [
              127.770996,
              35.285849
            ],
            [
              127.770996,
              35.357611
            ],
            [
              127.792969,
              35.393468
            ],
            [
              127.792969,
              35.465135
            ],
            [
              127.814941,
              35.500944
            ],
            [
              127.814941,
              35.554628
            ],
            [
              127.814941,
              35.608276
            ],
            [
              127.836914,
              35.644021
            ],
            [
              127.836914,
              35.697609
            ],
            [
              127.836914,
              35.769004
            ],
            [
              127.858887,
              35.822508
            ],
            [
              127.880859,
              35.875976
            ],
            [
              127.902832,
              35.911602
            ],
            [
              127.924805,
              35.947211
            ],
            [
              127.96875,
              35.982804
            ],
            [
              127.990723,
              36.018382
            ],
            [
              128.012695,
              36.053943
            ],
            [
              128.034668,
              36.107254
            ],
            [
              128.034668,
              36.17828
            ],
            [
              128.056641,
              36.231508
            ],
            [
              128.056641,
              36.302421
            ],
            [
              128.056641,
              36.37327
            ],
            [
              128.056641,
              36.426364
            ],
            [
              128.056641,
              36.479422
            ],
            [
              128.056641,
              36.532444
            ],
            [
              128.056641,
              36.603083
            ],
            [
              128.034668,
              36.638379
            ],
            [
              128.034668,
              36.691291
            ],
            [
              128.034668,
              36.744168
            ],
            [
              128.034668,
              36.797008
            ],
            [
              128.034668,
              36.849811
            ],
            [
              128.034668,
              36.902578
            ],
            [
              128.034668,
              36.955309
            ],
            [
              128.012695,
              36.990442
            ],
            [
              127.990723,
              37.060661
            ],
            [
              127.990723,
              37.113282
            ],
            [
              127.990723,
              37.165866
            ],
            [
              127.990723,
              37.218414
            ],
            [
              127.990723,
              37.270926
            ],
            [
              127.96875,
              37.305913
            ],
            [
              127.96875,
              37.358363
            ],
            [
              127.946777,
              37.39331
            ],
            [
              127.924805,
              37.42824
            ],
            [
              127.902832,
              37.463154
            ],
            [
              127.836914,
              37.463154
            ],
            [
              127.836914,
              37.463154
            ],
            [
              127.858887,
              37.480605
            ]
          ]
        ]
      }
    },
    {
      "type": "Feature",
      "properties": {
        "NAME": "말갈",
        "name": "말갈",
        "color": "#ef4444",
        "fill": "#ef4444",
        "fill-opacity": 0.5,
        "stroke": "#ef4444",
        "stroke-width": 2,
        "originalType": "polygon",
        "CODE": "말갈"
      },
      "geometry": {
        "type": "Polygon",
        "coordinates": [
          [
            [
              133.286133,
              47.972041
            ],
            [
              133.374023,
              47.88364
            ],
            [
              133.417969,
              47.824622
            ],
            [
              133.505859,
              47.795088
            ],
            [
              133.59375,
              47.735969
            ],
            [
              133.637695,
              47.676783
            ],
            [
              133.681641,
              47.61753
            ],
            [
              133.769531,
              47.587879
            ],
            [
              133.813477,
              47.528525
            ],
            [
              133.857422,
              47.439368
            ],
            [
              133.901367,
              47.379846
            ],
            [
              133.945313,
              47.290437
            ],
            [
              133.945313,
              47.170989
            ],
            [
              133.945313,
              47.081227
            ],
            [
              133.945313,
              46.991313
            ],
            [
              133.945313,
              46.901247
            ],
            [
              133.989258,
              46.841119
            ],
            [
              133.945313,
              46.750801
            ],
            [
              133.945313,
              46.660332
            ],
            [
              133.945313,
              46.56971
            ],
            [
              133.945313,
              46.478937
            ],
            [
              133.945313,
              46.357671
            ],
            [
              133.945313,
              46.266544
            ],
            [
              133.989258,
              46.175265
            ],
            [
              133.989258,
              46.083835
            ],
            [
              133.945313,
              46.022797
            ],
            [
              133.945313,
              45.931113
            ],
            [
              133.945313,
              45.839278
            ],
            [
              133.945313,
              45.747291
            ],
            [
              133.945313,
              45.593642
            ],
            [
              133.945313,
              45.470419
            ],
            [
              133.945313,
              45.377824
            ],
            [
              133.945313,
              45.285078
            ],
            [
              133.945313,
              45.19218
            ],
            [
              133.945313,
              45.068079
            ],
            [
              133.945313,
              44.943708
            ],
            [
              133.945313,
              44.850253
            ],
            [
              133.945313,
              44.756646
            ],
            [
              133.945313,
              44.631601
            ],
            [
              133.945313,
              44.506285
            ],
            [
              133.945313,
              44.412121
            ],
            [
              133.901367,
              44.349261
            ],
            [
              133.857422,
              44.254844
            ],
            [
              133.857422,
              44.160275
            ],
            [
              133.813477,
              44.065554
            ],
            [
              133.813477,
              43.939024
            ],
            [
              133.769531,
              43.875658
            ],
            [
              133.769531,
              43.780482
            ],
            [
              133.725586,
              43.716947
            ],
            [
              133.725586,
              43.621518
            ],
            [
              133.681641,
              43.557814
            ],
            [
              133.681641,
              43.462132
            ],
            [
              133.637695,
              43.39826
            ],
            [
              133.637695,
              43.302326
            ],
            [
              133.725586,
              43.270314
            ],
            [
              133.813477,
              43.238285
            ],
            [
              133.945313,
              43.238285
            ],
            [
              134.077148,
              43.238285
            ],
            [
              134.208984,
              43.270314
            ],
            [
              134.296875,
              43.302326
            ],
            [
              134.428711,
              43.334321
            ],
            [
              134.560547,
              43.366299
            ],
            [
              134.648438,
              43.39826
            ],
            [
              134.736328,
              43.430205
            ],
            [
              134.824219,
              43.462132
            ],
            [
              134.956055,
              43.525937
            ],
            [
              135.043945,
              43.557814
            ],
            [
              135.175781,
              43.653344
            ],
            [
              135.263672,
              43.716947
            ],
            [
              135.351563,
              43.780482
            ],
            [
              135.483398,
              43.843949
            ],
            [
              135.571289,
              43.907349
            ],
            [
              135.65918,
              43.970682
            ],
            [
              135.74707,
              44.002323
            ],
            [
              135.834961,
              44.097145
            ],
            [
              135.922852,
              44.160275
            ],
            [
              135.966797,
              44.223338
            ],
            [
              136.098633,
              44.286333
            ],
            [
              136.186523,
              44.349261
            ],
            [
              136.274414,
              44.412121
            ],
            [
              136.362305,
              44.443526
            ],
            [
              136.40625,
              44.506285
            ],
            [
              136.494141,
              44.568977
            ],
            [
              136.538086,
              44.631601
            ],
            [
              136.582031,
              44.694157
            ],
            [
              136.625977,
              44.756646
            ],
            [
              136.713867,
              44.819068
            ],
            [
              136.757813,
              44.912574
            ],
            [
              136.845703,
              44.974826
            ],
            [
              136.889648,
              45.037012
            ],
            [
              136.933594,
              45.099129
            ],
            [
              137.021484,
              45.16118
            ],
            [
              137.109375,
              45.223163
            ],
            [
              137.197266,
              45.31601
            ],
            [
              137.285156,
              45.408706
            ],
            [
              137.373047,
              45.470419
            ],
            [
              137.416992,
              45.532064
            ],
            [
              137.460938,
              45.593642
            ],
            [
              137.504883,
              45.655152
            ],
            [
              137.548828,
              45.716595
            ],
            [
              137.636719,
              45.808632
            ],
            [
              137.724609,
              45.869907
            ],
            [
              137.8125,
              45.931113
            ],
            [
              137.856445,
              46.022797
            ],
            [
              137.900391,
              46.083835
            ],
            [
              137.944336,
              46.144805
            ],
            [
              137.988281,
              46.205708
            ],
            [
              138.076172,
              46.266544
            ],
            [
              138.120117,
              46.327312
            ],
            [
              138.208008,
              46.388013
            ],
            [
              138.251953,
              46.448646
            ],
            [
              138.295898,
              46.509212
            ],
            [
              138.383789,
              46.56971
            ],
            [
              138.427734,
              46.630141
            ],
            [
              138.47168,
              46.690505
            ],
            [
              138.55957,
              46.750801
            ],
            [
              138.603516,
              46.841119
            ],
            [
              138.647461,
              46.901247
            ],
            [
              138.691406,
              46.961308
            ],
            [
              138.779297,
              47.021301
            ],
            [
              138.823242,
              47.111164
            ],
            [
              138.867188,
              47.170989
            ],
            [
              138.911133,
              47.230747
            ],
            [
              138.911133,
              47.320257
            ],
            [
              138.955078,
              47.379846
            ],
            [
              139.042969,
              47.469104
            ],
            [
              139.130859,
              47.528525
            ],
            [
              139.21875,
              47.587879
            ],
            [
              139.350586,
              47.676783
            ],
            [
              139.394531,
              47.735969
            ],
            [
              139.482422,
              47.795088
            ],
            [
              139.526367,
              47.854139
            ],
            [
              139.614258,
              47.88364
            ],
            [
              139.702148,
              47.94259
            ],
            [
              139.790039,
              47.972041
            ],
            [
              139.87793,
              48.030891
            ],
            [
              139.921875,
              48.089673
            ],
            [
              139.96582,
              48.177722
            ],
            [
              140.009766,
              48.236337
            ],
            [
              140.053711,
              48.353366
            ],
            [
              140.097656,
              48.41178
            ],
            [
              140.141602,
              48.470126
            ],
            [
              140.185547,
              48.586619
            ],
            [
              140.185547,
              48.702844
            ],
            [
              140.229492,
              48.760856
            ],
            [
              140.273438,
              48.847748
            ],
            [
              140.317383,
              48.905593
            ],
            [
              140.361328,
              48.963371
            ],
            [
              140.405273,
              49.021082
            ],
            [
              140.449219,
              49.078726
            ],
            [
              140.537109,
              49.165067
            ],
            [
              140.581055,
              49.222544
            ],
            [
              140.625,
              49.279954
            ],
            [
              140.668945,
              49.365945
            ],
            [
              140.712891,
              49.451785
            ],
            [
              140.712891,
              49.537475
            ],
            [
              140.756836,
              49.594518
            ],
            [
              140.800781,
              49.651495
            ],
            [
              140.800781,
              49.736835
            ],
            [
              140.844727,
              49.878736
            ],
            [
              140.888672,
              50.020221
            ],
            [
              140.932617,
              50.104913
            ],
            [
              140.976563,
              50.189455
            ],
            [
              140.976563,
              50.273848
            ],
            [
              140.976563,
              50.358091
            ],
            [
              140.976563,
              50.442186
            ],
            [
              140.976563,
              50.526131
            ],
            [
              141.020508,
              50.582011
            ],
            [
              141.064453,
              50.637825
            ],
            [
              140.976563,
              50.665708
            ],
            [
              140.888672,
              50.637825
            ],
            [
              140.800781,
              50.609926
            ],
            [
              140.668945,
              50.609926
            ],
            [
              140.493164,
              50.609926
            ],
            [
              140.361328,
              50.609926
            ],
            [
              140.229492,
              50.609926
            ],
            [
              140.097656,
              50.609926
            ],
            [
              140.009766,
              50.637825
            ],
            [
              139.921875,
              50.693573
            ],
            [
              139.833984,
              50.721423
            ],
            [
              139.702148,
              50.721423
            ],
            [
              139.614258,
              50.749255
            ],
            [
              139.482422,
              50.749255
            ],
            [
              139.438477,
              50.804871
            ],
            [
              139.350586,
              50.832654
            ],
            [
              139.306641,
              50.888171
            ],
            [
              139.262695,
              50.943621
            ],
            [
              139.21875,
              50.999006
            ],
            [
              139.130859,
              51.054324
            ],
            [
              139.042969,
              51.137178
            ],
            [
              138.955078,
              51.164763
            ],
            [
              138.867188,
              51.219883
            ],
            [
              138.779297,
              51.247419
            ],
            [
              138.691406,
              51.302441
            ],
            [
              138.603516,
              51.329927
            ],
            [
              138.47168,
              51.384849
            ],
            [
              138.251953,
              51.412286
            ],
            [
              138.032227,
              51.439706
            ],
            [
              137.8125,
              51.46711
            ],
            [
              137.680664,
              51.46711
            ],
            [
              137.592773,
              51.494498
            ],
            [
              137.460938,
              51.494498
            ],
            [
              137.285156,
              51.494498
            ],
            [
              137.15332,
              51.494498
            ],
            [
              137.021484,
              51.494498
            ],
            [
              136.889648,
              51.494498
            ],
            [
              136.757813,
              51.494498
            ],
            [
              136.625977,
              51.494498
            ],
            [
              136.494141,
              51.494498
            ],
            [
              136.362305,
              51.494498
            ],
            [
              136.230469,
              51.494498
            ],
            [
              136.054688,
              51.46711
            ],
            [
              135.878906,
              51.46711
            ],
            [
              135.74707,
              51.46711
            ],
            [
              135.615234,
              51.439706
            ],
            [
              135.395508,
              51.439706
            ],
            [
              135.263672,
              51.439706
            ],
            [
              135.043945,
              51.439706
            ],
            [
              134.912109,
              51.439706
            ],
            [
              134.736328,
              51.439706
            ],
            [
              134.604492,
              51.439706
            ],
            [
              134.516602,
              51.412286
            ],
            [
              134.34082,
              51.412286
            ],
            [
              134.208984,
              51.412286
            ],
            [
              134.077148,
              51.412286
            ],
            [
              133.989258,
              51.384849
            ],
            [
              133.857422,
              51.384849
            ],
            [
              133.725586,
              51.357396
            ],
            [
              133.549805,
              51.357396
            ],
            [
              133.417969,
              51.329927
            ],
            [
              133.286133,
              51.329927
            ],
            [
              133.154297,
              51.302441
            ],
            [
              133.066406,
              51.274938
            ],
            [
              132.978516,
              51.247419
            ],
            [
              132.84668,
              51.219883
            ],
            [
              132.758789,
              51.192331
            ],
            [
              132.670898,
              51.164763
            ],
            [
              132.583008,
              51.137178
            ],
            [
              132.495117,
              51.109577
            ],
            [
              132.407227,
              51.081959
            ],
            [
              132.319336,
              51.054324
            ],
            [
              132.231445,
              51.026673
            ],
            [
              132.143555,
              50.999006
            ],
            [
              132.099609,
              50.943621
            ],
            [
              131.967773,
              50.915904
            ],
            [
              131.879883,
              50.860421
            ],
            [
              131.791992,
              50.832654
            ],
            [
              131.704102,
              50.777071
            ],
            [
              131.616211,
              50.749255
            ],
            [
              131.572266,
              50.693573
            ],
            [
              131.484375,
              50.665708
            ],
            [
              131.44043,
              50.609926
            ],
            [
              131.396484,
              50.554079
            ],
            [
              131.352539,
              50.498165
            ],
            [
              131.308594,
              50.442186
            ],
            [
              131.308594,
              50.358091
            ],
            [
              131.308594,
              50.245734
            ],
            [
              131.308594,
              50.161291
            ],
            [
              131.352539,
              50.076699
            ],
            [
              131.352539,
              49.963677
            ],
            [
              131.352539,
              49.878736
            ],
            [
              131.396484,
              49.822026
            ],
            [
              131.396484,
              49.736835
            ],
            [
              131.44043,
              49.651495
            ],
            [
              131.52832,
              49.566005
            ],
            [
              131.572266,
              49.480365
            ],
            [
              131.616211,
              49.423188
            ],
            [
              131.660156,
              49.365945
            ],
            [
              131.704102,
              49.308634
            ],
            [
              131.748047,
              49.251258
            ],
            [
              131.835938,
              49.193814
            ],
            [
              131.879883,
              49.136303
            ],
            [
              131.923828,
              49.078726
            ],
            [
              131.967773,
              49.021082
            ],
            [
              132.011719,
              48.963371
            ],
            [
              132.099609,
              48.905593
            ],
            [
              132.143555,
              48.847748
            ],
            [
              132.1875,
              48.789837
            ],
            [
              132.231445,
              48.731858
            ],
            [
              132.319336,
              48.702844
            ],
            [
              132.407227,
              48.644765
            ],
            [
              132.451172,
              48.586619
            ],
            [
              132.539063,
              48.557521
            ],
            [
              132.583008,
              48.499275
            ],
            [
              132.670898,
              48.470126
            ],
            [
              132.714844,
              48.41178
            ],
            [
              132.758789,
              48.353366
            ],
            [
              132.802734,
              48.294885
            ],
            [
              132.84668,
              48.236337
            ],
            [
              132.890625,
              48.177722
            ],
            [
              132.978516,
              48.11904
            ],
            [
              133.066406,
              48.06029
            ],
            [
              133.154297,
              48.030891
            ],
            [
              133.198242,
              47.972041
            ],
            [
              133.286133,
              47.94259
            ],
            [
              133.374023,
              47.913123
            ],
            [
              133.417969,
              47.854139
            ],
            [
              133.505859,
              47.824622
            ],
            [
              133.59375,
              47.765537
            ],
            [
              133.59375,
              47.765537
            ],
            [
              133.286133,
              47.972041
            ]
          ]
        ]
      }
    },
    {
      "type": "Feature",
      "properties": {
        "NAME": "양",
        "name": "양",
        "color": "#ef4444",
        "fill": "#ef4444",
        "fill-opacity": 0.5,
        "stroke": "#ef4444",
        "stroke-width": 2,
        "originalType": "polygon",
        "CODE": "양"
      },
      "geometry": {
        "type": "Polygon",
        "coordinates": [
          [
            [
              120.146484,
              34.466631
            ],
            [
              120.234375,
              34.176076
            ],
            [
              120.234375,
              33.957501
            ],
            [
              120.322266,
              33.811471
            ],
            [
              120.410156,
              33.665192
            ],
            [
              120.498047,
              33.518663
            ],
            [
              120.585938,
              33.371886
            ],
            [
              120.761719,
              33.298405
            ],
            [
              120.849609,
              33.151256
            ],
            [
              120.9375,
              32.930069
            ],
            [
              121.113281,
              32.708327
            ],
            [
              121.201172,
              32.486034
            ],
            [
              121.289063,
              32.337532
            ],
            [
              121.376953,
              32.188786
            ],
            [
              121.464844,
              31.965211
            ],
            [
              121.640625,
              31.815857
            ],
            [
              121.728516,
              31.666262
            ],
            [
              121.816406,
              31.516425
            ],
            [
              121.904297,
              31.366348
            ],
            [
              121.992188,
              31.140782
            ],
            [
              122.080078,
              30.990106
            ],
            [
              122.080078,
              30.688039
            ],
            [
              122.080078,
              30.385024
            ],
            [
              121.992188,
              30.233163
            ],
            [
              121.904297,
              30.081067
            ],
            [
              121.816406,
              29.776172
            ],
            [
              121.728516,
              29.470347
            ],
            [
              121.728516,
              29.24037
            ],
            [
              121.728516,
              29.009876
            ],
            [
              121.640625,
              28.855926
            ],
            [
              121.552734,
              28.701748
            ],
            [
              121.552734,
              28.470055
            ],
            [
              121.464844,
              28.31531
            ],
            [
              121.376953,
              28.005145
            ],
            [
              121.289063,
              27.694084
            ],
            [
              121.201172,
              27.538219
            ],
            [
              121.113281,
              27.382133
            ],
            [
              121.025391,
              27.225827
            ],
            [
              120.849609,
              26.990956
            ],
            [
              120.673828,
              26.834102
            ],
            [
              120.585938,
              26.598413
            ],
            [
              120.410156,
              26.362238
            ],
            [
              120.234375,
              26.283406
            ],
            [
              120.146484,
              26.046587
            ],
            [
              119.970703,
              25.809288
            ],
            [
              119.882813,
              25.650825
            ],
            [
              119.882813,
              25.412735
            ],
            [
              119.707031,
              25.333266
            ],
            [
              119.619141,
              25.094549
            ],
            [
              119.53125,
              24.855364
            ],
            [
              119.355469,
              24.775533
            ],
            [
              119.267578,
              24.615717
            ],
            [
              119.091797,
              24.455696
            ],
            [
              118.828125,
              24.215283
            ],
            [
              118.564453,
              24.054755
            ],
            [
              118.388672,
              23.894026
            ],
            [
              118.300781,
              23.733097
            ],
            [
              118.125,
              23.652558
            ],
            [
              117.949219,
              23.410644
            ],
            [
              117.685547,
              23.329907
            ],
            [
              117.509766,
              23.168286
            ],
            [
              117.333984,
              23.087402
            ],
            [
              117.070313,
              23.00647
            ],
            [
              116.894531,
              22.925489
            ],
            [
              116.630859,
              22.84446
            ],
            [
              116.367188,
              22.763382
            ],
            [
              116.103516,
              22.601082
            ],
            [
              115.927734,
              22.51986
            ],
            [
              115.664063,
              22.438591
            ],
            [
              115.400391,
              22.357273
            ],
            [
              115.048828,
              22.275909
            ],
            [
              114.785156,
              22.194496
            ],
            [
              114.521484,
              22.194496
            ],
            [
              114.169922,
              22.113037
            ],
            [
              113.994141,
              22.031531
            ],
            [
              113.642578,
              22.031531
            ],
            [
              113.466797,
              21.949977
            ],
            [
              113.115234,
              21.949977
            ],
            [
              112.939453,
              21.868377
            ],
            [
              112.675781,
              21.868377
            ],
            [
              112.5,
              21.78673
            ],
            [
              112.236328,
              21.705037
            ],
            [
              112.060547,
              21.623297
            ],
            [
              111.972656,
              21.459679
            ],
            [
              111.884766,
              21.213908
            ],
            [
              111.884766,
              20.967726
            ],
            [
              111.708984,
              20.721139
            ],
            [
              111.621094,
              20.391731
            ],
            [
              111.533203,
              20.226761
            ],
            [
              111.445313,
              20.061617
            ],
            [
              111.269531,
              19.896299
            ],
            [
              111.09375,
              19.565144
            ],
            [
              110.917969,
              19.482249
            ],
            [
              110.830078,
              19.316331
            ],
            [
              110.742188,
              19.150244
            ],
            [
              110.654297,
              18.98399
            ],
            [
              110.478516,
              18.900801
            ],
            [
              110.302734,
              18.734298
            ],
            [
              109.951172,
              18.650985
            ],
            [
              109.6875,
              18.567631
            ],
            [
              109.335938,
              18.650985
            ],
            [
              109.160156,
              18.734298
            ],
            [
              108.808594,
              18.81757
            ],
            [
              108.632813,
              18.900801
            ],
            [
              108.720703,
              19.067138
            ],
            [
              108.808594,
              19.399311
            ],
            [
              108.896484,
              19.565144
            ],
            [
              108.984375,
              19.730807
            ],
            [
              109.072266,
              19.896299
            ],
            [
              109.160156,
              20.144211
            ],
            [
              109.160156,
              20.391731
            ],
            [
              109.160156,
              20.638853
            ],
            [
              109.072266,
              20.803379
            ],
            [
              108.896484,
              20.885575
            ],
            [
              108.632813,
              20.967726
            ],
            [
              108.28125,
              21.049832
            ],
            [
              107.841797,
              21.049832
            ],
            [
              107.578125,
              21.049832
            ],
            [
              107.402344,
              20.967726
            ],
            [
              107.138672,
              20.803379
            ],
            [
              106.962891,
              20.638853
            ],
            [
              106.787109,
              20.474149
            ],
            [
              106.611328,
              20.309268
            ],
            [
              106.435547,
              20.226761
            ],
            [
              106.347656,
              20.061617
            ],
            [
              106.347656,
              19.813574
            ],
            [
              106.347656,
              19.565144
            ],
            [
              106.435547,
              19.316331
            ],
            [
              106.523438,
              19.067138
            ],
            [
              106.611328,
              18.900801
            ],
            [
              106.699219,
              18.734298
            ],
            [
              106.875,
              18.567631
            ],
            [
              106.962891,
              18.400801
            ],
            [
              107.050781,
              18.23381
            ],
            [
              107.226563,
              18.066658
            ],
            [
              107.314453,
              17.899346
            ],
            [
              107.490234,
              17.731877
            ],
            [
              107.578125,
              17.564251
            ],
            [
              107.666016,
              17.312521
            ],
            [
              107.841797,
              17.144509
            ],
            [
              107.929688,
              16.976345
            ],
            [
              107.929688,
              16.723816
            ],
            [
              107.841797,
              16.470952
            ],
            [
              107.578125,
              16.470952
            ],
            [
              107.314453,
              16.555277
            ],
            [
              107.138672,
              16.639565
            ],
            [
              106.875,
              16.723816
            ],
            [
              106.523438,
              16.80803
            ],
            [
              106.347656,
              16.892206
            ],
            [
              106.083984,
              16.976345
            ],
            [
              105.908203,
              17.060446
            ],
            [
              105.644531,
              17.312521
            ],
            [
              105.556641,
              17.564251
            ],
            [
              105.46875,
              17.731877
            ],
            [
              105.380859,
              17.899346
            ],
            [
              105.380859,
              18.150254
            ],
            [
              105.292969,
              18.317326
            ],
            [
              105.292969,
              18.567631
            ],
            [
              105.292969,
              18.81757
            ],
            [
              105.205078,
              19.067138
            ],
            [
              105.205078,
              19.316331
            ],
            [
              105.117188,
              19.565144
            ],
            [
              105.029297,
              19.730807
            ],
            [
              104.853516,
              19.896299
            ],
            [
              104.765625,
              20.144211
            ],
            [
              104.501953,
              20.226761
            ],
            [
              104.414063,
              20.391731
            ],
            [
              104.238281,
              20.556523
            ],
            [
              104.0625,
              20.721139
            ],
            [
              103.974609,
              20.885575
            ],
            [
              103.798828,
              21.049832
            ],
            [
              103.623047,
              21.213908
            ],
            [
              103.535156,
              21.377801
            ],
            [
              103.447266,
              21.541511
            ],
            [
              103.271484,
              21.705037
            ],
            [
              103.095703,
              21.868377
            ],
            [
              103.007813,
              22.031531
            ],
            [
              103.007813,
              22.275909
            ],
            [
              102.832031,
              22.51986
            ],
            [
              102.65625,
              22.601082
            ],
            [
              102.216797,
              22.601082
            ],
            [
              101.953125,
              22.601082
            ],
            [
              101.601563,
              22.51986
            ],
            [
              101.337891,
              22.51986
            ],
            [
              101.074219,
              22.438591
            ],
            [
              100.898438,
              22.357273
            ],
            [
              100.634766,
              22.357273
            ],
            [
              100.458984,
              22.275909
            ],
            [
              100.195313,
              22.275909
            ],
            [
              99.84375,
              22.357273
            ],
            [
              99.580078,
              22.51986
            ],
            [
              99.404297,
              22.601082
            ],
            [
              99.228516,
              22.682256
            ],
            [
              99.140625,
              22.84446
            ],
            [
              98.964844,
              23.168286
            ],
            [
              98.789063,
              23.329907
            ],
            [
              98.701172,
              23.491331
            ],
            [
              98.613281,
              23.652558
            ],
            [
              98.525391,
              23.813587
            ],
            [
              98.4375,
              23.974416
            ],
            [
              98.349609,
              24.215283
            ],
            [
              98.261719,
              24.455696
            ],
            [
              98.261719,
              24.695651
            ],
            [
              98.261719,
              24.935144
            ],
            [
              98.261719,
              25.174173
            ],
            [
              98.173828,
              25.412735
            ],
            [
              98.085938,
              25.571514
            ],
            [
              98.085938,
              25.809288
            ],
            [
              97.998047,
              25.96754
            ],
            [
              97.998047,
              26.20452
            ],
            [
              97.910156,
              26.519742
            ],
            [
              97.822266,
              26.755593
            ],
            [
              97.734375,
              26.990956
            ],
            [
              97.646484,
              27.225827
            ],
            [
              97.470703,
              27.538219
            ],
            [
              97.294922,
              27.771932
            ],
            [
              97.382813,
              28.08277
            ],
            [
              97.470703,
              28.237853
            ],
            [
              97.558594,
              28.392711
            ],
            [
              97.646484,
              28.778866
            ],
            [
              97.734375,
              28.932929
            ],
            [
              97.822266,
              29.163596
            ],
            [
              97.910156,
              29.317087
            ],
            [
              97.998047,
              29.470347
            ],
            [
              98.085938,
              29.699803
            ],
            [
              98.173828,
              29.852483
            ],
            [
              98.261719,
              30.004931
            ],
            [
              98.349609,
              30.309123
            ],
            [
              98.4375,
              30.612374
            ],
            [
              98.525391,
              30.914678
            ],
            [
              98.525391,
              31.140782
            ],
            [
              98.613281,
              31.291219
            ],
            [
              98.701172,
              31.516425
            ],
            [
              98.789063,
              31.666262
            ],
            [
              98.876953,
              32.039796
            ],
            [
              98.964844,
              32.188786
            ],
            [
              99.052734,
              32.337532
            ],
            [
              99.140625,
              32.486034
            ],
            [
              99.228516,
              32.634291
            ],
            [
              99.404297,
              32.708327
            ],
            [
              99.580078,
              32.856216
            ],
            [
              99.84375,
              32.930069
            ],
            [
              100.195313,
              32.930069
            ],
            [
              100.546875,
              32.930069
            ],
            [
              100.810547,
              32.856216
            ],
            [
              101.074219,
              32.782303
            ],
            [
              101.337891,
              32.782303
            ],
            [
              101.601563,
              32.708327
            ],
            [
              101.865234,
              32.708327
            ],
            [
              102.041016,
              32.634291
            ],
            [
              102.216797,
              32.560193
            ],
            [
              102.392578,
              32.486034
            ],
            [
              102.744141,
              32.486034
            ],
            [
              102.919922,
              32.411813
            ],
            [
              103.359375,
              32.486034
            ],
            [
              103.623047,
              32.486034
            ],
            [
              103.886719,
              32.486034
            ],
            [
              104.0625,
              32.560193
            ],
            [
              104.326172,
              32.560193
            ],
            [
              104.501953,
              32.634291
            ],
            [
              104.677734,
              32.708327
            ],
            [
              104.941406,
              32.708327
            ],
            [
              105.117188,
              32.782303
            ],
            [
              105.380859,
              32.856216
            ],
            [
              105.556641,
              32.930069
            ],
            [
              105.732422,
              33.003859
            ],
            [
              105.996094,
              33.077588
            ],
            [
              106.259766,
              33.077588
            ],
            [
              106.523438,
              33.224861
            ],
            [
              106.699219,
              33.298405
            ],
            [
              106.875,
              33.371886
            ],
            [
              107.226563,
              33.371886
            ],
            [
              107.490234,
              33.445306
            ],
            [
              107.753906,
              33.445306
            ],
            [
              108.017578,
              33.518663
            ],
            [
              108.457031,
              33.518663
            ],
            [
              108.720703,
              33.518663
            ],
            [
              109.072266,
              33.445306
            ],
            [
              109.335938,
              33.445306
            ],
            [
              109.599609,
              33.445306
            ],
            [
              109.863281,
              33.445306
            ],
            [
              110.214844,
              33.445306
            ],
            [
              110.478516,
              33.445306
            ],
            [
              110.742188,
              33.445306
            ],
            [
              111.09375,
              33.445306
            ],
            [
              111.445313,
              33.445306
            ],
            [
              111.796875,
              33.445306
            ],
            [
              112.148438,
              33.445306
            ],
            [
              112.5,
              33.445306
            ],
            [
              112.763672,
              33.445306
            ],
            [
              113.115234,
              33.518663
            ],
            [
              113.466797,
              33.518663
            ],
            [
              113.730469,
              33.518663
            ],
            [
              113.994141,
              33.518663
            ],
            [
              114.169922,
              33.591959
            ],
            [
              114.433594,
              33.591959
            ],
            [
              114.609375,
              33.665192
            ],
            [
              114.960938,
              33.665192
            ],
            [
              115.3125,
              33.738363
            ],
            [
              115.664063,
              33.811471
            ],
            [
              115.927734,
              33.811471
            ],
            [
              116.103516,
              33.884517
            ],
            [
              116.279297,
              33.957501
            ],
            [
              116.542969,
              33.957501
            ],
            [
              116.71875,
              34.030422
            ],
            [
              116.982422,
              34.10328
            ],
            [
              117.246094,
              34.176076
            ],
            [
              117.509766,
              34.248809
            ],
            [
              117.773438,
              34.248809
            ],
            [
              118.037109,
              34.248809
            ],
            [
              118.300781,
              34.248809
            ],
            [
              118.476563,
              34.321479
            ],
            [
              118.740234,
              34.321479
            ],
            [
              119.003906,
              34.321479
            ],
            [
              119.267578,
              34.394086
            ],
            [
              119.619141,
              34.466631
            ],
            [
              119.794922,
              34.539112
            ],
            [
              119.970703,
              34.61153
            ],
            [
              120.146484,
              34.539112
            ],
            [
              120.234375,
              34.539112
            ],
            [
              120.146484,
              34.466631
            ]
          ]
        ]
      }
    },
    {
      "type": "Feature",
      "properties": {
        "NAME": "두막루",
        "name": "두막루",
        "color": "#ef4444",
        "fill": "#ef4444",
        "fill-opacity": 0.5,
        "stroke": "#ef4444",
        "stroke-width": 2,
        "originalType": "polygon",
        "CODE": "두막루"
      },
      "geometry": {
        "type": "Polygon",
        "coordinates": [
          [
            [
              125.375977,
              49.424273
            ],
            [
              125.288086,
              49.39566
            ],
            [
              125.200195,
              49.367031
            ],
            [
              124.980469,
              49.338385
            ],
            [
              124.848633,
              49.281042
            ],
            [
              124.716797,
              49.252346
            ],
            [
              124.628906,
              49.223633
            ],
            [
              124.541016,
              49.194904
            ],
            [
              124.453125,
              49.166157
            ],
            [
              124.277344,
              49.137394
            ],
            [
              124.189453,
              49.108615
            ],
            [
              124.101563,
              49.051005
            ],
            [
              123.969727,
              49.022176
            ],
            [
              123.881836,
              48.993329
            ],
            [
              123.793945,
              48.964466
            ],
            [
              123.75,
              48.906689
            ],
            [
              123.662109,
              48.877776
            ],
            [
              123.574219,
              48.819899
            ],
            [
              123.442383,
              48.761955
            ],
            [
              123.354492,
              48.703945
            ],
            [
              123.178711,
              48.645867
            ],
            [
              123.046875,
              48.616803
            ],
            [
              122.958984,
              48.558625
            ],
            [
              122.871094,
              48.50038
            ],
            [
              122.827148,
              48.412887
            ],
            [
              122.783203,
              48.295994
            ],
            [
              122.739258,
              48.237448
            ],
            [
              122.695313,
              48.178834
            ],
            [
              122.651367,
              48.120153
            ],
            [
              122.607422,
              48.032006
            ],
            [
              122.563477,
              47.973157
            ],
            [
              122.607422,
              47.855258
            ],
            [
              122.651367,
              47.796208
            ],
            [
              122.739258,
              47.707507
            ],
            [
              122.783203,
              47.648289
            ],
            [
              122.827148,
              47.589003
            ],
            [
              122.871094,
              47.499949
            ],
            [
              122.915039,
              47.440496
            ],
            [
              122.958984,
              47.351189
            ],
            [
              123.046875,
              47.321387
            ],
            [
              123.134766,
              47.291568
            ],
            [
              123.266602,
              47.261732
            ],
            [
              123.398438,
              47.231879
            ],
            [
              123.574219,
              47.231879
            ],
            [
              123.706055,
              47.231879
            ],
            [
              123.925781,
              47.261732
            ],
            [
              124.057617,
              47.261732
            ],
            [
              124.145508,
              47.291568
            ],
            [
              124.277344,
              47.321387
            ],
            [
              124.453125,
              47.321387
            ],
            [
              124.584961,
              47.321387
            ],
            [
              124.716797,
              47.321387
            ],
            [
              124.804688,
              47.351189
            ],
            [
              124.936523,
              47.351189
            ],
            [
              125.068359,
              47.410744
            ],
            [
              125.200195,
              47.440496
            ],
            [
              125.332031,
              47.440496
            ],
            [
              125.463867,
              47.470231
            ],
            [
              125.595703,
              47.470231
            ],
            [
              125.727539,
              47.499949
            ],
            [
              125.90332,
              47.499949
            ],
            [
              126.035156,
              47.529651
            ],
            [
              126.166992,
              47.559335
            ],
            [
              126.298828,
              47.618654
            ],
            [
              126.386719,
              47.648289
            ],
            [
              126.5625,
              47.677906
            ],
            [
              126.650391,
              47.707507
            ],
            [
              126.738281,
              47.737091
            ],
            [
              126.826172,
              47.796208
            ],
            [
              126.958008,
              47.855258
            ],
            [
              127.045898,
              47.914241
            ],
            [
              127.133789,
              47.943707
            ],
            [
              127.22168,
              47.973157
            ],
            [
              127.30957,
              48.00259
            ],
            [
              127.397461,
              48.090787
            ],
            [
              127.485352,
              48.120153
            ],
            [
              127.573242,
              48.178834
            ],
            [
              127.661133,
              48.237448
            ],
            [
              127.792969,
              48.295994
            ],
            [
              127.880859,
              48.325242
            ],
            [
              127.924805,
              48.383689
            ],
            [
              128.012695,
              48.442068
            ],
            [
              128.056641,
              48.50038
            ],
            [
              128.100586,
              48.558625
            ],
            [
              128.188477,
              48.616803
            ],
            [
              128.232422,
              48.674914
            ],
            [
              128.276367,
              48.761955
            ],
            [
              128.320313,
              48.819899
            ],
            [
              128.364258,
              48.906689
            ],
            [
              128.364258,
              49.022176
            ],
            [
              128.408203,
              49.079818
            ],
            [
              128.452148,
              49.137394
            ],
            [
              128.496094,
              49.194904
            ],
            [
              128.540039,
              49.252346
            ],
            [
              128.540039,
              49.338385
            ],
            [
              128.540039,
              49.424273
            ],
            [
              128.496094,
              49.481448
            ],
            [
              128.452148,
              49.567087
            ],
            [
              128.408203,
              49.624095
            ],
            [
              128.364258,
              49.681038
            ],
            [
              128.276367,
              49.737913
            ],
            [
              128.188477,
              49.766326
            ],
            [
              128.056641,
              49.766326
            ],
            [
              127.924805,
              49.766326
            ],
            [
              127.749023,
              49.766326
            ],
            [
              127.617188,
              49.766326
            ],
            [
              127.397461,
              49.766326
            ],
            [
              127.265625,
              49.766326
            ],
            [
              127.133789,
              49.766326
            ],
            [
              127.045898,
              49.737913
            ],
            [
              126.914063,
              49.737913
            ],
            [
              126.782227,
              49.709484
            ],
            [
              126.650391,
              49.652575
            ],
            [
              126.518555,
              49.624095
            ],
            [
              126.386719,
              49.595599
            ],
            [
              126.254883,
              49.567087
            ],
            [
              126.166992,
              49.538557
            ],
            [
              125.991211,
              49.538557
            ],
            [
              125.90332,
              49.510011
            ],
            [
              125.81543,
              49.481448
            ],
            [
              125.683594,
              49.452869
            ],
            [
              125.507813,
              49.424273
            ],
            [
              125.375977,
              49.39566
            ],
            [
              125.332031,
              49.39566
            ],
            [
              125.375977,
              49.424273
            ]
          ]
        ]
      }
    },
    {
      "type": "Feature",
      "properties": {
        "NAME": "북제",
        "name": "북제",
        "color": "#ef4444",
        "fill": "#ef4444",
        "fill-opacity": 0.5,
        "stroke": "#ef4444",
        "stroke-width": 2,
        "originalType": "polygon",
        "CODE": "북제"
      },
      "geometry": {
        "type": "Polygon",
        "coordinates": [
          [
            [
              118.432617,
              41.288644
            ],
            [
              118.432617,
              41.189438
            ],
            [
              118.476563,
              41.123217
            ],
            [
              118.520508,
              41.05693
            ],
            [
              118.520508,
              40.957373
            ],
            [
              118.520508,
              40.857665
            ],
            [
              118.564453,
              40.79111
            ],
            [
              118.564453,
              40.691153
            ],
            [
              118.608398,
              40.624431
            ],
            [
              118.608398,
              40.524223
            ],
            [
              118.652344,
              40.457334
            ],
            [
              118.652344,
              40.356876
            ],
            [
              118.696289,
              40.289821
            ],
            [
              118.740234,
              40.189113
            ],
            [
              118.78418,
              40.088255
            ],
            [
              118.828125,
              40.020934
            ],
            [
              118.828125,
              39.919827
            ],
            [
              118.87207,
              39.852339
            ],
            [
              118.87207,
              39.750983
            ],
            [
              118.87207,
              39.649478
            ],
            [
              118.828125,
              39.581724
            ],
            [
              118.78418,
              39.513905
            ],
            [
              118.696289,
              39.412051
            ],
            [
              118.608398,
              39.344066
            ],
            [
              118.520508,
              39.276015
            ],
            [
              118.388672,
              39.207897
            ],
            [
              118.300781,
              39.105597
            ],
            [
              118.212891,
              39.071464
            ],
            [
              118.168945,
              39.003148
            ],
            [
              118.081055,
              38.968966
            ],
            [
              117.993164,
              38.934766
            ],
            [
              117.949219,
              38.866319
            ],
            [
              117.905273,
              38.797805
            ],
            [
              117.861328,
              38.729225
            ],
            [
              117.817383,
              38.626232
            ],
            [
              117.817383,
              38.488677
            ],
            [
              117.861328,
              38.419802
            ],
            [
              117.949219,
              38.35086
            ],
            [
              117.993164,
              38.247324
            ],
            [
              118.081055,
              38.212779
            ],
            [
              118.125,
              38.143641
            ],
            [
              118.212891,
              38.109047
            ],
            [
              118.344727,
              38.074437
            ],
            [
              118.432617,
              38.03981
            ],
            [
              118.564453,
              38.03981
            ],
            [
              118.740234,
              38.03981
            ],
            [
              118.916016,
              38.074437
            ],
            [
              119.047852,
              38.074437
            ],
            [
              119.179688,
              38.074437
            ],
            [
              119.311523,
              38.074437
            ],
            [
              119.399414,
              38.005167
            ],
            [
              119.487305,
              37.935831
            ],
            [
              119.53125,
              37.831706
            ],
            [
              119.53125,
              37.727433
            ],
            [
              119.619141,
              37.657836
            ],
            [
              119.707031,
              37.588174
            ],
            [
              119.838867,
              37.553318
            ],
            [
              120.014648,
              37.553318
            ],
            [
              120.146484,
              37.588174
            ],
            [
              120.27832,
              37.623013
            ],
            [
              120.410156,
              37.657836
            ],
            [
              120.498047,
              37.692643
            ],
            [
              120.585938,
              37.727433
            ],
            [
              120.673828,
              37.762207
            ],
            [
              120.805664,
              37.762207
            ],
            [
              120.9375,
              37.762207
            ],
            [
              121.069336,
              37.727433
            ],
            [
              121.201172,
              37.727433
            ],
            [
              121.289063,
              37.692643
            ],
            [
              121.376953,
              37.657836
            ],
            [
              121.508789,
              37.623013
            ],
            [
              121.640625,
              37.588174
            ],
            [
              121.728516,
              37.553318
            ],
            [
              121.948242,
              37.518446
            ],
            [
              122.080078,
              37.483558
            ],
            [
              122.211914,
              37.448654
            ],
            [
              122.299805,
              37.413733
            ],
            [
              122.387695,
              37.378796
            ],
            [
              122.431641,
              37.308873
            ],
            [
              122.431641,
              37.203866
            ],
            [
              122.431641,
              37.098714
            ],
            [
              122.387695,
              36.993415
            ],
            [
              122.299805,
              36.923134
            ],
            [
              122.255859,
              36.852789
            ],
            [
              122.167969,
              36.782379
            ],
            [
              122.036133,
              36.74715
            ],
            [
              121.948242,
              36.711904
            ],
            [
              121.816406,
              36.676642
            ],
            [
              121.728516,
              36.641365
            ],
            [
              121.59668,
              36.641365
            ],
            [
              121.464844,
              36.606071
            ],
            [
              121.289063,
              36.57076
            ],
            [
              121.201172,
              36.535434
            ],
            [
              121.069336,
              36.500092
            ],
            [
              120.9375,
              36.464733
            ],
            [
              120.849609,
              36.429358
            ],
            [
              120.717773,
              36.429358
            ],
            [
              120.629883,
              36.393967
            ],
            [
              120.541992,
              36.35856
            ],
            [
              120.410156,
              36.252243
            ],
            [
              120.322266,
              36.181284
            ],
            [
              120.19043,
              36.074725
            ],
            [
              120.102539,
              36.003605
            ],
            [
              120.014648,
              35.932422
            ],
            [
              119.926758,
              35.825526
            ],
            [
              119.882813,
              35.754182
            ],
            [
              119.838867,
              35.682773
            ],
            [
              119.794922,
              35.611301
            ],
            [
              119.707031,
              35.539765
            ],
            [
              119.663086,
              35.468165
            ],
            [
              119.619141,
              35.396502
            ],
            [
              119.575195,
              35.288887
            ],
            [
              119.575195,
              35.181129
            ],
            [
              119.575195,
              35.073227
            ],
            [
              119.575195,
              34.965183
            ],
            [
              119.53125,
              34.893074
            ],
            [
              119.443359,
              34.856996
            ],
            [
              119.399414,
              34.784793
            ],
            [
              119.311523,
              34.748667
            ],
            [
              119.223633,
              34.712526
            ],
            [
              119.135742,
              34.640195
            ],
            [
              119.047852,
              34.604007
            ],
            [
              118.959961,
              34.567802
            ],
            [
              118.78418,
              34.567802
            ],
            [
              118.608398,
              34.567802
            ],
            [
              118.432617,
              34.567802
            ],
            [
              118.344727,
              34.531582
            ],
            [
              118.125,
              34.495346
            ],
            [
              117.905273,
              34.495346
            ],
            [
              117.773438,
              34.459094
            ],
            [
              117.641602,
              34.422826
            ],
            [
              117.509766,
              34.386543
            ],
            [
              117.37793,
              34.350244
            ],
            [
              117.246094,
              34.350244
            ],
            [
              117.158203,
              34.313929
            ],
            [
              117.026367,
              34.277599
            ],
            [
              116.894531,
              34.277599
            ],
            [
              116.762695,
              34.241252
            ],
            [
              116.674805,
              34.204891
            ],
            [
              116.542969,
              34.168513
            ],
            [
              116.455078,
              34.13212
            ],
            [
              116.323242,
              34.13212
            ],
            [
              116.191406,
              34.095711
            ],
            [
              116.05957,
              34.059286
            ],
            [
              115.927734,
              34.022846
            ],
            [
              115.751953,
              34.022846
            ],
            [
              115.576172,
              34.022846
            ],
            [
              115.356445,
              33.98639
            ],
            [
              115.224609,
              33.98639
            ],
            [
              115.048828,
              33.98639
            ],
            [
              114.916992,
              33.98639
            ],
            [
              114.785156,
              33.949918
            ],
            [
              114.697266,
              33.913431
            ],
            [
              114.477539,
              33.876928
            ],
            [
              114.301758,
              33.876928
            ],
            [
              114.169922,
              33.84041
            ],
            [
              114.038086,
              33.84041
            ],
            [
              113.818359,
              33.84041
            ],
            [
              113.686523,
              33.803876
            ],
            [
              113.554688,
              33.803876
            ],
            [
              113.422852,
              33.803876
            ],
            [
              113.291016,
              33.803876
            ],
            [
              113.115234,
              33.803876
            ],
            [
              112.983398,
              33.803876
            ],
            [
              112.807617,
              33.803876
            ],
            [
              112.631836,
              33.803876
            ],
            [
              112.456055,
              33.803876
            ],
            [
              112.368164,
              33.767326
            ],
            [
              112.192383,
              33.767326
            ],
            [
              112.016602,
              33.730761
            ],
            [
              111.84082,
              33.730761
            ],
            [
              111.665039,
              33.730761
            ],
            [
              111.533203,
              33.730761
            ],
            [
              111.401367,
              33.69418
            ],
            [
              111.269531,
              33.69418
            ],
            [
              111.137695,
              33.69418
            ],
            [
              111.005859,
              33.69418
            ],
            [
              110.830078,
              33.69418
            ],
            [
              110.698242,
              33.69418
            ],
            [
              110.610352,
              33.730761
            ],
            [
              110.43457,
              33.767326
            ],
            [
              110.302734,
              33.803876
            ],
            [
              110.214844,
              33.84041
            ],
            [
              110.126953,
              33.876928
            ],
            [
              110.126953,
              33.98639
            ],
            [
              110.170898,
              34.059286
            ],
            [
              110.170898,
              34.168513
            ],
            [
              110.214844,
              34.241252
            ],
            [
              110.258789,
              34.313929
            ],
            [
              110.258789,
              34.422826
            ],
            [
              110.302734,
              34.531582
            ],
            [
              110.34668,
              34.604007
            ],
            [
              110.390625,
              34.676368
            ],
            [
              110.43457,
              34.748667
            ],
            [
              110.522461,
              34.820902
            ],
            [
              110.566406,
              34.893074
            ],
            [
              110.654297,
              34.929137
            ],
            [
              110.698242,
              35.001214
            ],
            [
              110.742188,
              35.073227
            ],
            [
              110.830078,
              35.145177
            ],
            [
              110.874023,
              35.217064
            ],
            [
              110.874023,
              35.324774
            ],
            [
              110.874023,
              35.468165
            ],
            [
              110.874023,
              35.575541
            ],
            [
              110.874023,
              35.682773
            ],
            [
              110.917969,
              35.754182
            ],
            [
              110.917969,
              35.861174
            ],
            [
              110.917969,
              35.968022
            ],
            [
              110.874023,
              36.074725
            ],
            [
              110.874023,
              36.216771
            ],
            [
              110.874023,
              36.323137
            ],
            [
              110.874023,
              36.464733
            ],
            [
              110.874023,
              36.57076
            ],
            [
              110.830078,
              36.676642
            ],
            [
              110.830078,
              36.852789
            ],
            [
              110.786133,
              36.993415
            ],
            [
              110.786133,
              37.098714
            ],
            [
              110.786133,
              37.203866
            ],
            [
              110.786133,
              37.378796
            ],
            [
              110.742188,
              37.448654
            ],
            [
              110.698242,
              37.588174
            ],
            [
              110.698242,
              37.692643
            ],
            [
              110.742188,
              37.762207
            ],
            [
              110.742188,
              37.866431
            ],
            [
              110.742188,
              38.005167
            ],
            [
              110.698242,
              38.178218
            ],
            [
              110.698242,
              38.281852
            ],
            [
              110.654297,
              38.385339
            ],
            [
              110.654297,
              38.523091
            ],
            [
              110.610352,
              38.626232
            ],
            [
              110.566406,
              38.763523
            ],
            [
              110.522461,
              38.900551
            ],
            [
              110.478516,
              39.003148
            ],
            [
              110.43457,
              39.105597
            ],
            [
              110.390625,
              39.173814
            ],
            [
              110.34668,
              39.310049
            ],
            [
              110.302734,
              39.378067
            ],
            [
              110.302734,
              39.47997
            ],
            [
              110.258789,
              39.547823
            ],
            [
              110.214844,
              39.615609
            ],
            [
              110.170898,
              39.683329
            ],
            [
              110.126953,
              39.784785
            ],
            [
              110.083008,
              39.886091
            ],
            [
              110.039063,
              39.987248
            ],
            [
              109.951172,
              40.088255
            ],
            [
              109.907227,
              40.15551
            ],
            [
              109.863281,
              40.256268
            ],
            [
              109.819336,
              40.323357
            ],
            [
              109.731445,
              40.423865
            ],
            [
              109.643555,
              40.490787
            ],
            [
              109.599609,
              40.557642
            ],
            [
              109.555664,
              40.624431
            ],
            [
              109.599609,
              40.691153
            ],
            [
              109.6875,
              40.79111
            ],
            [
              109.731445,
              40.857665
            ],
            [
              109.775391,
              40.924154
            ],
            [
              109.863281,
              40.957373
            ],
            [
              109.951172,
              40.990575
            ],
            [
              110.083008,
              41.023761
            ],
            [
              110.214844,
              40.990575
            ],
            [
              110.34668,
              40.990575
            ],
            [
              110.43457,
              40.957373
            ],
            [
              110.566406,
              40.924154
            ],
            [
              110.654297,
              40.890918
            ],
            [
              110.742188,
              40.857665
            ],
            [
              110.830078,
              40.824396
            ],
            [
              111.005859,
              40.79111
            ],
            [
              111.137695,
              40.79111
            ],
            [
              111.269531,
              40.79111
            ],
            [
              111.445313,
              40.757808
            ],
            [
              111.621094,
              40.757808
            ],
            [
              111.75293,
              40.79111
            ],
            [
              111.928711,
              40.824396
            ],
            [
              112.060547,
              40.857665
            ],
            [
              112.236328,
              40.890918
            ],
            [
              112.368164,
              40.890918
            ],
            [
              112.5,
              40.924154
            ],
            [
              112.675781,
              40.924154
            ],
            [
              112.763672,
              40.957373
            ],
            [
              112.895508,
              40.990575
            ],
            [
              113.071289,
              41.023761
            ],
            [
              113.15918,
              41.05693
            ],
            [
              113.24707,
              41.090082
            ],
            [
              113.334961,
              41.123217
            ],
            [
              113.422852,
              41.189438
            ],
            [
              113.554688,
              41.222524
            ],
            [
              113.642578,
              41.255592
            ],
            [
              113.774414,
              41.288644
            ],
            [
              113.862305,
              41.321679
            ],
            [
              113.950195,
              41.354697
            ],
            [
              114.082031,
              41.387699
            ],
            [
              114.301758,
              41.420684
            ],
            [
              114.433594,
              41.420684
            ],
            [
              114.56543,
              41.453652
            ],
            [
              114.741211,
              41.486604
            ],
            [
              114.873047,
              41.519538
            ],
            [
              114.960938,
              41.552456
            ],
            [
              115.048828,
              41.585357
            ],
            [
              115.136719,
              41.618242
            ],
            [
              115.224609,
              41.651109
            ],
            [
              115.356445,
              41.68396
            ],
            [
              115.488281,
              41.749612
            ],
            [
              115.620117,
              41.782412
            ],
            [
              115.708008,
              41.815196
            ],
            [
              115.839844,
              41.847963
            ],
            [
              115.97168,
              41.847963
            ],
            [
              116.103516,
              41.880713
            ],
            [
              116.235352,
              41.913447
            ],
            [
              116.323242,
              41.946164
            ],
            [
              116.455078,
              41.946164
            ],
            [
              116.542969,
              41.978863
            ],
            [
              116.674805,
              41.978863
            ],
            [
              116.762695,
              42.011547
            ],
            [
              116.894531,
              42.011547
            ],
            [
              116.982422,
              42.044213
            ],
            [
              117.158203,
              42.076863
            ],
            [
              117.290039,
              42.109495
            ],
            [
              117.37793,
              42.142111
            ],
            [
              117.509766,
              42.174711
            ],
            [
              117.641602,
              42.174711
            ],
            [
              117.773438,
              42.142111
            ],
            [
              117.861328,
              42.109495
            ],
            [
              117.949219,
              42.076863
            ],
            [
              118.037109,
              42.044213
            ],
            [
              118.125,
              42.011547
            ],
            [
              118.256836,
              41.946164
            ],
            [
              118.388672,
              41.913447
            ],
            [
              118.476563,
              41.847963
            ],
            [
              118.476563,
              41.749612
            ],
            [
              118.432617,
              41.68396
            ],
            [
              118.388672,
              41.618242
            ],
            [
              118.388672,
              41.519538
            ],
            [
              118.388672,
              41.420684
            ],
            [
              118.388672,
              41.321679
            ],
            [
              118.432617,
              41.222524
            ],
            [
              118.432617,
              41.156336
            ],
            [
              118.432617,
              41.288644
            ]
          ]
        ]
      }
    },
    {
      "type": "Feature",
      "properties": {
        "NAME": "서위",
        "name": "서위",
        "color": "#ef4444",
        "fill": "#ef4444",
        "fill-opacity": 0.5,
        "stroke": "#ef4444",
        "stroke-width": 2,
        "originalType": "polygon",
        "CODE": "서위"
      },
      "geometry": {
        "type": "Polygon",
        "coordinates": [
          [
            [
              103.754883,
              40.591045
            ],
            [
              103.798828,
              40.524223
            ],
            [
              103.930664,
              40.423865
            ],
            [
              104.0625,
              40.323357
            ],
            [
              104.150391,
              40.256268
            ],
            [
              104.238281,
              40.222699
            ],
            [
              104.326172,
              40.15551
            ],
            [
              104.414063,
              40.088255
            ],
            [
              104.501953,
              40.054603
            ],
            [
              104.589844,
              39.987248
            ],
            [
              104.72168,
              39.953546
            ],
            [
              104.897461,
              39.919827
            ],
            [
              104.985352,
              39.886091
            ],
            [
              105.161133,
              39.886091
            ],
            [
              105.292969,
              39.886091
            ],
            [
              105.424805,
              39.886091
            ],
            [
              105.512695,
              39.852339
            ],
            [
              105.644531,
              39.852339
            ],
            [
              105.776367,
              39.852339
            ],
            [
              105.908203,
              39.81857
            ],
            [
              106.040039,
              39.81857
            ],
            [
              106.21582,
              39.81857
            ],
            [
              106.391602,
              39.784785
            ],
            [
              106.523438,
              39.784785
            ],
            [
              106.699219,
              39.784785
            ],
            [
              106.831055,
              39.81857
            ],
            [
              107.006836,
              39.852339
            ],
            [
              107.138672,
              39.852339
            ],
            [
              107.226563,
              39.886091
            ],
            [
              107.358398,
              39.919827
            ],
            [
              107.446289,
              39.953546
            ],
            [
              107.53418,
              39.987248
            ],
            [
              107.62207,
              40.054603
            ],
            [
              107.709961,
              40.088255
            ],
            [
              107.797852,
              40.121891
            ],
            [
              107.885742,
              40.15551
            ],
            [
              107.973633,
              40.222699
            ],
            [
              108.061523,
              40.256268
            ],
            [
              108.149414,
              40.323357
            ],
            [
              108.237305,
              40.390379
            ],
            [
              108.325195,
              40.457334
            ],
            [
              108.413086,
              40.490787
            ],
            [
              108.500977,
              40.557642
            ],
            [
              108.632813,
              40.557642
            ],
            [
              108.720703,
              40.591045
            ],
            [
              108.852539,
              40.591045
            ],
            [
              108.94043,
              40.557642
            ],
            [
              109.072266,
              40.557642
            ],
            [
              109.160156,
              40.524223
            ],
            [
              109.204102,
              40.457334
            ],
            [
              109.248047,
              40.390379
            ],
            [
              109.291992,
              40.323357
            ],
            [
              109.379883,
              40.256268
            ],
            [
              109.423828,
              40.189113
            ],
            [
              109.467773,
              40.121891
            ],
            [
              109.555664,
              40.054603
            ],
            [
              109.599609,
              39.987248
            ],
            [
              109.643555,
              39.919827
            ],
            [
              109.6875,
              39.852339
            ],
            [
              109.731445,
              39.784785
            ],
            [
              109.775391,
              39.717164
            ],
            [
              109.863281,
              39.615609
            ],
            [
              109.907227,
              39.47997
            ],
            [
              109.951172,
              39.378067
            ],
            [
              109.995117,
              39.310049
            ],
            [
              109.995117,
              39.207897
            ],
            [
              110.039063,
              39.105597
            ],
            [
              110.039063,
              39.003148
            ],
            [
              110.083008,
              38.866319
            ],
            [
              110.083008,
              38.729225
            ],
            [
              110.126953,
              38.591868
            ],
            [
              110.126953,
              38.454248
            ],
            [
              110.170898,
              38.385339
            ],
            [
              110.170898,
              38.247324
            ],
            [
              110.214844,
              38.178218
            ],
            [
              110.214844,
              38.005167
            ],
            [
              110.258789,
              37.866431
            ],
            [
              110.258789,
              37.727433
            ],
            [
              110.258789,
              37.623013
            ],
            [
              110.258789,
              37.483558
            ],
            [
              110.258789,
              37.308873
            ],
            [
              110.302734,
              37.238885
            ],
            [
              110.302734,
              37.133781
            ],
            [
              110.34668,
              36.993415
            ],
            [
              110.34668,
              36.88797
            ],
            [
              110.390625,
              36.782379
            ],
            [
              110.390625,
              36.676642
            ],
            [
              110.390625,
              36.535434
            ],
            [
              110.43457,
              36.429358
            ],
            [
              110.43457,
              36.323137
            ],
            [
              110.43457,
              36.181284
            ],
            [
              110.43457,
              36.074725
            ],
            [
              110.43457,
              35.968022
            ],
            [
              110.43457,
              35.861174
            ],
            [
              110.43457,
              35.754182
            ],
            [
              110.43457,
              35.647045
            ],
            [
              110.43457,
              35.503973
            ],
            [
              110.43457,
              35.396502
            ],
            [
              110.43457,
              35.252983
            ],
            [
              110.390625,
              35.145177
            ],
            [
              110.34668,
              35.037228
            ],
            [
              110.302734,
              34.965183
            ],
            [
              110.258789,
              34.893074
            ],
            [
              110.214844,
              34.820902
            ],
            [
              110.126953,
              34.748667
            ],
            [
              110.083008,
              34.640195
            ],
            [
              109.995117,
              34.567802
            ],
            [
              109.951172,
              34.422826
            ],
            [
              109.951172,
              34.313929
            ],
            [
              109.863281,
              34.241252
            ],
            [
              109.819336,
              34.168513
            ],
            [
              109.775391,
              34.095711
            ],
            [
              109.643555,
              34.095711
            ],
            [
              109.555664,
              34.059286
            ],
            [
              109.423828,
              33.98639
            ],
            [
              109.335938,
              33.949918
            ],
            [
              109.248047,
              33.876928
            ],
            [
              109.116211,
              33.84041
            ],
            [
              108.984375,
              33.84041
            ],
            [
              108.852539,
              33.84041
            ],
            [
              108.676758,
              33.84041
            ],
            [
              108.544922,
              33.84041
            ],
            [
              108.413086,
              33.84041
            ],
            [
              108.237305,
              33.84041
            ],
            [
              108.105469,
              33.803876
            ],
            [
              107.973633,
              33.803876
            ],
            [
              107.841797,
              33.767326
            ],
            [
              107.709961,
              33.730761
            ],
            [
              107.578125,
              33.730761
            ],
            [
              107.490234,
              33.69418
            ],
            [
              107.358398,
              33.69418
            ],
            [
              107.226563,
              33.657583
            ],
            [
              107.094727,
              33.620971
            ],
            [
              106.962891,
              33.584344
            ],
            [
              106.831055,
              33.584344
            ],
            [
              106.743164,
              33.547701
            ],
            [
              106.611328,
              33.511042
            ],
            [
              106.479492,
              33.474368
            ],
            [
              106.303711,
              33.437678
            ],
            [
              106.171875,
              33.400973
            ],
            [
              106.083984,
              33.327516
            ],
            [
              105.952148,
              33.290764
            ],
            [
              105.864258,
              33.253997
            ],
            [
              105.776367,
              33.217214
            ],
            [
              105.688477,
              33.180416
            ],
            [
              105.600586,
              33.143602
            ],
            [
              105.46875,
              33.106773
            ],
            [
              105.380859,
              33.069928
            ],
            [
              105.249023,
              33.069928
            ],
            [
              105.117188,
              33.033068
            ],
            [
              104.897461,
              32.996193
            ],
            [
              104.765625,
              32.996193
            ],
            [
              104.633789,
              32.959302
            ],
            [
              104.501953,
              32.922396
            ],
            [
              104.370117,
              32.885474
            ],
            [
              104.238281,
              32.885474
            ],
            [
              104.106445,
              32.848537
            ],
            [
              103.974609,
              32.848537
            ],
            [
              103.754883,
              32.848537
            ],
            [
              103.623047,
              32.811585
            ],
            [
              103.359375,
              32.811585
            ],
            [
              103.183594,
              32.811585
            ],
            [
              103.051758,
              32.811585
            ],
            [
              102.919922,
              32.811585
            ],
            [
              102.744141,
              32.811585
            ],
            [
              102.612305,
              32.811585
            ],
            [
              102.524414,
              32.848537
            ],
            [
              102.436523,
              32.885474
            ],
            [
              102.304688,
              32.922396
            ],
            [
              102.172852,
              32.959302
            ],
            [
              102.084961,
              33.033068
            ],
            [
              101.99707,
              33.069928
            ],
            [
              101.90918,
              33.106773
            ],
            [
              101.777344,
              33.143602
            ],
            [
              101.689453,
              33.180416
            ],
            [
              101.601563,
              33.217214
            ],
            [
              101.381836,
              33.253997
            ],
            [
              101.293945,
              33.290764
            ],
            [
              101.118164,
              33.327516
            ],
            [
              101.030273,
              33.364252
            ],
            [
              100.810547,
              33.364252
            ],
            [
              100.59082,
              33.364252
            ],
            [
              100.458984,
              33.400973
            ],
            [
              100.327148,
              33.364252
            ],
            [
              100.195313,
              33.364252
            ],
            [
              100.019531,
              33.364252
            ],
            [
              99.84375,
              33.364252
            ],
            [
              99.667969,
              33.327516
            ],
            [
              99.536133,
              33.327516
            ],
            [
              99.360352,
              33.327516
            ],
            [
              99.272461,
              33.364252
            ],
            [
              99.140625,
              33.400973
            ],
            [
              99.052734,
              33.437678
            ],
            [
              99.008789,
              33.511042
            ],
            [
              98.920898,
              33.584344
            ],
            [
              98.876953,
              33.69418
            ],
            [
              98.833008,
              33.767326
            ],
            [
              98.789063,
              33.913431
            ],
            [
              98.657227,
              34.059286
            ],
            [
              98.613281,
              34.168513
            ],
            [
              98.613281,
              34.350244
            ],
            [
              98.569336,
              34.422826
            ],
            [
              98.569336,
              34.640195
            ],
            [
              98.525391,
              34.748667
            ],
            [
              98.525391,
              34.893074
            ],
            [
              98.525391,
              35.001214
            ],
            [
              98.525391,
              35.10921
            ],
            [
              98.525391,
              35.288887
            ],
            [
              98.525391,
              35.432342
            ],
            [
              98.525391,
              35.647045
            ],
            [
              98.525391,
              35.789862
            ],
            [
              98.525391,
              35.968022
            ],
            [
              98.525391,
              36.074725
            ],
            [
              98.525391,
              36.252243
            ],
            [
              98.481445,
              36.35856
            ],
            [
              98.4375,
              36.500092
            ],
            [
              98.4375,
              36.641365
            ],
            [
              98.393555,
              36.817592
            ],
            [
              98.349609,
              36.923134
            ],
            [
              98.305664,
              36.993415
            ],
            [
              98.261719,
              37.098714
            ],
            [
              98.217773,
              37.238885
            ],
            [
              98.173828,
              37.343842
            ],
            [
              98.129883,
              37.413733
            ],
            [
              98.085938,
              37.483558
            ],
            [
              98.041992,
              37.588174
            ],
            [
              97.998047,
              37.692643
            ],
            [
              97.910156,
              37.762207
            ],
            [
              97.822266,
              37.866431
            ],
            [
              97.77832,
              37.970507
            ],
            [
              97.734375,
              38.074437
            ],
            [
              97.69043,
              38.178218
            ],
            [
              97.646484,
              38.247324
            ],
            [
              97.602539,
              38.316364
            ],
            [
              97.514648,
              38.454248
            ],
            [
              97.426758,
              38.557488
            ],
            [
              97.338867,
              38.626232
            ],
            [
              97.250977,
              38.66058
            ],
            [
              97.163086,
              38.729225
            ],
            [
              97.075195,
              38.763523
            ],
            [
              96.987305,
              38.797805
            ],
            [
              96.855469,
              38.866319
            ],
            [
              96.767578,
              38.934766
            ],
            [
              96.635742,
              39.037314
            ],
            [
              96.547852,
              39.105597
            ],
            [
              96.459961,
              39.173814
            ],
            [
              96.416016,
              39.241964
            ],
            [
              96.328125,
              39.310049
            ],
            [
              96.240234,
              39.378067
            ],
            [
              96.152344,
              39.446019
            ],
            [
              96.064453,
              39.47997
            ],
            [
              96.020508,
              39.547823
            ],
            [
              96.020508,
              40.423865
            ],
            [
              96.108398,
              40.457334
            ],
            [
              96.196289,
              40.490787
            ],
            [
              96.416016,
              40.557642
            ],
            [
              96.503906,
              40.624431
            ],
            [
              96.591797,
              40.6578
            ],
            [
              96.679688,
              40.691153
            ],
            [
              96.767578,
              40.724489
            ],
            [
              96.855469,
              40.79111
            ],
            [
              96.943359,
              40.824396
            ],
            [
              97.03125,
              40.857665
            ],
            [
              97.163086,
              40.890918
            ],
            [
              97.294922,
              40.924154
            ],
            [
              97.382813,
              40.957373
            ],
            [
              97.514648,
              40.990575
            ],
            [
              97.602539,
              41.023761
            ],
            [
              97.734375,
              41.023761
            ],
            [
              97.866211,
              41.05693
            ],
            [
              97.998047,
              41.090082
            ],
            [
              98.085938,
              41.123217
            ],
            [
              98.217773,
              41.123217
            ],
            [
              98.349609,
              41.156336
            ],
            [
              98.525391,
              41.156336
            ],
            [
              98.701172,
              41.189438
            ],
            [
              98.833008,
              41.222524
            ],
            [
              98.964844,
              41.255592
            ],
            [
              99.18457,
              41.288644
            ],
            [
              99.316406,
              41.288644
            ],
            [
              99.448242,
              41.288644
            ],
            [
              99.536133,
              41.321679
            ],
            [
              99.711914,
              41.321679
            ],
            [
              99.84375,
              41.321679
            ],
            [
              99.931641,
              41.354697
            ],
            [
              100.063477,
              41.354697
            ],
            [
              100.239258,
              41.354697
            ],
            [
              100.327148,
              41.387699
            ],
            [
              100.50293,
              41.387699
            ],
            [
              100.634766,
              41.387699
            ],
            [
              100.810547,
              41.387699
            ],
            [
              100.942383,
              41.354697
            ],
            [
              101.118164,
              41.354697
            ],
            [
              101.206055,
              41.321679
            ],
            [
              101.425781,
              41.288644
            ],
            [
              101.513672,
              41.255592
            ],
            [
              101.689453,
              41.222524
            ],
            [
              101.865234,
              41.222524
            ],
            [
              101.953125,
              41.189438
            ],
            [
              102.084961,
              41.156336
            ],
            [
              102.216797,
              41.156336
            ],
            [
              102.304688,
              41.123217
            ],
            [
              102.392578,
              41.090082
            ],
            [
              102.480469,
              41.05693
            ],
            [
              102.700195,
              40.990575
            ],
            [
              102.832031,
              40.957373
            ],
            [
              102.963867,
              40.924154
            ],
            [
              103.139648,
              40.924154
            ],
            [
              103.271484,
              40.890918
            ],
            [
              103.40332,
              40.890918
            ],
            [
              103.535156,
              40.890918
            ],
            [
              103.666992,
              40.890918
            ],
            [
              103.710938,
              40.824396
            ],
            [
              103.754883,
              40.757808
            ],
            [
              103.798828,
              40.691153
            ],
            [
              103.842773,
              40.624431
            ],
            [
              103.974609,
              40.524223
            ],
            [
              104.018555,
              40.457334
            ],
            [
              104.106445,
              40.423865
            ],
            [
              104.150391,
              40.390379
            ],
            [
              103.754883,
              40.591045
            ]
          ]
        ]
      }
    },
    {
      "type": "Feature",
      "properties": {
        "NAME": "돌궐",
        "name": "돌궐",
        "color": "#ef4444",
        "fill": "#ef4444",
        "fill-opacity": 0.5,
        "stroke": "#ef4444",
        "stroke-width": 2,
        "originalType": "polygon",
        "CODE": "돌궐"
      },
      "geometry": {
        "type": "Polygon",
        "coordinates": [
          [
            [
              97.207031,
              42.694012
            ],
            [
              97.382813,
              42.694012
            ],
            [
              97.558594,
              42.661682
            ],
            [
              97.69043,
              42.661682
            ],
            [
              97.822266,
              42.661682
            ],
            [
              97.954102,
              42.661682
            ],
            [
              98.041992,
              42.629335
            ],
            [
              98.261719,
              42.596971
            ],
            [
              98.393555,
              42.56459
            ],
            [
              98.525391,
              42.499779
            ],
            [
              98.613281,
              42.467347
            ],
            [
              98.745117,
              42.434899
            ],
            [
              98.833008,
              42.402435
            ],
            [
              98.920898,
              42.369953
            ],
            [
              99.052734,
              42.337455
            ],
            [
              99.18457,
              42.304939
            ],
            [
              99.272461,
              42.272407
            ],
            [
              99.316406,
              42.207293
            ],
            [
              99.404297,
              42.142111
            ],
            [
              99.536133,
              42.109495
            ],
            [
              99.624023,
              42.076863
            ],
            [
              99.711914,
              42.044213
            ],
            [
              99.799805,
              42.011547
            ],
            [
              99.931641,
              41.978863
            ],
            [
              100.019531,
              41.946164
            ],
            [
              100.107422,
              41.913447
            ],
            [
              100.283203,
              41.880713
            ],
            [
              100.415039,
              41.880713
            ],
            [
              100.546875,
              41.880713
            ],
            [
              100.634766,
              41.847963
            ],
            [
              100.722656,
              41.815196
            ],
            [
              100.810547,
              41.782412
            ],
            [
              100.898438,
              41.749612
            ],
            [
              100.986328,
              41.716794
            ],
            [
              101.074219,
              41.68396
            ],
            [
              101.206055,
              41.68396
            ],
            [
              101.337891,
              41.651109
            ],
            [
              101.469727,
              41.651109
            ],
            [
              101.645508,
              41.651109
            ],
            [
              101.777344,
              41.618242
            ],
            [
              101.953125,
              41.585357
            ],
            [
              102.041016,
              41.552456
            ],
            [
              102.172852,
              41.519538
            ],
            [
              102.304688,
              41.486604
            ],
            [
              102.436523,
              41.453652
            ],
            [
              102.524414,
              41.420684
            ],
            [
              102.65625,
              41.387699
            ],
            [
              102.788086,
              41.387699
            ],
            [
              102.919922,
              41.387699
            ],
            [
              103.095703,
              41.387699
            ],
            [
              103.227539,
              41.354697
            ],
            [
              103.359375,
              41.321679
            ],
            [
              103.40332,
              41.255592
            ],
            [
              103.491211,
              41.222524
            ],
            [
              103.579102,
              41.156336
            ],
            [
              103.666992,
              41.123217
            ],
            [
              103.710938,
              41.05693
            ],
            [
              103.842773,
              40.990575
            ],
            [
              103.930664,
              40.924154
            ],
            [
              104.018555,
              40.890918
            ],
            [
              104.106445,
              40.857665
            ],
            [
              104.194336,
              40.824396
            ],
            [
              104.238281,
              40.757808
            ],
            [
              104.370117,
              40.691153
            ],
            [
              104.458008,
              40.6578
            ],
            [
              104.545898,
              40.591045
            ],
            [
              104.677734,
              40.524223
            ],
            [
              104.765625,
              40.457334
            ],
            [
              104.853516,
              40.423865
            ],
            [
              104.941406,
              40.356876
            ],
            [
              105.073242,
              40.323357
            ],
            [
              105.205078,
              40.289821
            ],
            [
              105.336914,
              40.256268
            ],
            [
              105.46875,
              40.256268
            ],
            [
              105.556641,
              40.222699
            ],
            [
              105.688477,
              40.189113
            ],
            [
              105.820313,
              40.189113
            ],
            [
              105.908203,
              40.15551
            ],
            [
              106.083984,
              40.15551
            ],
            [
              106.21582,
              40.15551
            ],
            [
              106.347656,
              40.15551
            ],
            [
              106.435547,
              40.222699
            ],
            [
              106.611328,
              40.222699
            ],
            [
              106.743164,
              40.222699
            ],
            [
              106.875,
              40.256268
            ],
            [
              107.006836,
              40.256268
            ],
            [
              107.138672,
              40.289821
            ],
            [
              107.270508,
              40.323357
            ],
            [
              107.402344,
              40.356876
            ],
            [
              107.578125,
              40.356876
            ],
            [
              107.709961,
              40.356876
            ],
            [
              107.841797,
              40.356876
            ],
            [
              107.929688,
              40.390379
            ],
            [
              108.017578,
              40.457334
            ],
            [
              108.149414,
              40.490787
            ],
            [
              108.237305,
              40.524223
            ],
            [
              108.325195,
              40.557642
            ],
            [
              108.413086,
              40.591045
            ],
            [
              108.500977,
              40.624431
            ],
            [
              108.632813,
              40.6578
            ],
            [
              108.808594,
              40.6578
            ],
            [
              108.896484,
              40.691153
            ],
            [
              108.984375,
              40.724489
            ],
            [
              109.072266,
              40.757808
            ],
            [
              109.160156,
              40.79111
            ],
            [
              109.248047,
              40.824396
            ],
            [
              109.335938,
              40.857665
            ],
            [
              109.423828,
              40.924154
            ],
            [
              109.511719,
              41.023761
            ],
            [
              109.599609,
              41.05693
            ],
            [
              109.6875,
              41.123217
            ],
            [
              109.775391,
              41.189438
            ],
            [
              109.863281,
              41.255592
            ],
            [
              109.951172,
              41.288644
            ],
            [
              110.039063,
              41.321679
            ],
            [
              110.214844,
              41.321679
            ],
            [
              110.390625,
              41.354697
            ],
            [
              110.522461,
              41.354697
            ],
            [
              110.610352,
              41.321679
            ],
            [
              110.698242,
              41.288644
            ],
            [
              110.874023,
              41.288644
            ],
            [
              111.049805,
              41.288644
            ],
            [
              111.137695,
              41.222524
            ],
            [
              111.313477,
              41.222524
            ],
            [
              111.445313,
              41.222524
            ],
            [
              111.533203,
              41.189438
            ],
            [
              111.665039,
              41.189438
            ],
            [
              111.796875,
              41.189438
            ],
            [
              112.016602,
              41.189438
            ],
            [
              112.104492,
              41.222524
            ],
            [
              112.280273,
              41.222524
            ],
            [
              112.456055,
              41.222524
            ],
            [
              112.631836,
              41.222524
            ],
            [
              112.807617,
              41.222524
            ],
            [
              112.983398,
              41.222524
            ],
            [
              113.15918,
              41.222524
            ],
            [
              113.291016,
              41.222524
            ],
            [
              113.422852,
              41.222524
            ],
            [
              113.510742,
              41.288644
            ],
            [
              113.598633,
              41.321679
            ],
            [
              113.642578,
              41.387699
            ],
            [
              113.730469,
              41.420684
            ],
            [
              113.818359,
              41.486604
            ],
            [
              113.90625,
              41.519538
            ],
            [
              113.994141,
              41.552456
            ],
            [
              114.125977,
              41.618242
            ],
            [
              114.213867,
              41.651109
            ],
            [
              114.345703,
              41.651109
            ],
            [
              114.56543,
              41.68396
            ],
            [
              114.697266,
              41.716794
            ],
            [
              114.873047,
              41.716794
            ],
            [
              114.960938,
              41.749612
            ],
            [
              115.092773,
              41.782412
            ],
            [
              115.224609,
              41.815196
            ],
            [
              115.356445,
              41.847963
            ],
            [
              115.488281,
              41.880713
            ],
            [
              115.620117,
              41.913447
            ],
            [
              115.751953,
              41.913447
            ],
            [
              115.839844,
              41.946164
            ],
            [
              115.927734,
              41.978863
            ],
            [
              116.015625,
              42.011547
            ],
            [
              116.147461,
              42.044213
            ],
            [
              116.279297,
              42.076863
            ],
            [
              116.367188,
              42.109495
            ],
            [
              116.455078,
              42.142111
            ],
            [
              116.586914,
              42.142111
            ],
            [
              116.674805,
              42.174711
            ],
            [
              116.762695,
              42.239859
            ],
            [
              116.894531,
              42.239859
            ],
            [
              116.982422,
              42.272407
            ],
            [
              117.114258,
              42.304939
            ],
            [
              117.246094,
              42.337455
            ],
            [
              117.333984,
              42.369953
            ],
            [
              117.46582,
              42.369953
            ],
            [
              117.641602,
              42.369953
            ],
            [
              117.773438,
              42.337455
            ],
            [
              117.905273,
              42.304939
            ],
            [
              117.993164,
              42.239859
            ],
            [
              118.081055,
              42.207293
            ],
            [
              118.168945,
              42.142111
            ],
            [
              118.256836,
              42.109495
            ],
            [
              118.344727,
              42.076863
            ],
            [
              118.476563,
              42.076863
            ],
            [
              118.564453,
              42.044213
            ],
            [
              118.696289,
              42.044213
            ],
            [
              118.828125,
              42.076863
            ],
            [
              118.916016,
              42.142111
            ],
            [
              119.003906,
              42.207293
            ],
            [
              119.091797,
              42.272407
            ],
            [
              119.135742,
              42.337455
            ],
            [
              119.179688,
              42.402435
            ],
            [
              119.223633,
              42.499779
            ],
            [
              119.267578,
              42.56459
            ],
            [
              119.311523,
              42.629335
            ],
            [
              119.399414,
              42.661682
            ],
            [
              119.443359,
              42.758623
            ],
            [
              119.53125,
              42.855411
            ],
            [
              119.619141,
              42.887641
            ],
            [
              119.663086,
              42.984228
            ],
            [
              119.707031,
              43.048535
            ],
            [
              119.750977,
              43.112775
            ],
            [
              119.794922,
              43.30509
            ],
            [
              119.794922,
              43.40102
            ],
            [
              119.838867,
              43.496799
            ],
            [
              119.882813,
              43.592425
            ],
            [
              119.926758,
              43.719692
            ],
            [
              119.970703,
              43.814965
            ],
            [
              120.014648,
              43.878396
            ],
            [
              120.058594,
              43.941759
            ],
            [
              120.102539,
              44.036678
            ],
            [
              120.146484,
              44.099873
            ],
            [
              120.19043,
              44.257564
            ],
            [
              120.234375,
              44.351977
            ],
            [
              120.234375,
              44.446238
            ],
            [
              120.27832,
              44.571683
            ],
            [
              120.27832,
              44.696857
            ],
            [
              120.322266,
              44.759344
            ],
            [
              120.322266,
              44.852946
            ],
            [
              120.322266,
              44.977513
            ],
            [
              120.322266,
              45.070762
            ],
            [
              120.27832,
              45.194856
            ],
            [
              120.27832,
              45.349595
            ],
            [
              120.27832,
              45.473082
            ],
            [
              120.27832,
              45.5963
            ],
            [
              120.322266,
              45.657807
            ],
            [
              120.322266,
              45.780619
            ],
            [
              120.322266,
              45.903162
            ],
            [
              120.322266,
              45.994891
            ],
            [
              120.322266,
              46.116961
            ],
            [
              120.322266,
              46.208337
            ],
            [
              120.366211,
              46.26917
            ],
            [
              120.366211,
              46.360292
            ],
            [
              120.366211,
              46.451263
            ],
            [
              120.410156,
              46.511826
            ],
            [
              120.410156,
              46.602544
            ],
            [
              120.454102,
              46.662938
            ],
            [
              120.498047,
              46.723266
            ],
            [
              120.541992,
              46.783525
            ],
            [
              120.585938,
              46.903842
            ],
            [
              120.585938,
              46.993904
            ],
            [
              120.629883,
              47.05386
            ],
            [
              120.673828,
              47.113749
            ],
            [
              120.717773,
              47.203457
            ],
            [
              120.761719,
              47.263178
            ],
            [
              120.805664,
              47.322832
            ],
            [
              120.849609,
              47.382418
            ],
            [
              120.849609,
              47.471671
            ],
            [
              120.805664,
              47.560773
            ],
            [
              120.717773,
              47.620091
            ],
            [
              120.673828,
              47.679341
            ],
            [
              120.585938,
              47.708941
            ],
            [
              120.498047,
              47.76809
            ],
            [
              120.410156,
              47.797639
            ],
            [
              120.322266,
              47.827172
            ],
            [
              120.19043,
              47.886187
            ],
            [
              120.102539,
              47.915669
            ],
            [
              119.970703,
              47.945135
            ],
            [
              119.838867,
              47.974584
            ],
            [
              119.707031,
              48.004015
            ],
            [
              119.619141,
              48.062829
            ],
            [
              119.53125,
              48.092211
            ],
            [
              119.443359,
              48.121575
            ],
            [
              119.311523,
              48.150923
            ],
            [
              119.179688,
              48.180255
            ],
            [
              119.091797,
              48.209569
            ],
            [
              118.959961,
              48.268148
            ],
            [
              118.78418,
              48.297412
            ],
            [
              118.652344,
              48.35589
            ],
            [
              118.476563,
              48.385104
            ],
            [
              118.388672,
              48.414301
            ],
            [
              118.168945,
              48.414301
            ],
            [
              118.037109,
              48.443481
            ],
            [
              117.905273,
              48.472645
            ],
            [
              117.773438,
              48.472645
            ],
            [
              117.641602,
              48.472645
            ],
            [
              117.509766,
              48.472645
            ],
            [
              117.290039,
              48.472645
            ],
            [
              117.158203,
              48.443481
            ],
            [
              117.026367,
              48.443481
            ],
            [
              116.938477,
              48.414301
            ],
            [
              116.806641,
              48.414301
            ],
            [
              116.586914,
              48.414301
            ],
            [
              116.411133,
              48.414301
            ],
            [
              116.235352,
              48.443481
            ],
            [
              116.103516,
              48.443481
            ],
            [
              115.97168,
              48.443481
            ],
            [
              115.883789,
              48.472645
            ],
            [
              115.664063,
              48.501792
            ],
            [
              115.532227,
              48.530922
            ],
            [
              115.400391,
              48.530922
            ],
            [
              115.268555,
              48.589132
            ],
            [
              115.180664,
              48.647275
            ],
            [
              115.048828,
              48.734364
            ],
            [
              114.960938,
              48.76336
            ],
            [
              114.829102,
              48.850248
            ],
            [
              114.697266,
              48.879177
            ],
            [
              114.521484,
              48.936986
            ],
            [
              114.257813,
              48.994727
            ],
            [
              114.038086,
              49.052402
            ],
            [
              113.862305,
              49.081214
            ],
            [
              113.642578,
              49.11001
            ],
            [
              113.510742,
              49.11001
            ],
            [
              113.422852,
              49.138788
            ],
            [
              113.291016,
              49.138788
            ],
            [
              113.115234,
              49.138788
            ],
            [
              112.983398,
              49.138788
            ],
            [
              112.851563,
              49.138788
            ],
            [
              112.675781,
              49.138788
            ],
            [
              112.5,
              49.138788
            ],
            [
              112.236328,
              49.138788
            ],
            [
              112.060547,
              49.138788
            ],
            [
              111.884766,
              49.138788
            ],
            [
              111.75293,
              49.11001
            ],
            [
              111.577148,
              49.081214
            ],
            [
              111.445313,
              49.052402
            ],
            [
              111.313477,
              49.052402
            ],
            [
              111.137695,
              49.052402
            ],
            [
              110.961914,
              49.052402
            ],
            [
              110.698242,
              49.052402
            ],
            [
              110.478516,
              49.052402
            ],
            [
              110.302734,
              49.052402
            ],
            [
              110.126953,
              49.052402
            ],
            [
              109.951172,
              49.052402
            ],
            [
              109.775391,
              49.081214
            ],
            [
              109.599609,
              49.11001
            ],
            [
              109.291992,
              49.11001
            ],
            [
              109.072266,
              49.138788
            ],
            [
              108.94043,
              49.167551
            ],
            [
              108.808594,
              49.196296
            ],
            [
              108.720703,
              49.225025
            ],
            [
              108.632813,
              49.253737
            ],
            [
              108.544922,
              49.311111
            ],
            [
              108.500977,
              49.368418
            ],
            [
              108.413086,
              49.425659
            ],
            [
              108.325195,
              49.454254
            ],
            [
              108.28125,
              49.511395
            ],
            [
              108.193359,
              49.53994
            ],
            [
              108.061523,
              49.568469
            ],
            [
              107.929688,
              49.568469
            ],
            [
              107.841797,
              49.59698
            ],
            [
              107.709961,
              49.59698
            ],
            [
              107.578125,
              49.59698
            ],
            [
              107.402344,
              49.625476
            ],
            [
              107.270508,
              49.625476
            ],
            [
              107.138672,
              49.653954
            ],
            [
              107.006836,
              49.653954
            ],
            [
              106.831055,
              49.653954
            ],
            [
              106.699219,
              49.653954
            ],
            [
              106.567383,
              49.653954
            ],
            [
              106.435547,
              49.653954
            ],
            [
              106.259766,
              49.625476
            ],
            [
              106.083984,
              49.625476
            ],
            [
              105.908203,
              49.59698
            ],
            [
              105.688477,
              49.568469
            ],
            [
              105.512695,
              49.53994
            ],
            [
              105.336914,
              49.511395
            ],
            [
              105.161133,
              49.511395
            ],
            [
              104.985352,
              49.454254
            ],
            [
              104.80957,
              49.425659
            ],
            [
              104.589844,
              49.339773
            ],
            [
              104.370117,
              49.253737
            ],
            [
              104.194336,
              49.225025
            ],
            [
              104.0625,
              49.196296
            ],
            [
              103.974609,
              49.167551
            ],
            [
              103.798828,
              49.138788
            ],
            [
              103.710938,
              49.11001
            ],
            [
              103.579102,
              49.052402
            ],
            [
              103.491211,
              49.023573
            ],
            [
              103.271484,
              48.994727
            ],
            [
              103.095703,
              48.994727
            ],
            [
              102.875977,
              48.994727
            ],
            [
              102.612305,
              49.023573
            ],
            [
              102.348633,
              49.023573
            ],
            [
              102.128906,
              49.023573
            ],
            [
              101.90918,
              49.081214
            ],
            [
              101.733398,
              49.11001
            ],
            [
              101.513672,
              49.138788
            ],
            [
              101.293945,
              49.138788
            ],
            [
              101.118164,
              49.167551
            ],
            [
              100.942383,
              49.196296
            ],
            [
              100.810547,
              49.196296
            ],
            [
              100.678711,
              49.225025
            ],
            [
              100.546875,
              49.225025
            ],
            [
              100.458984,
              49.253737
            ],
            [
              100.283203,
              49.253737
            ],
            [
              100.107422,
              49.253737
            ],
            [
              99.931641,
              49.253737
            ],
            [
              99.755859,
              49.282432
            ],
            [
              99.624023,
              49.282432
            ],
            [
              99.448242,
              49.311111
            ],
            [
              99.272461,
              49.339773
            ],
            [
              99.09668,
              49.368418
            ],
            [
              98.920898,
              49.368418
            ],
            [
              98.789063,
              49.368418
            ],
            [
              98.613281,
              49.368418
            ],
            [
              98.525391,
              49.397047
            ],
            [
              98.349609,
              49.397047
            ],
            [
              98.217773,
              49.425659
            ],
            [
              98.085938,
              49.425659
            ],
            [
              97.954102,
              49.454254
            ],
            [
              97.77832,
              49.454254
            ],
            [
              97.646484,
              49.454254
            ],
            [
              97.514648,
              49.425659
            ],
            [
              97.382813,
              49.368418
            ],
            [
              97.294922,
              49.311111
            ],
            [
              97.207031,
              49.253737
            ],
            [
              97.119141,
              49.167551
            ],
            [
              97.075195,
              49.11001
            ],
            [
              97.03125,
              49.052402
            ],
            [
              96.987305,
              48.994727
            ],
            [
              96.987305,
              48.879177
            ],
            [
              96.987305,
              48.792339
            ],
            [
              96.987305,
              48.705351
            ],
            [
              96.987305,
              48.618212
            ],
            [
              96.943359,
              48.472645
            ],
            [
              96.899414,
              48.385104
            ],
            [
              96.855469,
              48.297412
            ],
            [
              96.855469,
              48.209569
            ],
            [
              96.811523,
              48.092211
            ],
            [
              96.767578,
              48.033431
            ],
            [
              96.767578,
              47.945135
            ],
            [
              96.723633,
              47.856688
            ],
            [
              96.723633,
              47.76809
            ],
            [
              96.723633,
              47.649724
            ],
            [
              96.767578,
              47.53109
            ],
            [
              96.767578,
              47.412186
            ],
            [
              96.811523,
              47.263178
            ],
            [
              96.855469,
              47.173571
            ],
            [
              96.855469,
              47.083813
            ],
            [
              96.855469,
              46.993904
            ],
            [
              96.855469,
              46.873788
            ],
            [
              96.855469,
              46.783525
            ],
            [
              96.855469,
              46.69311
            ],
            [
              96.855469,
              46.572322
            ],
            [
              96.811523,
              46.451263
            ],
            [
              96.767578,
              46.329935
            ],
            [
              96.767578,
              46.238762
            ],
            [
              96.723633,
              46.147437
            ],
            [
              96.679688,
              46.086469
            ],
            [
              96.679688,
              45.994891
            ],
            [
              96.635742,
              45.903162
            ],
            [
              96.591797,
              45.780619
            ],
            [
              96.547852,
              45.657807
            ],
            [
              96.547852,
              45.534725
            ],
            [
              96.547852,
              45.442236
            ],
            [
              96.503906,
              45.349595
            ],
            [
              96.503906,
              45.256803
            ],
            [
              96.503906,
              45.132843
            ],
            [
              96.503906,
              45.008613
            ],
            [
              96.459961,
              44.915264
            ],
            [
              96.416016,
              44.759344
            ],
            [
              96.416016,
              44.665589
            ],
            [
              96.459961,
              44.571683
            ],
            [
              96.459961,
              44.446238
            ],
            [
              96.503906,
              44.351977
            ],
            [
              96.547852,
              44.194538
            ],
            [
              96.591797,
              44.131445
            ],
            [
              96.635742,
              44.005055
            ],
            [
              96.679688,
              43.941759
            ],
            [
              96.723633,
              43.846689
            ],
            [
              96.767578,
              43.783224
            ],
            [
              96.767578,
              43.656092
            ],
            [
              96.855469,
              43.560567
            ],
            [
              96.899414,
              43.464889
            ],
            [
              96.943359,
              43.36906
            ],
            [
              96.943359,
              43.273079
            ],
            [
              96.987305,
              43.176947
            ],
            [
              96.987305,
              43.080663
            ],
            [
              97.03125,
              43.01639
            ],
            [
              97.075195,
              42.919853
            ],
            [
              97.163086,
              42.855411
            ],
            [
              97.250977,
              42.823165
            ],
            [
              97.338867,
              42.790902
            ],
            [
              97.426758,
              42.758623
            ],
            [
              97.514648,
              42.694012
            ],
            [
              97.514648,
              42.694012
            ],
            [
              97.207031,
              42.694012
            ]
          ]
        ]
      }
    },
    {
      "type": "Feature",
      "properties": {
        "NAME": "신라",
        "name": "신라",
        "color": "#ef4444",
        "fill": "#ef4444",
        "fill-opacity": 0.5,
        "stroke": "#ef4444",
        "stroke-width": 2,
        "originalType": "polyline",
        "CODE": "신라"
      },
      "geometry": {
        "type": "Polygon",
        "coordinates": [
          [
            [
              126.21093750000001,
              37.93473537064655
            ],
            [
              126.29882812500001,
              38.00407169597011
            ],
            [
              126.38671875000001,
              38.03871529742976
            ],
            [
              126.43066406250001,
              38.10795335333232
            ],
            [
              126.47460937500001,
              38.17712584736882
            ],
            [
              126.60644531250001,
              38.211687496594195
            ],
            [
              126.65039062500001,
              38.315273995680016
            ],
            [
              126.65039062500001,
              38.41871272263093
            ],
            [
              126.69433593750001,
              38.487589716066935
            ],
            [
              126.69433593750001,
              38.590781877502316
            ],
            [
              126.65039062500001,
              38.659494379781606
            ],
            [
              126.65039062500001,
              38.76243963585034
            ],
            [
              126.65039062500001,
              38.86523658959954
            ],
            [
              126.69433593750001,
              38.967885124250735
            ],
            [
              126.69433593750001,
              39.07038512510089
            ],
            [
              126.69433593750001,
              39.17273647951583
            ],
            [
              126.69433593750001,
              39.27493907692351
            ],
            [
              126.69433593750001,
              39.376992808807124
            ],
            [
              126.73828125000001,
              39.44494587433298
            ],
            [
              126.78222656250001,
              39.512832699000874
            ],
            [
              126.82617187500001,
              39.580653252171494
            ],
            [
              126.91406250000001,
              39.614538667480346
            ],
            [
              127.00195312500001,
              39.64840750360703
            ],
            [
              127.08984375000001,
              39.71609542347038
            ],
            [
              127.17773437500001,
              39.74991449984766
            ],
            [
              127.26562500000001,
              39.81750286728211
            ],
            [
              127.35351562500001,
              39.85127215112936
            ],
            [
              127.44140625000001,
              39.88502483029811
            ],
            [
              127.52929687500001,
              39.918760901245506
            ],
            [
              127.61718750000001,
              39.9861832044286
            ],
            [
              127.70507812500001,
              40.01986942970232
            ],
            [
              127.79296875000001,
              39.9861832044286
            ],
            [
              127.88085937500001,
              39.918760901245506
            ],
            [
              127.92480468750001,
              39.85127215112936
            ],
            [
              127.96875000000001,
              39.78371698232404
            ],
            [
              127.96875000000001,
              39.68225975683444
            ],
            [
              128.01269531250003,
              39.614538667480346
            ],
            [
              128.05664062500003,
              39.5467512614226
            ],
            [
              128.05664062500003,
              39.44494587433298
            ],
            [
              128.10058593750003,
              39.376992808807124
            ],
            [
              128.10058593750003,
              39.27493907692351
            ],
            [
              128.10058593750003,
              39.17273647951583
            ],
            [
              128.14453125000003,
              39.10451876501252
            ],
            [
              128.18847656250003,
              39.03623496890172
            ],
            [
              128.18847656250003,
              38.9336854441676
            ],
            [
              128.23242187500003,
              38.86523658959954
            ],
            [
              128.23242187500003,
              38.76243963585034
            ],
            [
              128.27636718750003,
              38.693825935879204
            ],
            [
              128.32031250000003,
              38.62514635883807
            ],
            [
              128.36425781250003,
              38.55640094025398
            ],
            [
              128.40820312500003,
              38.487589716066935
            ],
            [
              128.45214843750003,
              38.38424957391848
            ],
            [
              128.54003906250003,
              38.3497699967145
            ],
            [
              128.58398437500003,
              38.28076157550203
            ],
            [
              128.62792968750003,
              38.211687496594195
            ],
            [
              128.71582031250003,
              38.17712584736882
            ],
            [
              128.75976562500003,
              38.10795335333232
            ],
            [
              128.80371093750003,
              38.03871529742976
            ],
            [
              128.84765625000003,
              37.969411718726114
            ],
            [
              128.89160156250003,
              37.900042656706574
            ],
            [
              128.93554687500003,
              37.83060815127741
            ],
            [
              128.93554687500003,
              37.726333775074124
            ],
            [
              128.97949218750003,
              37.65673583848171
            ],
            [
              129.02343750000003,
              37.58707260147961
            ],
            [
              129.06738281250003,
              37.482455399286984
            ],
            [
              129.11132812500003,
              37.41262909511655
            ],
            [
              129.15527343750003,
              37.342737638739905
            ],
            [
              129.19921875000003,
              37.27278107346153
            ],
            [
              129.24316406250003,
              37.202759443014315
            ],
            [
              129.24316406250003,
              37.09760509687398
            ],
            [
              129.28710937500003,
              37.02742099765457
            ],
            [
              129.33105468750003,
              36.92202315923328
            ],
            [
              129.33105468750003,
              36.81647943079959
            ],
            [
              129.37500000000003,
              36.746035972460575
            ],
            [
              129.41894531250003,
              36.640249443304924
            ],
            [
              129.41894531250003,
              36.534317446881175
            ],
            [
              129.41894531250003,
              36.42824014576084
            ],
            [
              129.41894531250003,
              36.322017704729184
            ],
            [
              129.41894531250003,
              36.215650290791054
            ],
            [
              129.28710937500003,
              36.180162299128995
            ],
            [
              129.15527343750003,
              36.180162299128995
            ],
            [
              129.02343750000003,
              36.14465822447402
            ],
            [
              128.89160156250003,
              36.14465822447402
            ],
            [
              128.75976562500003,
              36.10913807317647
            ],
            [
              128.62792968750003,
              36.10913807317647
            ],
            [
              128.49609375000003,
              36.10913807317647
            ],
            [
              128.40820312500003,
              36.07360185161431
            ],
            [
              128.32031250000003,
              36.03804956619312
            ],
            [
              128.32031250000003,
              36.14465822447402
            ],
            [
              128.32031250000003,
              36.25112219313734
            ],
            [
              128.32031250000003,
              36.35744130146665
            ],
            [
              128.32031250000003,
              36.46361538097426
            ],
            [
              128.32031250000003,
              36.569644265395766
            ],
            [
              128.32031250000003,
              36.6755277906845
            ],
            [
              128.32031250000003,
              36.81647943079959
            ],
            [
              128.32031250000003,
              36.92202315923328
            ],
            [
              128.27636718750003,
              36.992304604431155
            ],
            [
              128.27636718750003,
              37.09760509687398
            ],
            [
              128.23242187500003,
              37.167724242136224
            ],
            [
              128.18847656250003,
              37.23777838863398
            ],
            [
              128.14453125000003,
              37.30776749199018
            ],
            [
              128.10058593750003,
              37.37769150825749
            ],
            [
              128.10058593750003,
              37.482455399286984
            ],
            [
              128.05664062500003,
              37.55221650837435
            ],
            [
              127.96875000000001,
              37.58707260147961
            ],
            [
              127.88085937500001,
              37.62191237992863
            ],
            [
              127.74902343750001,
              37.62191237992863
            ],
            [
              127.57324218750001,
              37.62191237992863
            ],
            [
              127.48535156250001,
              37.58707260147961
            ],
            [
              127.35351562500001,
              37.58707260147961
            ],
            [
              127.22167968750001,
              37.58707260147961
            ],
            [
              127.08984375000001,
              37.58707260147961
            ],
            [
              127.00195312500001,
              37.55221650837435
            ],
            [
              126.87011718750001,
              37.55221650837435
            ],
            [
              126.73828125000001,
              37.55221650837435
            ],
            [
              126.65039062500001,
              37.58707260147961
            ],
            [
              126.56250000000001,
              37.62191237992863
            ],
            [
              126.51855468750001,
              37.69154297192574
            ],
            [
              126.47460937500001,
              37.761108242766824
            ],
            [
              126.43066406250001,
              37.83060815127741
            ],
            [
              126.34277343750001,
              37.8653335819076
            ],
            [
              126.29882812500001,
              37.93473537064655
            ],
            [
              126.21093750000001,
              37.969411718726114
            ],
            [
              126.34277343750001,
              37.969411718726114
            ],
            [
              126.34277343750001,
              37.969411718726114
            ],
            [
              126.21093750000001,
              37.93473537064655
            ]
          ]
        ]
      }
    },
    {
      "type": "Feature",
      "properties": {
        "NAME": "고구려",
        "name": "552-577",
        "color": "#ef4444",
        "fill": "#ef4444",
        "fill-opacity": 0.5,
        "stroke": "#ef4444",
        "stroke-width": 2,
        "originalType": "polyline",
        "CODE": "고구려"
      },
      "geometry": {
        "type": "Polygon",
        "coordinates": [
          [
            [
              121.2451171875,
              38.86523658959954
            ],
            [
              121.37695312500001,
              38.86523658959954
            ],
            [
              121.46484375000001,
              38.89946926453448
            ],
            [
              121.55273437500001,
              38.9336854441676
            ],
            [
              121.68457031250001,
              39.00206830056115
            ],
            [
              121.77246093750001,
              39.03623496890172
            ],
            [
              121.8603515625,
              39.07038512510089
            ],
            [
              121.99218750000001,
              39.1386358845159
            ],
            [
              122.12402343750001,
              39.17273647951583
            ],
            [
              122.21191406250001,
              39.20682054594251
            ],
            [
              122.29980468750001,
              39.24088807975142
            ],
            [
              122.38769531250001,
              39.27493907692351
            ],
            [
              122.56347656250001,
              39.30897353346493
            ],
            [
              122.65136718750001,
              39.34299144540721
            ],
            [
              122.73925781250001,
              39.376992808807124
            ],
            [
              122.82714843750001,
              39.41097761974664
            ],
            [
              122.95898437500001,
              39.44494587433298
            ],
            [
              123.0908203125,
              39.47889756869855
            ],
            [
              123.22265625000001,
              39.512832699000874
            ],
            [
              123.44238281250001,
              39.5467512614226
            ],
            [
              123.61816406250001,
              39.580653252171494
            ],
            [
              123.75000000000001,
              39.580653252171494
            ],
            [
              123.88183593750001,
              39.580653252171494
            ],
            [
              124.01367187500001,
              39.614538667480346
            ],
            [
              124.14550781250001,
              39.614538667480346
            ],
            [
              124.32128906250001,
              39.614538667480346
            ],
            [
              124.40917968750001,
              39.64840750360703
            ],
            [
              124.54101562500001,
              39.64840750360703
            ],
            [
              124.67285156250001,
              39.68225975683444
            ],
            [
              124.80468750000001,
              39.68225975683444
            ],
            [
              124.89257812500001,
              39.64840750360703
            ],
            [
              125.02441406250001,
              39.614538667480346
            ],
            [
              125.11230468750001,
              39.580653252171494
            ],
            [
              125.15625000000001,
              39.512832699000874
            ],
            [
              125.15625000000001,
              39.41097761974664
            ],
            [
              125.15625000000001,
              39.30897353346493
            ],
            [
              125.11230468750001,
              39.20682054594251
            ],
            [
              125.11230468750001,
              39.10451876501252
            ],
            [
              125.02441406250001,
              39.03623496890172
            ],
            [
              124.98046875000001,
              38.9336854441676
            ],
            [
              124.93652343750001,
              38.830987423636614
            ],
            [
              124.84863281250001,
              38.728141022702864
            ],
            [
              124.80468750000001,
              38.659494379781606
            ],
            [
              124.76074218750001,
              38.590781877502316
            ],
            [
              124.67285156250001,
              38.52200355159841
            ],
            [
              124.67285156250001,
              38.41871272263093
            ],
            [
              124.62890625000001,
              38.315273995680016
            ],
            [
              124.62890625000001,
              38.211687496594195
            ],
            [
              124.62890625000001,
              38.10795335333232
            ],
            [
              124.67285156250001,
              38.00407169597011
            ],
            [
              124.76074218750001,
              37.93473537064655
            ],
            [
              124.80468750000001,
              37.8653335819076
            ],
            [
              124.89257812500001,
              37.79586636987027
            ],
            [
              125.02441406250001,
              37.761108242766824
            ],
            [
              125.15625000000001,
              37.726333775074124
            ],
            [
              125.28808593750001,
              37.69154297192574
            ],
            [
              125.41992187500001,
              37.69154297192574
            ],
            [
              125.55175781250001,
              37.726333775074124
            ],
            [
              125.68359375000001,
              37.761108242766824
            ],
            [
              125.77148437500001,
              37.79586636987027
            ],
            [
              125.85937500000001,
              37.83060815127741
            ],
            [
              125.90332031250001,
              37.900042656706574
            ],
            [
              125.99121093750001,
              37.969411718726114
            ],
            [
              126.03515625000001,
              38.03871529742976
            ],
            [
              126.12304687500001,
              38.142547798009
            ],
            [
              126.16699218750001,
              38.211687496594195
            ],
            [
              126.25488281250001,
              38.246232740893724
            ],
            [
              126.34277343750001,
              38.28076157550203
            ],
            [
              126.38671875000001,
              38.3497699967145
            ],
            [
              126.43066406250001,
              38.41871272263093
            ],
            [
              126.43066406250001,
              38.52200355159841
            ],
            [
              126.43066406250001,
              38.62514635883807
            ],
            [
              126.43066406250001,
              38.728141022702864
            ],
            [
              126.47460937500001,
              38.7967217709452
            ],
            [
              126.47460937500001,
              38.89946926453448
            ],
            [
              126.47460937500001,
              39.00206830056115
            ],
            [
              126.47460937500001,
              39.10451876501252
            ],
            [
              126.51855468750001,
              39.17273647951583
            ],
            [
              126.51855468750001,
              39.27493907692351
            ],
            [
              126.56250000000001,
              39.34299144540721
            ],
            [
              126.60644531250001,
              39.41097761974664
            ],
            [
              126.65039062500001,
              39.47889756869855
            ],
            [
              126.65039062500001,
              39.580653252171494
            ],
            [
              126.69433593750001,
              39.64840750360703
            ],
            [
              126.73828125000001,
              39.71609542347038
            ],
            [
              126.82617187500001,
              39.74991449984766
            ],
            [
              126.87011718750001,
              39.81750286728211
            ],
            [
              126.95800781250001,
              39.85127215112936
            ],
            [
              127.04589843750001,
              39.918760901245506
            ],
            [
              127.13378906250001,
              39.95248036045343
            ],
            [
              127.22167968750001,
              39.9861832044286
            ],
            [
              127.39746093750001,
              40.01986942970232
            ],
            [
              127.52929687500001,
              40.01986942970232
            ],
            [
              127.61718750000001,
              40.053539032830784
            ],
            [
              127.74902343750001,
              40.053539032830784
            ],
            [
              127.83691406250001,
              40.08719201039465
            ],
            [
              127.96875000000001,
              40.08719201039465
            ],
            [
              128.05664062500003,
              40.053539032830784
            ],
            [
              128.14453125000003,
              39.9861832044286
            ],
            [
              128.18847656250003,
              39.918760901245506
            ],
            [
              128.27636718750003,
              39.85127215112936
            ],
            [
              128.36425781250003,
              39.88502483029811
            ],
            [
              128.49609375000003,
              39.95248036045343
            ],
            [
              128.62792968750003,
              39.9861832044286
            ],
            [
              128.75976562500003,
              40.053539032830784
            ],
            [
              128.89160156250003,
              40.120828358999375
            ],
            [
              128.97949218750003,
              40.188051155875804
            ],
            [
              129.06738281250003,
              40.25520739679477
            ],
            [
              129.15527343750003,
              40.28876055054462
            ],
            [
              129.19921875000003,
              40.35581690838797
            ],
            [
              129.28710937500003,
              40.38932010605991
            ],
            [
              129.37500000000003,
              40.456276523033345
            ],
            [
              129.41894531250003,
              40.52316628130207
            ],
            [
              129.50683593750003,
              40.58998935615299
            ],
            [
              129.55078125000003,
              40.65674572326078
            ],
            [
              129.59472656250003,
              40.75675514464359
            ],
            [
              129.68261718750003,
              40.82334463850513
            ],
            [
              129.68261718750003,
              40.923103641266394
            ],
            [
              129.72656250000003,
              40.98952611827819
            ],
            [
              129.72656250000003,
              41.08903449150326
            ],
            [
              129.77050781250003,
              41.155289814040586
            ],
            [
              129.81445312500003,
              41.22147823758532
            ],
            [
              129.85839843750003,
              41.28759974144712
            ],
            [
              129.90234375000003,
              41.353654305313164
            ],
            [
              129.90234375000003,
              41.45261059511273
            ],
            [
              129.99023437500003,
              41.518497722590396
            ],
            [
              130.07812500000003,
              41.617202767726496
            ],
            [
              130.16601562500003,
              41.682922340070434
            ],
            [
              130.20996093750003,
              41.748574858417165
            ],
            [
              130.34179687500003,
              41.81416030506988
            ],
            [
              130.38574218750003,
              41.879678662701586
            ],
            [
              130.47363281250003,
              41.91241267782069
            ],
            [
              130.60546875000003,
              42.010514043436764
            ],
            [
              130.69335937500003,
              42.043180931930365
            ],
            [
              130.78125000000003,
              42.10846434685385
            ],
            [
              130.91308593750003,
              42.14108086936495
            ],
            [
              131.00097656250003,
              42.206263534859836
            ],
            [
              131.13281250000003,
              42.238829674061385
            ],
            [
              131.26464843750003,
              42.27137901508198
            ],
            [
              131.39648437500003,
              42.3364272952653
            ],
            [
              131.57226562500003,
              42.368926230826936
            ],
            [
              131.66015625000003,
              42.433873684056884
            ],
            [
              131.79199218750003,
              42.433873684056884
            ],
            [
              131.87988281250003,
              42.466322198259356
            ],
            [
              132.01171875000003,
              42.498753901913766
            ],
            [
              132.14355468750003,
              42.498753901913766
            ],
            [
              132.23144531250003,
              42.53116879334335
            ],
            [
              132.36328125000003,
              42.56356687089371
            ],
            [
              132.45117187500003,
              42.59594813293289
            ],
            [
              132.53906250000003,
              42.628312577851226
            ],
            [
              132.62695312500003,
              42.660660204061344
            ],
            [
              132.71484375000003,
              42.7253049941189
            ],
            [
              132.80273437500003,
              42.78988249085157
            ],
            [
              132.89062500000003,
              42.822146000488836
            ],
            [
              132.93457031250003,
              42.886622535034185
            ],
            [
              132.97851562500003,
              42.95103174717029
            ],
            [
              133.02246093750003,
              43.01537362588082
            ],
            [
              133.06640625000003,
              43.079648160500916
            ],
            [
              133.11035156250003,
              43.143855340715895
            ],
            [
              133.19824218750003,
              43.20799515656056
            ],
            [
              133.24218750000003,
              43.27206759841791
            ],
            [
              133.28613281250003,
              43.33607265701831
            ],
            [
              133.37402343750003,
              43.4319538818866
            ],
            [
              133.41796875000003,
              43.495790444059715
            ],
            [
              133.46191406250003,
              43.559559593252246
            ],
            [
              133.50585937500003,
              43.62326132174486
            ],
            [
              133.54980468750003,
              43.686895622159746
            ],
            [
              133.59375000000003,
              43.75046248745987
            ],
            [
              133.63769531250003,
              43.81396191094779
            ],
            [
              133.63769531250003,
              43.90908457896442
            ],
            [
              133.68164062500003,
              43.97241537084048
            ],
            [
              133.72558593750003,
              44.03567870012346
            ],
            [
              133.72558593750003,
              44.16200295051745
            ],
            [
              133.72558593750003,
              44.25656901289411
            ],
            [
              133.72558593750003,
              44.382420902528686
            ],
            [
              133.76953125000003,
              44.44524561352827
            ],
            [
              133.76953125000003,
              44.539356129120954
            ],
            [
              133.76953125000003,
              44.63331477588786
            ],
            [
              133.76953125000003,
              44.75835671898449
            ],
            [
              133.76953125000003,
              44.85196098001843
            ],
            [
              133.76953125000003,
              44.9765303932596
            ],
            [
              133.76953125000003,
              45.069780250164506
            ],
            [
              133.76953125000003,
              45.19387712276071
            ],
            [
              133.81347656250003,
              45.25582430193617
            ],
            [
              133.81347656250003,
              45.34861850240714
            ],
            [
              133.81347656250003,
              45.441260825657814
            ],
            [
              133.85742187500003,
              45.53375127845872
            ],
            [
              133.85742187500003,
              45.656835653918364
            ],
            [
              133.85742187500003,
              45.77965007658403
            ],
            [
              133.85742187500003,
              45.90219457547256
            ],
            [
              133.85742187500003,
              45.993925832369165
            ],
            [
              133.85742187500003,
              46.08550529220061
            ],
            [
              133.85742187500003,
              46.17693297258427
            ],
            [
              133.85742187500003,
              46.26820889265543
            ],
            [
              133.81347656250003,
              46.328975204884905
            ],
            [
              133.81347656250003,
              46.45030553594442
            ],
            [
              133.81347656250003,
              46.57136618917103
            ],
            [
              133.81347656250003,
              46.69215722471199
            ],
            [
              133.76953125000003,
              46.752451655922805
            ],
            [
              133.76953125000003,
              46.84276696844621
            ],
            [
              133.76953125000003,
              46.93293070661632
            ],
            [
              133.72558593750003,
              46.9929556729078
            ],
            [
              133.68164062500003,
              47.05291329646476
            ],
            [
              133.68164062500003,
              47.14272348605598
            ],
            [
              133.63769531250003,
              47.20251279700705
            ],
            [
              133.59375000000003,
              47.26223480134942
            ],
            [
              133.50585937500003,
              47.35169163201235
            ],
            [
              133.46191406250003,
              47.4112454183728
            ],
            [
              133.41796875000003,
              47.47073193768842
            ],
            [
              133.33007812500003,
              47.589503223178134
            ],
            [
              133.24218750000003,
              47.61915402162096
            ],
            [
              133.19824218750003,
              47.678405202031186
            ],
            [
              133.15429687500003,
              47.73758917124497
            ],
            [
              133.06640625000003,
              47.767155955756046
            ],
            [
              133.02246093750003,
              47.85575552900709
            ],
            [
              132.93457031250003,
              47.914737944694814
            ],
            [
              132.89062500000003,
              47.97365320346277
            ],
            [
              132.80273437500003,
              48.03250131955334
            ],
            [
              132.71484375000003,
              48.0912823074763
            ],
            [
              132.67089843750003,
              48.14999618200751
            ],
            [
              132.58300781250003,
              48.20864295818808
            ],
            [
              132.45117187500003,
              48.2964873466038
            ],
            [
              132.36328125000003,
              48.384180850993566
            ],
            [
              132.31933593750003,
              48.442559389450786
            ],
            [
              132.23144531250003,
              48.500870908705025
            ],
            [
              132.14355468750003,
              48.55911542536705
            ],
            [
              132.05566406250003,
              48.61729295630568
            ],
            [
              132.01171875000003,
              48.675403518646704
            ],
            [
              131.96777343750003,
              48.73344712977199
            ],
            [
              131.87988281250003,
              48.79142380731828
            ],
            [
              131.83593750000003,
              48.84933356917639
            ],
            [
              131.74804687500003,
              48.93607278480629
            ],
            [
              131.66015625000003,
              48.99381533737319
            ],
            [
              131.57226562500003,
              49.022661543316666
            ],
            [
              131.48437500000003,
              49.08030382637284
            ],
            [
              131.35253906250003,
              49.13787928696825
            ],
            [
              131.26464843750003,
              49.22411722823758
            ],
            [
              131.17675781250003,
              49.25282981859639
            ],
            [
              131.04492187500003,
              49.28152571806596
            ],
            [
              130.95703125000003,
              49.33886745438743
            ],
            [
              130.86914062500003,
              49.367513296302555
            ],
            [
              130.73730468750003,
              49.424754940413635
            ],
            [
              130.64941406250003,
              49.45335074776397
            ],
            [
              130.56152343750003,
              49.48192988210564
            ],
            [
              130.47363281250003,
              49.510492346053496
            ],
            [
              130.38574218750003,
              49.56756727330297
            ],
            [
              130.29785156250003,
              49.596079741909605
            ],
            [
              130.16601562500003,
              49.624575550732445
            ],
            [
              130.03417968750003,
              49.68151719980118
            ],
            [
              129.94628906250003,
              49.70996304547149
            ],
            [
              129.81445312500003,
              49.70996304547149
            ],
            [
              129.68261718750003,
              49.68151719980118
            ],
            [
              129.59472656250003,
              49.65305470246138
            ],
            [
              129.50683593750003,
              49.56756727330297
            ],
            [
              129.41894531250003,
              49.53903814223762
            ],
            [
              129.37500000000003,
              49.48192988210564
            ],
            [
              129.28710937500003,
              49.396142457454744
            ],
            [
              129.24316406250003,
              49.33886745438743
            ],
            [
              129.15527343750003,
              49.25282981859639
            ],
            [
              129.11132812500003,
              49.19538794449609
            ],
            [
              129.06738281250003,
              49.13787928696825
            ],
            [
              128.97949218750003,
              49.08030382637284
            ],
            [
              128.93554687500003,
              48.99381533737319
            ],
            [
              128.89160156250003,
              48.93607278480629
            ],
            [
              128.84765625000003,
              48.87826336238239
            ],
            [
              128.75976562500003,
              48.8203870515803
            ],
            [
              128.67187500000003,
              48.73344712977199
            ],
            [
              128.58398437500003,
              48.646356607470494
            ],
            [
              128.49609375000003,
              48.58821256298742
            ],
            [
              128.45214843750003,
              48.5300015413118
            ],
            [
              128.36425781250003,
              48.471723525446166
            ],
            [
              128.27636718750003,
              48.41337849865061
            ],
            [
              128.23242187500003,
              48.354966444443775
            ],
            [
              128.14453125000003,
              48.2964873466038
            ],
            [
              128.05664062500003,
              48.2379411891695
            ],
            [
              127.96875000000001,
              48.20864295818808
            ],
            [
              127.88085937500001,
              48.14999618200751
            ],
            [
              127.79296875000001,
              48.0912823074763
            ],
            [
              127.70507812500001,
              48.03250131955334
            ],
            [
              127.61718750000001,
              48.00308565344211
            ],
            [
              127.52929687500001,
              47.97365320346277
            ],
            [
              127.48535156250001,
              47.914737944694814
            ],
            [
              127.39746093750001,
              47.88525513234559
            ],
            [
              127.35351562500001,
              47.82623913294086
            ],
            [
              127.26562500000001,
              47.796705942425426
            ],
            [
              127.17773437500001,
              47.73758917124497
            ],
            [
              127.08984375000001,
              47.678405202031186
            ],
            [
              126.95800781250001,
              47.589503223178134
            ],
            [
              126.87011718750001,
              47.55983561712351
            ],
            [
              126.78222656250001,
              47.530151201888465
            ],
            [
              126.65039062500001,
              47.47073193768842
            ],
            [
              126.51855468750001,
              47.44099708567211
            ],
            [
              126.43066406250001,
              47.38147693430795
            ],
            [
              126.29882812500001,
              47.35169163201235
            ],
            [
              126.21093750000001,
              47.32188951003815
            ],
            [
              126.12304687500001,
              47.29207056695484
            ],
            [
              126.03515625000001,
              47.26223480134942
            ],
            [
              125.77148437500001,
              47.23238221182618
            ],
            [
              125.68359375000001,
              47.20251279700705
            ],
            [
              125.41992187500001,
              47.17262655553135
            ],
            [
              125.20019531250001,
              47.17262655553135
            ],
            [
              125.02441406250001,
              47.14272348605598
            ],
            [
              124.84863281250001,
              47.14272348605598
            ],
            [
              124.67285156250001,
              47.14272348605598
            ],
            [
              124.49707031250001,
              47.14272348605598
            ],
            [
              124.36523437500001,
              47.14272348605598
            ],
            [
              124.23339843750001,
              47.14272348605598
            ],
            [
              124.01367187500001,
              47.14272348605598
            ],
            [
              123.88183593750001,
              47.14272348605598
            ],
            [
              123.75000000000001,
              47.14272348605598
            ],
            [
              123.61816406250001,
              47.14272348605598
            ],
            [
              123.48632812500001,
              47.14272348605598
            ],
            [
              123.35449218750001,
              47.14272348605598
            ],
            [
              123.22265625000001,
              47.14272348605598
            ],
            [
              123.04687500000001,
              47.14272348605598
            ],
            [
              122.91503906250001,
              47.17262655553135
            ],
            [
              122.78320312500001,
              47.17262655553135
            ],
            [
              122.73925781250001,
              47.26223480134942
            ],
            [
              122.65136718750001,
              47.35169163201235
            ],
            [
              122.60742187500001,
              47.44099708567211
            ],
            [
              122.51953125000001,
              47.530151201888465
            ],
            [
              122.43164062500001,
              47.55983561712351
            ],
            [
              122.38769531250001,
              47.61915402162096
            ],
            [
              122.29980468750001,
              47.6487880140377
            ],
            [
              122.21191406250001,
              47.678405202031186
            ],
            [
              122.08007812500001,
              47.6487880140377
            ],
            [
              121.94824218750001,
              47.6487880140377
            ],
            [
              121.81640625000001,
              47.61915402162096
            ],
            [
              121.72851562500001,
              47.589503223178134
            ],
            [
              121.59667968750001,
              47.589503223178134
            ],
            [
              121.50878906250001,
              47.55983561712351
            ],
            [
              121.37695312500001,
              47.47073193768842
            ],
            [
              121.28906250000001,
              47.44099708567211
            ],
            [
              121.20117187500001,
              47.38147693430795
            ],
            [
              121.11328125000001,
              47.29207056695484
            ],
            [
              121.02539062500001,
              47.20251279700705
            ],
            [
              120.93750000000001,
              47.14272348605598
            ],
            [
              120.84960937500001,
              47.05291329646476
            ],
            [
              120.80566406250001,
              46.9929556729078
            ],
            [
              120.76171875000001,
              46.93293070661632
            ],
            [
              120.67382812500001,
              46.84276696844621
            ],
            [
              120.6298828125,
              46.752451655922805
            ],
            [
              120.58593750000001,
              46.69215722471199
            ],
            [
              120.58593750000001,
              46.60158922226205
            ],
            [
              120.58593750000001,
              46.480595979278434
            ],
            [
              120.58593750000001,
              46.389674083719854
            ],
            [
              120.58593750000001,
              46.29860047835696
            ],
            [
              120.58593750000001,
              46.207375140543064
            ],
            [
              120.6298828125,
              46.11599804913111
            ],
            [
              120.6298828125,
              46.02446918448156
            ],
            [
              120.6298828125,
              45.90219457547256
            ],
            [
              120.6298828125,
              45.81031150541928
            ],
            [
              120.58593750000001,
              45.718276607651674
            ],
            [
              120.58593750000001,
              45.595327211909805
            ],
            [
              120.54199218750001,
              45.472107850706124
            ],
            [
              120.49804687500001,
              45.34861850240714
            ],
            [
              120.49804687500001,
              45.22485915034316
            ],
            [
              120.45410156250001,
              45.13186243911374
            ],
            [
              120.45410156250001,
              45.0076305553983
            ],
            [
              120.45410156250001,
              44.88312864794182
            ],
            [
              120.45410156250001,
              44.78957501542479
            ],
            [
              120.45410156250001,
              44.69586949854253
            ],
            [
              120.45410156250001,
              44.60201210175746
            ],
            [
              120.45410156250001,
              44.508002831168035
            ],
            [
              120.45410156250001,
              44.41384169451685
            ],
            [
              120.45410156250001,
              44.319528701198195
            ],
            [
              120.41015625000001,
              44.25656901289411
            ],
            [
              120.36621093750001,
              44.09887456163164
            ],
            [
              120.32226562500001,
              43.97241537084048
            ],
            [
              120.27832031250001,
              43.81396191094779
            ],
            [
              120.23437500000001,
              43.75046248745987
            ],
            [
              120.19042968750001,
              43.62326132174486
            ],
            [
              120.14648437500001,
              43.495790444059715
            ],
            [
              120.10253906250001,
              43.40001032343835
            ],
            [
              120.10253906250001,
              43.30407855119106
            ],
            [
              120.05859375000001,
              43.20799515656056
            ],
            [
              120.05859375000001,
              43.11176017054002
            ],
            [
              120.0146484375,
              43.01537362588082
            ],
            [
              119.97070312500001,
              42.95103174717029
            ],
            [
              119.92675781250001,
              42.85439268236042
            ],
            [
              119.88281250000001,
              42.75760215490283
            ],
            [
              119.83886718750001,
              42.692991009998174
            ],
            [
              119.75097656250001,
              42.628312577851226
            ],
            [
              119.66308593750001,
              42.498753901913766
            ],
            [
              119.57519531250001,
              42.433873684056884
            ],
            [
              119.53125000000001,
              42.368926230826936
            ],
            [
              119.44335937500001,
              42.30391155608722
            ],
            [
              119.3994140625,
              42.238829674061385
            ],
            [
              119.35546875000001,
              42.14108086936495
            ],
            [
              119.26757812500001,
              42.0758310337263
            ],
            [
              119.17968750000001,
              42.043180931930365
            ],
            [
              119.13574218750001,
              41.97783037023914
            ],
            [
              119.04785156250001,
              41.91241267782069
            ],
            [
              118.95996093750001,
              41.846927871081874
            ],
            [
              118.87207031250001,
              41.78137596679686
            ],
            [
              118.82812500000001,
              41.6500709345276
            ],
            [
              118.7841796875,
              41.518497722590396
            ],
            [
              118.74023437500001,
              41.386656478503085
            ],
            [
              118.69628906250001,
              41.32063539213445
            ],
            [
              118.69628906250001,
              41.22147823758532
            ],
            [
              118.69628906250001,
              41.08903449150326
            ],
            [
              118.69628906250001,
              40.98952611827819
            ],
            [
              118.74023437500001,
              40.88986734252356
            ],
            [
              118.7841796875,
              40.79005823887773
            ],
            [
              118.7841796875,
              40.69009888391504
            ],
            [
              118.82812500000001,
              40.623375879680005
            ],
            [
              118.87207031250001,
              40.52316628130207
            ],
            [
              118.91601562500001,
              40.456276523033345
            ],
            [
              118.91601562500001,
              40.35581690838797
            ],
            [
              118.95996093750001,
              40.28876055054462
            ],
            [
              119.00390625000001,
              40.1544480752749
            ],
            [
              119.04785156250001,
              40.08719201039465
            ],
            [
              119.09179687500001,
              40.01986942970232
            ],
            [
              119.13574218750001,
              39.95248036045343
            ],
            [
              119.17968750000001,
              39.88502483029811
            ],
            [
              119.26757812500001,
              39.85127215112936
            ],
            [
              119.35546875000001,
              39.81750286728211
            ],
            [
              119.53125000000001,
              39.81750286728211
            ],
            [
              119.66308593750001,
              39.85127215112936
            ],
            [
              119.79492187500001,
              39.918760901245506
            ],
            [
              119.88281250000001,
              39.95248036045343
            ],
            [
              120.0146484375,
              39.9861832044286
            ],
            [
              120.14648437500001,
              40.08719201039465
            ],
            [
              120.23437500000001,
              40.120828358999375
            ],
            [
              120.32226562500001,
              40.188051155875804
            ],
            [
              120.41015625000001,
              40.25520739679477
            ],
            [
              120.49804687500001,
              40.28876055054462
            ],
            [
              120.54199218750001,
              40.35581690838797
            ],
            [
              120.67382812500001,
              40.42280664532498
            ],
            [
              120.80566406250001,
              40.48972973605946
            ],
            [
              120.84960937500001,
              40.58998935615299
            ],
            [
              120.93750000000001,
              40.623375879680005
            ],
            [
              121.02539062500001,
              40.65674572326078
            ],
            [
              121.11328125000001,
              40.69009888391504
            ],
            [
              121.20117187500001,
              40.72343535868668
            ],
            [
              121.33300781250001,
              40.72343535868668
            ],
            [
              121.42089843750001,
              40.75675514464359
            ],
            [
              121.50878906250001,
              40.72343535868668
            ],
            [
              121.64062500000001,
              40.72343535868668
            ],
            [
              121.77246093750001,
              40.69009888391504
            ],
            [
              121.8603515625,
              40.65674572326078
            ],
            [
              121.94824218750001,
              40.58998935615299
            ],
            [
              121.94824218750001,
              40.48972973605946
            ],
            [
              121.94824218750001,
              40.38932010605991
            ],
            [
              121.90429687500001,
              40.28876055054462
            ],
            [
              121.8603515625,
              40.188051155875804
            ],
            [
              121.81640625000001,
              40.08719201039465
            ],
            [
              121.72851562500001,
              39.9861832044286
            ],
            [
              121.64062500000001,
              39.918760901245506
            ],
            [
              121.59667968750001,
              39.85127215112936
            ],
            [
              121.50878906250001,
              39.81750286728211
            ],
            [
              121.42089843750001,
              39.74991449984766
            ],
            [
              121.37695312500001,
              39.68225975683444
            ],
            [
              121.28906250000001,
              39.614538667480346
            ],
            [
              121.2451171875,
              39.5467512614226
            ],
            [
              121.15722656250001,
              39.44494587433298
            ],
            [
              121.06933593750001,
              39.376992808807124
            ],
            [
              121.02539062500001,
              39.30897353346493
            ],
            [
              120.98144531250001,
              39.24088807975142
            ],
            [
              120.93750000000001,
              39.17273647951583
            ],
            [
              120.89355468750001,
              39.10451876501252
            ],
            [
              120.84960937500001,
              39.03623496890172
            ],
            [
              120.80566406250001,
              38.967885124250735
            ],
            [
              120.76171875000001,
              38.89946926453448
            ],
            [
              120.76171875000001,
              38.7967217709452
            ],
            [
              120.84960937500001,
              38.76243963585034
            ],
            [
              120.93750000000001,
              38.728141022702864
            ],
            [
              121.06933593750001,
              38.728141022702864
            ],
            [
              121.20117187500001,
              38.76243963585034
            ],
            [
              121.33300781250001,
              38.7967217709452
            ],
            [
              121.42089843750001,
              38.830987423636614
            ],
            [
              121.50878906250001,
              38.86523658959954
            ],
            [
              121.59667968750001,
              38.9336854441676
            ],
            [
              121.72851562500001,
              38.967885124250735
            ],
            [
              121.72851562500001,
              38.967885124250735
            ],
            [
              121.2451171875,
              38.86523658959954
            ]
          ]
        ]
      }
    }
  ]
}