{
  "type": "FeatureCollection",
  "features": [
    {
      "type": "Feature",
      "properties": {
        "NAME": "말갈",
        "name": "말갈",
        "color": "#ef4444",
        "fill": "#ef4444",
        "fill-opacity": 0.5,
        "stroke": "#ef4444",
        "stroke-width": 2,
        "originalType": "polygon"
      },
      "geometry": {
        "type": "Polygon",
        "coordinates": [
          [
            [
              133.286133,
              47.972041
            ],
            [
              133.374023,
              47.88364
            ],
            [
              133.417969,
              47.824622
            ],
            [
              133.505859,
              47.795088
            ],
            [
              133.59375,
              47.735969
            ],
            [
              133.637695,
              47.676783
            ],
            [
              133.681641,
              47.61753
            ],
            [
              133.769531,
              47.587879
            ],
            [
              133.813477,
              47.528525
            ],
            [
              133.857422,
              47.439368
            ],
            [
              133.901367,
              47.379846
            ],
            [
              133.945313,
              47.290437
            ],
            [
              133.945313,
              47.170989
            ],
            [
              133.945313,
              47.081227
            ],
            [
              133.945313,
              46.991313
            ],
            [
              133.945313,
              46.901247
            ],
            [
              133.989258,
              46.841119
            ],
            [
              133.945313,
              46.750801
            ],
            [
              133.945313,
              46.660332
            ],
            [
              133.945313,
              46.56971
            ],
            [
              133.945313,
              46.478937
            ],
            [
              133.945313,
              46.357671
            ],
            [
              133.945313,
              46.266544
            ],
            [
              133.989258,
              46.175265
            ],
            [
              133.989258,
              46.083835
            ],
            [
              133.945313,
              46.022797
            ],
            [
              133.945313,
              45.931113
            ],
            [
              133.945313,
              45.839278
            ],
            [
              133.945313,
              45.747291
            ],
            [
              133.945313,
              45.593642
            ],
            [
              133.945313,
              45.470419
            ],
            [
              133.945313,
              45.377824
            ],
            [
              133.945313,
              45.285078
            ],
            [
              133.945313,
              45.19218
            ],
            [
              133.945313,
              45.068079
            ],
            [
              133.945313,
              44.943708
            ],
            [
              133.945313,
              44.850253
            ],
            [
              133.945313,
              44.756646
            ],
            [
              133.945313,
              44.631601
            ],
            [
              133.945313,
              44.506285
            ],
            [
              133.945313,
              44.412121
            ],
            [
              133.901367,
              44.349261
            ],
            [
              133.857422,
              44.254844
            ],
            [
              133.857422,
              44.160275
            ],
            [
              133.813477,
              44.065554
            ],
            [
              133.813477,
              43.939024
            ],
            [
              133.769531,
              43.875658
            ],
            [
              133.769531,
              43.780482
            ],
            [
              133.725586,
              43.716947
            ],
            [
              133.725586,
              43.621518
            ],
            [
              133.681641,
              43.557814
            ],
            [
              133.681641,
              43.462132
            ],
            [
              133.637695,
              43.39826
            ],
            [
              133.637695,
              43.302326
            ],
            [
              133.725586,
              43.270314
            ],
            [
              133.813477,
              43.238285
            ],
            [
              133.945313,
              43.238285
            ],
            [
              134.077148,
              43.238285
            ],
            [
              134.208984,
              43.270314
            ],
            [
              134.296875,
              43.302326
            ],
            [
              134.428711,
              43.334321
            ],
            [
              134.560547,
              43.366299
            ],
            [
              134.648438,
              43.39826
            ],
            [
              134.736328,
              43.430205
            ],
            [
              134.824219,
              43.462132
            ],
            [
              134.956055,
              43.525937
            ],
            [
              135.043945,
              43.557814
            ],
            [
              135.175781,
              43.653344
            ],
            [
              135.263672,
              43.716947
            ],
            [
              135.351563,
              43.780482
            ],
            [
              135.483398,
              43.843949
            ],
            [
              135.571289,
              43.907349
            ],
            [
              135.65918,
              43.970682
            ],
            [
              135.74707,
              44.002323
            ],
            [
              135.834961,
              44.097145
            ],
            [
              135.922852,
              44.160275
            ],
            [
              135.966797,
              44.223338
            ],
            [
              136.098633,
              44.286333
            ],
            [
              136.186523,
              44.349261
            ],
            [
              136.274414,
              44.412121
            ],
            [
              136.362305,
              44.443526
            ],
            [
              136.40625,
              44.506285
            ],
            [
              136.494141,
              44.568977
            ],
            [
              136.538086,
              44.631601
            ],
            [
              136.582031,
              44.694157
            ],
            [
              136.625977,
              44.756646
            ],
            [
              136.713867,
              44.819068
            ],
            [
              136.757813,
              44.912574
            ],
            [
              136.845703,
              44.974826
            ],
            [
              136.889648,
              45.037012
            ],
            [
              136.933594,
              45.099129
            ],
            [
              137.021484,
              45.16118
            ],
            [
              137.109375,
              45.223163
            ],
            [
              137.197266,
              45.31601
            ],
            [
              137.285156,
              45.408706
            ],
            [
              137.373047,
              45.470419
            ],
            [
              137.416992,
              45.532064
            ],
            [
              137.460938,
              45.593642
            ],
            [
              137.504883,
              45.655152
            ],
            [
              137.548828,
              45.716595
            ],
            [
              137.636719,
              45.808632
            ],
            [
              137.724609,
              45.869907
            ],
            [
              137.8125,
              45.931113
            ],
            [
              137.856445,
              46.022797
            ],
            [
              137.900391,
              46.083835
            ],
            [
              137.944336,
              46.144805
            ],
            [
              137.988281,
              46.205708
            ],
            [
              138.076172,
              46.266544
            ],
            [
              138.120117,
              46.327312
            ],
            [
              138.208008,
              46.388013
            ],
            [
              138.251953,
              46.448646
            ],
            [
              138.295898,
              46.509212
            ],
            [
              138.383789,
              46.56971
            ],
            [
              138.427734,
              46.630141
            ],
            [
              138.47168,
              46.690505
            ],
            [
              138.55957,
              46.750801
            ],
            [
              138.603516,
              46.841119
            ],
            [
              138.647461,
              46.901247
            ],
            [
              138.691406,
              46.961308
            ],
            [
              138.779297,
              47.021301
            ],
            [
              138.823242,
              47.111164
            ],
            [
              138.867188,
              47.170989
            ],
            [
              138.911133,
              47.230747
            ],
            [
              138.911133,
              47.320257
            ],
            [
              138.955078,
              47.379846
            ],
            [
              139.042969,
              47.469104
            ],
            [
              139.130859,
              47.528525
            ],
            [
              139.21875,
              47.587879
            ],
            [
              139.350586,
              47.676783
            ],
            [
              139.394531,
              47.735969
            ],
            [
              139.482422,
              47.795088
            ],
            [
              139.526367,
              47.854139
            ],
            [
              139.614258,
              47.88364
            ],
            [
              139.702148,
              47.94259
            ],
            [
              139.790039,
              47.972041
            ],
            [
              139.87793,
              48.030891
            ],
            [
              139.921875,
              48.089673
            ],
            [
              139.96582,
              48.177722
            ],
            [
              140.009766,
              48.236337
            ],
            [
              140.053711,
              48.353366
            ],
            [
              140.097656,
              48.41178
            ],
            [
              140.141602,
              48.470126
            ],
            [
              140.185547,
              48.586619
            ],
            [
              140.185547,
              48.702844
            ],
            [
              140.229492,
              48.760856
            ],
            [
              140.273438,
              48.847748
            ],
            [
              140.317383,
              48.905593
            ],
            [
              140.361328,
              48.963371
            ],
            [
              140.405273,
              49.021082
            ],
            [
              140.449219,
              49.078726
            ],
            [
              140.537109,
              49.165067
            ],
            [
              140.581055,
              49.222544
            ],
            [
              140.625,
              49.279954
            ],
            [
              140.668945,
              49.365945
            ],
            [
              140.712891,
              49.451785
            ],
            [
              140.712891,
              49.537475
            ],
            [
              140.756836,
              49.594518
            ],
            [
              140.800781,
              49.651495
            ],
            [
              140.800781,
              49.736835
            ],
            [
              140.844727,
              49.878736
            ],
            [
              140.888672,
              50.020221
            ],
            [
              140.932617,
              50.104913
            ],
            [
              140.976563,
              50.189455
            ],
            [
              140.976563,
              50.273848
            ],
            [
              140.976563,
              50.358091
            ],
            [
              140.976563,
              50.442186
            ],
            [
              140.976563,
              50.526131
            ],
            [
              141.020508,
              50.582011
            ],
            [
              141.064453,
              50.637825
            ],
            [
              140.976563,
              50.665708
            ],
            [
              140.888672,
              50.637825
            ],
            [
              140.800781,
              50.609926
            ],
            [
              140.668945,
              50.609926
            ],
            [
              140.493164,
              50.609926
            ],
            [
              140.361328,
              50.609926
            ],
            [
              140.229492,
              50.609926
            ],
            [
              140.097656,
              50.609926
            ],
            [
              140.009766,
              50.637825
            ],
            [
              139.921875,
              50.693573
            ],
            [
              139.833984,
              50.721423
            ],
            [
              139.702148,
              50.721423
            ],
            [
              139.614258,
              50.749255
            ],
            [
              139.482422,
              50.749255
            ],
            [
              139.438477,
              50.804871
            ],
            [
              139.350586,
              50.832654
            ],
            [
              139.306641,
              50.888171
            ],
            [
              139.262695,
              50.943621
            ],
            [
              139.21875,
              50.999006
            ],
            [
              139.130859,
              51.054324
            ],
            [
              139.042969,
              51.137178
            ],
            [
              138.955078,
              51.164763
            ],
            [
              138.867188,
              51.219883
            ],
            [
              138.779297,
              51.247419
            ],
            [
              138.691406,
              51.302441
            ],
            [
              138.603516,
              51.329927
            ],
            [
              138.47168,
              51.384849
            ],
            [
              138.251953,
              51.412286
            ],
            [
              138.032227,
              51.439706
            ],
            [
              137.8125,
              51.46711
            ],
            [
              137.680664,
              51.46711
            ],
            [
              137.592773,
              51.494498
            ],
            [
              137.460938,
              51.494498
            ],
            [
              137.285156,
              51.494498
            ],
            [
              137.15332,
              51.494498
            ],
            [
              137.021484,
              51.494498
            ],
            [
              136.889648,
              51.494498
            ],
            [
              136.757813,
              51.494498
            ],
            [
              136.625977,
              51.494498
            ],
            [
              136.494141,
              51.494498
            ],
            [
              136.362305,
              51.494498
            ],
            [
              136.230469,
              51.494498
            ],
            [
              136.054688,
              51.46711
            ],
            [
              135.878906,
              51.46711
            ],
            [
              135.74707,
              51.46711
            ],
            [
              135.615234,
              51.439706
            ],
            [
              135.395508,
              51.439706
            ],
            [
              135.263672,
              51.439706
            ],
            [
              135.043945,
              51.439706
            ],
            [
              134.912109,
              51.439706
            ],
            [
              134.736328,
              51.439706
            ],
            [
              134.604492,
              51.439706
            ],
            [
              134.516602,
              51.412286
            ],
            [
              134.34082,
              51.412286
            ],
            [
              134.208984,
              51.412286
            ],
            [
              134.077148,
              51.412286
            ],
            [
              133.989258,
              51.384849
            ],
            [
              133.857422,
              51.384849
            ],
            [
              133.725586,
              51.357396
            ],
            [
              133.549805,
              51.357396
            ],
            [
              133.417969,
              51.329927
            ],
            [
              133.286133,
              51.329927
            ],
            [
              133.154297,
              51.302441
            ],
            [
              133.066406,
              51.274938
            ],
            [
              132.978516,
              51.247419
            ],
            [
              132.84668,
              51.219883
            ],
            [
              132.758789,
              51.192331
            ],
            [
              132.670898,
              51.164763
            ],
            [
              132.583008,
              51.137178
            ],
            [
              132.495117,
              51.109577
            ],
            [
              132.407227,
              51.081959
            ],
            [
              132.319336,
              51.054324
            ],
            [
              132.231445,
              51.026673
            ],
            [
              132.143555,
              50.999006
            ],
            [
              132.099609,
              50.943621
            ],
            [
              131.967773,
              50.915904
            ],
            [
              131.879883,
              50.860421
            ],
            [
              131.791992,
              50.832654
            ],
            [
              131.704102,
              50.777071
            ],
            [
              131.616211,
              50.749255
            ],
            [
              131.572266,
              50.693573
            ],
            [
              131.484375,
              50.665708
            ],
            [
              131.44043,
              50.609926
            ],
            [
              131.396484,
              50.554079
            ],
            [
              131.352539,
              50.498165
            ],
            [
              131.308594,
              50.442186
            ],
            [
              131.308594,
              50.358091
            ],
            [
              131.308594,
              50.245734
            ],
            [
              131.308594,
              50.161291
            ],
            [
              131.352539,
              50.076699
            ],
            [
              131.352539,
              49.963677
            ],
            [
              131.352539,
              49.878736
            ],
            [
              131.396484,
              49.822026
            ],
            [
              131.396484,
              49.736835
            ],
            [
              131.44043,
              49.651495
            ],
            [
              131.52832,
              49.566005
            ],
            [
              131.572266,
              49.480365
            ],
            [
              131.616211,
              49.423188
            ],
            [
              131.660156,
              49.365945
            ],
            [
              131.704102,
              49.308634
            ],
            [
              131.748047,
              49.251258
            ],
            [
              131.835938,
              49.193814
            ],
            [
              131.879883,
              49.136303
            ],
            [
              131.923828,
              49.078726
            ],
            [
              131.967773,
              49.021082
            ],
            [
              132.011719,
              48.963371
            ],
            [
              132.099609,
              48.905593
            ],
            [
              132.143555,
              48.847748
            ],
            [
              132.1875,
              48.789837
            ],
            [
              132.231445,
              48.731858
            ],
            [
              132.319336,
              48.702844
            ],
            [
              132.407227,
              48.644765
            ],
            [
              132.451172,
              48.586619
            ],
            [
              132.539063,
              48.557521
            ],
            [
              132.583008,
              48.499275
            ],
            [
              132.670898,
              48.470126
            ],
            [
              132.714844,
              48.41178
            ],
            [
              132.758789,
              48.353366
            ],
            [
              132.802734,
              48.294885
            ],
            [
              132.84668,
              48.236337
            ],
            [
              132.890625,
              48.177722
            ],
            [
              132.978516,
              48.11904
            ],
            [
              133.066406,
              48.06029
            ],
            [
              133.154297,
              48.030891
            ],
            [
              133.198242,
              47.972041
            ],
            [
              133.286133,
              47.94259
            ],
            [
              133.374023,
              47.913123
            ],
            [
              133.417969,
              47.854139
            ],
            [
              133.505859,
              47.824622
            ],
            [
              133.59375,
              47.765537
            ],
            [
              133.59375,
              47.765537
            ],
            [
              133.286133,
              47.972041
            ]
          ]
        ]
      }
    },
    {
      "type": "Feature",
      "properties": {
        "NAME": "두막루",
        "name": "두막루",
        "color": "#ef4444",
        "fill": "#ef4444",
        "fill-opacity": 0.5,
        "stroke": "#ef4444",
        "stroke-width": 2,
        "originalType": "polygon"
      },
      "geometry": {
        "type": "Polygon",
        "coordinates": [
          [
            [
              125.375977,
              49.424273
            ],
            [
              125.288086,
              49.39566
            ],
            [
              125.200195,
              49.367031
            ],
            [
              124.980469,
              49.338385
            ],
            [
              124.848633,
              49.281042
            ],
            [
              124.716797,
              49.252346
            ],
            [
              124.628906,
              49.223633
            ],
            [
              124.541016,
              49.194904
            ],
            [
              124.453125,
              49.166157
            ],
            [
              124.277344,
              49.137394
            ],
            [
              124.189453,
              49.108615
            ],
            [
              124.101563,
              49.051005
            ],
            [
              123.969727,
              49.022176
            ],
            [
              123.881836,
              48.993329
            ],
            [
              123.793945,
              48.964466
            ],
            [
              123.75,
              48.906689
            ],
            [
              123.662109,
              48.877776
            ],
            [
              123.574219,
              48.819899
            ],
            [
              123.442383,
              48.761955
            ],
            [
              123.354492,
              48.703945
            ],
            [
              123.178711,
              48.645867
            ],
            [
              123.046875,
              48.616803
            ],
            [
              122.958984,
              48.558625
            ],
            [
              122.871094,
              48.50038
            ],
            [
              122.827148,
              48.412887
            ],
            [
              122.783203,
              48.295994
            ],
            [
              122.739258,
              48.237448
            ],
            [
              122.695313,
              48.178834
            ],
            [
              122.651367,
              48.120153
            ],
            [
              122.607422,
              48.032006
            ],
            [
              122.563477,
              47.973157
            ],
            [
              122.607422,
              47.855258
            ],
            [
              122.651367,
              47.796208
            ],
            [
              122.739258,
              47.707507
            ],
            [
              122.783203,
              47.648289
            ],
            [
              122.827148,
              47.589003
            ],
            [
              122.871094,
              47.499949
            ],
            [
              122.915039,
              47.440496
            ],
            [
              122.958984,
              47.351189
            ],
            [
              123.046875,
              47.321387
            ],
            [
              123.134766,
              47.291568
            ],
            [
              123.266602,
              47.261732
            ],
            [
              123.398438,
              47.231879
            ],
            [
              123.574219,
              47.231879
            ],
            [
              123.706055,
              47.231879
            ],
            [
              123.925781,
              47.261732
            ],
            [
              124.057617,
              47.261732
            ],
            [
              124.145508,
              47.291568
            ],
            [
              124.277344,
              47.321387
            ],
            [
              124.453125,
              47.321387
            ],
            [
              124.584961,
              47.321387
            ],
            [
              124.716797,
              47.321387
            ],
            [
              124.804688,
              47.351189
            ],
            [
              124.936523,
              47.351189
            ],
            [
              125.068359,
              47.410744
            ],
            [
              125.200195,
              47.440496
            ],
            [
              125.332031,
              47.440496
            ],
            [
              125.463867,
              47.470231
            ],
            [
              125.595703,
              47.470231
            ],
            [
              125.727539,
              47.499949
            ],
            [
              125.90332,
              47.499949
            ],
            [
              126.035156,
              47.529651
            ],
            [
              126.166992,
              47.559335
            ],
            [
              126.298828,
              47.618654
            ],
            [
              126.386719,
              47.648289
            ],
            [
              126.5625,
              47.677906
            ],
            [
              126.650391,
              47.707507
            ],
            [
              126.738281,
              47.737091
            ],
            [
              126.826172,
              47.796208
            ],
            [
              126.958008,
              47.855258
            ],
            [
              127.045898,
              47.914241
            ],
            [
              127.133789,
              47.943707
            ],
            [
              127.22168,
              47.973157
            ],
            [
              127.30957,
              48.00259
            ],
            [
              127.397461,
              48.090787
            ],
            [
              127.485352,
              48.120153
            ],
            [
              127.573242,
              48.178834
            ],
            [
              127.661133,
              48.237448
            ],
            [
              127.792969,
              48.295994
            ],
            [
              127.880859,
              48.325242
            ],
            [
              127.924805,
              48.383689
            ],
            [
              128.012695,
              48.442068
            ],
            [
              128.056641,
              48.50038
            ],
            [
              128.100586,
              48.558625
            ],
            [
              128.188477,
              48.616803
            ],
            [
              128.232422,
              48.674914
            ],
            [
              128.276367,
              48.761955
            ],
            [
              128.320313,
              48.819899
            ],
            [
              128.364258,
              48.906689
            ],
            [
              128.364258,
              49.022176
            ],
            [
              128.408203,
              49.079818
            ],
            [
              128.452148,
              49.137394
            ],
            [
              128.496094,
              49.194904
            ],
            [
              128.540039,
              49.252346
            ],
            [
              128.540039,
              49.338385
            ],
            [
              128.540039,
              49.424273
            ],
            [
              128.496094,
              49.481448
            ],
            [
              128.452148,
              49.567087
            ],
            [
              128.408203,
              49.624095
            ],
            [
              128.364258,
              49.681038
            ],
            [
              128.276367,
              49.737913
            ],
            [
              128.188477,
              49.766326
            ],
            [
              128.056641,
              49.766326
            ],
            [
              127.924805,
              49.766326
            ],
            [
              127.749023,
              49.766326
            ],
            [
              127.617188,
              49.766326
            ],
            [
              127.397461,
              49.766326
            ],
            [
              127.265625,
              49.766326
            ],
            [
              127.133789,
              49.766326
            ],
            [
              127.045898,
              49.737913
            ],
            [
              126.914063,
              49.737913
            ],
            [
              126.782227,
              49.709484
            ],
            [
              126.650391,
              49.652575
            ],
            [
              126.518555,
              49.624095
            ],
            [
              126.386719,
              49.595599
            ],
            [
              126.254883,
              49.567087
            ],
            [
              126.166992,
              49.538557
            ],
            [
              125.991211,
              49.538557
            ],
            [
              125.90332,
              49.510011
            ],
            [
              125.81543,
              49.481448
            ],
            [
              125.683594,
              49.452869
            ],
            [
              125.507813,
              49.424273
            ],
            [
              125.375977,
              49.39566
            ],
            [
              125.332031,
              49.39566
            ],
            [
              125.375977,
              49.424273
            ]
          ]
        ]
      }
    },
    {
      "type": "Feature",
      "properties": {
        "NAME": "고구려",
        "name": "667-668",
        "color": "#ef4444",
        "fill": "#ef4444",
        "fill-opacity": 0.5,
        "stroke": "#ef4444",
        "stroke-width": 2,
        "originalType": "polyline"
      },
      "geometry": {
        "type": "Polygon",
        "coordinates": [
          [
            [
              125.15625000000001,
              39.24229922897277
            ],
            [
              125.33203125000001,
              39.31038331203744
            ],
            [
              125.41992187500001,
              39.34440053840899
            ],
            [
              125.55175781250001,
              39.37840121607531
            ],
            [
              125.72753906250001,
              39.41238534111948
            ],
            [
              125.85937500000001,
              39.4463529096497
            ],
            [
              125.99121093750001,
              39.480303917799475
            ],
            [
              126.07910156250001,
              39.51423836172728
            ],
            [
              126.21093750000001,
              39.54815623761692
            ],
            [
              126.29882812500001,
              39.58205754167711
            ],
            [
              126.38671875000001,
              39.61594227014177
            ],
            [
              126.47460937500001,
              39.64981041926971
            ],
            [
              126.56250000000001,
              39.68366198534492
            ],
            [
              126.65039062500001,
              39.75131535359751
            ],
            [
              126.78222656250001,
              39.78511714846745
            ],
            [
              126.87011718750001,
              39.818902345669756
            ],
            [
              126.95800781250001,
              39.88642293273034
            ],
            [
              127.04589843750001,
              39.92015831548014
            ],
            [
              127.13378906250001,
              39.98757924183335
            ],
            [
              127.22167968750001,
              40.021264778476876
            ],
            [
              127.30957031250001,
              40.05493369283294
            ],
            [
              127.39746093750001,
              40.122221641034386
            ],
            [
              127.48535156250001,
              40.15584066811717
            ],
            [
              127.57324218750001,
              40.189443059387294
            ],
            [
              127.70507812500001,
              40.189443059387294
            ],
            [
              127.79296875000001,
              40.22302881152484
            ],
            [
              127.88085937500001,
              40.25659792123448
            ],
            [
              128.01269531250003,
              40.25659792123448
            ],
            [
              128.14453125000003,
              40.25659792123448
            ],
            [
              128.23242187500003,
              40.29015038524537
            ],
            [
              128.36425781250003,
              40.29015038524537
            ],
            [
              128.49609375000003,
              40.29015038524537
            ],
            [
              128.62792968750003,
              40.32368620031111
            ],
            [
              128.80371093750003,
              40.32368620031111
            ],
            [
              128.89160156250003,
              40.35720536320975
            ],
            [
              128.97949218750003,
              40.424193719739826
            ],
            [
              129.06738281250003,
              40.457662907049254
            ],
            [
              129.15527343750003,
              40.52455128413414
            ],
            [
              129.24316406250003,
              40.59137297729339
            ],
            [
              129.28710937500003,
              40.65812796220963
            ],
            [
              129.33105468750003,
              40.724816214952185
            ],
            [
              129.41894531250003,
              40.79143771197601
            ],
            [
              129.46289062500003,
              40.89124473998117
            ],
            [
              129.50683593750003,
              40.9576992472216
            ],
            [
              129.55078125000003,
              41.024086919359625
            ],
            [
              129.59472656250003,
              41.09040773457429
            ],
            [
              129.68261718750003,
              41.156661671424956
            ],
            [
              129.72656250000003,
              41.22284870885055
            ],
            [
              129.77050781250003,
              41.32200378342721
            ],
            [
              129.85839843750003,
              41.42100821963866
            ],
            [
              129.94628906250003,
              41.48692745630965
            ],
            [
              129.99023437500003,
              41.552779693909
            ],
            [
              130.03417968750003,
              41.651432386016126
            ],
            [
              130.12207031250003,
              41.71711704448235
            ],
            [
              130.16601562500003,
              41.782734639690176
            ],
            [
              130.20996093750003,
              41.84828515413541
            ],
            [
              130.25390625000003,
              41.94648511199171
            ],
            [
              130.34179687500003,
              42.01186785037095
            ],
            [
              130.38574218750003,
              42.07718344962475
            ],
            [
              130.42968750000003,
              42.14243189390295
            ],
            [
              130.47363281250003,
              42.20761316772029
            ],
            [
              130.51757812500003,
              42.272727255955324
            ],
            [
              130.56152343750003,
              42.33777414384946
            ],
            [
              130.60546875000003,
              42.40275381700595
            ],
            [
              130.69335937500003,
              42.46766626138891
            ],
            [
              130.78125000000003,
              42.53251146332232
            ],
            [
              130.86914062500003,
              42.564908844194875
            ],
            [
              130.95703125000003,
              42.62965315759625
            ],
            [
              131.04492187500003,
              42.66200008692989
            ],
            [
              131.13281250000003,
              42.69433019592589
            ],
            [
              131.26464843750003,
              42.79121958557983
            ],
            [
              131.35253906250003,
              42.823482398027984
            ],
            [
              131.44042968750003,
              42.85572838265069
            ],
            [
              131.57226562500003,
              42.920169862717046
            ],
            [
              131.70410156250003,
              42.984544014593865
            ],
            [
              131.79199218750003,
              43.016705839062126
            ],
            [
              131.87988281250003,
              43.048850827447964
            ],
            [
              131.96777343750003,
              43.080978978452066
            ],
            [
              132.05566406250003,
              43.11309029079696
            ],
            [
              132.14355468750003,
              43.14518476322697
            ],
            [
              132.23144531250003,
              43.17726239450827
            ],
            [
              132.31933593750003,
              43.20932318342878
            ],
            [
              132.40722656250003,
              43.24136712879816
            ],
            [
              132.53906250000003,
              43.27339422944775
            ],
            [
              132.62695312500003,
              43.30540448423059
            ],
            [
              132.71484375000003,
              43.33739789202136
            ],
            [
              132.80273437500003,
              43.36937445171634
            ],
            [
              132.89062500000003,
              43.433277022511945
            ],
            [
              132.97851562500003,
              43.46520303151292
            ],
            [
              133.06640625000003,
              43.52900449163307
            ],
            [
              133.11035156250003,
              43.59273853471037
            ],
            [
              133.19824218750003,
              43.68821317596748
            ],
            [
              133.33007812500003,
              43.78353608797604
            ],
            [
              133.37402343750003,
              43.84700039087459
            ],
            [
              133.41796875000003,
              43.910397242424814
            ],
            [
              133.46191406250003,
              44.00536603577626
            ],
            [
              133.50585937500003,
              44.06859423411513
            ],
            [
              133.54980468750003,
              44.131754962113405
            ],
            [
              133.59375000000003,
              44.194848215096926
            ],
            [
              133.63769531250003,
              44.25787398872406
            ],
            [
              133.63769531250003,
              44.352286116689456
            ],
            [
              133.68164062500003,
              44.446546395015545
            ],
            [
              133.68164062500003,
              44.54065481322536
            ],
            [
              133.72558593750003,
              44.603309387543746
            ],
            [
              133.72558593750003,
              44.72841603566495
            ],
            [
              133.72558593750003,
              44.82206882719418
            ],
            [
              133.72558593750003,
              44.91556973319028
            ],
            [
              133.72558593750003,
              45.00891875138258
            ],
            [
              133.72558593750003,
              45.10211588111818
            ],
            [
              133.72558593750003,
              45.19516112335396
            ],
            [
              133.72558593750003,
              45.2880544806488
            ],
            [
              133.72558593750003,
              45.41167603231826
            ],
            [
              133.72558593750003,
              45.535027588107965
            ],
            [
              133.76953125000003,
              45.596602123356526
            ],
            [
              133.76953125000003,
              45.68883738087164
            ],
            [
              133.76953125000003,
              45.780920793823675
            ],
            [
              133.76953125000003,
              45.90346249697128
            ],
            [
              133.76953125000003,
              45.99519165730654
            ],
            [
              133.76953125000003,
              46.147736273552596
            ],
            [
              133.76953125000003,
              46.299859316556734
            ],
            [
              133.72558593750003,
              46.421254282125844
            ],
            [
              133.72558593750003,
              46.542379556144795
            ],
            [
              133.68164062500003,
              46.633046561910106
            ],
            [
              133.63769531250003,
              46.72356192591128
            ],
            [
              133.59375000000003,
              46.81392567624619
            ],
            [
              133.54980468750003,
              46.90413784247546
            ],
            [
              133.50585937500003,
              46.96419508849291
            ],
            [
              133.46191406250003,
              47.02418498709892
            ],
            [
              133.41796875000003,
              47.11404358019696
            ],
            [
              133.37402343750003,
              47.26347130830129
            ],
            [
              133.33007812500003,
              47.32312462299142
            ],
            [
              133.24218750000003,
              47.3827106534983
            ],
            [
              133.15429687500003,
              47.44222941134102
            ],
            [
              133.11035156250003,
              47.50168090831614
            ],
            [
              133.06640625000003,
              47.56106515649676
            ],
            [
              133.02246093750003,
              47.620382168231444
            ],
            [
              132.93457031250003,
              47.67963195614321
            ],
            [
              132.84667968750003,
              47.70923164518496
            ],
            [
              132.80273437500003,
              47.79792991235591
            ],
            [
              132.71484375000003,
              47.85697810726577
            ],
            [
              132.62695312500003,
              47.94542445910029
            ],
            [
              132.58300781250003,
              48.004304753788034
            ],
            [
              132.49511718750003,
              48.063117913320625
            ],
            [
              132.45117187500003,
              48.15121180631966
            ],
            [
              132.40722656250003,
              48.2098571926321
            ],
            [
              132.36328125000003,
              48.26843549621904
            ],
            [
              132.31933593750003,
              48.385390917774075
            ],
            [
              132.31933593750003,
              48.50207819871473
            ],
            [
              132.23144531250003,
              48.560321327508944
            ],
            [
              132.18750000000003,
              48.61849747093192
            ],
            [
              132.09960937500003,
              48.67660664611484
            ],
            [
              131.96777343750003,
              48.73464887044477
            ],
            [
              131.83593750000003,
              48.792624161563765
            ],
            [
              131.74804687500003,
              48.85053253736785
            ],
            [
              131.66015625000003,
              48.879461637688486
            ],
            [
              131.57226562500003,
              48.90837401600592
            ],
            [
              131.48437500000003,
              48.93726967462816
            ],
            [
              131.39648437500003,
              48.966148615878836
            ],
            [
              131.26464843750003,
              49.02385635563821
            ],
            [
              131.17675781250003,
              49.05268515887238
            ],
            [
              131.08886718750003,
              49.0814972541857
            ],
            [
              131.00097656250003,
              49.11029264397976
            ],
            [
              130.91308593750003,
              49.139071330671676
            ],
            [
              130.82519531250003,
              49.16783331669394
            ],
            [
              130.64941406250003,
              49.16783331669394
            ],
            [
              130.51757812500003,
              49.139071330671676
            ],
            [
              130.38574218750003,
              49.11029264397976
            ],
            [
              130.25390625000003,
              49.11029264397976
            ],
            [
              130.16601562500003,
              49.0814972541857
            ],
            [
              130.03417968750003,
              49.0814972541857
            ],
            [
              129.94628906250003,
              49.05268515887238
            ],
            [
              129.77050781250003,
              49.05268515887238
            ],
            [
              129.63867187500003,
              49.05268515887238
            ],
            [
              129.55078125000003,
              49.02385635563821
            ],
            [
              129.41894531250003,
              49.02385635563821
            ],
            [
              129.33105468750003,
              48.995010842097216
            ],
            [
              129.24316406250003,
              48.966148615878836
            ],
            [
              129.11132812500003,
              48.966148615878836
            ],
            [
              129.02343750000003,
              48.90837401600592
            ],
            [
              128.89160156250003,
              48.85053253736785
            ],
            [
              128.84765625000003,
              48.792624161563765
            ],
            [
              128.75976562500003,
              48.73464887044477
            ],
            [
              128.67187500000003,
              48.67660664611484
            ],
            [
              128.62792968750003,
              48.58941777132715
            ],
            [
              128.54003906250003,
              48.53120813734391
            ],
            [
              128.49609375000003,
              48.44376806767516
            ],
            [
              128.40820312500003,
              48.385390917774075
            ],
            [
              128.36425781250003,
              48.29769949684705
            ],
            [
              128.32031250000003,
              48.23915472879906
            ],
            [
              128.27636718750003,
              48.18054288577966
            ],
            [
              128.23242187500003,
              48.12186395234644
            ],
            [
              128.14453125000003,
              48.03371972453945
            ],
            [
              128.10058593750003,
              47.974872999243665
            ],
            [
              128.01269531250003,
              47.88647701487557
            ],
            [
              127.92480468750001,
              47.85697810726577
            ],
            [
              127.88085937500001,
              47.79792991235591
            ],
            [
              127.74902343750001,
              47.76838062162823
            ],
            [
              127.66113281250001,
              47.70923164518496
            ],
            [
              127.57324218750001,
              47.67963195614321
            ],
            [
              127.48535156250001,
              47.65001546436556
            ],
            [
              127.39746093750001,
              47.620382168231444
            ],
            [
              127.26562500000001,
              47.620382168231444
            ],
            [
              127.17773437500001,
              47.59073206613733
            ],
            [
              127.00195312500001,
              47.59073206613733
            ],
            [
              126.87011718750001,
              47.59073206613733
            ],
            [
              126.73828125000001,
              47.56106515649676
            ],
            [
              126.60644531250001,
              47.56106515649676
            ],
            [
              126.43066406250001,
              47.531381437740414
            ],
            [
              126.29882812500001,
              47.531381437740414
            ],
            [
              126.21093750000001,
              47.50168090831614
            ],
            [
              126.03515625000001,
              47.50168090831614
            ],
            [
              125.90332031250001,
              47.47196356668892
            ],
            [
              125.72753906250001,
              47.44222941134102
            ],
            [
              125.63964843750001,
              47.412478440771885
            ],
            [
              125.55175781250001,
              47.3827106534983
            ],
            [
              125.37597656250001,
              47.352926048054336
            ],
            [
              125.24414062500001,
              47.32312462299142
            ],
            [
              125.11230468750001,
              47.29330637687833
            ],
            [
              125.02441406250001,
              47.26347130830129
            ],
            [
              124.89257812500001,
              47.233619415863934
            ],
            [
              124.76074218750001,
              47.203750698187434
            ],
            [
              124.67285156250001,
              47.173865153910405
            ],
            [
              124.49707031250001,
              47.143962781688984
            ],
            [
              124.40917968750001,
              47.08410754812568
            ],
            [
              124.27734375000001,
              47.05415468418409
            ],
            [
              124.18945312500001,
              47.02418498709892
            ],
            [
              124.10156250000001,
              46.994198455614494
            ],
            [
              123.96972656250001,
              46.93417488451401
            ],
            [
              123.88183593750001,
              46.87408396119276
            ],
            [
              123.79394531250001,
              46.844013239499255
            ],
            [
              123.66210937500001,
              46.78382127030276
            ],
            [
              123.53027343750001,
              46.72356192591128
            ],
            [
              123.48632812500001,
              46.66323519763803
            ],
            [
              123.39843750000001,
              46.60284107708516
            ],
            [
              123.31054687500001,
              46.542379556144795
            ],
            [
              123.22265625000001,
              46.481850626999965
            ],
            [
              123.17871093750001,
              46.421254282125844
            ],
            [
              123.13476562500001,
              46.360590514290664
            ],
            [
              123.0908203125,
              46.299859316556734
            ],
            [
              123.00292968750001,
              46.208636074446176
            ],
            [
              122.91503906250001,
              46.147736273552596
            ],
            [
              122.87109375000001,
              46.086769020809584
            ],
            [
              122.82714843750001,
              46.02573431061588
            ],
            [
              122.73925781250001,
              45.964632137669966
            ],
            [
              122.69531250000001,
              45.90346249697128
            ],
            [
              122.65136718750001,
              45.84222538382109
            ],
            [
              122.60742187500001,
              45.780920793823675
            ],
            [
              122.56347656250001,
              45.719548722887254
            ],
            [
              122.51953125000001,
              45.62736408152217
            ],
            [
              122.51953125000001,
              45.535027588107965
            ],
            [
              122.51953125000001,
              45.44253923271397
            ],
            [
              122.51953125000001,
              45.34989900697479
            ],
            [
              122.51953125000001,
              45.22614245171774
            ],
            [
              122.51953125000001,
              45.13314783815882
            ],
            [
              122.56347656250001,
              45.071067047675484
            ],
            [
              122.56347656250001,
              44.9778192884813
            ],
            [
              122.60742187500001,
              44.91556973319028
            ],
            [
              122.60742187500001,
              44.82206882719418
            ],
            [
              122.56347656250001,
              44.75965050880474
            ],
            [
              122.51953125000001,
              44.6971646867743
            ],
            [
              122.43164062500001,
              44.634611362498795
            ],
            [
              122.34375000000001,
              44.509302214413474
            ],
            [
              122.29980468750001,
              44.446546395015545
            ],
            [
              122.25585937500001,
              44.383723082198536
            ],
            [
              122.21191406250001,
              44.32083227898454
            ],
            [
              122.21191406250001,
              44.22636953708843
            ],
            [
              122.16796875000001,
              44.16331002326114
            ],
            [
              122.12402343750001,
              44.10018303220677
            ],
            [
              122.12402343750001,
              44.00536603577626
            ],
            [
              122.08007812500001,
              43.94207037210435
            ],
            [
              122.03613281250001,
              43.87870724844149
            ],
            [
              121.99218750000001,
              43.81527667046535
            ],
            [
              121.94824218750001,
              43.75177864419009
            ],
            [
              121.90429687500001,
              43.68821317596748
            ],
            [
              121.8603515625,
              43.62458027248795
            ],
            [
              121.77246093750001,
              43.56087994078144
            ],
            [
              121.68457031250001,
              43.49711218821863
            ],
            [
              121.64062500000001,
              43.433277022511945
            ],
            [
              121.55273437500001,
              43.40133416223341
            ],
            [
              121.50878906250001,
              43.33739789202136
            ],
            [
              121.46484375000001,
              43.27339422944775
            ],
            [
              121.37695312500001,
              43.24136712879816
            ],
            [
              121.33300781250001,
              43.14518476322697
            ],
            [
              121.33300781250001,
              43.048850827447964
            ],
            [
              121.28906250000001,
              42.984544014593865
            ],
            [
              121.2451171875,
              42.88795753801674
            ],
            [
              121.2451171875,
              42.79121958557983
            ],
            [
              121.2451171875,
              42.69433019592589
            ],
            [
              121.20117187500001,
              42.5972894094891
            ],
            [
              121.20117187500001,
              42.500097268502536
            ],
            [
              121.2451171875,
              42.435218443657284
            ],
            [
              121.33300781250001,
              42.40275381700595
            ],
            [
              121.42089843750001,
              42.33777414384946
            ],
            [
              121.46484375000001,
              42.272727255955324
            ],
            [
              121.50878906250001,
              42.20761316772029
            ],
            [
              121.59667968750001,
              42.14243189390295
            ],
            [
              121.68457031250001,
              42.109816067112156
            ],
            [
              121.77246093750001,
              42.07718344962475
            ],
            [
              121.81640625000001,
              42.01186785037095
            ],
            [
              121.90429687500001,
              41.94648511199171
            ],
            [
              121.99218750000001,
              41.91376857068324
            ],
            [
              122.08007812500001,
              41.881035250703036
            ],
            [
              122.16796875000001,
              41.84828515413541
            ],
            [
              122.25585937500001,
              41.782734639690176
            ],
            [
              122.34375000000001,
              41.74993422609624
            ],
            [
              122.43164062500001,
              41.71711704448235
            ],
            [
              122.51953125000001,
              41.68428309704808
            ],
            [
              122.60742187500001,
              41.651432386016126
            ],
            [
              122.73925781250001,
              41.5856806821659
            ],
            [
              122.87109375000001,
              41.51986195117729
            ],
            [
              122.95898437500001,
              41.48692745630965
            ],
            [
              123.0908203125,
              41.48692745630965
            ],
            [
              123.17871093750001,
              41.45397621166824
            ],
            [
              123.26660156250001,
              41.42100821963866
            ],
            [
              123.44238281250001,
              41.3880234826298
            ],
            [
              123.57421875000001,
              41.3880234826298
            ],
            [
              123.7060546875,
              41.3880234826298
            ],
            [
              123.79394531250001,
              41.355022003074055
            ],
            [
              123.88183593750001,
              41.28896882616856
            ],
            [
              124.01367187500001,
              41.255917133800885
            ],
            [
              124.10156250000001,
              41.22284870885055
            ],
            [
              124.18945312500001,
              41.18976355386738
            ],
            [
              124.32128906250001,
              41.156661671424956
            ],
            [
              124.40917968750001,
              41.12354306412031
            ],
            [
              124.54101562500001,
              41.12354306412031
            ],
            [
              124.62890625000001,
              41.057255685431315
            ],
            [
              124.71679687500001,
              41.024086919359625
            ],
            [
              124.80468750000001,
              40.9576992472216
            ],
            [
              124.89257812500001,
              40.89124473998117
            ],
            [
              124.93652343750001,
              40.82472341984083
            ],
            [
              125.02441406250001,
              40.758135309385445
            ],
            [
              125.06835937500001,
              40.691480431583216
            ],
            [
              125.11230468750001,
              40.59137297729339
            ],
            [
              125.11230468750001,
              40.457662907049254
            ],
            [
              125.15625000000001,
              40.39070787074374
            ],
            [
              125.20019531250001,
              40.29015038524537
            ],
            [
              125.24414062500001,
              40.189443059387294
            ],
            [
              125.28808593750001,
              40.122221641034386
            ],
            [
              125.33203125000001,
              40.05493369283294
            ],
            [
              125.37597656250001,
              39.98757924183335
            ],
            [
              125.37597656250001,
              39.85267094161295
            ],
            [
              125.33203125000001,
              39.78511714846745
            ],
            [
              125.28808593750001,
              39.71749696467625
            ],
            [
              125.24414062500001,
              39.64981041926971
            ],
            [
              125.15625000000001,
              39.58205754167711
            ],
            [
              125.11230468750001,
              39.480303917799475
            ],
            [
              125.02441406250001,
              39.41238534111948
            ],
            [
              125.02441406250001,
              39.31038331203744
            ],
            [
              125.02441406250001,
              39.2082323802398
            ],
            [
              125.11230468750001,
              39.140049088463
            ],
            [
              125.20019531250001,
              39.10593265353135
            ],
            [
              125.28808593750001,
              39.07179969802127
            ],
            [
              125.33203125000001,
              39.10593265353135
            ],
            [
              125.15625000000001,
              39.24229922897277
            ]
          ]
        ]
      }
    },
    {
      "type": "Feature",
      "properties": {
        "NAME": "신라",
        "name": "667-668",
        "color": "#ef4444",
        "fill": "#ef4444",
        "fill-opacity": 0.5,
        "stroke": "#ef4444",
        "stroke-width": 2,
        "originalType": "polyline"
      },
      "geometry": {
        "type": "Polygon",
        "coordinates": [
          [
            [
              127.88085937500001,
              39.92015831548014
            ],
            [
              127.79296875000001,
              39.88642293273034
            ],
            [
              127.66113281250001,
              39.85267094161295
            ],
            [
              127.52929687500001,
              39.818902345669756
            ],
            [
              127.35351562500001,
              39.818902345669756
            ],
            [
              127.26562500000001,
              39.78511714846745
            ],
            [
              127.17773437500001,
              39.75131535359751
            ],
            [
              127.08984375000001,
              39.71749696467625
            ],
            [
              127.00195312500001,
              39.68366198534492
            ],
            [
              126.87011718750001,
              39.64981041926971
            ],
            [
              126.73828125000001,
              39.61594227014177
            ],
            [
              126.65039062500001,
              39.58205754167711
            ],
            [
              126.56250000000001,
              39.54815623761692
            ],
            [
              126.47460937500001,
              39.51423836172728
            ],
            [
              126.38671875000001,
              39.480303917799475
            ],
            [
              126.29882812500001,
              39.4463529096497
            ],
            [
              126.21093750000001,
              39.41238534111948
            ],
            [
              126.12304687500001,
              39.34440053840899
            ],
            [
              126.03515625000001,
              39.31038331203744
            ],
            [
              125.94726562500001,
              39.27634954090288
            ],
            [
              125.85937500000001,
              39.24229922897277
            ],
            [
              125.77148437500001,
              39.2082323802398
            ],
            [
              125.68359375000001,
              39.17414899872208
            ],
            [
              125.55175781250001,
              39.10593265353135
            ],
            [
              125.46386718750001,
              39.07179969802127
            ],
            [
              125.37597656250001,
              39.00348424176987
            ],
            [
              125.28808593750001,
              38.935102752971304
            ],
            [
              125.24414062500001,
              38.86665526529633
            ],
            [
              125.20019531250001,
              38.798141812824724
            ],
            [
              125.15625000000001,
              38.72956243004629
            ],
            [
              125.11230468750001,
              38.66091715186164
            ],
            [
              125.06835937500001,
              38.59220601358302
            ],
            [
              125.02441406250001,
              38.523429050935306
            ],
            [
              124.93652343750001,
              38.48901589675008
            ],
            [
              124.89257812500001,
              38.38567779750013
            ],
            [
              124.84863281250001,
              38.31670358023299
            ],
            [
              124.80468750000001,
              38.247663685639154
            ],
            [
              124.80468750000001,
              38.14398078156389
            ],
            [
              124.84863281250001,
              38.07477685994492
            ],
            [
              124.89257812500001,
              38.005507395130735
            ],
            [
              124.98046875000001,
              37.90148039042831
            ],
            [
              125.06835937500001,
              37.86677199340233
            ],
            [
              125.15625000000001,
              37.83204724033634
            ],
            [
              125.20019531250001,
              37.762548686323186
            ],
            [
              125.28808593750001,
              37.72777489556157
            ],
            [
              125.37597656250001,
              37.69298476913104
            ],
            [
              125.46386718750001,
              37.65817831219054
            ],
            [
              125.59570312500001,
              37.62335552992561
            ],
            [
              125.72753906250001,
              37.62335552992561
            ],
            [
              125.81542968750001,
              37.588516427548186
            ],
            [
              125.94726562500001,
              37.588516427548186
            ],
            [
              126.07910156250001,
              37.62335552992561
            ],
            [
              126.21093750000001,
              37.62335552992561
            ],
            [
              126.34277343750001,
              37.65817831219054
            ],
            [
              126.47460937500001,
              37.65817831219054
            ],
            [
              126.51855468750001,
              37.588516427548186
            ],
            [
              126.56250000000001,
              37.518789283436966
            ],
            [
              126.56250000000001,
              37.414076298256695
            ],
            [
              126.51855468750001,
              37.34418619115442
            ],
            [
              126.43066406250001,
              37.274230974248944
            ],
            [
              126.34277343750001,
              37.23922896326702
            ],
            [
              126.25488281250001,
              37.20421069126426
            ],
            [
              126.16699218750001,
              37.16917616377335
            ],
            [
              126.07910156250001,
              37.13412538635361
            ],
            [
              126.07910156250001,
              37.028875610519826
            ],
            [
              126.12304687500001,
              36.958627946788006
            ],
            [
              126.12304687500001,
              36.85313484558051
            ],
            [
              126.16699218750001,
              36.78272510841444
            ],
            [
              126.21093750000001,
              36.676989114985865
            ],
            [
              126.25488281250001,
              36.571107598370055
            ],
            [
              126.29882812500001,
              36.50043915422344
            ],
            [
              126.38671875000001,
              36.42970615346014
            ],
            [
              126.43066406250001,
              36.358908645005734
            ],
            [
              126.47460937500001,
              36.28804667822422
            ],
            [
              126.51855468750001,
              36.21712030291872
            ],
            [
              126.56250000000001,
              36.146129569332295
            ],
            [
              126.60644531250001,
              36.039522908167
            ],
            [
              126.60644531250001,
              35.932771727931154
            ],
            [
              126.60644531250001,
              35.82587620378449
            ],
            [
              126.56250000000001,
              35.68312461023301
            ],
            [
              126.56250000000001,
              35.57589297742635
            ],
            [
              126.51855468750001,
              35.50432535318666
            ],
            [
              126.51855468750001,
              35.39685424997777
            ],
            [
              126.51855468750001,
              35.28923971244095
            ],
            [
              126.51855468750001,
              35.181481929286456
            ],
            [
              126.51855468750001,
              35.07358109150104
            ],
            [
              126.47460937500001,
              35.00156782019627
            ],
            [
              126.43066406250001,
              34.929491112734674
            ],
            [
              126.38671875000001,
              34.857351027397584
            ],
            [
              126.34277343750001,
              34.74902219448087
            ],
            [
              126.34277343750001,
              34.64055109374573
            ],
            [
              126.34277343750001,
              34.53193792763604
            ],
            [
              126.34277343750001,
              34.38689973646159
            ],
            [
              126.38671875000001,
              34.27795588472099
            ],
            [
              126.60644531250001,
              34.27795588472099
            ],
            [
              126.73828125000001,
              34.31428622060238
            ],
            [
              126.87011718750001,
              34.31428622060238
            ],
            [
              127.00195312500001,
              34.31428622060238
            ],
            [
              127.13378906250001,
              34.35060084044364
            ],
            [
              127.26562500000001,
              34.35060084044364
            ],
            [
              127.39746093750001,
              34.38689973646159
            ],
            [
              127.61718750000001,
              34.42318290090151
            ],
            [
              127.70507812500001,
              34.45945032603742
            ],
            [
              127.79296875000001,
              34.49570200417189
            ],
            [
              127.96875000000001,
              34.53193792763604
            ],
            [
              128.05664062500003,
              34.56815808878952
            ],
            [
              128.14453125000003,
              34.60436248002051
            ],
            [
              128.27636718750003,
              34.676723922410346
            ],
            [
              128.36425781250003,
              34.712880958488036
            ],
            [
              128.45214843750003,
              34.74902219448087
            ],
            [
              128.58398437500003,
              34.78514762291939
            ],
            [
              128.71582031250003,
              34.82125723636252
            ],
            [
              128.80371093750003,
              34.857351027397584
            ],
            [
              128.89160156250003,
              34.89342898864027
            ],
            [
              128.97949218750003,
              34.929491112734674
            ],
            [
              129.11132812500003,
              34.9655373923531
            ],
            [
              129.24316406250003,
              34.9655373923531
            ],
            [
              129.37500000000003,
              34.9655373923531
            ],
            [
              129.46289062500003,
              35.00156782019627
            ],
            [
              129.55078125000003,
              35.03758238899317
            ],
            [
              129.59472656250003,
              35.10956392050535
            ],
            [
              129.63867187500003,
              35.181481929286456
            ],
            [
              129.68261718750003,
              35.28923971244095
            ],
            [
              129.68261718750003,
              35.39685424997777
            ],
            [
              129.72656250000003,
              35.46851760081983
            ],
            [
              129.72656250000003,
              35.64739671548619
            ],
            [
              129.72656250000003,
              35.79021231657543
            ],
            [
              129.72656250000003,
              35.89715591604677
            ],
            [
              129.72656250000003,
              36.003955230492494
            ],
            [
              129.72656250000003,
              36.146129569332295
            ],
            [
              129.72656250000003,
              36.28804667822422
            ],
            [
              129.68261718750003,
              36.358908645005734
            ],
            [
              129.72656250000003,
              36.535781448914584
            ],
            [
              129.72656250000003,
              36.64171143741205
            ],
            [
              129.72656250000003,
              36.78272510841444
            ],
            [
              129.68261718750003,
              36.85313484558051
            ],
            [
              129.68261718750003,
              36.958627946788006
            ],
            [
              129.63867187500003,
              37.028875610519826
            ],
            [
              129.63867187500003,
              37.13412538635361
            ],
            [
              129.59472656250003,
              37.20421069126426
            ],
            [
              129.55078125000003,
              37.34418619115442
            ],
            [
              129.50683593750003,
              37.44899692208508
            ],
            [
              129.46289062500003,
              37.553661010296906
            ],
            [
              129.41894531250003,
              37.65817831219054
            ],
            [
              129.33105468750003,
              37.762548686323186
            ],
            [
              129.24316406250003,
              37.83204724033634
            ],
            [
              129.15527343750003,
              37.90148039042831
            ],
            [
              129.06738281250003,
              37.97084809627969
            ],
            [
              129.02343750000003,
              38.04015031799296
            ],
            [
              128.93554687500003,
              38.07477685994492
            ],
            [
              128.89160156250003,
              38.14398078156389
            ],
            [
              128.80371093750003,
              38.2131191211411
            ],
            [
              128.71582031250003,
              38.31670358023299
            ],
            [
              128.67187500000003,
              38.42014026543751
            ],
            [
              128.58398437500003,
              38.48901589675008
            ],
            [
              128.49609375000003,
              38.557825758056346
            ],
            [
              128.45214843750003,
              38.62656981301093
            ],
            [
              128.40820312500003,
              38.69524802568239
            ],
            [
              128.36425781250003,
              38.76386036055221
            ],
            [
              128.36425781250003,
              38.90088725687296
            ],
            [
              128.36425781250003,
              39.037650226052435
            ],
            [
              128.32031250000003,
              39.140049088463
            ],
            [
              128.32031250000003,
              39.27634954090288
            ],
            [
              128.32031250000003,
              39.37840121607531
            ],
            [
              128.27636718750003,
              39.4463529096497
            ],
            [
              128.23242187500003,
              39.51423836172728
            ],
            [
              128.23242187500003,
              39.61594227014177
            ],
            [
              128.23242187500003,
              39.71749696467625
            ],
            [
              128.27636718750003,
              39.78511714846745
            ],
            [
              128.27636718750003,
              39.88642293273034
            ],
            [
              128.27636718750003,
              39.98757924183335
            ],
            [
              128.23242187500003,
              40.05493369283294
            ],
            [
              128.18847656250003,
              40.122221641034386
            ],
            [
              128.10058593750003,
              40.05493369283294
            ],
            [
              128.01269531250003,
              40.021264778476876
            ],
            [
              127.96875000000001,
              39.95387708634524
            ],
            [
              127.88085937500001,
              39.88642293273034
            ],
            [
              127.88085937500001,
              39.88642293273034
            ],
            [
              127.88085937500001,
              39.92015831548014
            ]
          ]
        ]
      }
    },
    {
      "type": "Feature",
      "properties": {
        "NAME": "당나라",
        "name": "667-668",
        "color": "#ef4444",
        "fill": "#ef4444",
        "fill-opacity": 0.5,
        "stroke": "#ef4444",
        "stroke-width": 2,
        "originalType": "polyline"
      },
      "geometry": {
        "type": "Polygon",
        "coordinates": [
          [
            [
              119.61914062500001,
              39.388235403609755
            ],
            [
              119.79492187500001,
              39.5918629735676
            ],
            [
              119.97070312500001,
              39.72728320434106
            ],
            [
              120.05859375000001,
              39.862437972154865
            ],
            [
              120.23437500000001,
              39.92991573526809
            ],
            [
              120.41015625000001,
              40.131950204478116
            ],
            [
              120.58593750000001,
              40.266307227617204
            ],
            [
              120.76171875000001,
              40.40039790499681
            ],
            [
              120.93750000000001,
              40.46734329972805
            ],
            [
              121.11328125000001,
              40.60103407608598
            ],
            [
              121.28906250000001,
              40.66777940880248
            ],
            [
              121.55273437500001,
              40.7344580059153
            ],
            [
              121.81640625000001,
              40.7344580059153
            ],
            [
              122.08007812500001,
              40.7344580059153
            ],
            [
              122.25585937500001,
              40.66777940880248
            ],
            [
              122.34375000000001,
              40.53422203164072
            ],
            [
              122.34375000000001,
              40.33338587248433
            ],
            [
              122.34375000000001,
              40.131950204478116
            ],
            [
              122.25585937500001,
              39.99732704681547
            ],
            [
              122.08007812500001,
              39.862437972154865
            ],
            [
              121.99218750000001,
              39.72728320434106
            ],
            [
              121.81640625000001,
              39.6596062571884
            ],
            [
              121.64062500000001,
              39.52405338324972
            ],
            [
              121.46484375000001,
              39.320227075835575
            ],
            [
              121.37695312500001,
              39.11580511845005
            ],
            [
              121.37695312500001,
              38.910788380173464
            ],
            [
              121.46484375000001,
              38.77378056491001
            ],
            [
              121.55273437500001,
              38.636509078247855
            ],
            [
              121.72851562500001,
              38.56777454601706
            ],
            [
              121.90429687500001,
              38.49897420221102
            ],
            [
              122.16796875000001,
              38.49897420221102
            ],
            [
              122.43164062500001,
              38.49897420221102
            ],
            [
              122.69531250000001,
              38.56777454601706
            ],
            [
              122.87109375000001,
              38.636509078247855
            ],
            [
              123.04687500000001,
              38.705177763031784
            ],
            [
              123.22265625000001,
              38.84231744883581
            ],
            [
              123.39843750000001,
              38.910788380173464
            ],
            [
              123.57421875000001,
              38.97919332469765
            ],
            [
              123.75000000000001,
              39.04753224859236
            ],
            [
              123.92578125000001,
              39.11580511845005
            ],
            [
              124.10156250000001,
              39.18401190127092
            ],
            [
              124.18945312500001,
              39.320227075835575
            ],
            [
              124.36523437500001,
              39.388235403609755
            ],
            [
              124.54101562500001,
              39.45617751640614
            ],
            [
              124.80468750000001,
              39.45617751640614
            ],
            [
              124.98046875000001,
              39.52405338324972
            ],
            [
              124.98046875000001,
              39.72728320434106
            ],
            [
              125.06835937500001,
              39.862437972154865
            ],
            [
              125.06835937500001,
              40.064671879014654
            ],
            [
              125.15625000000001,
              40.266307227617204
            ],
            [
              125.06835937500001,
              40.46734329972805
            ],
            [
              124.98046875000001,
              40.60103407608598
            ],
            [
              124.89257812500001,
              40.7344580059153
            ],
            [
              124.80468750000001,
              40.934093150661425
            ],
            [
              124.71679687500001,
              41.06684914874243
            ],
            [
              124.54101562500001,
              41.13312685238744
            ],
            [
              124.27734375000001,
              41.19933766404777
            ],
            [
              124.01367187500001,
              41.19933766404777
            ],
            [
              123.83789062500001,
              41.26548156290647
            ],
            [
              123.57421875000001,
              41.33155852852458
            ],
            [
              123.31054687500001,
              41.33155852852458
            ],
            [
              123.04687500000001,
              41.39756854084001
            ],
            [
              122.87109375000001,
              41.46351158016669
            ],
            [
              122.60742187500001,
              41.52938762719353
            ],
            [
              122.43164062500001,
              41.59519666298354
            ],
            [
              122.16796875000001,
              41.660938668972705
            ],
            [
              121.90429687500001,
              41.660938668972705
            ],
            [
              121.72851562500001,
              41.72661362696915
            ],
            [
              121.55273437500001,
              41.79222151915209
            ],
            [
              121.37695312500001,
              41.857762328070905
            ],
            [
              121.20117187500001,
              41.988642628158054
            ],
            [
              121.02539062500001,
              42.05398208626685
            ],
            [
              120.93750000000001,
              42.184459538713845
            ],
            [
              120.84960937500001,
              42.31466827052119
            ],
            [
              120.84960937500001,
              42.50947726124925
            ],
            [
              120.84960937500001,
              42.703680994445875
            ],
            [
              120.93750000000001,
              42.83281372480463
            ],
            [
              121.02539062500001,
              42.961677203736016
            ],
            [
              121.11328125000001,
              43.09027134216447
            ],
            [
              121.20117187500001,
              43.21859605663332
            ],
            [
              121.28906250000001,
              43.410577789590626
            ],
            [
              121.37695312500001,
              43.53822861561853
            ],
            [
              121.46484375000001,
              43.729199200622176
            ],
            [
              121.55273437500001,
              43.91956283118017
            ],
            [
              121.64062500000001,
              44.04613463838148
            ],
            [
              121.72851562500001,
              44.172436571518666
            ],
            [
              121.81640625000001,
              44.36138337784571
            ],
            [
              121.90429687500001,
              44.48701047550421
            ],
            [
              121.90429687500001,
              44.67494490264292
            ],
            [
              121.99218750000001,
              44.79989701597622
            ],
            [
              121.99218750000001,
              44.986818901836195
            ],
            [
              122.08007812500001,
              45.111095963269044
            ],
            [
              122.08007812500001,
              45.29700526669798
            ],
            [
              122.16796875000001,
              45.42060728863387
            ],
            [
              122.16796875000001,
              45.6055040874764
            ],
            [
              122.25585937500001,
              45.78979346970739
            ],
            [
              122.34375000000001,
              45.9734755304744
            ],
            [
              122.43164062500001,
              46.156550389619575
            ],
            [
              122.51953125000001,
              46.39970591882636
            ],
            [
              122.51953125000001,
              46.64178264656247
            ],
            [
              122.60742187500001,
              46.82263251735611
            ],
            [
              122.60742187500001,
              47.00287606489299
            ],
            [
              122.69531250000001,
              47.12270170864551
            ],
            [
              122.69531250000001,
              47.30193529548781
            ],
            [
              122.60742187500001,
              47.42108789423274
            ],
            [
              122.43164062500001,
              47.48056329011955
            ],
            [
              122.25585937500001,
              47.599312334795584
            ],
            [
              122.08007812500001,
              47.65858600836119
            ],
            [
              121.90429687500001,
              47.776931721943505
            ],
            [
              121.64062500000001,
              47.836003788376146
            ],
            [
              121.46484375000001,
              47.895008679298876
            ],
            [
              121.28906250000001,
              47.95394640859588
            ],
            [
              121.11328125000001,
              48.07162043919135
            ],
            [
              120.93750000000001,
              48.13035676959716
            ],
            [
              120.76171875000001,
              48.18902599658978
            ],
            [
              120.58593750000001,
              48.24762813538628
            ],
            [
              120.41015625000001,
              48.306163201467086
            ],
            [
              120.23437500000001,
              48.364631210575176
            ],
            [
              120.14648437500001,
              48.48136612215121
            ],
            [
              119.97070312500001,
              48.53963305740818
            ],
            [
              119.79492187500001,
              48.59783300126844
            ],
            [
              119.61914062500001,
              48.6559659707719
            ],
            [
              119.44335937500001,
              48.77203105614888
            ],
            [
              119.26757812500001,
              48.82996320737985
            ],
            [
              119.09179687500001,
              48.88782845496692
            ],
            [
              119.00390625000001,
              49.00335831270628
            ],
            [
              118.82812500000001,
              49.118620778867296
            ],
            [
              118.65234375000001,
              49.233616006937645
            ],
            [
              118.47656250000001,
              49.291013455736135
            ],
            [
              118.30078125000001,
              49.348344154360255
            ],
            [
              118.12500000000001,
              49.46280538250083
            ],
            [
              117.94921875000001,
              49.519935953331824
            ],
            [
              117.77343750000001,
              49.57699985661557
            ],
            [
              117.59765625000001,
              49.63399711361173
            ],
            [
              117.42187500000001,
              49.690927745819096
            ],
            [
              117.24609375000001,
              49.747791774974566
            ],
            [
              117.07031250000001,
              49.804589223052204
            ],
            [
              116.80664062500001,
              49.91798446504996
            ],
            [
              116.54296875000001,
              49.97458230409484
            ],
            [
              116.3671875,
              50.03111365230952
            ],
            [
              116.19140625000001,
              50.08757853283876
            ],
            [
              115.92773437500001,
              50.14397696905848
            ],
            [
              115.57617187500001,
              50.14397696905848
            ],
            [
              115.22460937500001,
              50.08757853283876
            ],
            [
              114.96093750000001,
              50.08757853283876
            ],
            [
              114.521484375,
              50.08757853283876
            ],
            [
              114.25781250000001,
              50.03111365230952
            ],
            [
              113.99414062500001,
              50.03111365230952
            ],
            [
              113.81835937500001,
              49.97458230409484
            ],
            [
              113.55468750000001,
              49.97458230409484
            ],
            [
              113.20312500000001,
              49.97458230409484
            ],
            [
              112.85156250000001,
              49.97458230409484
            ],
            [
              112.58789062500001,
              49.91798446504996
            ],
            [
              112.32421875000001,
              49.91798446504996
            ],
            [
              112.060546875,
              49.91798446504996
            ],
            [
              111.70898437500001,
              49.91798446504996
            ],
            [
              111.35742187500001,
              49.86132011226224
            ],
            [
              111.00585937500001,
              49.86132011226224
            ],
            [
              110.830078125,
              49.804589223052204
            ],
            [
              110.56640625000001,
              49.804589223052204
            ],
            [
              110.03906250000001,
              49.804589223052204
            ],
            [
              109.77539062500001,
              49.747791774974566
            ],
            [
              109.42382812500001,
              49.690927745819096
            ],
            [
              109.16015625000001,
              49.690927745819096
            ],
            [
              108.89648437500001,
              49.63399711361173
            ],
            [
              108.63281250000001,
              49.63399711361173
            ],
            [
              108.28125000000001,
              49.63399711361173
            ],
            [
              107.84179687500001,
              49.63399711361173
            ],
            [
              107.57812500000001,
              49.63399711361173
            ],
            [
              107.22656250000001,
              49.63399711361173
            ],
            [
              106.96289062500001,
              49.63399711361173
            ],
            [
              106.61132812500001,
              49.63399711361173
            ],
            [
              106.25976562500001,
              49.63399711361173
            ],
            [
              105.73242187500001,
              49.63399711361173
            ],
            [
              105.29296875,
              49.63399711361173
            ],
            [
              104.94140625000001,
              49.63399711361173
            ],
            [
              104.58984375000001,
              49.63399711361173
            ],
            [
              104.23828125000001,
              49.63399711361173
            ],
            [
              103.88671875000001,
              49.63399711361173
            ],
            [
              103.447265625,
              49.63399711361173
            ],
            [
              103.00781250000001,
              49.63399711361173
            ],
            [
              102.65625000000001,
              49.63399711361173
            ],
            [
              102.3046875,
              49.63399711361173
            ],
            [
              102.04101562500001,
              49.63399711361173
            ],
            [
              101.77734375000001,
              49.63399711361173
            ],
            [
              101.42578125000001,
              49.63399711361173
            ],
            [
              100.986328125,
              49.63399711361173
            ],
            [
              100.63476562500001,
              49.63399711361173
            ],
            [
              100.19531250000001,
              49.63399711361173
            ],
            [
              99.84375,
              49.63399711361173
            ],
            [
              99.58007812500001,
              49.63399711361173
            ],
            [
              99.228515625,
              49.63399711361173
            ],
            [
              98.87695312500001,
              49.63399711361173
            ],
            [
              98.61328125,
              49.63399711361173
            ],
            [
              98.34960937500001,
              49.63399711361173
            ],
            [
              98.08593750000001,
              49.63399711361173
            ],
            [
              97.64648437500001,
              49.63399711361173
            ],
            [
              97.20703125000001,
              49.63399711361173
            ],
            [
              96.94335937500001,
              49.63399711361173
            ],
            [
              96.59179687500001,
              49.63399711361173
            ],
            [
              96.15234375,
              49.63399711361173
            ],
            [
              95.62500000000001,
              49.63399711361173
            ],
            [
              95.27343750000001,
              49.690927745819096
            ],
            [
              94.833984375,
              49.747791774974566
            ],
            [
              94.48242187500001,
              49.804589223052204
            ],
            [
              94.04296875000001,
              49.804589223052204
            ],
            [
              93.69140625,
              49.86132011226224
            ],
            [
              93.42773437500001,
              49.86132011226224
            ],
            [
              93.16406250000001,
              49.91798446504996
            ],
            [
              92.81250000000001,
              50.03111365230952
            ],
            [
              92.548828125,
              50.08757853283876
            ],
            [
              92.28515625000001,
              50.08757853283876
            ],
            [
              92.10937500000001,
              50.14397696905848
            ],
            [
              91.845703125,
              50.200308984574725
            ],
            [
              91.58203125000001,
              50.200308984574725
            ],
            [
              91.318359375,
              50.256574603222795
            ],
            [
              90.96679687500001,
              50.31277384906609
            ],
            [
              90.615234375,
              50.31277384906609
            ],
            [
              90.43945312500001,
              50.36890674639522
            ],
            [
              90.17578125000001,
              50.36890674639522
            ],
            [
              89.912109375,
              50.36890674639522
            ],
            [
              89.64843750000001,
              50.42497331972705
            ],
            [
              89.384765625,
              50.4809735938036
            ],
            [
              89.12109375000001,
              50.4809735938036
            ],
            [
              88.76953125,
              50.53690759359114
            ],
            [
              88.50585937500001,
              50.53690759359114
            ],
            [
              88.2421875,
              50.592775344279204
            ],
            [
              87.97851562500001,
              50.592775344279204
            ],
            [
              87.80273437500001,
              50.648576871279566
            ],
            [
              87.5390625,
              50.70431220022534
            ],
            [
              87.27539062500001,
              50.75998135696988
            ],
            [
              86.923828125,
              50.81558436758588
            ],
            [
              86.66015625000001,
              50.87112125836442
            ],
            [
              86.396484375,
              50.92659205581392
            ],
            [
              86.13281250000001,
              50.981996786659224
            ],
            [
              85.95703125000001,
              51.037335477840585
            ],
            [
              85.60546875000001,
              51.037335477840585
            ],
            [
              85.34179687500001,
              51.037335477840585
            ],
            [
              85.078125,
              50.981996786659224
            ],
            [
              84.81445312500001,
              50.92659205581392
            ],
            [
              84.63867187500001,
              50.87112125836442
            ],
            [
              84.55078125,
              50.648576871279566
            ],
            [
              84.55078125,
              50.4809735938036
            ],
            [
              84.63867187500001,
              50.36890674639522
            ],
            [
              84.81445312500001,
              50.256574603222795
            ],
            [
              84.99023437500001,
              50.14397696905848
            ],
            [
              85.166015625,
              50.08757853283876
            ],
            [
              85.34179687500001,
              50.03111365230952
            ],
            [
              85.42968750000001,
              49.91798446504996
            ],
            [
              85.60546875000001,
              49.804589223052204
            ],
            [
              85.693359375,
              49.63399711361173
            ],
            [
              85.86914062500001,
              49.46280538250083
            ],
            [
              86.04492187500001,
              49.40560812310311
            ],
            [
              86.13281250000001,
              49.233616006937645
            ],
            [
              86.22070312500001,
              49.06102296023419
            ],
            [
              86.22070312500001,
              48.82996320737985
            ],
            [
              86.13281250000001,
              48.6559659707719
            ],
            [
              85.95703125000001,
              48.59783300126844
            ],
            [
              85.693359375,
              48.48136612215121
            ],
            [
              85.42968750000001,
              48.364631210575176
            ],
            [
              85.25390625000001,
              48.306163201467086
            ],
            [
              84.99023437500001,
              48.24762813538628
            ],
            [
              84.90234375000001,
              48.13035676959716
            ],
            [
              84.72656250000001,
              48.07162043919135
            ],
            [
              84.55078125,
              48.0128169904199
            ],
            [
              84.37500000000001,
              47.95394640859588
            ],
            [
              84.28710937500001,
              47.836003788376146
            ],
            [
              84.11132812500001,
              47.776931721943505
            ],
            [
              83.93554687500001,
              47.71779246638649
            ],
            [
              83.84765625000001,
              47.599312334795584
            ],
            [
              83.75976562500001,
              47.48056329011955
            ],
            [
              83.58398437500001,
              47.361545233254866
            ],
            [
              83.49609375000001,
              47.18251354418441
            ],
            [
              83.40820312500001,
              47.06282255231445
            ],
            [
              83.40820312500001,
              46.8827810570023
            ],
            [
              83.40820312500001,
              46.70213332086457
            ],
            [
              83.40820312500001,
              46.52087910437178
            ],
            [
              83.49609375000001,
              46.39970591882636
            ],
            [
              83.49609375000001,
              46.21744043321303
            ],
            [
              83.40820312500001,
              46.09559289501176
            ],
            [
              83.32031250000001,
              45.9734755304744
            ],
            [
              83.14453125000001,
              45.91231565015577
            ],
            [
              82.96875000000001,
              45.78979346970739
            ],
            [
              82.79296875000001,
              45.66700136810026
            ],
            [
              82.61718750000001,
              45.54393931591258
            ],
            [
              82.44140625000001,
              45.42060728863387
            ],
            [
              82.35351562500001,
              45.29700526669798
            ],
            [
              82.17773437500001,
              45.173133235516524
            ],
            [
              82.17773437500001,
              44.986818901836195
            ],
            [
              82.17773437500001,
              44.79989701597622
            ],
            [
              82.17773437500001,
              44.612367592714094
            ],
            [
              82.17773437500001,
              44.42423067286634
            ],
            [
              82.17773437500001,
              44.2354863235396
            ],
            [
              82.26562500000001,
              44.10931934164606
            ],
            [
              82.26562500000001,
              43.91956283118017
            ],
            [
              82.26562500000001,
              43.729199200622176
            ],
            [
              82.35351562500001,
              43.601952905317
            ],
            [
              82.35351562500001,
              43.410577789590626
            ],
            [
              82.44140625000001,
              43.28265735533109
            ],
            [
              82.52929687500001,
              43.02600794586046
            ],
            [
              82.52929687500001,
              42.83281372480463
            ],
            [
              82.61718750000001,
              42.703680994445875
            ],
            [
              82.70507812500001,
              42.4446081640364
            ],
            [
              82.70507812500001,
              42.24959750218658
            ],
            [
              82.79296875000001,
              41.988642628158054
            ],
            [
              82.70507812500001,
              41.79222151915209
            ],
            [
              82.70507812500001,
              41.59519666298354
            ],
            [
              82.61718750000001,
              41.39756854084001
            ],
            [
              82.52929687500001,
              41.26548156290647
            ],
            [
              82.44140625000001,
              41.000504574308536
            ],
            [
              82.44140625000001,
              40.80106984393523
            ],
            [
              82.35351562500001,
              40.66777940880248
            ],
            [
              82.35351562500001,
              40.46734329972805
            ],
            [
              82.35351562500001,
              40.266307227617204
            ],
            [
              82.26562500000001,
              39.99732704681547
            ],
            [
              82.26562500000001,
              39.79489378565415
            ],
            [
              82.26562500000001,
              39.45617751640614
            ],
            [
              82.35351562500001,
              39.11580511845005
            ],
            [
              82.44140625000001,
              38.97919332469765
            ],
            [
              82.44140625000001,
              38.77378056491001
            ],
            [
              82.52929687500001,
              38.49897420221102
            ],
            [
              82.52929687500001,
              38.22311544316734
            ],
            [
              82.61718750000001,
              38.01553217178519
            ],
            [
              82.61718750000001,
              37.807359316208
            ],
            [
              82.61718750000001,
              37.5985979577371
            ],
            [
              82.70507812500001,
              37.389249211937226
            ],
            [
              82.70507812500001,
              37.109205829936705
            ],
            [
              82.70507812500001,
              36.82812307420357
            ],
            [
              82.61718750000001,
              36.54600387700532
            ],
            [
              82.61718750000001,
              36.19190203178219
            ],
            [
              82.61718750000001,
              35.9786684437559
            ],
            [
              82.61718750000001,
              35.6934586310236
            ],
            [
              82.61718750000001,
              35.478879349146894
            ],
            [
              82.52929687500001,
              35.26372576231371
            ],
            [
              82.52929687500001,
              34.903864321596316
            ],
            [
              82.44140625000001,
              34.75947583998214
            ],
            [
              82.35351562500001,
              34.469940492623095
            ],
            [
              82.26562500000001,
              34.324794594672404
            ],
            [
              82.26562500000001,
              34.10660435661699
            ],
            [
              82.26562500000001,
              33.81480676485837
            ],
            [
              82.17773437500001,
              33.668533155213986
            ],
            [
              82.08984375000001,
              33.375238948334754
            ],
            [
              82.08984375000001,
              33.00722617636301
            ],
            [
              82.00195312500001,
              32.78567783569143
            ],
            [
              82.00195312500001,
              32.489419913696906
            ],
            [
              81.91406250000001,
              32.192183270352835
            ],
            [
              82.00195312500001,
              32.04319942110083
            ],
            [
              82.08984375000001,
              31.744503719447682
            ],
            [
              82.17773437500001,
              31.594793110597468
            ],
            [
              82.17773437500001,
              31.369775527931044
            ],
            [
              82.26562500000001,
              31.219463630496627
            ],
            [
              82.44140625000001,
              30.842638041970027
            ],
            [
              82.52929687500001,
              30.691491215852484
            ],
            [
              82.61718750000001,
              30.46432674550064
            ],
            [
              82.70507812500001,
              30.312588615415475
            ],
            [
              82.88085937500001,
              30.084540441144817
            ],
            [
              82.96875000000001,
              29.932215371191926
            ],
            [
              83.14453125000001,
              29.70329012939381
            ],
            [
              83.32031250000001,
              29.4738419077403
            ],
            [
              83.58398437500001,
              29.24387319952623
            ],
            [
              83.75976562500001,
              29.09027281716422
            ],
            [
              83.93554687500001,
              28.936442992201776
            ],
            [
              84.11132812500001,
              28.85944227837336
            ],
            [
              84.28710937500001,
              28.705269731515635
            ],
            [
              84.462890625,
              28.628098093337154
            ],
            [
              84.72656250000001,
              28.550869676033724
            ],
            [
              84.90234375000001,
              28.47358457824238
            ],
            [
              85.166015625,
              28.47358457824238
            ],
            [
              85.34179687500001,
              28.39624289908481
            ],
            [
              85.60546875000001,
              28.39624289908481
            ],
            [
              85.95703125000001,
              28.39624289908481
            ],
            [
              86.22070312500001,
              28.39624289908481
            ],
            [
              86.57226562500001,
              28.39624289908481
            ],
            [
              86.923828125,
              28.39624289908481
            ],
            [
              87.36328125000001,
              28.39624289908481
            ],
            [
              87.626953125,
              28.47358457824238
            ],
            [
              87.89062500000001,
              28.47358457824238
            ],
            [
              88.2421875,
              28.47358457824238
            ],
            [
              88.681640625,
              28.47358457824238
            ],
            [
              89.20898437500001,
              28.47358457824238
            ],
            [
              89.64843750000001,
              28.550869676033724
            ],
            [
              90,
              28.550869676033724
            ],
            [
              90.26367187500001,
              28.628098093337154
            ],
            [
              90.615234375,
              28.628098093337154
            ],
            [
              90.96679687500001,
              28.550869676033724
            ],
            [
              91.318359375,
              28.550869676033724
            ],
            [
              91.58203125000001,
              28.550869676033724
            ],
            [
              91.845703125,
              28.550869676033724
            ],
            [
              92.19726562500001,
              28.550869676033724
            ],
            [
              92.4609375,
              28.550869676033724
            ],
            [
              92.81250000000001,
              28.550869676033724
            ],
            [
              93.16406250000001,
              28.550869676033724
            ],
            [
              93.51562500000001,
              28.550869676033724
            ],
            [
              93.86718750000001,
              28.550869676033724
            ],
            [
              94.04296875000001,
              28.47358457824238
            ],
            [
              94.39453125000001,
              28.47358457824238
            ],
            [
              94.65820312500001,
              28.47358457824238
            ],
            [
              94.833984375,
              28.39624289908481
            ],
            [
              95.18554687500001,
              28.39624289908481
            ],
            [
              95.537109375,
              28.39624289908481
            ],
            [
              95.71289062500001,
              28.318844738167584
            ],
            [
              95.88867187500001,
              28.241390195582078
            ],
            [
              96.064453125,
              28.163879371904624
            ],
            [
              96.24023437500001,
              28.086312368196435
            ],
            [
              96.50390625000001,
              27.931010227357746
            ],
            [
              96.6796875,
              27.775484591255427
            ],
            [
              96.85546875000001,
              27.61973628583852
            ],
            [
              97.03125000000001,
              27.54177889236787
            ],
            [
              97.20703125000001,
              27.38569814860662
            ],
            [
              97.3828125,
              27.307575009652332
            ],
            [
              97.55859375000001,
              27.229396834347725
            ],
            [
              97.64648437500001,
              27.07287580269202
            ],
            [
              97.82226562500001,
              26.994533161554532
            ],
            [
              97.998046875,
              26.837684170327442
            ],
            [
              98.17382812500001,
              26.68061762837012
            ],
            [
              98.26171875000001,
              26.44461183542085
            ],
            [
              98.34960937500001,
              26.208121539051678
            ],
            [
              98.34960937500001,
              25.892052736274685
            ],
            [
              98.43750000000001,
              25.654443831659293
            ],
            [
              98.43750000000001,
              25.25737675669397
            ],
            [
              98.525390625,
              24.938784589907655
            ],
            [
              98.61328125,
              24.779178306224637
            ],
            [
              98.70117187500001,
              24.539383863253203
            ],
            [
              98.78906250000001,
              24.299130348845118
            ],
            [
              98.87695312500001,
              24.138707954049412
            ],
            [
              98.96484375000001,
              23.97808402034661
            ],
            [
              99.05273437500001,
              23.817259558489315
            ],
            [
              99.228515625,
              23.65623558680766
            ],
            [
              99.31640625000001,
              23.495013131194256
            ],
            [
              99.40429687500001,
              23.333593225088638
            ],
            [
              99.58007812500001,
              23.2528095531107
            ],
            [
              99.755859375,
              23.091095425434435
            ],
            [
              99.93164062500001,
              22.929186463774016
            ],
            [
              100.01953125000001,
              22.76708372785087
            ],
            [
              100.28320312500001,
              22.604788284855193
            ],
            [
              100.458984375,
              22.523568633739664
            ],
            [
              100.63476562500001,
              22.360986147407758
            ],
            [
              100.72265625000001,
              22.198213654528182
            ],
            [
              100.986328125,
              22.116756496962275
            ],
            [
              101.16210937500001,
              22.035252248277644
            ],
            [
              101.33789062500001,
              21.953701046274002
            ],
            [
              101.6015625,
              21.953701046274002
            ],
            [
              101.86523437500001,
              21.872103029210873
            ],
            [
              102.12890625000001,
              21.790458335806814
            ],
            [
              102.39257812500001,
              21.790458335806814
            ],
            [
              102.74414062500001,
              21.70876710523875
            ],
            [
              103.00781250000001,
              21.70876710523875
            ],
            [
              103.447265625,
              21.627029477141228
            ],
            [
              103.71093750000001,
              21.627029477141228
            ],
            [
              104.0625,
              21.5452455916057
            ],
            [
              104.23828125000001,
              21.463415589179796
            ],
            [
              104.50195312500001,
              21.381539610866554
            ],
            [
              104.677734375,
              21.299617798123695
            ],
            [
              104.85351562500001,
              21.217650292862764
            ],
            [
              104.94140625000001,
              21.053578774697858
            ],
            [
              105.02929687500001,
              20.889326200712407
            ],
            [
              105.11718750000001,
              20.64261038105581
            ],
            [
              105.11718750000001,
              20.395493695249222
            ],
            [
              105.20507812500001,
              20.230528485214037
            ],
            [
              105.29296875,
              19.900073572888296
            ],
            [
              105.29296875,
              19.651778149846727
            ],
            [
              105.29296875,
              19.403097887231603
            ],
            [
              105.38085937500001,
              19.237099266698202
            ],
            [
              105.46875000000001,
              19.07093264791786
            ],
            [
              105.55664062500001,
              18.738100338447936
            ],
            [
              105.64453125000001,
              18.404610872805588
            ],
            [
              105.73242187500001,
              18.07047427351027
            ],
            [
              105.82031250000001,
              17.819453232350867
            ],
            [
              105.908203125,
              17.484208588208418
            ],
            [
              105.99609375000001,
              17.316353484291035
            ],
            [
              106.08398437500001,
              17.148344922518977
            ],
            [
              106.17187500000001,
              16.980184208513375
            ],
            [
              106.25976562500001,
              16.811872654317877
            ],
            [
              106.34765625000001,
              16.643411578357288
            ],
            [
              106.5234375,
              16.474802305395688
            ],
            [
              106.61132812500001,
              16.306046166493736
            ],
            [
              106.78710937500001,
              16.052639511576416
            ],
            [
              107.05078125000001,
              15.798909958290498
            ],
            [
              107.138671875,
              15.544862077318038
            ],
            [
              107.31445312500001,
              15.290500470092567
            ],
            [
              107.40234375000001,
              15.120754058997298
            ],
            [
              107.49023437500001,
              14.950871651812884
            ],
            [
              107.57812500000001,
              14.525579759055123
            ],
            [
              107.66601562500001,
              14.27000986370176
            ],
            [
              107.66601562500001,
              14.014149697959455
            ],
            [
              107.75390625,
              13.843417351296951
            ],
            [
              107.84179687500001,
              13.587084033935797
            ],
            [
              107.84179687500001,
              13.330473250665237
            ],
            [
              107.84179687500001,
              13.073589853941689
            ],
            [
              107.92968750000001,
              12.816438723284065
            ],
            [
              108.10546875000001,
              12.64485831681817
            ],
            [
              108.28125000000001,
              12.559024764857313
            ],
            [
              108.54492187500001,
              12.47316255764184
            ],
            [
              108.89648437500001,
              12.387271878493264
            ],
            [
              109.16015625000001,
              12.387271878493264
            ],
            [
              109.42382812500001,
              12.387271878493264
            ],
            [
              109.599609375,
              12.64485831681817
            ],
            [
              109.68750000000001,
              12.90218521274547
            ],
            [
              109.77539062500001,
              13.073589853941689
            ],
            [
              109.77539062500001,
              13.330473250665237
            ],
            [
              109.77539062500001,
              13.587084033935797
            ],
            [
              109.77539062500001,
              13.843417351296951
            ],
            [
              109.68750000000001,
              14.184755158670946
            ],
            [
              109.599609375,
              14.440422339989688
            ],
            [
              109.51171875000001,
              14.610704397865144
            ],
            [
              109.42382812500001,
              14.865879882493934
            ],
            [
              109.24804687500001,
              15.035829768446566
            ],
            [
              109.16015625000001,
              15.20564435043378
            ],
            [
              108.89648437500001,
              15.375322245679618
            ],
            [
              108.80859375000001,
              15.544862077318038
            ],
            [
              108.63281250000001,
              15.798909958290498
            ],
            [
              108.45703125000001,
              15.968098646334827
            ],
            [
              108.369140625,
              16.13714449896554
            ],
            [
              108.19335937500001,
              16.221613439982708
            ],
            [
              108.10546875000001,
              16.390442510751182
            ],
            [
              107.84179687500001,
              16.643411578357288
            ],
            [
              107.75390625,
              16.896047204186875
            ],
            [
              107.66601562500001,
              17.064283502692682
            ],
            [
              107.49023437500001,
              17.148344922518977
            ],
            [
              107.40234375000001,
              17.316353484291035
            ],
            [
              107.22656250000001,
              17.400300299830892
            ],
            [
              107.138671875,
              17.651908935113237
            ],
            [
              106.96289062500001,
              17.819453232350867
            ],
            [
              106.78710937500001,
              18.07047427351027
            ],
            [
              106.78710937500001,
              18.321136997888363
            ],
            [
              106.69921875000001,
              18.48804430134507
            ],
            [
              106.69921875000001,
              18.738100338447936
            ],
            [
              106.61132812500001,
              18.904599259885323
            ],
            [
              106.5234375,
              19.07093264791786
            ],
            [
              106.43554687500001,
              19.403097887231603
            ],
            [
              106.43554687500001,
              19.651778149846727
            ],
            [
              106.5234375,
              19.817351443180446
            ],
            [
              106.69921875000001,
              20.065388048693727
            ],
            [
              106.87500000000001,
              20.147980096229944
            ],
            [
              107.05078125000001,
              20.313033067466325
            ],
            [
              107.31445312500001,
              20.47791022126813
            ],
            [
              107.57812500000001,
              20.56028249867231
            ],
            [
              107.75390625,
              20.64261038105581
            ],
            [
              107.92968750000001,
              20.724893722458294
            ],
            [
              108.19335937500001,
              20.807132377365953
            ],
            [
              108.369140625,
              20.889326200712407
            ],
            [
              108.72070312500001,
              20.97147504787941
            ],
            [
              108.984375,
              20.97147504787941
            ],
            [
              109.24804687500001,
              20.97147504787941
            ],
            [
              109.51171875000001,
              20.889326200712407
            ],
            [
              109.77539062500001,
              20.807132377365953
            ],
            [
              109.95117187500001,
              20.724893722458294
            ],
            [
              109.95117187500001,
              20.395493695249222
            ],
            [
              109.86328125000001,
              20.230528485214037
            ],
            [
              109.77539062500001,
              20.065388048693727
            ],
            [
              109.599609375,
              19.900073572888296
            ],
            [
              109.42382812500001,
              19.734586252041236
            ],
            [
              109.24804687500001,
              19.48603381597682
            ],
            [
              109.07226562500001,
              19.403097887231603
            ],
            [
              108.984375,
              19.237099266698202
            ],
            [
              108.89648437500001,
              19.07093264791786
            ],
            [
              108.984375,
              18.904599259885323
            ],
            [
              109.16015625000001,
              18.738100338447936
            ],
            [
              109.51171875000001,
              18.654789190770078
            ],
            [
              109.95117187500001,
              18.821370413335035
            ],
            [
              110.21484375,
              18.904599259885323
            ],
            [
              110.39062500000001,
              18.987786722977866
            ],
            [
              110.65429687500001,
              18.987786722977866
            ],
            [
              111.09375000000001,
              19.07093264791786
            ],
            [
              111.35742187500001,
              19.154036880437722
            ],
            [
              111.62109375000001,
              19.237099266698202
            ],
            [
              111.79687500000001,
              19.320119653289336
            ],
            [
              112.060546875,
              19.48603381597682
            ],
            [
              112.23632812500001,
              19.734586252041236
            ],
            [
              112.41210937500001,
              19.900073572888296
            ],
            [
              112.50000000000001,
              20.147980096229944
            ],
            [
              112.67578125,
              20.395493695249222
            ],
            [
              112.85156250000001,
              20.724893722458294
            ],
            [
              113.02734375000001,
              20.889326200712407
            ],
            [
              113.11523437500001,
              21.135637237448492
            ],
            [
              113.20312500000001,
              21.299617798123695
            ],
            [
              113.37890625000001,
              21.463415589179796
            ],
            [
              113.64257812500001,
              21.5452455916057
            ],
            [
              113.81835937500001,
              21.70876710523875
            ],
            [
              114.08203125000001,
              21.872103029210873
            ],
            [
              114.34570312500001,
              21.953701046274002
            ],
            [
              114.60937500000001,
              21.953701046274002
            ],
            [
              114.96093750000001,
              22.116756496962275
            ],
            [
              115.31250000000001,
              22.198213654528182
            ],
            [
              115.66406250000001,
              22.279623583636056
            ],
            [
              115.92773437500001,
              22.360986147407758
            ],
            [
              116.10351562500001,
              22.442301209426912
            ],
            [
              116.3671875,
              22.604788284855193
            ],
            [
              116.63085937500001,
              22.76708372785087
            ],
            [
              116.80664062500001,
              22.929186463774016
            ],
            [
              116.982421875,
              23.010165232794932
            ],
            [
              117.15820312500001,
              23.091095425434435
            ],
            [
              117.42187500000001,
              23.2528095531107
            ],
            [
              117.77343750000001,
              23.414327794568656
            ],
            [
              118.03710937500001,
              23.575649105079147
            ],
            [
              118.30078125000001,
              23.736772447435303
            ],
            [
              118.47656250000001,
              23.89769679196907
            ],
            [
              118.65234375000001,
              24.058421116567132
            ],
            [
              118.82812500000001,
              24.218944406686298
            ],
            [
              119.00390625000001,
              24.37926565536817
            ],
            [
              119.26757812500001,
              24.539383863253203
            ],
            [
              119.35546875000001,
              24.699298038594314
            ],
            [
              119.53125000000001,
              24.938784589907655
            ],
            [
              119.70703125000001,
              25.098184395066223
            ],
            [
              119.88281250000001,
              25.25737675669397
            ],
            [
              120.05859375000001,
              25.495774250431047
            ],
            [
              120.23437500000001,
              25.654443831659293
            ],
            [
              120.41015625000001,
              25.812902652266192
            ],
            [
              120.58593750000001,
              25.971149781816575
            ],
            [
              120.76171875000001,
              26.208121539051678
            ],
            [
              120.93750000000001,
              26.44461183542085
            ],
            [
              121.11328125000001,
              26.602003050635073
            ],
            [
              121.20117187500001,
              26.759178038357536
            ],
            [
              121.37695312500001,
              26.916135914493758
            ],
            [
              121.55273437500001,
              27.151163729572765
            ],
            [
              121.72851562500001,
              27.38569814860662
            ],
            [
              121.90429687500001,
              27.54177889236787
            ],
            [
              121.99218750000001,
              27.69763822028637
            ],
            [
              122.08007812500001,
              27.853275294774594
            ],
            [
              122.16796875000001,
              28.163879371904624
            ],
            [
              122.25585937500001,
              28.47358457824238
            ],
            [
              122.34375000000001,
              28.705269731515635
            ],
            [
              122.43164062500001,
              29.013386537203505
            ],
            [
              122.51953125000001,
              29.167101736353754
            ],
            [
              122.60742187500001,
              29.4738419077403
            ],
            [
              122.60742187500001,
              29.779656774197765
            ],
            [
              122.69531250000001,
              29.932215371191926
            ],
            [
              122.69531250000001,
              30.312588615415475
            ],
            [
              122.69531250000001,
              30.540107352148368
            ],
            [
              122.69531250000001,
              30.842638041970027
            ],
            [
              122.69531250000001,
              31.068912352369633
            ],
            [
              122.69531250000001,
              31.369775527931044
            ],
            [
              122.60742187500001,
              31.594793110597468
            ],
            [
              122.60742187500001,
              31.819268451839662
            ],
            [
              122.51953125000001,
              31.96861638038787
            ],
            [
              122.43164062500001,
              32.26658392629223
            ],
            [
              122.34375000000001,
              32.489419913696906
            ],
            [
              122.25585937500001,
              32.637671509675855
            ],
            [
              122.16796875000001,
              32.78567783569143
            ],
            [
              122.08007812500001,
              32.93343831152683
            ],
            [
              121.99218750000001,
              33.080952364474776
            ],
            [
              121.90429687500001,
              33.22821942932219
            ],
            [
              121.81640625000001,
              33.375238948334754
            ],
            [
              121.72851562500001,
              33.52201037124061
            ],
            [
              121.55273437500001,
              33.74170113999985
            ],
            [
              121.37695312500001,
              33.960830672189395
            ],
            [
              121.28906250000001,
              34.10660435661699
            ],
            [
              121.11328125000001,
              34.324794594672404
            ],
            [
              120.93750000000001,
              34.469940492623095
            ],
            [
              120.84960937500001,
              34.61483440357391
            ],
            [
              120.67382812500001,
              34.75947583998214
            ],
            [
              120.58593750000001,
              34.903864321596316
            ],
            [
              120.49804687500001,
              35.04799937543614
            ],
            [
              120.41015625000001,
              35.19188053577233
            ],
            [
              120.41015625000001,
              35.478879349146894
            ],
            [
              120.49804687500001,
              35.6934586310236
            ],
            [
              120.58593750000001,
              35.83619170056072
            ],
            [
              120.76171875000001,
              35.9786684437559
            ],
            [
              120.93750000000001,
              36.12088844149406
            ],
            [
              121.11328125000001,
              36.19190203178219
            ],
            [
              121.28906250000001,
              36.333736140993906
            ],
            [
              121.55273437500001,
              36.47531248792287
            ],
            [
              121.72851562500001,
              36.54600387700532
            ],
            [
              121.90429687500001,
              36.61663067816265
            ],
            [
              122.08007812500001,
              36.687192843188654
            ],
            [
              122.34375000000001,
              36.82812307420357
            ],
            [
              122.43164062500001,
              36.9687941931156
            ],
            [
              122.60742187500001,
              37.109205829936705
            ],
            [
              122.78320312500001,
              37.24935762160048
            ],
            [
              122.95898437500001,
              37.389249211937226
            ],
            [
              122.95898437500001,
              37.5985979577371
            ],
            [
              123.04687500000001,
              37.807359316208
            ],
            [
              122.95898437500001,
              38.01553217178519
            ],
            [
              122.87109375000001,
              38.153986594071334
            ],
            [
              122.60742187500001,
              38.22311544316734
            ],
            [
              122.34375000000001,
              38.29217866626974
            ],
            [
              122.08007812500001,
              38.22311544316734
            ],
            [
              121.72851562500001,
              38.22311544316734
            ],
            [
              121.46484375000001,
              38.22311544316734
            ],
            [
              121.11328125000001,
              38.22311544316734
            ],
            [
              120.84960937500001,
              38.22311544316734
            ],
            [
              120.58593750000001,
              38.153986594071334
            ],
            [
              120.41015625000001,
              38.08479215734867
            ],
            [
              120.23437500000001,
              38.01553217178519
            ],
            [
              119.97070312500001,
              38.01553217178519
            ],
            [
              119.79492187500001,
              37.946206676586364
            ],
            [
              119.53125000000001,
              37.946206676586364
            ],
            [
              119.35546875000001,
              38.01553217178519
            ],
            [
              119.17968750000001,
              38.08479215734867
            ],
            [
              119.09179687500001,
              38.22311544316734
            ],
            [
              119.09179687500001,
              38.49897420221102
            ],
            [
              119.17968750000001,
              38.705177763031784
            ],
            [
              119.26757812500001,
              38.910788380173464
            ],
            [
              119.35546875000001,
              39.04753224859236
            ],
            [
              119.44335937500001,
              39.25215256446185
            ],
            [
              119.61914062500001,
              39.320227075835575
            ],
            [
              119.70703125000001,
              39.45617751640614
            ],
            [
              119.79492187500001,
              39.52405338324972
            ],
            [
              119.61914062500001,
              39.388235403609755
            ]
          ]
        ]
      }
    }
  ]
}