{
  "type": "FeatureCollection",
  "features": [
    {
      "type": "Feature",
      "properties": {
        "NAME": "말갈",
        "name": "말갈",
        "color": "#ef4444",
        "fill": "#ef4444",
        "fill-opacity": 0.5,
        "stroke": "#ef4444",
        "stroke-width": 2,
        "originalType": "polygon",
        "CODE": "말갈"
      },
      "geometry": {
        "type": "Polygon",
        "coordinates": [
          [
            [
              133.286133,
              47.972041
            ],
            [
              133.374023,
              47.88364
            ],
            [
              133.417969,
              47.824622
            ],
            [
              133.505859,
              47.795088
            ],
            [
              133.59375,
              47.735969
            ],
            [
              133.637695,
              47.676783
            ],
            [
              133.681641,
              47.61753
            ],
            [
              133.769531,
              47.587879
            ],
            [
              133.813477,
              47.528525
            ],
            [
              133.857422,
              47.439368
            ],
            [
              133.901367,
              47.379846
            ],
            [
              133.945313,
              47.290437
            ],
            [
              133.945313,
              47.170989
            ],
            [
              133.945313,
              47.081227
            ],
            [
              133.945313,
              46.991313
            ],
            [
              133.945313,
              46.901247
            ],
            [
              133.989258,
              46.841119
            ],
            [
              133.945313,
              46.750801
            ],
            [
              133.945313,
              46.660332
            ],
            [
              133.945313,
              46.56971
            ],
            [
              133.945313,
              46.478937
            ],
            [
              133.945313,
              46.357671
            ],
            [
              133.945313,
              46.266544
            ],
            [
              133.989258,
              46.175265
            ],
            [
              133.989258,
              46.083835
            ],
            [
              133.945313,
              46.022797
            ],
            [
              133.945313,
              45.931113
            ],
            [
              133.945313,
              45.839278
            ],
            [
              133.945313,
              45.747291
            ],
            [
              133.945313,
              45.593642
            ],
            [
              133.945313,
              45.470419
            ],
            [
              133.945313,
              45.377824
            ],
            [
              133.945313,
              45.285078
            ],
            [
              133.945313,
              45.19218
            ],
            [
              133.945313,
              45.068079
            ],
            [
              133.945313,
              44.943708
            ],
            [
              133.945313,
              44.850253
            ],
            [
              133.945313,
              44.756646
            ],
            [
              133.945313,
              44.631601
            ],
            [
              133.945313,
              44.506285
            ],
            [
              133.945313,
              44.412121
            ],
            [
              133.901367,
              44.349261
            ],
            [
              133.857422,
              44.254844
            ],
            [
              133.857422,
              44.160275
            ],
            [
              133.813477,
              44.065554
            ],
            [
              133.813477,
              43.939024
            ],
            [
              133.769531,
              43.875658
            ],
            [
              133.769531,
              43.780482
            ],
            [
              133.725586,
              43.716947
            ],
            [
              133.725586,
              43.621518
            ],
            [
              133.681641,
              43.557814
            ],
            [
              133.681641,
              43.462132
            ],
            [
              133.637695,
              43.39826
            ],
            [
              133.637695,
              43.302326
            ],
            [
              133.725586,
              43.270314
            ],
            [
              133.813477,
              43.238285
            ],
            [
              133.945313,
              43.238285
            ],
            [
              134.077148,
              43.238285
            ],
            [
              134.208984,
              43.270314
            ],
            [
              134.296875,
              43.302326
            ],
            [
              134.428711,
              43.334321
            ],
            [
              134.560547,
              43.366299
            ],
            [
              134.648438,
              43.39826
            ],
            [
              134.736328,
              43.430205
            ],
            [
              134.824219,
              43.462132
            ],
            [
              134.956055,
              43.525937
            ],
            [
              135.043945,
              43.557814
            ],
            [
              135.175781,
              43.653344
            ],
            [
              135.263672,
              43.716947
            ],
            [
              135.351563,
              43.780482
            ],
            [
              135.483398,
              43.843949
            ],
            [
              135.571289,
              43.907349
            ],
            [
              135.65918,
              43.970682
            ],
            [
              135.74707,
              44.002323
            ],
            [
              135.834961,
              44.097145
            ],
            [
              135.922852,
              44.160275
            ],
            [
              135.966797,
              44.223338
            ],
            [
              136.098633,
              44.286333
            ],
            [
              136.186523,
              44.349261
            ],
            [
              136.274414,
              44.412121
            ],
            [
              136.362305,
              44.443526
            ],
            [
              136.40625,
              44.506285
            ],
            [
              136.494141,
              44.568977
            ],
            [
              136.538086,
              44.631601
            ],
            [
              136.582031,
              44.694157
            ],
            [
              136.625977,
              44.756646
            ],
            [
              136.713867,
              44.819068
            ],
            [
              136.757813,
              44.912574
            ],
            [
              136.845703,
              44.974826
            ],
            [
              136.889648,
              45.037012
            ],
            [
              136.933594,
              45.099129
            ],
            [
              137.021484,
              45.16118
            ],
            [
              137.109375,
              45.223163
            ],
            [
              137.197266,
              45.31601
            ],
            [
              137.285156,
              45.408706
            ],
            [
              137.373047,
              45.470419
            ],
            [
              137.416992,
              45.532064
            ],
            [
              137.460938,
              45.593642
            ],
            [
              137.504883,
              45.655152
            ],
            [
              137.548828,
              45.716595
            ],
            [
              137.636719,
              45.808632
            ],
            [
              137.724609,
              45.869907
            ],
            [
              137.8125,
              45.931113
            ],
            [
              137.856445,
              46.022797
            ],
            [
              137.900391,
              46.083835
            ],
            [
              137.944336,
              46.144805
            ],
            [
              137.988281,
              46.205708
            ],
            [
              138.076172,
              46.266544
            ],
            [
              138.120117,
              46.327312
            ],
            [
              138.208008,
              46.388013
            ],
            [
              138.251953,
              46.448646
            ],
            [
              138.295898,
              46.509212
            ],
            [
              138.383789,
              46.56971
            ],
            [
              138.427734,
              46.630141
            ],
            [
              138.47168,
              46.690505
            ],
            [
              138.55957,
              46.750801
            ],
            [
              138.603516,
              46.841119
            ],
            [
              138.647461,
              46.901247
            ],
            [
              138.691406,
              46.961308
            ],
            [
              138.779297,
              47.021301
            ],
            [
              138.823242,
              47.111164
            ],
            [
              138.867188,
              47.170989
            ],
            [
              138.911133,
              47.230747
            ],
            [
              138.911133,
              47.320257
            ],
            [
              138.955078,
              47.379846
            ],
            [
              139.042969,
              47.469104
            ],
            [
              139.130859,
              47.528525
            ],
            [
              139.21875,
              47.587879
            ],
            [
              139.350586,
              47.676783
            ],
            [
              139.394531,
              47.735969
            ],
            [
              139.482422,
              47.795088
            ],
            [
              139.526367,
              47.854139
            ],
            [
              139.614258,
              47.88364
            ],
            [
              139.702148,
              47.94259
            ],
            [
              139.790039,
              47.972041
            ],
            [
              139.87793,
              48.030891
            ],
            [
              139.921875,
              48.089673
            ],
            [
              139.96582,
              48.177722
            ],
            [
              140.009766,
              48.236337
            ],
            [
              140.053711,
              48.353366
            ],
            [
              140.097656,
              48.41178
            ],
            [
              140.141602,
              48.470126
            ],
            [
              140.185547,
              48.586619
            ],
            [
              140.185547,
              48.702844
            ],
            [
              140.229492,
              48.760856
            ],
            [
              140.273438,
              48.847748
            ],
            [
              140.317383,
              48.905593
            ],
            [
              140.361328,
              48.963371
            ],
            [
              140.405273,
              49.021082
            ],
            [
              140.449219,
              49.078726
            ],
            [
              140.537109,
              49.165067
            ],
            [
              140.581055,
              49.222544
            ],
            [
              140.625,
              49.279954
            ],
            [
              140.668945,
              49.365945
            ],
            [
              140.712891,
              49.451785
            ],
            [
              140.712891,
              49.537475
            ],
            [
              140.756836,
              49.594518
            ],
            [
              140.800781,
              49.651495
            ],
            [
              140.800781,
              49.736835
            ],
            [
              140.844727,
              49.878736
            ],
            [
              140.888672,
              50.020221
            ],
            [
              140.932617,
              50.104913
            ],
            [
              140.976563,
              50.189455
            ],
            [
              140.976563,
              50.273848
            ],
            [
              140.976563,
              50.358091
            ],
            [
              140.976563,
              50.442186
            ],
            [
              140.976563,
              50.526131
            ],
            [
              141.020508,
              50.582011
            ],
            [
              141.064453,
              50.637825
            ],
            [
              140.976563,
              50.665708
            ],
            [
              140.888672,
              50.637825
            ],
            [
              140.800781,
              50.609926
            ],
            [
              140.668945,
              50.609926
            ],
            [
              140.493164,
              50.609926
            ],
            [
              140.361328,
              50.609926
            ],
            [
              140.229492,
              50.609926
            ],
            [
              140.097656,
              50.609926
            ],
            [
              140.009766,
              50.637825
            ],
            [
              139.921875,
              50.693573
            ],
            [
              139.833984,
              50.721423
            ],
            [
              139.702148,
              50.721423
            ],
            [
              139.614258,
              50.749255
            ],
            [
              139.482422,
              50.749255
            ],
            [
              139.438477,
              50.804871
            ],
            [
              139.350586,
              50.832654
            ],
            [
              139.306641,
              50.888171
            ],
            [
              139.262695,
              50.943621
            ],
            [
              139.21875,
              50.999006
            ],
            [
              139.130859,
              51.054324
            ],
            [
              139.042969,
              51.137178
            ],
            [
              138.955078,
              51.164763
            ],
            [
              138.867188,
              51.219883
            ],
            [
              138.779297,
              51.247419
            ],
            [
              138.691406,
              51.302441
            ],
            [
              138.603516,
              51.329927
            ],
            [
              138.47168,
              51.384849
            ],
            [
              138.251953,
              51.412286
            ],
            [
              138.032227,
              51.439706
            ],
            [
              137.8125,
              51.46711
            ],
            [
              137.680664,
              51.46711
            ],
            [
              137.592773,
              51.494498
            ],
            [
              137.460938,
              51.494498
            ],
            [
              137.285156,
              51.494498
            ],
            [
              137.15332,
              51.494498
            ],
            [
              137.021484,
              51.494498
            ],
            [
              136.889648,
              51.494498
            ],
            [
              136.757813,
              51.494498
            ],
            [
              136.625977,
              51.494498
            ],
            [
              136.494141,
              51.494498
            ],
            [
              136.362305,
              51.494498
            ],
            [
              136.230469,
              51.494498
            ],
            [
              136.054688,
              51.46711
            ],
            [
              135.878906,
              51.46711
            ],
            [
              135.74707,
              51.46711
            ],
            [
              135.615234,
              51.439706
            ],
            [
              135.395508,
              51.439706
            ],
            [
              135.263672,
              51.439706
            ],
            [
              135.043945,
              51.439706
            ],
            [
              134.912109,
              51.439706
            ],
            [
              134.736328,
              51.439706
            ],
            [
              134.604492,
              51.439706
            ],
            [
              134.516602,
              51.412286
            ],
            [
              134.34082,
              51.412286
            ],
            [
              134.208984,
              51.412286
            ],
            [
              134.077148,
              51.412286
            ],
            [
              133.989258,
              51.384849
            ],
            [
              133.857422,
              51.384849
            ],
            [
              133.725586,
              51.357396
            ],
            [
              133.549805,
              51.357396
            ],
            [
              133.417969,
              51.329927
            ],
            [
              133.286133,
              51.329927
            ],
            [
              133.154297,
              51.302441
            ],
            [
              133.066406,
              51.274938
            ],
            [
              132.978516,
              51.247419
            ],
            [
              132.84668,
              51.219883
            ],
            [
              132.758789,
              51.192331
            ],
            [
              132.670898,
              51.164763
            ],
            [
              132.583008,
              51.137178
            ],
            [
              132.495117,
              51.109577
            ],
            [
              132.407227,
              51.081959
            ],
            [
              132.319336,
              51.054324
            ],
            [
              132.231445,
              51.026673
            ],
            [
              132.143555,
              50.999006
            ],
            [
              132.099609,
              50.943621
            ],
            [
              131.967773,
              50.915904
            ],
            [
              131.879883,
              50.860421
            ],
            [
              131.791992,
              50.832654
            ],
            [
              131.704102,
              50.777071
            ],
            [
              131.616211,
              50.749255
            ],
            [
              131.572266,
              50.693573
            ],
            [
              131.484375,
              50.665708
            ],
            [
              131.44043,
              50.609926
            ],
            [
              131.396484,
              50.554079
            ],
            [
              131.352539,
              50.498165
            ],
            [
              131.308594,
              50.442186
            ],
            [
              131.308594,
              50.358091
            ],
            [
              131.308594,
              50.245734
            ],
            [
              131.308594,
              50.161291
            ],
            [
              131.352539,
              50.076699
            ],
            [
              131.352539,
              49.963677
            ],
            [
              131.352539,
              49.878736
            ],
            [
              131.396484,
              49.822026
            ],
            [
              131.396484,
              49.736835
            ],
            [
              131.44043,
              49.651495
            ],
            [
              131.52832,
              49.566005
            ],
            [
              131.572266,
              49.480365
            ],
            [
              131.616211,
              49.423188
            ],
            [
              131.660156,
              49.365945
            ],
            [
              131.704102,
              49.308634
            ],
            [
              131.748047,
              49.251258
            ],
            [
              131.835938,
              49.193814
            ],
            [
              131.879883,
              49.136303
            ],
            [
              131.923828,
              49.078726
            ],
            [
              131.967773,
              49.021082
            ],
            [
              132.011719,
              48.963371
            ],
            [
              132.099609,
              48.905593
            ],
            [
              132.143555,
              48.847748
            ],
            [
              132.1875,
              48.789837
            ],
            [
              132.231445,
              48.731858
            ],
            [
              132.319336,
              48.702844
            ],
            [
              132.407227,
              48.644765
            ],
            [
              132.451172,
              48.586619
            ],
            [
              132.539063,
              48.557521
            ],
            [
              132.583008,
              48.499275
            ],
            [
              132.670898,
              48.470126
            ],
            [
              132.714844,
              48.41178
            ],
            [
              132.758789,
              48.353366
            ],
            [
              132.802734,
              48.294885
            ],
            [
              132.84668,
              48.236337
            ],
            [
              132.890625,
              48.177722
            ],
            [
              132.978516,
              48.11904
            ],
            [
              133.066406,
              48.06029
            ],
            [
              133.154297,
              48.030891
            ],
            [
              133.198242,
              47.972041
            ],
            [
              133.286133,
              47.94259
            ],
            [
              133.374023,
              47.913123
            ],
            [
              133.417969,
              47.854139
            ],
            [
              133.505859,
              47.824622
            ],
            [
              133.59375,
              47.765537
            ],
            [
              133.59375,
              47.765537
            ],
            [
              133.286133,
              47.972041
            ]
          ]
        ]
      }
    },
    {
      "type": "Feature",
      "properties": {
        "NAME": "두막루",
        "name": "두막루",
        "color": "#ef4444",
        "fill": "#ef4444",
        "fill-opacity": 0.5,
        "stroke": "#ef4444",
        "stroke-width": 2,
        "originalType": "polygon",
        "CODE": "두막루"
      },
      "geometry": {
        "type": "Polygon",
        "coordinates": [
          [
            [
              125.375977,
              49.424273
            ],
            [
              125.288086,
              49.39566
            ],
            [
              125.200195,
              49.367031
            ],
            [
              124.980469,
              49.338385
            ],
            [
              124.848633,
              49.281042
            ],
            [
              124.716797,
              49.252346
            ],
            [
              124.628906,
              49.223633
            ],
            [
              124.541016,
              49.194904
            ],
            [
              124.453125,
              49.166157
            ],
            [
              124.277344,
              49.137394
            ],
            [
              124.189453,
              49.108615
            ],
            [
              124.101563,
              49.051005
            ],
            [
              123.969727,
              49.022176
            ],
            [
              123.881836,
              48.993329
            ],
            [
              123.793945,
              48.964466
            ],
            [
              123.75,
              48.906689
            ],
            [
              123.662109,
              48.877776
            ],
            [
              123.574219,
              48.819899
            ],
            [
              123.442383,
              48.761955
            ],
            [
              123.354492,
              48.703945
            ],
            [
              123.178711,
              48.645867
            ],
            [
              123.046875,
              48.616803
            ],
            [
              122.958984,
              48.558625
            ],
            [
              122.871094,
              48.50038
            ],
            [
              122.827148,
              48.412887
            ],
            [
              122.783203,
              48.295994
            ],
            [
              122.739258,
              48.237448
            ],
            [
              122.695313,
              48.178834
            ],
            [
              122.651367,
              48.120153
            ],
            [
              122.607422,
              48.032006
            ],
            [
              122.563477,
              47.973157
            ],
            [
              122.607422,
              47.855258
            ],
            [
              122.651367,
              47.796208
            ],
            [
              122.739258,
              47.707507
            ],
            [
              122.783203,
              47.648289
            ],
            [
              122.827148,
              47.589003
            ],
            [
              122.871094,
              47.499949
            ],
            [
              122.915039,
              47.440496
            ],
            [
              122.958984,
              47.351189
            ],
            [
              123.046875,
              47.321387
            ],
            [
              123.134766,
              47.291568
            ],
            [
              123.266602,
              47.261732
            ],
            [
              123.398438,
              47.231879
            ],
            [
              123.574219,
              47.231879
            ],
            [
              123.706055,
              47.231879
            ],
            [
              123.925781,
              47.261732
            ],
            [
              124.057617,
              47.261732
            ],
            [
              124.145508,
              47.291568
            ],
            [
              124.277344,
              47.321387
            ],
            [
              124.453125,
              47.321387
            ],
            [
              124.584961,
              47.321387
            ],
            [
              124.716797,
              47.321387
            ],
            [
              124.804688,
              47.351189
            ],
            [
              124.936523,
              47.351189
            ],
            [
              125.068359,
              47.410744
            ],
            [
              125.200195,
              47.440496
            ],
            [
              125.332031,
              47.440496
            ],
            [
              125.463867,
              47.470231
            ],
            [
              125.595703,
              47.470231
            ],
            [
              125.727539,
              47.499949
            ],
            [
              125.90332,
              47.499949
            ],
            [
              126.035156,
              47.529651
            ],
            [
              126.166992,
              47.559335
            ],
            [
              126.298828,
              47.618654
            ],
            [
              126.386719,
              47.648289
            ],
            [
              126.5625,
              47.677906
            ],
            [
              126.650391,
              47.707507
            ],
            [
              126.738281,
              47.737091
            ],
            [
              126.826172,
              47.796208
            ],
            [
              126.958008,
              47.855258
            ],
            [
              127.045898,
              47.914241
            ],
            [
              127.133789,
              47.943707
            ],
            [
              127.22168,
              47.973157
            ],
            [
              127.30957,
              48.00259
            ],
            [
              127.397461,
              48.090787
            ],
            [
              127.485352,
              48.120153
            ],
            [
              127.573242,
              48.178834
            ],
            [
              127.661133,
              48.237448
            ],
            [
              127.792969,
              48.295994
            ],
            [
              127.880859,
              48.325242
            ],
            [
              127.924805,
              48.383689
            ],
            [
              128.012695,
              48.442068
            ],
            [
              128.056641,
              48.50038
            ],
            [
              128.100586,
              48.558625
            ],
            [
              128.188477,
              48.616803
            ],
            [
              128.232422,
              48.674914
            ],
            [
              128.276367,
              48.761955
            ],
            [
              128.320313,
              48.819899
            ],
            [
              128.364258,
              48.906689
            ],
            [
              128.364258,
              49.022176
            ],
            [
              128.408203,
              49.079818
            ],
            [
              128.452148,
              49.137394
            ],
            [
              128.496094,
              49.194904
            ],
            [
              128.540039,
              49.252346
            ],
            [
              128.540039,
              49.338385
            ],
            [
              128.540039,
              49.424273
            ],
            [
              128.496094,
              49.481448
            ],
            [
              128.452148,
              49.567087
            ],
            [
              128.408203,
              49.624095
            ],
            [
              128.364258,
              49.681038
            ],
            [
              128.276367,
              49.737913
            ],
            [
              128.188477,
              49.766326
            ],
            [
              128.056641,
              49.766326
            ],
            [
              127.924805,
              49.766326
            ],
            [
              127.749023,
              49.766326
            ],
            [
              127.617188,
              49.766326
            ],
            [
              127.397461,
              49.766326
            ],
            [
              127.265625,
              49.766326
            ],
            [
              127.133789,
              49.766326
            ],
            [
              127.045898,
              49.737913
            ],
            [
              126.914063,
              49.737913
            ],
            [
              126.782227,
              49.709484
            ],
            [
              126.650391,
              49.652575
            ],
            [
              126.518555,
              49.624095
            ],
            [
              126.386719,
              49.595599
            ],
            [
              126.254883,
              49.567087
            ],
            [
              126.166992,
              49.538557
            ],
            [
              125.991211,
              49.538557
            ],
            [
              125.90332,
              49.510011
            ],
            [
              125.81543,
              49.481448
            ],
            [
              125.683594,
              49.452869
            ],
            [
              125.507813,
              49.424273
            ],
            [
              125.375977,
              49.39566
            ],
            [
              125.332031,
              49.39566
            ],
            [
              125.375977,
              49.424273
            ]
          ]
        ]
      }
    },
    {
      "type": "Feature",
      "properties": {
        "NAME": "당나라",
        "name": "668-700",
        "color": "#ef4444",
        "fill": "#ef4444",
        "fill-opacity": 0.5,
        "stroke": "#ef4444",
        "stroke-width": 2,
        "originalType": "polyline",
        "CODE": "당나라"
      },
      "geometry": {
        "type": "Polygon",
        "coordinates": [
          [
            [
              114.60937500000001,
              22.198613959409325
            ],
            [
              114.87304687500001,
              22.198613959409325
            ],
            [
              115.22460937500001,
              22.198613959409325
            ],
            [
              115.40039062500001,
              22.280023656016375
            ],
            [
              115.57617187500001,
              22.361385986615556
            ],
            [
              115.83984375000001,
              22.442700814792737
            ],
            [
              116.01562500000001,
              22.5239680045963
            ],
            [
              116.19140625000001,
              22.60518742053778
            ],
            [
              116.3671875,
              22.76748239119984
            ],
            [
              116.54296875000001,
              22.84855767726468
            ],
            [
              116.71875000000001,
              22.9295846521572
            ],
            [
              116.89453125000001,
              23.01056318271389
            ],
            [
              117.07031250000001,
              23.091493136238018
            ],
            [
              117.24609375000001,
              23.17237438050026
            ],
            [
              117.42187500000001,
              23.25320678373924
            ],
            [
              117.59765625000001,
              23.333990214662123
            ],
            [
              117.86132812500001,
              23.414724542445136
            ],
            [
              118.03710937500001,
              23.57604536764503
            ],
            [
              118.21289062500001,
              23.656631605764566
            ],
            [
              118.38867187500001,
              23.81765508833255
            ],
            [
              118.56445312500001,
              24.058815908035296
            ],
            [
              118.74023437500001,
              24.139102498147302
            ],
            [
              118.91601562500001,
              24.29952439634859
            ],
            [
              119.00390625000001,
              24.459743750025815
            ],
            [
              119.17968750000001,
              24.539777161265366
            ],
            [
              119.26757812500001,
              24.77957084928208
            ],
            [
              119.44335937500001,
              24.93917662665802
            ],
            [
              119.61914062500001,
              25.098575923128216
            ],
            [
              119.79492187500001,
              25.257767773705226
            ],
            [
              120.05859375000001,
              25.49616449647783
            ],
            [
              120.23437500000001,
              25.575525315567692
            ],
            [
              120.32226562500001,
              25.734089115246217
            ],
            [
              120.49804687500001,
              25.813291862268127
            ],
            [
              120.58593750000001,
              25.971538470370515
            ],
            [
              120.84960937500001,
              26.20850944120495
            ],
            [
              120.93750000000001,
              26.36622279599476
            ],
            [
              121.02539062500001,
              26.523721261731442
            ],
            [
              121.20117187500001,
              26.681003942733877
            ],
            [
              121.28906250000001,
              26.838069951056745
            ],
            [
              121.46484375000001,
              27.073260778936987
            ],
            [
              121.55273437500001,
              27.229781271609074
            ],
            [
              121.64062500000001,
              27.464149769657915
            ],
            [
              121.81640625000001,
              27.698021028035388
            ],
            [
              121.90429687500001,
              27.931392213402624
            ],
            [
              121.99218750000001,
              28.164260531699156
            ],
            [
              122.08007812500001,
              28.47396462940934
            ],
            [
              122.16796875000001,
              28.782763427141216
            ],
            [
              122.25585937500001,
              29.090650627783248
            ],
            [
              122.25585937500001,
              29.320964074522767
            ],
            [
              122.34375000000001,
              29.550758714489664
            ],
            [
              122.43164062500001,
              29.78003202835269
            ],
            [
              122.51953125000001,
              30.008781535924793
            ],
            [
              122.60742187500001,
              30.237004796119667
            ],
            [
              122.69531250000001,
              30.388860088800364
            ],
            [
              122.69531250000001,
              30.69186300523869
            ],
            [
              122.69531250000001,
              30.993917772295774
            ],
            [
              122.69531250000001,
              31.295018988464292
            ],
            [
              122.78320312500001,
              31.445210360513858
            ],
            [
              122.78320312500001,
              31.67004654722402
            ],
            [
              122.78320312500001,
              31.894339774542857
            ],
            [
              122.69531250000001,
              32.04356590130799
            ],
            [
              122.60742187500001,
              32.192549152854085
            ],
            [
              122.60742187500001,
              32.48978459633202
            ],
            [
              122.51953125000001,
              32.786041312645104
            ],
            [
              122.43164062500001,
              32.93380118350531
            ],
            [
              122.34375000000001,
              33.08131463007962
            ],
            [
              122.25585937500001,
              33.22858108717344
            ],
            [
              122.16796875000001,
              33.522370809518044
            ],
            [
              122.08007812500001,
              33.668892981707806
            ],
            [
              121.99218750000001,
              33.81516597826183
            ],
            [
              121.81640625000001,
              33.88820887039692
            ],
            [
              121.64062500000001,
              34.03410711587203
            ],
            [
              121.46484375000001,
              34.17975487965469
            ],
            [
              121.28906250000001,
              34.2524846714009
            ],
            [
              121.11328125000001,
              34.325151652230794
            ],
            [
              120.93750000000001,
              34.47029693143507
            ],
            [
              120.67382812500001,
              34.542775106100905
            ],
            [
              120.49804687500001,
              34.68754221971654
            ],
            [
              120.41015625000001,
              34.83205661657328
            ],
            [
              120.41015625000001,
              35.04835332736896
            ],
            [
              120.41015625000001,
              35.33586004571292
            ],
            [
              120.49804687500001,
              35.550821422337656
            ],
            [
              120.58593750000001,
              35.69380976355072
            ],
            [
              120.67382812500001,
              35.83654220359181
            ],
            [
              120.84960937500001,
              35.9078123272046
            ],
            [
              121.02539062500001,
              36.050160118569394
            ],
            [
              121.20117187500001,
              36.12123768243411
            ],
            [
              121.37695312500001,
              36.19225095656656
            ],
            [
              121.55273437500001,
              36.334084432722605
            ],
            [
              121.72851562500001,
              36.475660145617866
            ],
            [
              121.90429687500001,
              36.61697770086318
            ],
            [
              122.08007812500001,
              36.75803671107617
            ],
            [
              122.25585937500001,
              36.82846914264859
            ],
            [
              122.34375000000001,
              36.96913962423935
            ],
            [
              122.51953125000001,
              37.10955062283836
            ],
            [
              122.60742187500001,
              37.24970177539617
            ],
            [
              122.69531250000001,
              37.38959272576002
            ],
            [
              122.78320312500001,
              37.529223124648574
            ],
            [
              122.87109375000001,
              37.6685926296265
            ],
            [
              122.87109375000001,
              37.87715697871142
            ],
            [
              122.87109375000001,
              38.154326573296714
            ],
            [
              122.60742187500001,
              38.292518000295175
            ],
            [
              122.25585937500001,
              38.361515236575784
            ],
            [
              121.99218750000001,
              38.361515236575784
            ],
            [
              121.64062500000001,
              38.361515236575784
            ],
            [
              121.28906250000001,
              38.361515236575784
            ],
            [
              121.02539062500001,
              38.361515236575784
            ],
            [
              120.84960937500001,
              38.292518000295175
            ],
            [
              120.58593750000001,
              38.292518000295175
            ],
            [
              120.32226562500001,
              38.2234550998865
            ],
            [
              119.97070312500001,
              38.2234550998865
            ],
            [
              119.70703125000001,
              38.154326573296714
            ],
            [
              119.44335937500001,
              38.154326573296714
            ],
            [
              119.17968750000001,
              38.154326573296714
            ],
            [
              118.91601562500001,
              38.154326573296714
            ],
            [
              118.91601562500001,
              38.361515236575784
            ],
            [
              119.00390625000001,
              38.63684679606264
            ],
            [
              119.17968750000001,
              38.91112480185177
            ],
            [
              119.17968750000001,
              39.11614056626296
            ],
            [
              119.44335937500001,
              39.32056154833216
            ],
            [
              119.53125000000001,
              39.45651133791237
            ],
            [
              119.70703125000001,
              39.5921961434784
            ],
            [
              119.88281250000001,
              39.727615722067064
            ],
            [
              120.05859375000001,
              39.86276983712252
            ],
            [
              120.23437500000001,
              39.93024727364637
            ],
            [
              120.41015625000001,
              39.99765825846684
            ],
            [
              120.49804687500001,
              40.132280762270774
            ],
            [
              120.67382812500001,
              40.199492226877204
            ],
            [
              120.84960937500001,
              40.2666371310243
            ],
            [
              121.02539062500001,
              40.40072715350683
            ],
            [
              121.20117187500001,
              40.467672220602545
            ],
            [
              121.37695312500001,
              40.601362341325
            ],
            [
              121.64062500000001,
              40.668107346045325
            ],
            [
              121.90429687500001,
              40.668107346045325
            ],
            [
              122.16796875000001,
              40.668107346045325
            ],
            [
              122.34375000000001,
              40.601362341325
            ],
            [
              122.43164062500001,
              40.467672220602545
            ],
            [
              122.43164062500001,
              40.2666371310243
            ],
            [
              122.25585937500001,
              40.132280762270774
            ],
            [
              122.16796875000001,
              39.99765825846684
            ],
            [
              121.99218750000001,
              39.93024727364637
            ],
            [
              121.81640625000001,
              39.79522597707171
            ],
            [
              121.72851562500001,
              39.659939101079466
            ],
            [
              121.55273437500001,
              39.5921961434784
            ],
            [
              121.46484375000001,
              39.45651133791237
            ],
            [
              121.37695312500001,
              39.32056154833216
            ],
            [
              121.28906250000001,
              39.18434702413697
            ],
            [
              121.20117187500001,
              39.04786802119092
            ],
            [
              121.20117187500001,
              38.842654194804126
            ],
            [
              121.37695312500001,
              38.774117634999094
            ],
            [
              121.55273437500001,
              38.63684679606264
            ],
            [
              121.81640625000001,
              38.63684679606264
            ],
            [
              122.16796875000001,
              38.70551515707035
            ],
            [
              122.43164062500001,
              38.774117634999094
            ],
            [
              122.69531250000001,
              38.774117634999094
            ],
            [
              122.87109375000001,
              38.842654194804126
            ],
            [
              123.04687500000001,
              38.91112480185177
            ],
            [
              123.31054687500001,
              38.91112480185177
            ],
            [
              123.57421875000001,
              39.04786802119092
            ],
            [
              123.75000000000001,
              39.11614056626296
            ],
            [
              124.10156250000001,
              39.18434702413697
            ],
            [
              124.36523437500001,
              39.252487362221785
            ],
            [
              124.62890625000001,
              39.32056154833216
            ],
            [
              124.89257812500001,
              39.388569550687784
            ],
            [
              125.15625000000001,
              39.45651133791237
            ],
            [
              125.33203125000001,
              39.524386879032875
            ],
            [
              125.50781250000001,
              39.5921961434784
            ],
            [
              125.68359375000001,
              39.659939101079466
            ],
            [
              125.85937500000001,
              39.727615722067064
            ],
            [
              126.12304687500001,
              39.79522597707171
            ],
            [
              126.38671875000001,
              39.86276983712252
            ],
            [
              126.73828125000001,
              39.93024727364637
            ],
            [
              127.00195312500001,
              39.99765825846684
            ],
            [
              127.26562500000001,
              40.06500276380347
            ],
            [
              127.52929687500001,
              40.06500276380347
            ],
            [
              127.70507812500001,
              40.132280762270774
            ],
            [
              127.96875000000001,
              40.199492226877204
            ],
            [
              128.23242187500003,
              40.2666371310243
            ],
            [
              128.40820312500003,
              40.33371544850586
            ],
            [
              128.67187500000003,
              40.40072715350683
            ],
            [
              128.93554687500003,
              40.467672220602545
            ],
            [
              129.11132812500003,
              40.53455062475758
            ],
            [
              129.19921875000003,
              40.73478561504559
            ],
            [
              129.28710937500003,
              40.93441977477448
            ],
            [
              129.37500000000003,
              41.067175115629844
            ],
            [
              129.46289062500003,
              41.19966297328909
            ],
            [
              129.55078125000003,
              41.397892862856324
            ],
            [
              129.63867187500003,
              41.529711290577524
            ],
            [
              129.72656250000003,
              41.66126167335569
            ],
            [
              129.81445312500003,
              41.79254386418009
            ],
            [
              129.90234375000003,
              41.923557721977474
            ],
            [
              130.07812500000003,
              42.05430311158078
            ],
            [
              130.25390625000003,
              42.18477990369763
            ],
            [
              130.42968750000003,
              42.2499175368933
            ],
            [
              130.51757812500003,
              42.37999120312997
            ],
            [
              130.69335937500003,
              42.444927207485314
            ],
            [
              130.86914062500003,
              42.509795974142584
            ],
            [
              131.04492187500003,
              42.63933174095008
            ],
            [
              131.22070312500003,
              42.76859840030272
            ],
            [
              131.48437500000003,
              42.833130783977204
            ],
            [
              131.74804687500003,
              42.96199360101282
            ],
            [
              131.92382812500003,
              43.02632401210905
            ],
            [
              132.09960937500003,
              43.09058707733353
            ],
            [
              132.36328125000003,
              43.21891112949641
            ],
            [
              132.53906250000003,
              43.34696567964485
            ],
            [
              132.62695312500003,
              43.474750655476214
            ],
            [
              132.80273437500003,
              43.602265990209276
            ],
            [
              132.89062500000003,
              43.72951162255168
            ],
            [
              133.06640625000003,
              43.85648749666712
            ],
            [
              133.15429687500003,
              43.98319356214288
            ],
            [
              133.24218750000003,
              44.1096297739568
            ],
            [
              133.33007812500003,
              44.235796092444666
            ],
            [
              133.41796875000003,
              44.487318917377195
            ],
            [
              133.41796875000003,
              44.67525234909954
            ],
            [
              133.50585937500003,
              44.862578267648075
            ],
            [
              133.50585937500003,
              45.04929664095661
            ],
            [
              133.59375000000003,
              45.23540746291359
            ],
            [
              133.68164062500003,
              45.482610183175254
            ],
            [
              133.68164062500003,
              45.66730350545439
            ],
            [
              133.76953125000003,
              45.790094943593644
            ],
            [
              133.76953125000003,
              45.97377600930944
            ],
            [
              133.76953125000003,
              46.15684987361991
            ],
            [
              133.76953125000003,
              46.33931668084924
            ],
            [
              133.68164062500003,
              46.46062404729697
            ],
            [
              133.59375000000003,
              46.7024298220561
            ],
            [
              133.59375000000003,
              46.943157412881156
            ],
            [
              133.50585937500003,
              47.12299589214348
            ],
            [
              133.41796875000003,
              47.30222848643041
            ],
            [
              133.33007812500003,
              47.42138042374674
            ],
            [
              133.24218750000003,
              47.59960387260647
            ],
            [
              133.15429687500003,
              47.718083343370964
            ],
            [
              133.06640625000003,
              47.83629400479396
            ],
            [
              132.97851562500003,
              48.013106216497896
            ],
            [
              132.89062500000003,
              48.13064533580415
            ],
            [
              132.80273437500003,
              48.2479160420189
            ],
            [
              132.62695312500003,
              48.36491845794041
            ],
            [
              132.53906250000003,
              48.48165271056635
            ],
            [
              132.36328125000003,
              48.59811893106089
            ],
            [
              132.18750000000003,
              48.656251571379
            ],
            [
              131.92382812500003,
              48.714317254722225
            ],
            [
              131.66015625000003,
              48.830247820949765
            ],
            [
              131.48437500000003,
              48.888112739701576
            ],
            [
              131.04492187500003,
              48.94591077321159
            ],
            [
              130.86914062500003,
              49.0036419400436
            ],
            [
              130.60546875000003,
              49.0036419400436
            ],
            [
              130.34179687500003,
              49.0036419400436
            ],
            [
              129.99023437500003,
              48.94591077321159
            ],
            [
              129.72656250000003,
              48.830247820949765
            ],
            [
              129.55078125000003,
              48.77231599864342
            ],
            [
              129.37500000000003,
              48.714317254722225
            ],
            [
              129.19921875000003,
              48.59811893106089
            ],
            [
              129.02343750000003,
              48.48165271056635
            ],
            [
              128.84765625000003,
              48.36491845794041
            ],
            [
              128.67187500000003,
              48.306450778427
            ],
            [
              128.49609375000003,
              48.2479160420189
            ],
            [
              128.32031250000003,
              48.071909335297434
            ],
            [
              128.14453125000003,
              48.013106216497896
            ],
            [
              127.96875000000001,
              47.95423596471734
            ],
            [
              127.79296875000001,
              47.89529856553408
            ],
            [
              127.52929687500001,
              47.83629400479396
            ],
            [
              127.35351562500001,
              47.718083343370964
            ],
            [
              127.08984375000001,
              47.6588772157271
            ],
            [
              126.82617187500001,
              47.59960387260647
            ],
            [
              126.47460937500001,
              47.480855489005826
            ],
            [
              126.12304687500001,
              47.42138042374674
            ],
            [
              125.68359375000001,
              47.36183809345474
            ],
            [
              125.50781250000001,
              47.30222848643041
            ],
            [
              125.15625000000001,
              47.30222848643041
            ],
            [
              124.98046875000001,
              47.24255159125219
            ],
            [
              124.71679687500001,
              47.24255159125219
            ],
            [
              124.45312500000001,
              47.18280739677743
            ],
            [
              124.10156250000001,
              47.12299589214348
            ],
            [
              123.83789062500001,
              47.12299589214348
            ],
            [
              123.48632812500001,
              47.12299589214348
            ],
            [
              123.13476562500001,
              47.12299589214348
            ],
            [
              122.87109375000001,
              47.12299589214348
            ],
            [
              122.69531250000001,
              47.18280739677743
            ],
            [
              122.51953125000001,
              47.30222848643041
            ],
            [
              122.34375000000001,
              47.42138042374674
            ],
            [
              122.25585937500001,
              47.54026330120834
            ],
            [
              122.08007812500001,
              47.6588772157271
            ],
            [
              121.90429687500001,
              47.777222268611546
            ],
            [
              121.72851562500001,
              47.89529856553408
            ],
            [
              121.55273437500001,
              47.95423596471734
            ],
            [
              121.28906250000001,
              48.13064533580415
            ],
            [
              121.11328125000001,
              48.18931423297185
            ],
            [
              120.93750000000001,
              48.2479160420189
            ],
            [
              120.67382812500001,
              48.36491845794041
            ],
            [
              120.49804687500001,
              48.42331909656483
            ],
            [
              120.32226562500001,
              48.48165271056635
            ],
            [
              120.14648437500001,
              48.59811893106089
            ],
            [
              119.88281250000001,
              48.77231599864342
            ],
            [
              119.61914062500001,
              48.888112739701576
            ],
            [
              119.35546875000001,
              49.0036419400436
            ],
            [
              119.09179687500001,
              49.17643442985847
            ],
            [
              118.82812500000001,
              49.233898320607125
            ],
            [
              118.65234375000001,
              49.34862581177872
            ],
            [
              118.30078125000001,
              49.463086384069676
            ],
            [
              117.94921875000001,
              49.63427713217963
            ],
            [
              117.59765625000001,
              49.691207436931016
            ],
            [
              117.24609375000001,
              49.74807113873792
            ],
            [
              117.07031250000001,
              49.80486825957562
            ],
            [
              116.89453125000001,
              49.86159882165543
            ],
            [
              116.63085937500001,
              49.86159882165543
            ],
            [
              116.3671875,
              49.86159882165543
            ],
            [
              116.01562500000001,
              49.91826284742388
            ],
            [
              115.66406250000001,
              49.91826284742388
            ],
            [
              115.40039062500001,
              49.91826284742388
            ],
            [
              115.13671875,
              49.91826284742388
            ],
            [
              114.87304687500001,
              49.91826284742388
            ],
            [
              114.60937500000001,
              49.86159882165543
            ],
            [
              114.34570312500001,
              49.86159882165543
            ],
            [
              114.08203125000001,
              49.80486825957562
            ],
            [
              113.81835937500001,
              49.80486825957562
            ],
            [
              113.55468750000001,
              49.74807113873792
            ],
            [
              113.20312500000001,
              49.74807113873792
            ],
            [
              112.93945312500001,
              49.691207436931016
            ],
            [
              112.58789062500001,
              49.63427713217963
            ],
            [
              112.14843750000001,
              49.57728020274576
            ],
            [
              111.70898437500001,
              49.57728020274576
            ],
            [
              111.35742187500001,
              49.57728020274576
            ],
            [
              110.830078125,
              49.520216627129365
            ],
            [
              110.21484375,
              49.520216627129365
            ],
            [
              109.599609375,
              49.520216627129365
            ],
            [
              108.984375,
              49.57728020274576
            ],
            [
              108.369140625,
              49.57728020274576
            ],
            [
              107.66601562500001,
              49.63427713217963
            ],
            [
              106.78710937500001,
              49.74807113873792
            ],
            [
              105.99609375000001,
              49.80486825957562
            ],
            [
              105.20507812500001,
              49.86159882165543
            ],
            [
              104.50195312500001,
              49.86159882165543
            ],
            [
              103.79882812500001,
              49.86159882165543
            ],
            [
              103.18359375000001,
              49.86159882165543
            ],
            [
              102.56835937500001,
              49.86159882165543
            ],
            [
              102.04101562500001,
              49.80486825957562
            ],
            [
              101.689453125,
              49.80486825957562
            ],
            [
              101.42578125000001,
              49.80486825957562
            ],
            [
              101.16210937500001,
              49.80486825957562
            ],
            [
              100.89843750000001,
              49.80486825957562
            ],
            [
              100.54687500000001,
              49.80486825957562
            ],
            [
              100.10742187500001,
              49.80486825957562
            ],
            [
              99.58007812500001,
              49.80486825957562
            ],
            [
              99.140625,
              49.80486825957562
            ],
            [
              98.61328125,
              49.80486825957562
            ],
            [
              98.17382812500001,
              49.80486825957562
            ],
            [
              97.73437500000001,
              49.80486825957562
            ],
            [
              97.294921875,
              49.80486825957562
            ],
            [
              96.94335937500001,
              49.80486825957562
            ],
            [
              96.41601562500001,
              49.80486825957562
            ],
            [
              95.88867187500001,
              49.80486825957562
            ],
            [
              95.36132812500001,
              49.80486825957562
            ],
            [
              94.921875,
              49.86159882165543
            ],
            [
              94.48242187500001,
              49.86159882165543
            ],
            [
              94.04296875000001,
              49.86159882165543
            ],
            [
              93.603515625,
              49.91826284742388
            ],
            [
              93.16406250000001,
              49.91826284742388
            ],
            [
              92.63671875000001,
              49.91826284742388
            ],
            [
              92.02148437500001,
              49.97486035956153
            ],
            [
              91.40625000000001,
              49.97486035956153
            ],
            [
              90.79101562500001,
              50.03139138098221
            ],
            [
              90.17578125000001,
              50.03139138098221
            ],
            [
              89.64843750000001,
              50.087855934831765
            ],
            [
              89.384765625,
              50.087855934831765
            ],
            [
              89.12109375000001,
              50.1442540444873
            ],
            [
              88.94531250000001,
              50.20058573355596
            ],
            [
              88.76953125,
              50.25685102587416
            ],
            [
              88.41796875000001,
              50.313049945506464
            ],
            [
              87.97851562500001,
              50.425248764106435
            ],
            [
              87.45117187500001,
              50.48124871233521
            ],
            [
              87.09960937500001,
              50.48124871233521
            ],
            [
              86.923828125,
              50.53718238639825
            ],
            [
              86.57226562500001,
              50.59304981148619
            ],
            [
              86.30859375,
              50.64885101301192
            ],
            [
              86.04492187500001,
              50.64885101301192
            ],
            [
              85.86914062500001,
              50.70458601660956
            ],
            [
              85.60546875000001,
              50.70458601660956
            ],
            [
              85.34179687500001,
              50.70458601660956
            ],
            [
              85.078125,
              50.70458601660956
            ],
            [
              84.81445312500001,
              50.70458601660956
            ],
            [
              84.72656250000001,
              50.59304981148619
            ],
            [
              84.55078125,
              50.48124871233521
            ],
            [
              84.462890625,
              50.36918251674459
            ],
            [
              84.462890625,
              50.087855934831765
            ],
            [
              84.63867187500001,
              49.97486035956153
            ],
            [
              84.72656250000001,
              49.80486825957562
            ],
            [
              84.90234375000001,
              49.691207436931016
            ],
            [
              84.99023437500001,
              49.57728020274576
            ],
            [
              85.166015625,
              49.520216627129365
            ],
            [
              85.42968750000001,
              49.40588945254597
            ],
            [
              85.60546875000001,
              49.29129544123053
            ],
            [
              85.78125,
              49.233898320607125
            ],
            [
              85.86914062500001,
              49.118903749179616
            ],
            [
              85.95703125000001,
              48.94591077321159
            ],
            [
              85.86914062500001,
              48.77231599864342
            ],
            [
              85.78125,
              48.656251571379
            ],
            [
              85.60546875000001,
              48.5399193164704
            ],
            [
              85.34179687500001,
              48.48165271056635
            ],
            [
              85.078125,
              48.36491845794041
            ],
            [
              84.81445312500001,
              48.2479160420189
            ],
            [
              84.55078125,
              48.13064533580415
            ],
            [
              84.28710937500001,
              48.071909335297434
            ],
            [
              84.11132812500001,
              48.013106216497896
            ],
            [
              83.84765625000001,
              47.89529856553408
            ],
            [
              83.67187500000001,
              47.83629400479396
            ],
            [
              83.58398437500001,
              47.6588772157271
            ],
            [
              83.49609375000001,
              47.54026330120834
            ],
            [
              83.32031250000001,
              47.36183809345474
            ],
            [
              83.23242187500001,
              47.18280739677743
            ],
            [
              83.14453125000001,
              47.00317091035344
            ],
            [
              83.14453125000001,
              46.7024298220561
            ],
            [
              83.23242187500001,
              46.52117659951112
            ],
            [
              83.23242187500001,
              46.278561852652466
            ],
            [
              83.23242187500001,
              46.095892710597134
            ],
            [
              83.14453125000001,
              45.97377600930944
            ],
            [
              83.05664062500001,
              45.851389440227564
            ],
            [
              82.96875000000001,
              45.72873296661339
            ],
            [
              82.79296875000001,
              45.60580655659007
            ],
            [
              82.70507812500001,
              45.482610183175254
            ],
            [
              82.52929687500001,
              45.420910753110576
            ],
            [
              82.35351562500001,
              45.297309394805076
            ],
            [
              82.26562500000001,
              45.17343802728374
            ],
            [
              82.17773437500001,
              45.04929664095661
            ],
            [
              82.08984375000001,
              44.862578267648075
            ],
            [
              82.08984375000001,
              44.67525234909954
            ],
            [
              82.08984375000001,
              44.361692483267205
            ],
            [
              82.08984375000001,
              44.17274667213712
            ],
            [
              82.08984375000001,
              43.98319356214288
            ],
            [
              82.08984375000001,
              43.72951162255168
            ],
            [
              82.08984375000001,
              43.474750655476214
            ],
            [
              82.08984375000001,
              43.21891112949641
            ],
            [
              82.08984375000001,
              43.02632401210905
            ],
            [
              82.17773437500001,
              42.76859840030272
            ],
            [
              82.26562500000001,
              42.57459748965905
            ],
            [
              82.35351562500001,
              42.31498797487855
            ],
            [
              82.44140625000001,
              41.98896398352148
            ],
            [
              82.44140625000001,
              41.79254386418009
            ],
            [
              82.44140625000001,
              41.46383557291384
            ],
            [
              82.52929687500001,
              41.13345249050346
            ],
            [
              82.61718750000001,
              40.8679418523211
            ],
            [
              82.61718750000001,
              40.601362341325
            ],
            [
              82.61718750000001,
              40.33371544850586
            ],
            [
              82.61718750000001,
              40.06500276380347
            ],
            [
              82.61718750000001,
              39.79522597707171
            ],
            [
              82.61718750000001,
              39.524386879032875
            ],
            [
              82.61718750000001,
              39.32056154833216
            ],
            [
              82.61718750000001,
              39.11614056626296
            ],
            [
              82.61718750000001,
              38.842654194804126
            ],
            [
              82.61718750000001,
              38.568112587432736
            ],
            [
              82.52929687500001,
              38.292518000295175
            ],
            [
              82.52929687500001,
              38.01587279545203
            ],
            [
              82.44140625000001,
              37.738179441753545
            ],
            [
              82.35351562500001,
              37.529223124648574
            ],
            [
              82.44140625000001,
              37.17965870229329
            ],
            [
              82.52929687500001,
              36.82846914264859
            ],
            [
              82.70507812500001,
              36.475660145617866
            ],
            [
              82.88085937500001,
              36.12123768243411
            ],
            [
              82.88085937500001,
              35.83654220359181
            ],
            [
              82.96875000000001,
              35.550821422337656
            ],
            [
              83.05664062500001,
              35.33586004571292
            ],
            [
              83.05664062500001,
              35.04835332736896
            ],
            [
              83.05664062500001,
              34.83205661657328
            ],
            [
              82.96875000000001,
              34.61519022243219
            ],
            [
              82.96875000000001,
              34.325151652230794
            ],
            [
              82.88085937500001,
              34.17975487965469
            ],
            [
              82.79296875000001,
              33.88820887039692
            ],
            [
              82.70507812500001,
              33.668892981707806
            ],
            [
              82.52929687500001,
              33.44901644957543
            ],
            [
              82.52929687500001,
              33.22858108717344
            ],
            [
              82.52929687500001,
              33.00758874532832
            ],
            [
              82.44140625000001,
              32.786041312645104
            ],
            [
              82.44140625000001,
              32.48978459633202
            ],
            [
              82.44140625000001,
              32.26694950938023
            ],
            [
              82.35351562500001,
              32.118087924809714
            ],
            [
              82.35351562500001,
              31.894339774542857
            ],
            [
              82.26562500000001,
              31.7448713905193
            ],
            [
              82.26562500000001,
              31.445210360513858
            ],
            [
              82.26562500000001,
              31.219833370602196
            ],
            [
              82.35351562500001,
              30.84300924791012
            ],
            [
              82.44140625000001,
              30.61620095143997
            ],
            [
              82.44140625000001,
              30.388860088800364
            ],
            [
              82.61718750000001,
              30.237004796119667
            ],
            [
              82.70507812500001,
              30.008781535924793
            ],
            [
              82.79296875000001,
              29.856340186260617
            ],
            [
              82.96875000000001,
              29.703665669423938
            ],
            [
              83.14453125000001,
              29.627241200850065
            ],
            [
              83.40820312500001,
              29.627241200850065
            ],
            [
              83.84765625000001,
              29.627241200850065
            ],
            [
              84.19921875000001,
              29.550758714489664
            ],
            [
              84.462890625,
              29.550758714489664
            ],
            [
              84.72656250000001,
              29.474218302684417
            ],
            [
              84.99023437500001,
              29.39762005825932
            ],
            [
              85.25390625000001,
              29.320964074522767
            ],
            [
              85.51757812500001,
              29.24425044526679
            ],
            [
              85.95703125000001,
              29.090650627783248
            ],
            [
              86.48437500000001,
              28.936821365821757
            ],
            [
              86.923828125,
              28.936821365821757
            ],
            [
              87.27539062500001,
              28.85982093278375
            ],
            [
              87.626953125,
              28.85982093278375
            ],
            [
              88.06640625000001,
              28.85982093278375
            ],
            [
              88.41796875000001,
              28.85982093278375
            ],
            [
              88.94531250000001,
              28.782763427141216
            ],
            [
              89.56054687500001,
              28.705648946074934
            ],
            [
              90.087890625,
              28.705648946074934
            ],
            [
              90.52734375,
              28.782763427141216
            ],
            [
              90.87890625000001,
              28.782763427141216
            ],
            [
              91.23046875,
              28.782763427141216
            ],
            [
              91.49414062500001,
              28.782763427141216
            ],
            [
              91.93359375,
              28.782763427141216
            ],
            [
              92.373046875,
              28.705648946074934
            ],
            [
              92.72460937500001,
              28.705648946074934
            ],
            [
              92.98828125,
              28.62847758725012
            ],
            [
              93.25195312500001,
              28.62847758725012
            ],
            [
              93.51562500000001,
              28.55124944881673
            ],
            [
              93.86718750000001,
              28.47396462940934
            ],
            [
              94.39453125000001,
              28.47396462940934
            ],
            [
              94.833984375,
              28.396623228147313
            ],
            [
              95.18554687500001,
              28.319225344634763
            ],
            [
              95.44921875,
              28.319225344634763
            ],
            [
              95.62500000000001,
              28.24177107896076
            ],
            [
              95.88867187500001,
              28.24177107896076
            ],
            [
              96.15234375,
              28.164260531699156
            ],
            [
              96.50390625000001,
              28.164260531699156
            ],
            [
              96.6796875,
              28.086693803908922
            ],
            [
              96.85546875000001,
              28.00907099713379
            ],
            [
              97.03125000000001,
              27.931392213402624
            ],
            [
              97.11914062500001,
              27.775867125612134
            ],
            [
              97.3828125,
              27.620119366467506
            ],
            [
              97.64648437500001,
              27.464149769657915
            ],
            [
              97.82226562500001,
              27.307959176630835
            ],
            [
              97.998046875,
              27.151548436590396
            ],
            [
              98.17382812500001,
              26.994918406495454
            ],
            [
              98.26171875000001,
              26.838069951056745
            ],
            [
              98.43750000000001,
              26.602389631002385
            ],
            [
              98.525390625,
              26.36622279599476
            ],
            [
              98.61328125,
              26.20850944120495
            ],
            [
              98.78906250000001,
              26.05058210077348
            ],
            [
              98.87695312500001,
              25.89244168583611
            ],
            [
              98.96484375000001,
              25.734089115246217
            ],
            [
              99.05273437500001,
              25.575525315567692
            ],
            [
              99.140625,
              25.416751221067074
            ],
            [
              99.228515625,
              25.178197839165772
            ],
            [
              99.31640625000001,
              24.93917662665802
            ],
            [
              99.40429687500001,
              24.61975956364277
            ],
            [
              99.49218750000001,
              24.379659453652142
            ],
            [
              99.58007812500001,
              24.139102498147302
            ],
            [
              99.66796875000001,
              23.898092076312235
            ],
            [
              99.84375,
              23.737168222150572
            ],
            [
              99.93164062500001,
              23.57604536764503
            ],
            [
              100.01953125000001,
              23.414724542445136
            ],
            [
              100.10742187500001,
              23.25320678373924
            ],
            [
              100.28320312500001,
              23.091493136238018
            ],
            [
              100.458984375,
              22.9295846521572
            ],
            [
              100.72265625000001,
              22.6863589275924
            ],
            [
              100.89843750000001,
              22.5239680045963
            ],
            [
              101.07421875,
              22.361385986615556
            ],
            [
              101.42578125000001,
              22.198613959409325
            ],
            [
              101.689453125,
              22.035653016136216
            ],
            [
              101.86523437500001,
              21.954102044604653
            ],
            [
              102.12890625000001,
              21.790859793037054
            ],
            [
              102.39257812500001,
              21.709168790891983
            ],
            [
              102.65625000000001,
              21.62743139052995
            ],
            [
              102.83203125,
              21.46381795596795
            ],
            [
              103.09570312500001,
              21.381942203314185
            ],
            [
              103.35937500000001,
              21.21805333453765
            ],
            [
              103.62304687500001,
              21.136040502686704
            ],
            [
              103.97460937500001,
              21.136040502686704
            ],
            [
              104.23828125000001,
              21.053982262796264
            ],
            [
              104.50195312500001,
              21.053982262796264
            ],
            [
              104.677734375,
              20.97187875813264
            ],
            [
              104.85351562500001,
              20.80753652980384
            ],
            [
              104.94140625000001,
              20.643014972830354
            ],
            [
              105.11718750000001,
              20.478315249513766
            ],
            [
              105.29296875,
              20.23093416275494
            ],
            [
              105.46875000000001,
              19.983158811516503
            ],
            [
              105.55664062500001,
              19.652185316852826
            ],
            [
              105.64453125000001,
              19.48644140189491
            ],
            [
              105.73242187500001,
              19.320527655132643
            ],
            [
              105.82031250000001,
              19.071341268011622
            ],
            [
              105.908203125,
              18.82177964486377
            ],
            [
              105.99609375000001,
              18.571846962363075
            ],
            [
              106.17187500000001,
              18.321547431614466
            ],
            [
              106.25976562500001,
              18.154479368231268
            ],
            [
              106.43554687500001,
              17.903577874413973
            ],
            [
              106.5234375,
              17.652320928236954
            ],
            [
              106.61132812500001,
              17.40071286471173
            ],
            [
              106.69921875000001,
              17.232781246250667
            ],
            [
              106.78710937500001,
              16.98059771033064
            ],
            [
              106.87500000000001,
              16.812286525266305
            ],
            [
              106.96289062500001,
              16.643825815188638
            ],
            [
              107.05078125000001,
              16.47521690484607
            ],
            [
              107.05078125000001,
              16.222028577208285
            ],
            [
              107.138671875,
              16.053055003194217
            ],
            [
              107.138671875,
              15.799325975271941
            ],
            [
              107.22656250000001,
              15.460526211039877
            ],
            [
              107.22656250000001,
              15.206061563953545
            ],
            [
              107.31445312500001,
              14.951289365453588
            ],
            [
              107.40234375000001,
              14.61112276637973
            ],
            [
              107.49023437500001,
              14.355651166874482
            ],
            [
              107.57812500000001,
              14.099887702744104
            ],
            [
              107.66601562500001,
              13.929218933431947
            ],
            [
              107.75390625,
              13.587504284030883
            ],
            [
              107.84179687500001,
              13.416461260431266
            ],
            [
              108.01757812500001,
              13.15966863939479
            ],
            [
              108.19335937500001,
              13.074010997438593
            ],
            [
              108.28125000000001,
              12.902606646933789
            ],
            [
              108.54492187500001,
              12.645280180334323
            ],
            [
              108.72070312500001,
              12.559446769687254
            ],
            [
              109.07226562500001,
              12.559446769687254
            ],
            [
              109.24804687500001,
              12.645280180334323
            ],
            [
              109.42382812500001,
              12.73108475182493
            ],
            [
              109.51171875000001,
              12.902606646933789
            ],
            [
              109.599609375,
              13.074010997438593
            ],
            [
              109.68750000000001,
              13.416461260431266
            ],
            [
              109.77539062500001,
              13.587504284030883
            ],
            [
              109.77539062500001,
              13.843837142775747
            ],
            [
              109.68750000000001,
              14.014569179311602
            ],
            [
              109.599609375,
              14.18517432640633
            ],
            [
              109.51171875000001,
              14.355651166874482
            ],
            [
              109.51171875000001,
              14.61112276637973
            ],
            [
              109.42382812500001,
              14.781272677043493
            ],
            [
              109.16015625000001,
              14.951289365453588
            ],
            [
              109.07226562500001,
              15.121171440074306
            ],
            [
              108.89648437500001,
              15.206061563953545
            ],
            [
              108.63281250000001,
              15.460526211039877
            ],
            [
              108.45703125000001,
              15.545278612148477
            ],
            [
              108.28125000000001,
              15.71467866487595
            ],
            [
              108.10546875000001,
              15.799325975271941
            ],
            [
              107.92968750000001,
              15.968514313905684
            ],
            [
              107.84179687500001,
              16.137559813800948
            ],
            [
              107.66601562500001,
              16.306461125283924
            ],
            [
              107.49023437500001,
              16.47521690484607
            ],
            [
              107.40234375000001,
              16.728074778205457
            ],
            [
              107.31445312500001,
              16.89646089097479
            ],
            [
              107.22656250000001,
              17.06469681873112
            ],
            [
              107.05078125000001,
              17.232781246250667
            ],
            [
              107.05078125000001,
              17.484620963299182
            ],
            [
              107.05078125000001,
              17.81986484033842
            ],
            [
              107.05078125000001,
              18.070885297886804
            ],
            [
              107.05078125000001,
              18.321547431614466
            ],
            [
              107.138671875,
              18.65519882610776
            ],
            [
              107.22656250000001,
              18.905008288363184
            ],
            [
              107.31445312500001,
              19.154445295202468
            ],
            [
              107.40234375000001,
              19.403505681486706
            ],
            [
              107.49023437500001,
              19.652185316852826
            ],
            [
              107.57812500000001,
              19.81775818830491
            ],
            [
              107.84179687500001,
              19.983158811516503
            ],
            [
              108.01757812500001,
              20.148385988750885
            ],
            [
              108.19335937500001,
              20.23093416275494
            ],
            [
              108.45703125000001,
              20.313438529299884
            ],
            [
              108.80859375000001,
              20.395898940650312
            ],
            [
              108.984375,
              20.478315249513766
            ],
            [
              109.24804687500001,
              20.478315249513766
            ],
            [
              109.599609375,
              20.478315249513766
            ],
            [
              109.86328125000001,
              20.478315249513766
            ],
            [
              110.03906250000001,
              20.395898940650312
            ],
            [
              110.12695312500001,
              20.23093416275494
            ],
            [
              110.30273437500001,
              19.983158811516503
            ],
            [
              110.21484375,
              19.81775818830491
            ],
            [
              110.03906250000001,
              19.652185316852826
            ],
            [
              109.77539062500001,
              19.48644140189491
            ],
            [
              109.599609375,
              19.320527655132643
            ],
            [
              109.42382812500001,
              19.154445295202468
            ],
            [
              109.33593750000001,
              18.98819554764338
            ],
            [
              109.51171875000001,
              18.905008288363184
            ],
            [
              109.68750000000001,
              18.73850977226398
            ],
            [
              109.95117187500001,
              18.73850977226398
            ],
            [
              110.21484375,
              18.82177964486377
            ],
            [
              110.39062500000001,
              18.905008288363184
            ],
            [
              110.56640625000001,
              18.98819554764338
            ],
            [
              110.830078125,
              19.071341268011622
            ],
            [
              111.09375000000001,
              19.154445295202468
            ],
            [
              111.26953125000001,
              19.237507475378745
            ],
            [
              111.4453125,
              19.320527655132643
            ],
            [
              111.70898437500001,
              19.403505681486706
            ],
            [
              111.88476562500001,
              19.48644140189491
            ],
            [
              112.060546875,
              19.569334664243673
            ],
            [
              112.23632812500001,
              19.652185316852826
            ],
            [
              112.41210937500001,
              19.81775818830491
            ],
            [
              112.67578125,
              19.900480105963677
            ],
            [
              112.85156250000001,
              20.06579415546519
            ],
            [
              113.02734375000001,
              20.313438529299884
            ],
            [
              113.20312500000001,
              20.395898940650312
            ],
            [
              113.37890625000001,
              20.478315249513766
            ],
            [
              113.46679687500001,
              20.643014972830354
            ],
            [
              113.55468750000001,
              20.80753652980384
            ],
            [
              113.64257812500001,
              20.97187875813264
            ],
            [
              113.81835937500001,
              21.053982262796264
            ],
            [
              113.99414062500001,
              21.21805333453765
            ],
            [
              114.16992187500001,
              21.46381795596795
            ],
            [
              114.34570312500001,
              21.62743139052995
            ],
            [
              114.521484375,
              21.709168790891983
            ],
            [
              114.69726562500001,
              21.790859793037054
            ],
            [
              114.87304687500001,
              21.954102044604653
            ],
            [
              115.04882812500001,
              22.035653016136216
            ],
            [
              115.22460937500001,
              22.11715703367026
            ],
            [
              115.40039062500001,
              22.198613959409325
            ],
            [
              115.48828125000001,
              22.198613959409325
            ],
            [
              114.60937500000001,
              22.198613959409325
            ]
          ]
        ]
      }
    },
    {
      "type": "Feature",
      "properties": {
        "NAME": "신라",
        "name": "668-700",
        "color": "#ef4444",
        "fill": "#ef4444",
        "fill-opacity": 0.5,
        "stroke": "#ef4444",
        "stroke-width": 2,
        "originalType": "polyline",
        "CODE": "신라"
      },
      "geometry": {
        "type": "Polygon",
        "coordinates": [
          [
            [
              128.23242187500003,
              39.86276983712252
            ],
            [
              128.05664062500003,
              39.79522597707171
            ],
            [
              127.88085937500001,
              39.659939101079466
            ],
            [
              127.70507812500001,
              39.5921961434784
            ],
            [
              127.52929687500001,
              39.524386879032875
            ],
            [
              127.35351562500001,
              39.45651133791237
            ],
            [
              127.08984375000001,
              39.45651133791237
            ],
            [
              126.91406250000001,
              39.388569550687784
            ],
            [
              126.73828125000001,
              39.32056154833216
            ],
            [
              126.47460937500001,
              39.252487362221785
            ],
            [
              126.21093750000001,
              39.252487362221785
            ],
            [
              126.03515625000001,
              39.18434702413697
            ],
            [
              125.85937500000001,
              39.11614056626296
            ],
            [
              125.68359375000001,
              39.04786802119092
            ],
            [
              125.50781250000001,
              38.979529421918706
            ],
            [
              125.33203125000001,
              38.91112480185177
            ],
            [
              125.15625000000001,
              38.774117634999094
            ],
            [
              124.98046875000001,
              38.70551515707035
            ],
            [
              124.89257812500001,
              38.568112587432736
            ],
            [
              124.80468750000001,
              38.43044677119862
            ],
            [
              124.89257812500001,
              38.292518000295175
            ],
            [
              124.89257812500001,
              38.08513245889064
            ],
            [
              124.98046875000001,
              37.94654762218432
            ],
            [
              125.15625000000001,
              37.87715697871142
            ],
            [
              125.33203125000001,
              37.80770090507867
            ],
            [
              125.50781250000001,
              37.738179441753545
            ],
            [
              125.59570312500001,
              37.59894051001185
            ],
            [
              125.85937500000001,
              37.59894051001185
            ],
            [
              126.12304687500001,
              37.59894051001185
            ],
            [
              126.29882812500001,
              37.529223124648574
            ],
            [
              126.47460937500001,
              37.459440515701075
            ],
            [
              126.47460937500001,
              37.24970177539617
            ],
            [
              126.47460937500001,
              37.03937758176535
            ],
            [
              126.38671875000001,
              36.89883679585727
            ],
            [
              126.29882812500001,
              36.75803671107617
            ],
            [
              126.38671875000001,
              36.61697770086318
            ],
            [
              126.47460937500001,
              36.40490453439166
            ],
            [
              126.56250000000001,
              36.26319989012852
            ],
            [
              126.73828125000001,
              36.19225095656656
            ],
            [
              126.82617187500001,
              36.050160118569394
            ],
            [
              126.82617187500001,
              35.83654220359181
            ],
            [
              126.73828125000001,
              35.69380976355072
            ],
            [
              126.65039062500001,
              35.550821422337656
            ],
            [
              126.56250000000001,
              35.33586004571292
            ],
            [
              126.47460937500001,
              35.19223386310129
            ],
            [
              126.38671875000001,
              34.904218896997136
            ],
            [
              126.38671875000001,
              34.68754221971654
            ],
            [
              126.38671875000001,
              34.39775575960317
            ],
            [
              126.56250000000001,
              34.325151652230794
            ],
            [
              126.73828125000001,
              34.17975487965469
            ],
            [
              127.00195312500001,
              34.10696233999202
            ],
            [
              127.35351562500001,
              34.10696233999202
            ],
            [
              127.61718750000001,
              34.10696233999202
            ],
            [
              127.88085937500001,
              34.10696233999202
            ],
            [
              128.05664062500003,
              34.17975487965469
            ],
            [
              128.32031250000003,
              34.17975487965469
            ],
            [
              128.49609375000003,
              34.2524846714009
            ],
            [
              128.75976562500003,
              34.325151652230794
            ],
            [
              129.02343750000003,
              34.39775575960317
            ],
            [
              129.19921875000003,
              34.47029693143507
            ],
            [
              129.37500000000003,
              34.61519022243219
            ],
            [
              129.55078125000003,
              34.68754221971654
            ],
            [
              129.72656250000003,
              34.83205661657328
            ],
            [
              129.90234375000003,
              34.97631782007572
            ],
            [
              129.90234375000003,
              35.19223386310129
            ],
            [
              129.99023437500003,
              35.33586004571292
            ],
            [
              130.07812500000003,
              35.550821422337656
            ],
            [
              130.07812500000003,
              35.76520799802274
            ],
            [
              130.07812500000003,
              35.97901831625216
            ],
            [
              130.07812500000003,
              36.26319989012852
            ],
            [
              130.07812500000003,
              36.475660145617866
            ],
            [
              129.99023437500003,
              36.61697770086318
            ],
            [
              129.99023437500003,
              36.82846914264859
            ],
            [
              129.90234375000003,
              36.96913962423935
            ],
            [
              129.81445312500003,
              37.24970177539617
            ],
            [
              129.72656250000003,
              37.459440515701075
            ],
            [
              129.63867187500003,
              37.59894051001185
            ],
            [
              129.55078125000003,
              37.738179441753545
            ],
            [
              129.37500000000003,
              37.87715697871142
            ],
            [
              129.19921875000003,
              37.94654762218432
            ],
            [
              129.11132812500003,
              38.08513245889064
            ],
            [
              129.02343750000003,
              38.2234550998865
            ],
            [
              128.93554687500003,
              38.361515236575784
            ],
            [
              128.75976562500003,
              38.499312567050254
            ],
            [
              128.67187500000003,
              38.63684679606264
            ],
            [
              128.67187500000003,
              38.842654194804126
            ],
            [
              128.58398437500003,
              38.979529421918706
            ],
            [
              128.58398437500003,
              39.18434702413697
            ],
            [
              128.58398437500003,
              39.388569550687784
            ],
            [
              128.58398437500003,
              39.5921961434784
            ],
            [
              128.67187500000003,
              39.727615722067064
            ],
            [
              128.67187500000003,
              39.93024727364637
            ],
            [
              128.58398437500003,
              40.06500276380347
            ],
            [
              128.40820312500003,
              40.132280762270774
            ],
            [
              128.14453125000003,
              40.06500276380347
            ],
            [
              127.96875000000001,
              39.99765825846684
            ],
            [
              127.79296875000001,
              39.93024727364637
            ],
            [
              127.61718750000001,
              39.86276983712252
            ],
            [
              127.52929687500001,
              39.727615722067064
            ],
            [
              127.52929687500001,
              39.727615722067064
            ],
            [
              128.23242187500003,
              39.86276983712252
            ]
          ]
        ]
      }
    }
  ]
}