{
  "type": "FeatureCollection",
  "features": [
    {
      "type": "Feature",
      "properties": {
        "NAME": "Joseon",
        "name": "Joseon",
        "color": "#10b981",
        "fill": "#ef4444",
        "fill-opacity": 0.5,
        "stroke": "#ef4444",
        "stroke-width": 2,
        "originalType": "polygon",
        "CODE": "18"
      },
      "geometry": {
        "type": "Polygon",
        "coordinates": [
          [
            [
              128.472902,
              38.459051
            ],
            [
              128.472902,
              38.48486
            ],
            [
              128.461917,
              38.502061
            ],
            [
              128.450932,
              38.536451
            ],
            [
              128.439948,
              38.553639
            ],
            [
              128.428963,
              38.570824
            ],
            [
              128.417979,
              38.588005
            ],
            [
              128.406994,
              38.605181
            ],
            [
              128.396009,
              38.622353
            ],
            [
              128.37404,
              38.639521
            ],
            [
              128.363056,
              38.656685
            ],
            [
              128.341086,
              38.673845
            ],
            [
              128.330102,
              38.691001
            ],
            [
              128.308133,
              38.699578
            ],
            [
              128.297148,
              38.716727
            ],
            [
              128.275179,
              38.725301
            ],
            [
              128.253209,
              38.733873
            ],
            [
              128.23124,
              38.751014
            ],
            [
              128.209271,
              38.759583
            ],
            [
              128.187302,
              38.768152
            ],
            [
              128.176317,
              38.785285
            ],
            [
              128.154348,
              38.79385
            ],
            [
              128.132379,
              38.810977
            ],
            [
              128.11041,
              38.819539
            ],
            [
              128.08844,
              38.83666
            ],
            [
              128.066471,
              38.845218
            ],
            [
              128.055486,
              38.862333
            ],
            [
              128.022533,
              38.870889
            ],
            [
              127.978594,
              38.89655
            ],
            [
              127.956625,
              38.913652
            ],
            [
              127.934656,
              38.922202
            ],
            [
              127.912687,
              38.930751
            ],
            [
              127.901702,
              38.947845
            ],
            [
              127.890717,
              38.964935
            ],
            [
              127.879733,
              38.982021
            ],
            [
              127.868748,
              38.999102
            ],
            [
              127.846779,
              39.007642
            ],
            [
              127.835794,
              39.024717
            ],
            [
              127.82481,
              39.050323
            ],
            [
              127.80284,
              39.067388
            ],
            [
              127.791856,
              39.084449
            ],
            [
              127.769887,
              39.092978
            ],
            [
              127.758902,
              39.110033
            ],
            [
              127.736933,
              39.127084
            ],
            [
              127.714964,
              39.135607
            ],
            [
              127.692994,
              39.14413
            ],
            [
              127.671025,
              39.152652
            ],
            [
              127.649056,
              39.161173
            ],
            [
              127.627087,
              39.169692
            ],
            [
              127.605117,
              39.178211
            ],
            [
              127.572164,
              39.178211
            ],
            [
              127.550194,
              39.186729
            ],
            [
              127.517241,
              39.186729
            ],
            [
              127.495271,
              39.195245
            ],
            [
              127.473302,
              39.203761
            ],
            [
              127.440348,
              39.203761
            ],
            [
              127.418379,
              39.212276
            ],
            [
              127.407394,
              39.229302
            ],
            [
              127.39641,
              39.246323
            ],
            [
              127.385425,
              39.263341
            ],
            [
              127.385425,
              39.28886
            ],
            [
              127.385425,
              39.31437
            ],
            [
              127.39641,
              39.331371
            ],
            [
              127.407394,
              39.348368
            ],
            [
              127.429364,
              39.356865
            ],
            [
              127.462318,
              39.356865
            ],
            [
              127.484287,
              39.365361
            ],
            [
              127.506256,
              39.373856
            ],
            [
              127.528225,
              39.38235
            ],
            [
              127.550194,
              39.390843
            ],
            [
              127.561179,
              39.407825
            ],
            [
              127.561179,
              39.433291
            ],
            [
              127.561179,
              39.458748
            ],
            [
              127.561179,
              39.484196
            ],
            [
              127.561179,
              39.509634
            ],
            [
              127.561179,
              39.535063
            ],
            [
              127.550194,
              39.552011
            ],
            [
              127.550194,
              39.577424
            ],
            [
              127.53921,
              39.594361
            ],
            [
              127.53921,
              39.619759
            ],
            [
              127.53921,
              39.645148
            ],
            [
              127.53921,
              39.670527
            ],
            [
              127.53921,
              39.695897
            ],
            [
              127.528225,
              39.712805
            ],
            [
              127.517241,
              39.729709
            ],
            [
              127.528225,
              39.746609
            ],
            [
              127.561179,
              39.763504
            ],
            [
              127.583148,
              39.771951
            ],
            [
              127.605117,
              39.780396
            ],
            [
              127.616102,
              39.797283
            ],
            [
              127.627087,
              39.822607
            ],
            [
              127.638071,
              39.839484
            ],
            [
              127.671025,
              39.847921
            ],
            [
              127.692994,
              39.856357
            ],
            [
              127.714964,
              39.873225
            ],
            [
              127.747917,
              39.873225
            ],
            [
              127.769887,
              39.881658
            ],
            [
              127.80284,
              39.881658
            ],
            [
              127.82481,
              39.89009
            ],
            [
              127.857764,
              39.898521
            ],
            [
              127.879733,
              39.915379
            ],
            [
              127.890717,
              39.932233
            ],
            [
              127.912687,
              39.940659
            ],
            [
              127.934656,
              39.957507
            ],
            [
              127.94564,
              39.974351
            ],
            [
              127.956625,
              39.99119
            ],
            [
              127.978594,
              40.008026
            ],
            [
              128.000563,
              40.016442
            ],
            [
              128.022533,
              40.024857
            ],
            [
              128.044502,
              40.033271
            ],
            [
              128.066471,
              40.041685
            ],
            [
              128.08844,
              40.050097
            ],
            [
              128.099425,
              40.066918
            ],
            [
              128.132379,
              40.075327
            ],
            [
              128.165333,
              40.075327
            ],
            [
              128.198286,
              40.075327
            ],
            [
              128.220256,
              40.066918
            ],
            [
              128.253209,
              40.066918
            ],
            [
              128.286163,
              40.058508
            ],
            [
              128.319117,
              40.058508
            ],
            [
              128.352071,
              40.058508
            ],
            [
              128.385025,
              40.083735
            ],
            [
              128.406994,
              40.092141
            ],
            [
              128.428963,
              40.100547
            ],
            [
              128.450932,
              40.108952
            ],
            [
              128.472902,
              40.125759
            ],
            [
              128.505856,
              40.15096
            ],
            [
              128.538809,
              40.159359
            ],
            [
              128.560779,
              40.176153
            ],
            [
              128.582748,
              40.184549
            ],
            [
              128.604717,
              40.192943
            ],
            [
              128.626686,
              40.209729
            ],
            [
              128.65964,
              40.21812
            ],
            [
              128.681609,
              40.22651
            ],
            [
              128.692594,
              40.243288
            ],
            [
              128.703579,
              40.260061
            ],
            [
              128.714563,
              40.27683
            ],
            [
              128.714563,
              40.310356
            ],
            [
              128.714563,
              40.335489
            ],
            [
              128.703579,
              40.352239
            ],
            [
              128.681609,
              40.360613
            ],
            [
              128.703579,
              40.368986
            ],
            [
              128.736532,
              40.368986
            ],
            [
              128.758502,
              40.377357
            ],
            [
              128.780471,
              40.385728
            ],
            [
              128.80244,
              40.402465
            ],
            [
              128.835394,
              40.410833
            ],
            [
              128.857363,
              40.419199
            ],
            [
              128.890317,
              40.427564
            ],
            [
              128.912286,
              40.435929
            ],
            [
              128.934255,
              40.444292
            ],
            [
              128.956225,
              40.452654
            ],
            [
              128.989178,
              40.461015
            ],
            [
              129.011148,
              40.469375
            ],
            [
              129.022132,
              40.486092
            ],
            [
              129.044101,
              40.494449
            ],
            [
              129.066071,
              40.502805
            ],
            [
              129.08804,
              40.51116
            ],
            [
              129.110009,
              40.519514
            ],
            [
              129.120994,
              40.536219
            ],
            [
              129.120994,
              40.561268
            ],
            [
              129.131978,
              40.577962
            ],
            [
              129.142963,
              40.594652
            ],
            [
              129.153948,
              40.611338
            ],
            [
              129.175917,
              40.619679
            ],
            [
              129.197886,
              40.636359
            ],
            [
              129.219855,
              40.644697
            ],
            [
              129.241824,
              40.653034
            ],
            [
              129.274778,
              40.66137
            ],
            [
              129.296748,
              40.669706
            ],
            [
              129.318717,
              40.67804
            ],
            [
              129.329701,
              40.694705
            ],
            [
              129.340686,
              40.711365
            ],
            [
              129.362655,
              40.728022
            ],
            [
              129.37364,
              40.744675
            ],
            [
              129.395609,
              40.761323
            ],
            [
              129.417578,
              40.769646
            ],
            [
              129.439547,
              40.777967
            ],
            [
              129.472501,
              40.777967
            ],
            [
              129.505455,
              40.777967
            ],
            [
              129.527424,
              40.786288
            ],
            [
              129.560378,
              40.794607
            ],
            [
              129.604317,
              40.794607
            ],
            [
              129.626286,
              40.802926
            ],
            [
              129.648255,
              40.811243
            ],
            [
              129.670224,
              40.819559
            ],
            [
              129.692193,
              40.836189
            ],
            [
              129.714163,
              40.852814
            ],
            [
              129.736132,
              40.869436
            ],
            [
              129.758101,
              40.877745
            ],
            [
              129.758101,
              40.902666
            ],
            [
              129.758101,
              40.927577
            ],
            [
              129.769086,
              40.94418
            ],
            [
              129.769086,
              40.969075
            ],
            [
              129.78007,
              40.985668
            ],
            [
              129.78007,
              41.010548
            ],
            [
              129.78007,
              41.035419
            ],
            [
              129.78007,
              41.06028
            ],
            [
              129.78007,
              41.085132
            ],
            [
              129.78007,
              41.109975
            ],
            [
              129.78007,
              41.134808
            ],
            [
              129.78007,
              41.159632
            ],
            [
              129.78007,
              41.192716
            ],
            [
              129.78007,
              41.217518
            ],
            [
              129.78007,
              41.24231
            ],
            [
              129.78007,
              41.267093
            ],
            [
              129.791055,
              41.28361
            ],
            [
              129.80204,
              41.300123
            ],
            [
              129.813024,
              41.333136
            ],
            [
              129.824009,
              41.349636
            ],
            [
              129.834993,
              41.366132
            ],
            [
              129.845978,
              41.382624
            ],
            [
              129.824009,
              41.399111
            ],
            [
              129.80204,
              41.415595
            ],
            [
              129.791055,
              41.432074
            ],
            [
              129.78007,
              41.448549
            ],
            [
              129.769086,
              41.46502
            ],
            [
              129.758101,
              41.489718
            ],
            [
              129.747117,
              41.506179
            ],
            [
              129.736132,
              41.522635
            ],
            [
              129.736132,
              41.547311
            ],
            [
              129.725147,
              41.563757
            ],
            [
              129.725147,
              41.588418
            ],
            [
              129.725147,
              41.613069
            ],
            [
              129.725147,
              41.637711
            ],
            [
              129.725147,
              41.662344
            ],
            [
              129.736132,
              41.67876
            ],
            [
              129.747117,
              41.703377
            ],
            [
              129.758101,
              41.727985
            ],
            [
              129.769086,
              41.744384
            ],
            [
              129.850142,
              41.790766
            ],
            [
              129.878971,
              41.870569
            ],
            [
              129.962763,
              41.915568
            ],
            [
              130.139838,
              42.108363
            ],
            [
              130.369239,
              42.222414
            ],
            [
              130.476386,
              42.34128
            ],
            [
              130.602715,
              42.277314
            ],
            [
              130.66038,
              42.28646
            ],
            [
              130.649384,
              42.327077
            ],
            [
              130.634173,
              42.422405
            ],
            [
              130.425552,
              42.543947
            ],
            [
              130.296397,
              42.663177
            ],
            [
              130.226421,
              42.718736
            ],
            [
              130.223616,
              42.778172
            ],
            [
              130.247024,
              42.894074
            ],
            [
              130.113821,
              42.976507
            ],
            [
              129.90923,
              42.997573
            ],
            [
              129.839171,
              42.855827
            ],
            [
              129.756822,
              42.633937
            ],
            [
              129.756776,
              42.568254
            ],
            [
              129.769129,
              42.515639
            ],
            [
              129.690881,
              42.409271
            ],
            [
              129.61944,
              42.423386
            ],
            [
              129.545283,
              42.374755
            ],
            [
              129.46976,
              42.402133
            ],
            [
              129.434046,
              42.405209
            ],
            [
              129.333818,
              42.40313
            ],
            [
              129.269278,
              42.374733
            ],
            [
              129.233561,
              42.359558
            ],
            [
              129.254148,
              42.336212
            ],
            [
              129.25415,
              42.325044
            ],
            [
              129.245912,
              42.30981
            ],
            [
              129.234928,
              42.293558
            ],
            [
              129.182755,
              42.255958
            ],
            [
              129.228048,
              42.220379
            ],
            [
              129.177251,
              42.182741
            ],
            [
              129.141536,
              42.1461
            ],
            [
              129.064643,
              42.136928
            ],
            [
              129.033046,
              42.084978
            ],
            [
              128.95753,
              42.078859
            ],
            [
              128.950657,
              42.015639
            ],
            [
              128.909452,
              42.012572
            ],
            [
              128.85727,
              42.010532
            ],
            [
              128.817444,
              42.035013
            ],
            [
              128.722696,
              42.037051
            ],
            [
              128.69659,
              42.010532
            ],
            [
              128.627938,
              42.016648
            ],
            [
              128.59771,
              41.995224
            ],
            [
              128.496095,
              41.997261
            ],
            [
              128.406827,
              42.01767
            ],
            [
              128.327176,
              42.010528
            ],
            [
              128.239293,
              42.006449
            ],
            [
              128.182982,
              42.01461
            ],
            [
              128.118439,
              42.014611
            ],
            [
              128.088224,
              42.014609
            ],
            [
              128.037429,
              41.988077
            ],
            [
              128.086852,
              41.974794
            ],
            [
              128.117063,
              41.944162
            ],
            [
              128.110201,
              41.920665
            ],
            [
              128.106082,
              41.859334
            ],
            [
              128.110205,
              41.82659
            ],
            [
              128.121189,
              41.784623
            ],
            [
              128.177497,
              41.723156
            ],
            [
              128.284599,
              41.662652
            ],
            [
              128.318901,
              41.589773
            ],
            [
              128.303836,
              41.559978
            ],
            [
              128.306575,
              41.535311
            ],
            [
              128.248899,
              41.489033
            ],
            [
              128.22143,
              41.408748
            ],
            [
              128.128059,
              41.369596
            ],
            [
              128.106073,
              41.346925
            ],
            [
              128.062125,
              41.3902
            ],
            [
              128.012696,
              41.394326
            ],
            [
              127.974248,
              41.418014
            ],
            [
              127.935798,
              41.428309
            ],
            [
              127.879498,
              41.423162
            ],
            [
              127.801202,
              41.414925
            ],
            [
              127.754511,
              41.414925
            ],
            [
              127.689975,
              41.413895
            ],
            [
              127.65596,
              41.404749
            ],
            [
              127.618557,
              41.422133
            ],
            [
              127.548529,
              41.428313
            ],
            [
              127.500469,
              41.464336
            ],
            [
              127.455152,
              41.450959
            ],
            [
              127.376888,
              41.467423
            ],
            [
              127.35354,
              41.453018
            ],
            [
              127.287627,
              41.471541
            ],
            [
              127.209327,
              41.510642
            ],
            [
              127.15576,
              41.526056
            ],
            [
              127.092604,
              41.534281
            ],
            [
              127.117321,
              41.558947
            ],
            [
              127.144777,
              41.586683
            ],
            [
              127.104958,
              41.607223
            ],
            [
              127.088477,
              41.64007
            ],
            [
              127.033557,
              41.672901
            ],
            [
              127.045913,
              41.698539
            ],
            [
              127.034922,
              41.728266
            ],
            [
              126.969015,
              41.768219
            ],
            [
              126.934689,
              41.773341
            ],
            [
              126.930567,
              41.79996
            ],
            [
              126.903103,
              41.79484
            ],
            [
              126.86603,
              41.761047
            ],
            [
              126.846752,
              41.734405
            ],
            [
              126.811066,
              41.729303
            ],
            [
              126.782203,
              41.689285
            ],
            [
              126.743771,
              41.728274
            ],
            [
              126.67098,
              41.689281
            ],
            [
              126.670979,
              41.666715
            ],
            [
              126.618798,
              41.659533
            ],
            [
              126.58997,
              41.610306
            ],
            [
              126.585845,
              41.539423
            ],
            [
              126.526806,
              41.44377
            ],
            [
              126.528178,
              41.42009
            ],
            [
              126.522688,
              41.38816
            ],
            [
              126.540514,
              41.351042
            ],
            [
              126.437532,
              41.330406
            ],
            [
              126.40595,
              41.305655
            ],
            [
              126.383974,
              41.291201
            ],
            [
              126.371615,
              41.272628
            ],
            [
              126.351026,
              41.24374
            ],
            [
              126.34278,
              41.234433
            ],
            [
              126.324926,
              41.210678
            ],
            [
              126.308443,
              41.184854
            ],
            [
              126.29883,
              41.147635
            ],
            [
              126.2645,
              41.142464
            ],
            [
              126.219186,
              41.121778
            ],
            [
              126.151893,
              41.091765
            ],
            [
              126.158756,
              41.042072
            ],
            [
              126.118931,
              41.016173
            ],
            [
              126.096957,
              40.991292
            ],
            [
              126.059879,
              40.930111
            ],
            [
              126.053698,
              40.932185
            ],
            [
              126.048891,
              40.922848
            ],
            [
              126.021426,
              40.926995
            ],
            [
              126.004943,
              40.889637
            ],
            [
              125.96841,
              40.869436
            ],
            [
              125.935457,
              40.869436
            ],
            [
              125.902503,
              40.869436
            ],
            [
              125.869549,
              40.869436
            ],
            [
              125.84758,
              40.861126
            ],
            [
              125.825611,
              40.852814
            ],
            [
              125.803641,
              40.844502
            ],
            [
              125.781672,
              40.836189
            ],
            [
              125.759703,
              40.827875
            ],
            [
              125.737734,
              40.819559
            ],
            [
              125.715764,
              40.811243
            ],
            [
              125.682811,
              40.811243
            ],
            [
              125.660841,
              40.802926
            ],
            [
              125.638872,
              40.786288
            ],
            [
              125.616903,
              40.769646
            ],
            [
              125.605918,
              40.752999
            ],
            [
              125.583949,
              40.744675
            ],
            [
              125.56198,
              40.736349
            ],
            [
              125.540011,
              40.728022
            ],
            [
              125.529026,
              40.711365
            ],
            [
              125.507057,
              40.703036
            ],
            [
              125.485088,
              40.694705
            ],
            [
              125.441149,
              40.686373
            ],
            [
              125.41918,
              40.67804
            ],
            [
              125.397211,
              40.669706
            ],
            [
              125.375241,
              40.66137
            ],
            [
              125.353272,
              40.653034
            ],
            [
              125.331303,
              40.636359
            ],
            [
              125.309334,
              40.62802
            ],
            [
              125.287365,
              40.619679
            ],
            [
              125.265395,
              40.611338
            ],
            [
              125.232442,
              40.611338
            ],
            [
              125.210472,
              40.602995
            ],
            [
              125.188503,
              40.594652
            ],
            [
              125.155549,
              40.586308
            ],
            [
              125.13358,
              40.577962
            ],
            [
              125.111611,
              40.569615
            ],
            [
              125.078657,
              40.552919
            ],
            [
              125.034719,
              40.536219
            ],
            [
              125.001765,
              40.519514
            ],
            [
              124.979796,
              40.502805
            ],
            [
              124.936528,
              40.463671
            ],
            [
              124.957826,
              40.494449
            ],
            [
              124.946842,
              40.477734
            ],
            [
              124.924872,
              40.469375
            ],
            [
              124.913888,
              40.452654
            ],
            [
              124.891919,
              40.444292
            ],
            [
              124.880934,
              40.427564
            ],
            [
              124.858965,
              40.410833
            ],
            [
              124.84798,
              40.394097
            ],
            [
              124.826011,
              40.385728
            ],
            [
              124.815026,
              40.368986
            ],
            [
              124.793057,
              40.360613
            ],
            [
              124.771088,
              40.352239
            ],
            [
              124.749119,
              40.343865
            ],
            [
              124.727149,
              40.335489
            ],
            [
              124.70518,
              40.318734
            ],
            [
              124.683211,
              40.310356
            ],
            [
              124.661242,
              40.301976
            ],
            [
              124.639273,
              40.293595
            ],
            [
              124.617303,
              40.285213
            ],
            [
              124.595334,
              40.268446
            ],
            [
              124.573365,
              40.260061
            ],
            [
              124.56238,
              40.243288
            ],
            [
              124.551396,
              40.22651
            ],
            [
              124.540411,
              40.209729
            ],
            [
              124.540411,
              40.184549
            ],
            [
              124.529426,
              40.159359
            ],
            [
              124.518442,
              40.142561
            ],
            [
              124.496473,
              40.13416
            ],
            [
              124.474503,
              40.117356
            ],
            [
              124.452534,
              40.108952
            ],
            [
              124.44155,
              40.092141
            ],
            [
              124.430565,
              40.075327
            ],
            [
              124.41958,
              40.058508
            ],
            [
              124.408596,
              40.041685
            ],
            [
              124.397611,
              40.016442
            ],
            [
              124.386627,
              39.999609
            ],
            [
              124.386627,
              39.974351
            ],
            [
              124.386627,
              39.949083
            ],
            [
              124.386627,
              39.923807
            ],
            [
              124.386627,
              39.898521
            ],
            [
              124.408596,
              39.881658
            ],
            [
              124.41958,
              39.864792
            ],
            [
              124.44155,
              39.856357
            ],
            [
              124.463519,
              39.839484
            ],
            [
              124.485488,
              39.822607
            ],
            [
              124.507457,
              39.805726
            ],
            [
              124.529426,
              39.797283
            ],
            [
              124.540411,
              39.780396
            ],
            [
              124.551396,
              39.763504
            ],
            [
              124.56238,
              39.746609
            ],
            [
              124.573365,
              39.729709
            ],
            [
              124.58435,
              39.704351
            ],
            [
              124.595334,
              39.678985
            ],
            [
              124.606319,
              39.662068
            ],
            [
              124.617303,
              39.645148
            ],
            [
              124.628288,
              39.628223
            ],
            [
              124.650257,
              39.619759
            ],
            [
              124.683211,
              39.619759
            ],
            [
              124.70518,
              39.611294
            ],
            [
              124.727149,
              39.602828
            ],
            [
              124.760103,
              39.602828
            ],
            [
              124.793057,
              39.602828
            ],
            [
              124.826011,
              39.602828
            ],
            [
              124.858965,
              39.594361
            ],
            [
              124.891919,
              39.594361
            ],
            [
              124.924872,
              39.594361
            ],
            [
              124.957826,
              39.594361
            ],
            [
              124.99078,
              39.594361
            ],
            [
              125.001765,
              39.611294
            ],
            [
              125.023734,
              39.602828
            ],
            [
              125.056688,
              39.602828
            ],
            [
              125.078657,
              39.594361
            ],
            [
              125.100626,
              39.585893
            ],
            [
              125.13358,
              39.585893
            ],
            [
              125.155549,
              39.577424
            ],
            [
              125.188503,
              39.577424
            ],
            [
              125.221457,
              39.568954
            ],
            [
              125.243426,
              39.560483
            ],
            [
              125.254411,
              39.543537
            ],
            [
              125.265395,
              39.526588
            ],
            [
              125.287365,
              39.518111
            ],
            [
              125.287365,
              39.492676
            ],
            [
              125.298349,
              39.475714
            ],
            [
              125.298349,
              39.450264
            ],
            [
              125.309334,
              39.433291
            ],
            [
              125.320318,
              39.416315
            ],
            [
              125.331303,
              39.399334
            ],
            [
              125.320318,
              39.38235
            ],
            [
              125.320318,
              39.356865
            ],
            [
              125.320318,
              39.331371
            ],
            [
              125.331303,
              39.31437
            ],
            [
              125.342288,
              39.297364
            ],
            [
              125.364257,
              39.28886
            ],
            [
              125.375241,
              39.271849
            ],
            [
              125.375241,
              39.246323
            ],
            [
              125.364257,
              39.220789
            ],
            [
              125.353272,
              39.203761
            ],
            [
              125.342288,
              39.186729
            ],
            [
              125.320318,
              39.178211
            ],
            [
              125.298349,
              39.169692
            ],
            [
              125.27638,
              39.161173
            ],
            [
              125.254411,
              39.152652
            ],
            [
              125.232442,
              39.14413
            ],
            [
              125.221457,
              39.127084
            ],
            [
              125.210472,
              39.110033
            ],
            [
              125.199488,
              39.092978
            ],
            [
              125.177519,
              39.075919
            ],
            [
              125.166534,
              39.058856
            ],
            [
              125.155549,
              39.041788
            ],
            [
              125.144565,
              39.007642
            ],
            [
              125.13358,
              38.990562
            ],
            [
              125.122595,
              38.964935
            ],
            [
              125.122595,
              38.939298
            ],
            [
              125.111611,
              38.922202
            ],
            [
              125.111611,
              38.89655
            ],
            [
              125.100626,
              38.879444
            ],
            [
              125.100626,
              38.853776
            ],
            [
              125.100626,
              38.8281
            ],
            [
              125.100626,
              38.802414
            ],
            [
              125.100626,
              38.776719
            ],
            [
              125.122595,
              38.759583
            ],
            [
              125.144565,
              38.742444
            ],
            [
              125.155549,
              38.725301
            ],
            [
              125.144565,
              38.708153
            ],
            [
              125.13358,
              38.691001
            ],
            [
              125.111611,
              38.682424
            ],
            [
              125.089642,
              38.673845
            ],
            [
              125.067672,
              38.665266
            ],
            [
              125.045703,
              38.656685
            ],
            [
              125.023734,
              38.648104
            ],
            [
              125.001765,
              38.630938
            ],
            [
              124.979796,
              38.622353
            ],
            [
              124.957826,
              38.613768
            ],
            [
              124.946842,
              38.596593
            ],
            [
              124.924872,
              38.588005
            ],
            [
              124.902903,
              38.570824
            ],
            [
              124.891919,
              38.553639
            ],
            [
              124.880934,
              38.527855
            ],
            [
              124.869949,
              38.51066
            ],
            [
              124.858965,
              38.493461
            ],
            [
              124.84798,
              38.467655
            ],
            [
              124.84798,
              38.441839
            ],
            [
              124.836996,
              38.416015
            ],
            [
              124.826011,
              38.398793
            ],
            [
              124.815026,
              38.372953
            ],
            [
              124.804042,
              38.329866
            ],
            [
              124.804042,
              38.304001
            ],
            [
              124.804042,
              38.278127
            ],
            [
              124.793057,
              38.260873
            ],
            [
              124.771088,
              38.252244
            ],
            [
              124.749119,
              38.243615
            ],
            [
              124.727149,
              38.234984
            ],
            [
              124.716165,
              38.217719
            ],
            [
              124.694196,
              38.209085
            ],
            [
              124.683211,
              38.191815
            ],
            [
              124.661242,
              38.183178
            ],
            [
              124.672226,
              38.165901
            ],
            [
              124.694196,
              38.14862
            ],
            [
              124.70518,
              38.131335
            ],
            [
              124.727149,
              38.12269
            ],
            [
              124.749119,
              38.114045
            ],
            [
              124.771088,
              38.105399
            ],
            [
              124.793057,
              38.096752
            ],
            [
              124.826011,
              38.096752
            ],
            [
              124.84798,
              38.088104
            ],
            [
              124.869949,
              38.070804
            ],
            [
              124.880934,
              38.053501
            ],
            [
              124.891919,
              38.036193
            ],
            [
              124.902903,
              38.018882
            ],
            [
              124.913888,
              38.001566
            ],
            [
              124.924872,
              37.975584
            ],
            [
              124.924872,
              37.949594
            ],
            [
              124.924872,
              37.923594
            ],
            [
              124.935857,
              37.906256
            ],
            [
              124.935857,
              37.880241
            ],
            [
              124.946842,
              37.862892
            ],
            [
              124.968811,
              37.854217
            ],
            [
              124.979796,
              37.836862
            ],
            [
              125.001765,
              37.819503
            ],
            [
              125.023734,
              37.810822
            ],
            [
              125.045703,
              37.80214
            ],
            [
              125.067672,
              37.793457
            ],
            [
              125.100626,
              37.793457
            ],
            [
              125.13358,
              37.793457
            ],
            [
              125.155549,
              37.784774
            ],
            [
              125.177519,
              37.767403
            ],
            [
              125.188503,
              37.750028
            ],
            [
              125.199488,
              37.732648
            ],
            [
              125.221457,
              37.715265
            ],
            [
              125.243426,
              37.706572
            ],
            [
              125.265395,
              37.697878
            ],
            [
              125.287365,
              37.689183
            ],
            [
              125.320318,
              37.689183
            ],
            [
              125.353272,
              37.689183
            ],
            [
              125.386226,
              37.689183
            ],
            [
              125.408195,
              37.697878
            ],
            [
              125.430165,
              37.706572
            ],
            [
              125.452134,
              37.715265
            ],
            [
              125.485088,
              37.723957
            ],
            [
              125.507057,
              37.732648
            ],
            [
              125.529026,
              37.741339
            ],
            [
              125.550995,
              37.750028
            ],
            [
              125.572964,
              37.758716
            ],
            [
              125.583949,
              37.776089
            ],
            [
              125.594934,
              37.793457
            ],
            [
              125.605918,
              37.810822
            ],
            [
              125.627888,
              37.819503
            ],
            [
              125.638872,
              37.836862
            ],
            [
              125.660841,
              37.854217
            ],
            [
              125.682811,
              37.862892
            ],
            [
              125.70478,
              37.871567
            ],
            [
              125.726749,
              37.880241
            ],
            [
              125.759703,
              37.871567
            ],
            [
              125.781672,
              37.862892
            ],
            [
              125.803641,
              37.854217
            ],
            [
              125.825611,
              37.84554
            ],
            [
              125.84758,
              37.828183
            ],
            [
              125.869549,
              37.819503
            ],
            [
              125.880534,
              37.793457
            ],
            [
              125.902503,
              37.776089
            ],
            [
              125.924472,
              37.767403
            ],
            [
              125.946441,
              37.758716
            ],
            [
              125.979395,
              37.758716
            ],
            [
              126.012349,
              37.750028
            ],
            [
              126.045303,
              37.750028
            ],
            [
              126.067272,
              37.741339
            ],
            [
              126.089241,
              37.732648
            ],
            [
              126.122195,
              37.732648
            ],
            [
              126.144164,
              37.723957
            ],
            [
              126.177118,
              37.723957
            ],
            [
              126.199087,
              37.715265
            ],
            [
              126.221057,
              37.706572
            ],
            [
              126.243026,
              37.697878
            ],
            [
              126.264995,
              37.689183
            ],
            [
              126.286964,
              37.680487
            ],
            [
              126.297949,
              37.663091
            ],
            [
              126.319918,
              37.654392
            ],
            [
              126.330903,
              37.63699
            ],
            [
              126.341887,
              37.619585
            ],
            [
              126.352872,
              37.602175
            ],
            [
              126.374841,
              37.593469
            ],
            [
              126.385826,
              37.576053
            ],
            [
              126.407795,
              37.558633
            ],
            [
              126.429764,
              37.549922
            ],
            [
              126.473703,
              37.541209
            ],
            [
              126.495672,
              37.532496
            ],
            [
              126.484687,
              37.515065
            ],
            [
              126.484687,
              37.488913
            ],
            [
              126.473703,
              37.471472
            ],
            [
              126.462718,
              37.454028
            ],
            [
              126.451733,
              37.43658
            ],
            [
              126.429764,
              37.427854
            ],
            [
              126.41878,
              37.4104
            ],
            [
              126.39681,
              37.401671
            ],
            [
              126.385826,
              37.38421
            ],
            [
              126.374841,
              37.358012
            ],
            [
              126.374841,
              37.331804
            ],
            [
              126.374841,
              37.305587
            ],
            [
              126.374841,
              37.279361
            ],
            [
              126.385826,
              37.261872
            ],
            [
              126.385826,
              37.235631
            ],
            [
              126.39681,
              37.218132
            ],
            [
              126.41878,
              37.209381
            ],
            [
              126.440749,
              37.200629
            ],
            [
              126.462718,
              37.191875
            ],
            [
              126.484687,
              37.183121
            ],
            [
              126.506656,
              37.174366
            ],
            [
              126.528626,
              37.16561
            ],
            [
              126.550595,
              37.156853
            ],
            [
              126.572564,
              37.139335
            ],
            [
              126.583549,
              37.121814
            ],
            [
              126.572564,
              37.104288
            ],
            [
              126.550595,
              37.095524
            ],
            [
              126.528626,
              37.077992
            ],
            [
              126.506656,
              37.069225
            ],
            [
              126.473703,
              37.069225
            ],
            [
              126.440749,
              37.060456
            ],
            [
              126.407795,
              37.060456
            ],
            [
              126.374841,
              37.060456
            ],
            [
              126.352872,
              37.051687
            ],
            [
              126.330903,
              37.042917
            ],
            [
              126.308933,
              37.034145
            ],
            [
              126.286964,
              37.016599
            ],
            [
              126.27598,
              36.999049
            ],
            [
              126.25401,
              36.990273
            ],
            [
              126.232041,
              36.981496
            ],
            [
              126.210072,
              36.972717
            ],
            [
              126.177118,
              36.972717
            ],
            [
              126.144164,
              36.972717
            ],
            [
              126.100226,
              36.972717
            ],
            [
              126.067272,
              36.972717
            ],
            [
              126.045303,
              36.963938
            ],
            [
              126.023334,
              36.955157
            ],
            [
              126.012349,
              36.937593
            ],
            [
              126.012349,
              36.911239
            ],
            [
              126.001364,
              36.876087
            ],
            [
              126.001364,
              36.849712
            ],
            [
              126.001364,
              36.823328
            ],
            [
              126.001364,
              36.796935
            ],
            [
              126.012349,
              36.770532
            ],
            [
              126.034318,
              36.752926
            ],
            [
              126.045303,
              36.735315
            ],
            [
              126.056287,
              36.717701
            ],
            [
              126.078257,
              36.700082
            ],
            [
              126.067272,
              36.673646
            ],
            [
              126.067272,
              36.647202
            ],
            [
              126.067272,
              36.620748
            ],
            [
              126.067272,
              36.594285
            ],
            [
              126.078257,
              36.576638
            ],
            [
              126.089241,
              36.558987
            ],
            [
              126.100226,
              36.541332
            ],
            [
              126.122195,
              36.523673
            ],
            [
              126.13318,
              36.50601
            ],
            [
              126.155149,
              36.488343
            ],
            [
              126.177118,
              36.479508
            ],
            [
              126.199087,
              36.470672
            ],
            [
              126.221057,
              36.461835
            ],
            [
              126.243026,
              36.452996
            ],
            [
              126.264995,
              36.444157
            ],
            [
              126.286964,
              36.435317
            ],
            [
              126.308933,
              36.417634
            ],
            [
              126.330903,
              36.408791
            ],
            [
              126.352872,
              36.399947
            ],
            [
              126.352872,
              36.373408
            ],
            [
              126.363856,
              36.355711
            ],
            [
              126.385826,
              36.346861
            ],
            [
              126.39681,
              36.329158
            ],
            [
              126.407795,
              36.31145
            ],
            [
              126.429764,
              36.293739
            ],
            [
              126.440749,
              36.276023
            ],
            [
              126.451733,
              36.258304
            ],
            [
              126.462718,
              36.24058
            ],
            [
              126.462718,
              36.213988
            ],
            [
              126.473703,
              36.196254
            ],
            [
              126.473703,
              36.169646
            ],
            [
              126.473703,
              36.14303
            ],
            [
              126.484687,
              36.12528
            ],
            [
              126.495672,
              36.107526
            ],
            [
              126.495672,
              36.080889
            ],
            [
              126.495672,
              36.054242
            ],
            [
              126.495672,
              36.027586
            ],
            [
              126.484687,
              36.000921
            ],
            [
              126.473703,
              35.983139
            ],
            [
              126.473703,
              35.956459
            ],
            [
              126.462718,
              35.92977
            ],
            [
              126.462718,
              35.903072
            ],
            [
              126.451733,
              35.876365
            ],
            [
              126.451733,
              35.849649
            ],
            [
              126.451733,
              35.822924
            ],
            [
              126.451733,
              35.79619
            ],
            [
              126.451733,
              35.769447
            ],
            [
              126.451733,
              35.742695
            ],
            [
              126.440749,
              35.724855
            ],
            [
              126.440749,
              35.698088
            ],
            [
              126.429764,
              35.680238
            ],
            [
              126.41878,
              35.662385
            ],
            [
              126.407795,
              35.644527
            ],
            [
              126.39681,
              35.617733
            ],
            [
              126.39681,
              35.581994
            ],
            [
              126.385826,
              35.564118
            ],
            [
              126.385826,
              35.537297
            ],
            [
              126.385826,
              35.510467
            ],
            [
              126.385826,
              35.483628
            ],
            [
              126.374841,
              35.465731
            ],
            [
              126.363856,
              35.438877
            ],
            [
              126.363856,
              35.412014
            ],
            [
              126.352872,
              35.385143
            ],
            [
              126.341887,
              35.367223
            ],
            [
              126.330903,
              35.3493
            ],
            [
              126.308933,
              35.340336
            ],
            [
              126.297949,
              35.322407
            ],
            [
              126.27598,
              35.304474
            ],
            [
              126.25401,
              35.295505
            ],
            [
              126.232041,
              35.286536
            ],
            [
              126.210072,
              35.277566
            ],
            [
              126.188103,
              35.259623
            ],
            [
              126.166133,
              35.241676
            ],
            [
              126.155149,
              35.223724
            ],
            [
              126.144164,
              35.205769
            ],
            [
              126.122195,
              35.18781
            ],
            [
              126.11121,
              35.169847
            ],
            [
              126.100226,
              35.142894
            ],
            [
              126.089241,
              35.124921
            ],
            [
              126.078257,
              35.106944
            ],
            [
              126.078257,
              35.079971
            ],
            [
              126.067272,
              35.061984
            ],
            [
              126.067272,
              35.034996
            ],
            [
              126.067272,
              35.008
            ],
            [
              126.067272,
              34.980994
            ],
            [
              126.067272,
              34.953979
            ],
            [
              126.067272,
              34.926956
            ],
            [
              126.067272,
              34.899923
            ],
            [
              126.078257,
              34.872882
            ],
            [
              126.089241,
              34.854849
            ],
            [
              126.100226,
              34.836813
            ],
            [
              126.100226,
              34.809751
            ],
            [
              126.100226,
              34.78268
            ],
            [
              126.089241,
              34.764628
            ],
            [
              126.067272,
              34.746571
            ],
            [
              126.056287,
              34.710447
            ],
            [
              126.045303,
              34.683344
            ],
            [
              126.045303,
              34.656231
            ],
            [
              126.045303,
              34.62911
            ],
            [
              126.034318,
              34.611024
            ],
            [
              126.034318,
              34.583888
            ],
            [
              126.034318,
              34.556743
            ],
            [
              126.034318,
              34.529589
            ],
            [
              126.045303,
              34.511482
            ],
            [
              126.045303,
              34.484313
            ],
            [
              126.056287,
              34.466196
            ],
            [
              126.089241,
              34.457136
            ],
            [
              126.122195,
              34.439013
            ],
            [
              126.144164,
              34.429949
            ],
            [
              126.166133,
              34.420885
            ],
            [
              126.188103,
              34.41182
            ],
            [
              126.210072,
              34.402754
            ],
            [
              126.243026,
              34.393687
            ],
            [
              126.27598,
              34.393687
            ],
            [
              126.297949,
              34.384619
            ],
            [
              126.330903,
              34.37555
            ],
            [
              126.352872,
              34.36648
            ],
            [
              126.385826,
              34.35741
            ],
            [
              126.407795,
              34.348338
            ],
            [
              126.440749,
              34.348338
            ],
            [
              126.462718,
              34.339265
            ],
            [
              126.495672,
              34.330191
            ],
            [
              126.561579,
              34.321116
            ],
            [
              126.583549,
              34.31204
            ],
            [
              126.616502,
              34.302963
            ],
            [
              126.649456,
              34.302963
            ],
            [
              126.671426,
              34.293886
            ],
            [
              126.715364,
              34.275727
            ],
            [
              126.770287,
              34.275727
            ],
            [
              126.792256,
              34.266646
            ],
            [
              126.82521,
              34.266646
            ],
            [
              126.869149,
              34.257565
            ],
            [
              126.913087,
              34.257565
            ],
            [
              126.935056,
              34.248482
            ],
            [
              126.96801,
              34.248482
            ],
            [
              126.989979,
              34.257565
            ],
            [
              127.011948,
              34.266646
            ],
            [
              127.033918,
              34.275727
            ],
            [
              127.066872,
              34.284807
            ],
            [
              127.099825,
              34.293886
            ],
            [
              127.121795,
              34.302963
            ],
            [
              127.143764,
              34.31204
            ],
            [
              127.176718,
              34.321116
            ],
            [
              127.198687,
              34.330191
            ],
            [
              127.231641,
              34.348338
            ],
            [
              127.264595,
              34.36648
            ],
            [
              127.286564,
              34.37555
            ],
            [
              127.308533,
              34.393687
            ],
            [
              127.330502,
              34.402754
            ],
            [
              127.352471,
              34.41182
            ],
            [
              127.374441,
              34.429949
            ],
            [
              127.407394,
              34.439013
            ],
            [
              127.429364,
              34.448075
            ],
            [
              127.440348,
              34.466196
            ],
            [
              127.462318,
              34.475255
            ],
            [
              127.484287,
              34.484313
            ],
            [
              127.517241,
              34.49337
            ],
            [
              127.561179,
              34.49337
            ],
            [
              127.583148,
              34.502427
            ],
            [
              127.616102,
              34.502427
            ],
            [
              127.649056,
              34.502427
            ],
            [
              127.692994,
              34.502427
            ],
            [
              127.725948,
              34.502427
            ],
            [
              127.758902,
              34.502427
            ],
            [
              127.791856,
              34.502427
            ],
            [
              127.82481,
              34.502427
            ],
            [
              127.846779,
              34.511482
            ],
            [
              127.868748,
              34.520536
            ],
            [
              127.890717,
              34.529589
            ],
            [
              127.912687,
              34.538641
            ],
            [
              127.934656,
              34.547693
            ],
            [
              127.956625,
              34.565792
            ],
            [
              127.978594,
              34.574841
            ],
            [
              128.000563,
              34.592934
            ],
            [
              128.022533,
              34.611024
            ],
            [
              128.044502,
              34.638151
            ],
            [
              128.055486,
              34.656231
            ],
            [
              128.066471,
              34.674307
            ],
            [
              128.077456,
              34.692379
            ],
            [
              128.08844,
              34.710447
            ],
            [
              128.099425,
              34.728511
            ],
            [
              128.11041,
              34.746571
            ],
            [
              128.132379,
              34.7556
            ],
            [
              128.154348,
              34.764628
            ],
            [
              128.176317,
              34.773654
            ],
            [
              128.220256,
              34.773654
            ],
            [
              128.253209,
              34.773654
            ],
            [
              128.286163,
              34.773654
            ],
            [
              128.330102,
              34.773654
            ],
            [
              128.363056,
              34.773654
            ],
            [
              128.396009,
              34.773654
            ],
            [
              128.428963,
              34.773654
            ],
            [
              128.472902,
              34.773654
            ],
            [
              128.505856,
              34.773654
            ],
            [
              128.538809,
              34.773654
            ],
            [
              128.571763,
              34.773654
            ],
            [
              128.593732,
              34.764628
            ],
            [
              128.615702,
              34.7556
            ],
            [
              128.648655,
              34.7556
            ],
            [
              128.681609,
              34.7556
            ],
            [
              128.703579,
              34.764628
            ],
            [
              128.725548,
              34.78268
            ],
            [
              128.736532,
              34.800728
            ],
            [
              128.758502,
              34.818773
            ],
            [
              128.769486,
              34.845832
            ],
            [
              128.780471,
              34.872882
            ],
            [
              128.791455,
              34.89091
            ],
            [
              128.791455,
              34.917946
            ],
            [
              128.813425,
              34.935965
            ],
            [
              128.824409,
              34.953979
            ],
            [
              128.846378,
              34.97199
            ],
            [
              128.857363,
              34.989997
            ],
            [
              128.879332,
              34.998999
            ],
            [
              128.901302,
              35.017
            ],
            [
              128.934255,
              35.025998
            ],
            [
              128.956225,
              35.034996
            ],
            [
              128.989178,
              35.052989
            ],
            [
              129.033117,
              35.061984
            ],
            [
              129.066071,
              35.061984
            ],
            [
              129.08804,
              35.070978
            ],
            [
              129.099025,
              35.088963
            ],
            [
              129.120994,
              35.106944
            ],
            [
              129.131978,
              35.124921
            ],
            [
              129.153948,
              35.133908
            ],
            [
              129.175917,
              35.15188
            ],
            [
              129.186901,
              35.169847
            ],
            [
              129.208871,
              35.178829
            ],
            [
              129.23084,
              35.19679
            ],
            [
              129.252809,
              35.214747
            ],
            [
              129.263794,
              35.2327
            ],
            [
              129.285763,
              35.241676
            ],
            [
              129.307732,
              35.259623
            ],
            [
              129.318717,
              35.277566
            ],
            [
              129.340686,
              35.295505
            ],
            [
              129.351671,
              35.313441
            ],
            [
              129.37364,
              35.331372
            ],
            [
              129.384624,
              35.3493
            ],
            [
              129.406594,
              35.367223
            ],
            [
              129.417578,
              35.385143
            ],
            [
              129.439547,
              35.403058
            ],
            [
              129.450532,
              35.420969
            ],
            [
              129.461517,
              35.447829
            ],
            [
              129.461517,
              35.47468
            ],
            [
              129.483486,
              35.501522
            ],
            [
              129.483486,
              35.528355
            ],
            [
              129.483486,
              35.555179
            ],
            [
              129.49447,
              35.573056
            ],
            [
              129.49447,
              35.599865
            ],
            [
              129.505455,
              35.617733
            ],
            [
              129.51644,
              35.644527
            ],
            [
              129.51644,
              35.671312
            ],
            [
              129.51644,
              35.698088
            ],
            [
              129.527424,
              35.715934
            ],
            [
              129.538409,
              35.742695
            ],
            [
              129.549394,
              35.769447
            ],
            [
              129.549394,
              35.79619
            ],
            [
              129.571363,
              35.831833
            ],
            [
              129.582347,
              35.849649
            ],
            [
              129.582347,
              35.876365
            ],
            [
              129.593332,
              35.894171
            ],
            [
              129.604317,
              35.911972
            ],
            [
              129.604317,
              35.938667
            ],
            [
              129.604317,
              35.965353
            ],
            [
              129.615301,
              35.983139
            ],
            [
              129.615301,
              36.00981
            ],
            [
              129.615301,
              36.036472
            ],
            [
              129.615301,
              36.063125
            ],
            [
              129.615301,
              36.089769
            ],
            [
              129.615301,
              36.116404
            ],
            [
              129.593332,
              36.12528
            ],
            [
              129.560378,
              36.12528
            ],
            [
              129.527424,
              36.12528
            ],
            [
              129.505455,
              36.134155
            ],
            [
              129.505455,
              36.160775
            ],
            [
              129.505455,
              36.187386
            ],
            [
              129.505455,
              36.213988
            ],
            [
              129.505455,
              36.24058
            ],
            [
              129.505455,
              36.267164
            ],
            [
              129.505455,
              36.293739
            ],
            [
              129.505455,
              36.320304
            ],
            [
              129.505455,
              36.346861
            ],
            [
              129.505455,
              36.373408
            ],
            [
              129.505455,
              36.399947
            ],
            [
              129.49447,
              36.426476
            ],
            [
              129.49447,
              36.452996
            ],
            [
              129.483486,
              36.470672
            ],
            [
              129.483486,
              36.497177
            ],
            [
              129.483486,
              36.523673
            ],
            [
              129.472501,
              36.55016
            ],
            [
              129.472501,
              36.576638
            ],
            [
              129.461517,
              36.594285
            ],
            [
              129.461517,
              36.620748
            ],
            [
              129.461517,
              36.647202
            ],
            [
              129.461517,
              36.673646
            ],
            [
              129.461517,
              36.700082
            ],
            [
              129.461517,
              36.726508
            ],
            [
              129.461517,
              36.752926
            ],
            [
              129.461517,
              36.779334
            ],
            [
              129.461517,
              36.805733
            ],
            [
              129.461517,
              36.832123
            ],
            [
              129.461517,
              36.858504
            ],
            [
              129.461517,
              36.893665
            ],
            [
              129.461517,
              36.920025
            ],
            [
              129.461517,
              36.946375
            ],
            [
              129.461517,
              36.972717
            ],
            [
              129.461517,
              36.999049
            ],
            [
              129.461517,
              37.025373
            ],
            [
              129.461517,
              37.051687
            ],
            [
              129.461517,
              37.077992
            ],
            [
              129.461517,
              37.104288
            ],
            [
              129.461517,
              37.130575
            ],
            [
              129.461517,
              37.156853
            ],
            [
              129.450532,
              37.174366
            ],
            [
              129.439547,
              37.200629
            ],
            [
              129.428563,
              37.218132
            ],
            [
              129.428563,
              37.244379
            ],
            [
              129.417578,
              37.270617
            ],
            [
              129.395609,
              37.296846
            ],
            [
              129.395609,
              37.323066
            ],
            [
              129.384624,
              37.340541
            ],
            [
              129.37364,
              37.358012
            ],
            [
              129.362655,
              37.375478
            ],
            [
              129.351671,
              37.392941
            ],
            [
              129.329701,
              37.401671
            ],
            [
              129.307732,
              37.427854
            ],
            [
              129.296748,
              37.445304
            ],
            [
              129.274778,
              37.462751
            ],
            [
              129.252809,
              37.480193
            ],
            [
              129.241824,
              37.497631
            ],
            [
              129.219855,
              37.506349
            ],
            [
              129.208871,
              37.523781
            ],
            [
              129.186901,
              37.541209
            ],
            [
              129.175917,
              37.558633
            ],
            [
              129.153948,
              37.567343
            ],
            [
              129.142963,
              37.593469
            ],
            [
              129.131978,
              37.61088
            ],
            [
              129.110009,
              37.628288
            ],
            [
              129.099025,
              37.654392
            ],
            [
              129.077055,
              37.680487
            ],
            [
              129.066071,
              37.697878
            ],
            [
              129.044101,
              37.715265
            ],
            [
              129.033117,
              37.732648
            ],
            [
              129.011148,
              37.758716
            ],
            [
              128.989178,
              37.784774
            ],
            [
              128.967209,
              37.80214
            ],
            [
              128.956225,
              37.828183
            ],
            [
              128.94524,
              37.84554
            ],
            [
              128.934255,
              37.862892
            ],
            [
              128.923271,
              37.880241
            ],
            [
              128.912286,
              37.897585
            ],
            [
              128.901302,
              37.914926
            ],
            [
              128.890317,
              37.932262
            ],
            [
              128.879332,
              37.949594
            ],
            [
              128.857363,
              37.966922
            ],
            [
              128.846378,
              37.992906
            ],
            [
              128.824409,
              38.001566
            ],
            [
              128.813425,
              38.018882
            ],
            [
              128.80244,
              38.036193
            ],
            [
              128.791455,
              38.053501
            ],
            [
              128.780471,
              38.070804
            ],
            [
              128.769486,
              38.088104
            ],
            [
              128.758502,
              38.105399
            ],
            [
              128.736532,
              38.12269
            ],
            [
              128.714563,
              38.14862
            ],
            [
              128.692594,
              38.17454
            ],
            [
              128.681609,
              38.20045
            ],
            [
              128.670625,
              38.217719
            ],
            [
              128.65964,
              38.234984
            ],
            [
              128.637671,
              38.252244
            ],
            [
              128.626686,
              38.269501
            ],
            [
              128.615702,
              38.286753
            ],
            [
              128.593732,
              38.312624
            ],
            [
              128.571763,
              38.329866
            ],
            [
              128.549794,
              38.355721
            ],
            [
              128.538809,
              38.381567
            ],
            [
              128.51684,
              38.398793
            ],
            [
              128.505856,
              38.416015
            ],
            [
              128.494871,
              38.433232
            ],
            [
              128.483886,
              38.450446
            ],
            [
              128.483886,
              38.450446
            ],
            [
              128.472902,
              38.459051
            ]
          ]
        ]
      }
    },
    {
      "type": "Feature",
      "properties": {
        "NAME": "Jurchen",
        "name": "Jurchen",
        "color": "#22d3ee",
        "fill": "#ef4444",
        "fill-opacity": 0.5,
        "stroke": "#ef4444",
        "stroke-width": 2,
        "originalType": "polyline",
        "CODE": "9"
      },
      "geometry": {
        "type": "Polygon",
        "coordinates": [
          [
            [
              132.114752,
              44.091675
            ],
            [
              132.048847,
              44.075894
            ],
            [
              131.982943,
              44.060109
            ],
            [
              131.939006,
              44.028526
            ],
            [
              131.89507,
              44.012728
            ],
            [
              131.851134,
              43.981119
            ],
            [
              131.829166,
              43.949494
            ],
            [
              131.807197,
              43.917852
            ],
            [
              131.785229,
              43.886193
            ],
            [
              131.785229,
              43.838673
            ],
            [
              131.785229,
              43.791115
            ],
            [
              131.829166,
              43.775254
            ],
            [
              131.851134,
              43.743519
            ],
            [
              131.89507,
              43.727645
            ],
            [
              131.939006,
              43.695885
            ],
            [
              131.982943,
              43.679999
            ],
            [
              132.004911,
              43.632315
            ],
            [
              132.048847,
              43.600504
            ],
            [
              132.070815,
              43.552757
            ],
            [
              132.070815,
              43.504972
            ],
            [
              132.092784,
              43.473094
            ],
            [
              132.070815,
              43.441199
            ],
            [
              132.048847,
              43.393326
            ],
            [
              132.026879,
              43.361389
            ],
            [
              132.026879,
              43.313453
            ],
            [
              132.048847,
              43.281474
            ],
            [
              132.114752,
              43.249478
            ],
            [
              132.13672,
              43.217466
            ],
            [
              132.180656,
              43.185437
            ],
            [
              132.224593,
              43.153391
            ],
            [
              132.290497,
              43.121328
            ],
            [
              132.334433,
              43.089248
            ],
            [
              132.466242,
              43.041097
            ],
            [
              132.510179,
              43.025039
            ],
            [
              132.554115,
              43.008976
            ],
            [
              132.641988,
              42.960762
            ],
            [
              132.685924,
              42.944682
            ],
            [
              132.729861,
              42.928598
            ],
            [
              132.839701,
              42.91251
            ],
            [
              132.927574,
              42.896418
            ],
            [
              133.059383,
              42.896418
            ],
            [
              133.103319,
              42.880321
            ],
            [
              133.169224,
              42.86422
            ],
            [
              133.235128,
              42.86422
            ],
            [
              133.344969,
              42.86422
            ],
            [
              133.476778,
              42.848115
            ],
            [
              133.542683,
              42.86422
            ],
            [
              133.652524,
              42.896418
            ],
            [
              133.828269,
              42.960762
            ],
            [
              133.93811,
              42.992909
            ],
            [
              134.025983,
              43.025039
            ],
            [
              134.091887,
              43.073202
            ],
            [
              134.135824,
              43.10529
            ],
            [
              134.267633,
              43.153391
            ],
            [
              134.333537,
              43.185437
            ],
            [
              134.377473,
              43.217466
            ],
            [
              134.399442,
              43.249478
            ],
            [
              134.465346,
              43.297465
            ],
            [
              134.531251,
              43.345415
            ],
            [
              134.575187,
              43.37736
            ],
            [
              134.641091,
              43.425246
            ],
            [
              134.685028,
              43.457149
            ],
            [
              134.706996,
              43.489035
            ],
            [
              134.7729,
              43.552757
            ],
            [
              134.816837,
              43.600504
            ],
            [
              134.838805,
              43.632315
            ],
            [
              134.860773,
              43.679999
            ],
            [
              134.90471,
              43.711767
            ],
            [
              134.948646,
              43.743519
            ],
            [
              135.01455,
              43.806972
            ],
            [
              135.102423,
              43.854517
            ],
            [
              135.234232,
              43.949494
            ],
            [
              135.300137,
              43.996926
            ],
            [
              135.344073,
              44.028526
            ],
            [
              135.409977,
              44.060109
            ],
            [
              135.453914,
              44.075894
            ],
            [
              135.49785,
              44.091675
            ],
            [
              135.541786,
              44.123225
            ],
            [
              135.585723,
              44.154758
            ],
            [
              135.629659,
              44.186274
            ],
            [
              135.673596,
              44.217773
            ],
            [
              135.717532,
              44.249255
            ],
            [
              135.761468,
              44.26499
            ],
            [
              135.805405,
              44.296447
            ],
            [
              135.827373,
              44.327887
            ],
            [
              135.893277,
              44.35931
            ],
            [
              135.959182,
              44.390716
            ],
            [
              136.003118,
              44.422106
            ],
            [
              136.047054,
              44.469159
            ],
            [
              136.134927,
              44.516174
            ],
            [
              136.244768,
              44.578801
            ],
            [
              136.332641,
              44.625728
            ],
            [
              136.376577,
              44.672616
            ],
            [
              136.398545,
              44.703854
            ],
            [
              136.508386,
              44.766279
            ],
            [
              136.552322,
              44.797467
            ],
            [
              136.596259,
              44.875362
            ],
            [
              136.662163,
              44.937602
            ],
            [
              136.750036,
              44.999774
            ],
            [
              136.81594,
              45.06188
            ],
            [
              136.881845,
              45.139417
            ],
            [
              136.947749,
              45.216848
            ],
            [
              136.969718,
              45.278717
            ],
            [
              137.035622,
              45.340519
            ],
            [
              137.079558,
              45.402254
            ],
            [
              137.145463,
              45.49473
            ],
            [
              137.211368,
              45.540911
            ],
            [
              137.233336,
              45.587054
            ],
            [
              137.29924,
              45.648519
            ],
            [
              137.321208,
              45.679226
            ],
            [
              137.365145,
              45.725255
            ],
            [
              137.387113,
              45.755921
            ],
            [
              137.409081,
              45.786569
            ],
            [
              137.453017,
              45.847815
            ],
            [
              137.474986,
              45.893706
            ],
            [
              137.54089,
              45.924278
            ],
            [
              137.562858,
              45.954834
            ],
            [
              137.606795,
              46.015895
            ],
            [
              137.650731,
              46.061646
            ],
            [
              137.716635,
              46.122589
            ],
            [
              137.760572,
              46.153036
            ],
            [
              137.78254,
              46.198674
            ],
            [
              137.870413,
              46.259465
            ],
            [
              137.914349,
              46.320189
            ],
            [
              137.936317,
              46.350526
            ],
            [
              138.068126,
              46.441436
            ],
            [
              138.112063,
              46.501958
            ],
            [
              138.134031,
              46.547306
            ],
            [
              138.177967,
              46.60771
            ],
            [
              138.243872,
              46.668048
            ],
            [
              138.287808,
              46.743374
            ],
            [
              138.331744,
              46.773476
            ],
            [
              138.375681,
              46.818596
            ],
            [
              138.419617,
              46.878698
            ],
            [
              138.463553,
              46.92373
            ],
            [
              138.50749,
              46.968725
            ],
            [
              138.551426,
              47.013681
            ],
            [
              138.595362,
              47.073565
            ],
            [
              138.639299,
              47.118433
            ],
            [
              138.661267,
              47.148324
            ],
            [
              138.705203,
              47.208056
            ],
            [
              138.74914,
              47.252811
            ],
            [
              138.771108,
              47.297529
            ],
            [
              138.793076,
              47.327319
            ],
            [
              138.815044,
              47.357093
            ],
            [
              138.837012,
              47.38685
            ],
            [
              138.880949,
              47.431453
            ],
            [
              138.902917,
              47.461168
            ],
            [
              138.968821,
              47.520548
            ],
            [
              139.012758,
              47.550212
            ],
            [
              139.10063,
              47.609491
            ],
            [
              139.144567,
              47.653906
            ],
            [
              139.210471,
              47.713067
            ],
            [
              139.298344,
              47.772162
            ],
            [
              139.408185,
              47.860677
            ],
            [
              139.430153,
              47.890149
            ],
            [
              139.518026,
              47.949042
            ],
            [
              139.561962,
              48.007868
            ],
            [
              139.605898,
              48.051944
            ],
            [
              139.671803,
              48.125319
            ],
            [
              139.759675,
              48.19859
            ],
            [
              139.803612,
              48.257131
            ],
            [
              139.82558,
              48.286377
            ],
            [
              139.913453,
              48.374013
            ],
            [
              139.935421,
              48.417774
            ],
            [
              139.979357,
              48.476065
            ],
            [
              140.045262,
              48.534288
            ],
            [
              140.111166,
              48.606973
            ],
            [
              140.199039,
              48.679554
            ],
            [
              140.242975,
              48.737543
            ],
            [
              140.30888,
              48.809936
            ],
            [
              140.374784,
              48.867775
            ],
            [
              140.462657,
              48.954409
            ],
            [
              140.484625,
              48.983253
            ],
            [
              140.528561,
              49.040892
            ],
            [
              140.594466,
              49.112847
            ],
            [
              140.638402,
              49.155969
            ],
            [
              140.704307,
              49.27078
            ],
            [
              140.770211,
              49.371021
            ],
            [
              140.836116,
              49.485332
            ],
            [
              140.90202,
              49.585135
            ],
            [
              140.945957,
              49.670519
            ],
            [
              140.945957,
              49.784132
            ],
            [
              140.923989,
              49.840838
            ],
            [
              140.90202,
              49.897478
            ],
            [
              140.90202,
              49.939915
            ],
            [
              140.880052,
              49.968185
            ],
            [
              140.880052,
              50.038788
            ],
            [
              140.90202,
              50.067
            ],
            [
              140.90202,
              50.123375
            ],
            [
              140.923989,
              50.165612
            ],
            [
              140.923989,
              50.221871
            ],
            [
              140.923989,
              50.278063
            ],
            [
              140.923989,
              50.320164
            ],
            [
              140.923989,
              50.362227
            ],
            [
              140.90202,
              50.390249
            ],
            [
              140.880052,
              50.43225
            ],
            [
              140.880052,
              50.474215
            ],
            [
              140.858084,
              50.50217
            ],
            [
              140.836116,
              50.530109
            ],
            [
              140.836116,
              50.571986
            ],
            [
              140.814148,
              50.599884
            ],
            [
              140.792179,
              50.627765
            ],
            [
              140.770211,
              50.65563
            ],
            [
              140.748243,
              50.697395
            ],
            [
              140.748243,
              50.739124
            ],
            [
              140.770211,
              50.780815
            ],
            [
              140.770211,
              50.82247
            ],
            [
              140.770211,
              50.864087
            ],
            [
              140.792179,
              50.919519
            ],
            [
              140.792179,
              50.974885
            ],
            [
              140.814148,
              51.002543
            ],
            [
              140.814148,
              51.044
            ],
            [
              140.836116,
              51.085419
            ],
            [
              140.858084,
              51.126801
            ],
            [
              140.880052,
              51.18192
            ],
            [
              140.880052,
              51.236973
            ],
            [
              140.880052,
              51.291961
            ],
            [
              140.90202,
              51.360602
            ],
            [
              140.923989,
              51.442836
            ],
            [
              140.945957,
              51.483898
            ],
            [
              140.967925,
              51.552252
            ],
            [
              140.989893,
              51.606862
            ],
            [
              141.033829,
              51.647776
            ],
            [
              141.077766,
              51.70227
            ],
            [
              141.099734,
              51.743098
            ],
            [
              141.121702,
              51.783889
            ],
            [
              141.14367,
              51.824644
            ],
            [
              141.165638,
              51.851793
            ],
            [
              141.187607,
              51.878925
            ],
            [
              141.209575,
              51.919594
            ],
            [
              141.209575,
              51.960225
            ],
            [
              141.231543,
              52.00082
            ],
            [
              141.231543,
              52.041378
            ],
            [
              141.253511,
              52.068396
            ],
            [
              141.275479,
              52.095398
            ],
            [
              141.297447,
              52.122383
            ],
            [
              141.341384,
              52.149352
            ],
            [
              141.363352,
              52.203242
            ],
            [
              141.407288,
              52.230162
            ],
            [
              141.429256,
              52.283954
            ],
            [
              141.473193,
              52.33768
            ],
            [
              141.495161,
              52.364519
            ],
            [
              141.495161,
              52.418147
            ],
            [
              141.495161,
              52.471711
            ],
            [
              141.517129,
              52.498468
            ],
            [
              141.495161,
              52.56529
            ],
            [
              141.495161,
              52.605334
            ],
            [
              141.495161,
              52.645342
            ],
            [
              141.495161,
              52.698629
            ],
            [
              141.495161,
              52.738551
            ],
            [
              141.495161,
              52.791724
            ],
            [
              141.495161,
              52.831562
            ],
            [
              141.495161,
              52.884621
            ],
            [
              141.517129,
              52.924374
            ],
            [
              141.517129,
              52.964089
            ],
            [
              141.539097,
              53.003768
            ],
            [
              141.539097,
              53.043411
            ],
            [
              141.539097,
              53.083018
            ],
            [
              141.539097,
              53.122588
            ],
            [
              141.517129,
              53.148947
            ],
            [
              141.517129,
              53.188457
            ],
            [
              141.517129,
              53.22793
            ],
            [
              141.517129,
              53.267366
            ],
            [
              141.495161,
              53.293637
            ],
            [
              141.473193,
              53.319892
            ],
            [
              141.451225,
              53.34613
            ],
            [
              141.407288,
              53.372353
            ],
            [
              141.363352,
              53.385458
            ],
            [
              141.341384,
              53.411656
            ],
            [
              141.297447,
              53.424749
            ],
            [
              141.275479,
              53.450923
            ],
            [
              141.231543,
              53.477081
            ],
            [
              141.187607,
              53.490154
            ],
            [
              141.14367,
              53.516288
            ],
            [
              141.055798,
              53.516288
            ],
            [
              140.989893,
              53.516288
            ],
            [
              140.945957,
              53.529349
            ],
            [
              140.90202,
              53.542406
            ],
            [
              140.836116,
              53.542406
            ],
            [
              140.704307,
              53.555458
            ],
            [
              140.638402,
              53.542406
            ],
            [
              140.572498,
              53.516288
            ],
            [
              140.506593,
              53.490154
            ],
            [
              140.462657,
              53.464004
            ],
            [
              140.418721,
              53.450923
            ],
            [
              140.396752,
              53.424749
            ],
            [
              140.352816,
              53.411656
            ],
            [
              140.30888,
              53.385458
            ],
            [
              140.264943,
              53.359244
            ],
            [
              140.221007,
              53.34613
            ],
            [
              140.177071,
              53.319892
            ],
            [
              140.133134,
              53.306766
            ],
            [
              140.06723,
              53.306766
            ],
            [
              140.001325,
              53.306766
            ],
            [
              139.957389,
              53.293637
            ],
            [
              139.891484,
              53.254225
            ],
            [
              139.869516,
              53.22793
            ],
            [
              139.847548,
              53.188457
            ],
            [
              139.82558,
              53.148947
            ],
            [
              139.82558,
              53.096212
            ],
            [
              139.82558,
              53.056617
            ],
            [
              139.82558,
              53.016987
            ],
            [
              139.847548,
              52.990546
            ],
            [
              139.847548,
              52.950855
            ],
            [
              139.869516,
              52.924374
            ],
            [
              139.869516,
              52.884621
            ],
            [
              139.891484,
              52.8581
            ],
            [
              139.891484,
              52.818287
            ],
            [
              139.913453,
              52.791724
            ],
            [
              139.913453,
              52.751851
            ],
            [
              139.935421,
              52.71194
            ],
            [
              139.935421,
              52.671993
            ],
            [
              139.957389,
              52.63201
            ],
            [
              139.957389,
              52.59199
            ],
            [
              139.957389,
              52.551933
            ],
            [
              139.957389,
              52.51184
            ],
            [
              139.935421,
              52.485091
            ],
            [
              139.913453,
              52.444937
            ],
            [
              139.891484,
              52.404746
            ],
            [
              139.869516,
              52.364519
            ],
            [
              139.847548,
              52.33768
            ],
            [
              139.82558,
              52.310825
            ],
            [
              139.803612,
              52.283954
            ],
            [
              139.781644,
              52.257066
            ],
            [
              139.759675,
              52.230162
            ],
            [
              139.715739,
              52.203242
            ],
            [
              139.693771,
              52.176305
            ],
            [
              139.649835,
              52.162831
            ],
            [
              139.627866,
              52.13587
            ],
            [
              139.605898,
              52.108893
            ],
            [
              139.561962,
              52.081899
            ],
            [
              139.539994,
              52.054889
            ],
            [
              139.496057,
              52.027863
            ],
            [
              139.474089,
              52.00082
            ],
            [
              139.452121,
              51.973761
            ],
            [
              139.430153,
              51.946685
            ],
            [
              139.386216,
              51.933142
            ],
            [
              139.364248,
              51.892485
            ],
            [
              139.320312,
              51.878925
            ],
            [
              139.276376,
              51.851793
            ],
            [
              139.254407,
              51.824644
            ],
            [
              139.232439,
              51.797478
            ],
            [
              139.210471,
              51.770296
            ],
            [
              139.188503,
              51.743098
            ],
            [
              139.144567,
              51.715884
            ],
            [
              139.122598,
              51.675031
            ],
            [
              139.10063,
              51.647776
            ],
            [
              139.078662,
              51.606862
            ],
            [
              139.056694,
              51.565911
            ],
            [
              139.034726,
              51.53859
            ],
            [
              139.012758,
              51.497577
            ],
            [
              138.990789,
              51.470215
            ],
            [
              138.968821,
              51.442836
            ],
            [
              138.946853,
              51.415441
            ],
            [
              138.924885,
              51.38803
            ],
            [
              138.902917,
              51.346882
            ],
            [
              138.85898,
              51.291961
            ],
            [
              138.837012,
              51.264475
            ],
            [
              138.815044,
              51.223216
            ],
            [
              138.793076,
              51.18192
            ],
            [
              138.74914,
              51.154369
            ],
            [
              138.727171,
              51.113011
            ],
            [
              138.705203,
              51.085419
            ],
            [
              138.661267,
              51.05781
            ],
            [
              138.639299,
              51.030185
            ],
            [
              138.573394,
              50.988716
            ],
            [
              138.551426,
              50.96105
            ],
            [
              138.485521,
              50.933367
            ],
            [
              138.419617,
              50.891811
            ],
            [
              138.375681,
              50.864087
            ],
            [
              138.221903,
              50.794704
            ],
            [
              138.112063,
              50.725219
            ],
            [
              138.02419,
              50.683478
            ],
            [
              137.980254,
              50.65563
            ],
            [
              137.958285,
              50.627765
            ],
            [
              137.914349,
              50.599884
            ],
            [
              137.892381,
              50.558031
            ],
            [
              137.848444,
              50.516142
            ],
            [
              137.804508,
              50.474215
            ],
            [
              137.78254,
              50.446243
            ],
            [
              137.760572,
              50.404254
            ],
            [
              137.738604,
              50.37624
            ],
            [
              137.694667,
              50.334189
            ],
            [
              137.672699,
              50.292101
            ],
            [
              137.650731,
              50.264021
            ],
            [
              137.628763,
              50.19375
            ],
            [
              137.584826,
              50.151537
            ],
            [
              137.562858,
              50.0811
            ],
            [
              137.518922,
              50.038788
            ],
            [
              137.496954,
              50.010559
            ],
            [
              137.496954,
              49.968185
            ],
            [
              137.474986,
              49.939915
            ],
            [
              137.453017,
              49.911628
            ],
            [
              137.431049,
              49.883325
            ],
            [
              137.29924,
              49.855005
            ],
            [
              137.255304,
              49.840838
            ],
            [
              137.189399,
              49.855005
            ],
            [
              137.123495,
              49.855005
            ],
            [
              137.079558,
              49.869167
            ],
            [
              137.013654,
              49.883325
            ],
            [
              136.925781,
              49.897478
            ],
            [
              136.772004,
              49.911628
            ],
            [
              136.684131,
              49.911628
            ],
            [
              136.508386,
              49.925774
            ],
            [
              136.398545,
              49.925774
            ],
            [
              136.332641,
              49.939915
            ],
            [
              136.178863,
              49.954052
            ],
            [
              136.112959,
              49.968185
            ],
            [
              136.025086,
              49.968185
            ],
            [
              135.98115,
              49.982314
            ],
            [
              135.915245,
              49.996439
            ],
            [
              135.761468,
              49.996439
            ],
            [
              135.651627,
              49.996439
            ],
            [
              135.585723,
              49.996439
            ],
            [
              135.475882,
              49.996439
            ],
            [
              135.409977,
              49.982314
            ],
            [
              135.366041,
              49.968185
            ],
            [
              135.300137,
              49.954052
            ],
            [
              135.2562,
              49.939915
            ],
            [
              135.212264,
              49.925774
            ],
            [
              135.124391,
              49.897478
            ],
            [
              135.080455,
              49.869167
            ],
            [
              135.036519,
              49.855005
            ],
            [
              134.992582,
              49.840838
            ],
            [
              134.948646,
              49.812493
            ],
            [
              134.90471,
              49.784132
            ],
            [
              134.860773,
              49.769945
            ],
            [
              134.7729,
              49.713155
            ],
            [
              134.728964,
              49.670519
            ],
            [
              134.706996,
              49.642075
            ],
            [
              134.66306,
              49.613613
            ],
            [
              134.641091,
              49.585135
            ],
            [
              134.619123,
              49.556641
            ],
            [
              134.597155,
              49.52813
            ],
            [
              134.553219,
              49.499602
            ],
            [
              134.531251,
              49.471057
            ],
            [
              134.509282,
              49.442496
            ],
            [
              134.465346,
              49.413919
            ],
            [
              134.42141,
              49.385324
            ],
            [
              134.399442,
              49.356713
            ],
            [
              134.377473,
              49.328085
            ],
            [
              134.355505,
              49.299441
            ],
            [
              134.333537,
              49.27078
            ],
            [
              134.311569,
              49.242102
            ],
            [
              134.289601,
              49.213408
            ],
            [
              134.245664,
              49.184697
            ],
            [
              134.223696,
              49.155969
            ],
            [
              134.201728,
              49.112847
            ],
            [
              134.17976,
              49.084077
            ],
            [
              134.157792,
              49.040892
            ],
            [
              134.135824,
              48.983253
            ],
            [
              134.135824,
              48.93998
            ],
            [
              134.113855,
              48.867775
            ],
            [
              134.113855,
              48.795466
            ],
            [
              134.113855,
              48.75203
            ],
            [
              134.113855,
              48.708557
            ],
            [
              134.113855,
              48.665046
            ],
            [
              134.113855,
              48.621498
            ],
            [
              134.135824,
              48.577912
            ],
            [
              134.135824,
              48.519739
            ],
            [
              134.157792,
              48.490627
            ],
            [
              134.157792,
              48.446928
            ],
            [
              134.157792,
              48.388604
            ],
            [
              134.17976,
              48.330214
            ],
            [
              134.201728,
              48.271756
            ],
            [
              134.201728,
              48.213231
            ],
            [
              134.223696,
              48.139982
            ],
            [
              134.223696,
              48.095981
            ],
            [
              134.245664,
              48.066627
            ],
            [
              134.245664,
              48.022564
            ],
            [
              134.267633,
              47.978463
            ],
            [
              134.267633,
              47.934325
            ],
            [
              134.267633,
              47.890149
            ],
            [
              134.267633,
              47.845935
            ],
            [
              134.245664,
              47.772162
            ],
            [
              134.245664,
              47.713067
            ],
            [
              134.223696,
              47.668703
            ],
            [
              134.223696,
              47.6243
            ],
            [
              134.201728,
              47.57986
            ],
            [
              134.201728,
              47.535382
            ],
            [
              134.17976,
              47.505709
            ],
            [
              134.17976,
              47.446313
            ],
            [
              134.157792,
              47.41659
            ],
            [
              134.157792,
              47.371973
            ],
            [
              134.135824,
              47.342208
            ],
            [
              134.135824,
              47.297529
            ],
            [
              134.113855,
              47.267721
            ],
            [
              134.091887,
              47.237897
            ],
            [
              134.069919,
              47.19313
            ],
            [
              134.047951,
              47.148324
            ],
            [
              134.025983,
              47.103481
            ],
            [
              134.004014,
              47.073565
            ],
            [
              133.982046,
              47.043631
            ],
            [
              133.960078,
              46.9987
            ],
            [
              133.93811,
              46.968725
            ],
            [
              133.916142,
              46.938733
            ],
            [
              133.872205,
              46.908724
            ],
            [
              133.850237,
              46.863679
            ],
            [
              133.828269,
              46.833628
            ],
            [
              133.806301,
              46.80356
            ],
            [
              133.784333,
              46.773476
            ],
            [
              133.762365,
              46.743374
            ],
            [
              133.740396,
              46.713256
            ],
            [
              133.718428,
              46.683121
            ],
            [
              133.69646,
              46.637887
            ],
            [
              133.674492,
              46.60771
            ],
            [
              133.652524,
              46.577516
            ],
            [
              133.630556,
              46.547306
            ],
            [
              133.608587,
              46.501958
            ],
            [
              133.586619,
              46.456573
            ],
            [
              133.564651,
              46.426295
            ],
            [
              133.542683,
              46.396
            ],
            [
              133.520715,
              46.365688
            ],
            [
              133.498747,
              46.33536
            ],
            [
              133.476778,
              46.305015
            ],
            [
              133.45481,
              46.259465
            ],
            [
              133.45481,
              46.213878
            ],
            [
              133.432842,
              46.183465
            ],
            [
              133.410874,
              46.122589
            ],
            [
              133.410874,
              46.076888
            ],
            [
              133.388906,
              46.03115
            ],
            [
              133.388906,
              45.985373
            ],
            [
              133.366938,
              45.924278
            ],
            [
              133.366938,
              45.878413
            ],
            [
              133.344969,
              45.847815
            ],
            [
              133.344969,
              45.801887
            ],
            [
              133.323001,
              45.771247
            ],
            [
              133.301033,
              45.725255
            ],
            [
              133.279065,
              45.679226
            ],
            [
              133.257097,
              45.633159
            ],
            [
              133.257097,
              45.587054
            ],
            [
              133.235128,
              45.540911
            ],
            [
              133.235128,
              45.49473
            ],
            [
              133.21316,
              45.448511
            ],
            [
              133.21316,
              45.402254
            ],
            [
              133.21316,
              45.355959
            ],
            [
              133.191192,
              45.309627
            ],
            [
              133.191192,
              45.263256
            ],
            [
              133.191192,
              45.216848
            ],
            [
              133.169224,
              45.185888
            ],
            [
              133.147256,
              45.154911
            ],
            [
              133.125288,
              45.123918
            ],
            [
              133.103319,
              45.092907
            ],
            [
              133.081351,
              45.06188
            ],
            [
              133.059383,
              45.030835
            ],
            [
              133.037415,
              44.999774
            ],
            [
              133.015447,
              44.953151
            ],
            [
              132.993479,
              44.922048
            ],
            [
              132.97151,
              44.890928
            ],
            [
              132.949542,
              44.859791
            ],
            [
              132.927574,
              44.828637
            ],
            [
              132.905606,
              44.797467
            ],
            [
              132.86167,
              44.766279
            ],
            [
              132.839701,
              44.719467
            ],
            [
              132.817733,
              44.688237
            ],
            [
              132.795765,
              44.656991
            ],
            [
              132.773797,
              44.625728
            ],
            [
              132.751829,
              44.578801
            ],
            [
              132.729861,
              44.547496
            ],
            [
              132.707892,
              44.516174
            ],
            [
              132.685924,
              44.469159
            ],
            [
              132.663956,
              44.437794
            ],
            [
              132.641988,
              44.406413
            ],
            [
              132.62002,
              44.375015
            ],
            [
              132.598052,
              44.327887
            ],
            [
              132.554115,
              44.296447
            ],
            [
              132.488211,
              44.26499
            ],
            [
              132.422306,
              44.233516
            ],
            [
              132.37837,
              44.202025
            ],
            [
              132.312465,
              44.154758
            ],
            [
              132.268529,
              44.170518
            ],
            [
              132.202624,
              44.138993
            ],
            [
              132.158688,
              44.107452
            ],
            [
              132.113352,
              44.090544
            ],
            [
              132.114752,
              44.091675
            ]
          ]
        ]
      }
    },
    {
      "type": "Feature",
      "properties": {
        "NAME": "Qing",
        "name": "Qing",
        "color": "#ef4444",
        "fill": "#ef4444",
        "fill-opacity": 0.5,
        "stroke": "#ef4444",
        "stroke-width": 2,
        "CODE": "20"
      },
      "geometry": {
        "type": "Polygon",
        "coordinates": [
          [
            [
              120.2110503553579,
              40.23863102502254
            ],
            [
              120.39916179324237,
              40.19984811718423
            ],
            [
              120.40293578182909,
              40.22205003071256
            ],
            [
              120.51176661116541,
              40.27743200089415
            ],
            [
              120.514521602127,
              40.33503320169232
            ],
            [
              120.59004167637696,
              40.362246033796275
            ],
            [
              120.6133873433449,
              40.42604165738849
            ],
            [
              120.57868115372636,
              40.489912497748804
            ],
            [
              120.666553839675,
              40.52332046168331
            ],
            [
              120.75442652562367,
              40.55671178314769
            ],
            [
              120.8422992115723,
              40.590086459097044
            ],
            [
              120.88623555454662,
              40.65678586239181
            ],
            [
              120.97410824049526,
              40.690110583767904
            ],
            [
              121.06198092644391,
              40.72341864769041
            ],
            [
              121.14985361239253,
              40.75671005123469
            ],
            [
              121.23772629834122,
              40.82324286561012
            ],
            [
              121.32559898428985,
              40.85648427071178
            ],
            [
              121.45740801321278,
              40.85648427071178
            ],
            [
              121.58921704213574,
              40.85648427071178
            ],
            [
              121.72102607105876,
              40.82324286561012
            ],
            [
              121.80889875700738,
              40.78998479150016
            ],
            [
              121.94070778593034,
              40.75671005123469
            ],
            [
              122.02858047187898,
              40.72341864769041
            ],
            [
              122.02858047187898,
              40.62344448651062
            ],
            [
              122.07251681485333,
              40.55671178314769
            ],
            [
              122.11645315782764,
              40.489912497748804
            ],
            [
              122.11645315782764,
              40.38958878193535
            ],
            [
              122.11645315782764,
              40.289115395827025
            ],
            [
              122.16038950080197,
              40.22205003071256
            ],
            [
              122.16038950080197,
              40.121327386498464
            ],
            [
              122.07251681485333,
              40.08771995923966
            ],
            [
              121.98464412890466,
              40.02045530607032
            ],
            [
              121.89677144295602,
              39.953124277391794
            ],
            [
              121.80889875700738,
              39.919433880838675
            ],
            [
              121.72102607105876,
              39.85200334072442
            ],
            [
              121.58921704213574,
              39.81826320420514
            ],
            [
              121.45740801321278,
              39.78450649478022
            ],
            [
              121.45740801321278,
              39.683136965023174
            ],
            [
              121.54528069916142,
              39.649314000051305
            ],
            [
              121.50134435618713,
              39.5816184095834
            ],
            [
              121.45740801321278,
              39.51385662992098
            ],
            [
              121.36953532726417,
              39.47995092854955
            ],
            [
              121.36953532726417,
              39.37813462403136
            ],
            [
              121.36953532726417,
              39.27616960016654
            ],
            [
              121.32559898428985,
              39.20811034807765
            ],
            [
              121.32559898428985,
              39.10589769558173
            ],
            [
              121.32559898428985,
              39.00353661140574
            ],
            [
              121.28166264131553,
              38.93521348161928
            ],
            [
              121.32559898428985,
              38.86682446535305
            ],
            [
              121.45740801321278,
              38.86682446535305
            ],
            [
              121.54528069916142,
              38.83260526039656
            ],
            [
              121.6331533851101,
              38.86682446535305
            ],
            [
              121.80889875700738,
              38.901027207181194
            ],
            [
              121.89677144295602,
              38.93521348161928
            ],
            [
              121.98464412890466,
              39.00353661140574
            ],
            [
              122.02858047187898,
              39.07179382112826
            ],
            [
              122.11645315782764,
              39.1399850776094
            ],
            [
              122.16038950080197,
              39.20811034807765
            ],
            [
              122.20432584377627,
              39.27616960016654
            ],
            [
              122.29219852972493,
              39.344162801913775
            ],
            [
              122.38007121567355,
              39.37813462403136
            ],
            [
              122.46794390162219,
              39.41208992176035
            ],
            [
              122.6436892735195,
              39.41208992176035
            ],
            [
              122.8633709883911,
              39.41208992176035
            ],
            [
              122.95124367433978,
              39.44602869121871
            ],
            [
              123.08305270326272,
              39.44602869121871
            ],
            [
              123.17092538921136,
              39.47995092854955
            ],
            [
              123.3027344181343,
              39.47995092854955
            ],
            [
              123.39060710408299,
              39.54774579152622
            ],
            [
              123.52241613300595,
              39.5816184095834
            ],
            [
              123.61028881895457,
              39.615474480335735
            ],
            [
              123.69816150490321,
              39.649314000051305
            ],
            [
              123.78603419085185,
              39.683136965023174
            ],
            [
              123.87390687680052,
              39.7507332160324
            ],
            [
              124.04965224869778,
              39.78450649478022
            ],
            [
              124.13752493464642,
              39.85200334072442
            ],
            [
              124.22539762059507,
              39.885726900780014
            ],
            [
              124.26933396356941,
              39.98679808695544
            ],
            [
              124.35720664951805,
              40.05409593130177
            ],
            [
              124.40114299249237,
              40.121327386498464
            ],
            [
              124.44507933546669,
              40.1884924255592
            ],
            [
              124.489015678441,
              40.25559102188956
            ],
            [
              124.53295202141533,
              40.32262314928608
            ],
            [
              124.62082470736395,
              40.356114279052264
            ],
            [
              124.70869739331263,
              40.38958878193535
            ],
            [
              124.79657007926127,
              40.423046654769536
            ],
            [
              124.88444276520993,
              40.45648789441315
            ],
            [
              124.97231545115855,
              40.489912497748804
            ],
            [
              125.06018813710718,
              40.52332046168331
            ],
            [
              125.14806082305586,
              40.55671178314769
            ],
            [
              125.2798698519788,
              40.590086459097044
            ],
            [
              125.41167888090176,
              40.62344448651062
            ],
            [
              125.54348790982472,
              40.65678586239181
            ],
            [
              125.6752969387477,
              40.65678586239181
            ],
            [
              125.76316962469635,
              40.690110583767904
            ],
            [
              125.8949786536193,
              40.72341864769041
            ],
            [
              125.98285133956793,
              40.75671005123469
            ],
            [
              126.0707240255166,
              40.82324286561012
            ],
            [
              126.15859671146524,
              40.88970900397627
            ],
            [
              126.20253305443956,
              40.956108443797405
            ],
            [
              126.24646939741388,
              41.05558249539763
            ],
            [
              126.2904057403882,
              41.121815092760535
            ],
            [
              126.33434208336251,
              41.221038780233584
            ],
            [
              126.37827842633683,
              41.287104402597464
            ],
            [
              126.46615111228552,
              41.35310319917112
            ],
            [
              126.51008745525982,
              41.4190351500664
            ],
            [
              126.55402379823416,
              41.48490023576951
            ],
            [
              126.59796014120846,
              41.55069843714011
            ],
            [
              126.68583282715711,
              41.61642973541018
            ],
            [
              126.77370551310574,
              41.649270290119176
            ],
            [
              126.81764185608006,
              41.71490119936102
            ],
            [
              126.86157819905436,
              41.78046516020564
            ],
            [
              126.90551454202873,
              41.84596215518097
            ],
            [
              127.03732357095168,
              41.84596215518097
            ],
            [
              127.081259913926,
              41.78046516020564
            ],
            [
              127.12519625690032,
              41.71490119936102
            ],
            [
              127.21306894284895,
              41.649270290119176
            ],
            [
              127.30094162879759,
              41.61642973541018
            ],
            [
              127.43275065772058,
              41.61642973541018
            ],
            [
              127.56455968664353,
              41.61642973541018
            ],
            [
              127.65243237259217,
              41.583572450321185
            ],
            [
              127.78424140151517,
              41.583572450321185
            ],
            [
              127.87211408746379,
              41.55069843714011
            ],
            [
              127.95998677341242,
              41.5178076981781
            ],
            [
              128.04785945936106,
              41.48490023576951
            ],
            [
              128.17966848828402,
              41.48490023576951
            ],
            [
              128.2675411742327,
              41.5178076981781
            ],
            [
              128.311477517207,
              41.583572450321185
            ],
            [
              128.2675411742327,
              41.649270290119176
            ],
            [
              128.2675411742327,
              41.74769154943365
            ],
            [
              128.22360483125837,
              41.813222029504594
            ],
            [
              128.17966848828402,
              41.87868553510833
            ],
            [
              128.17966848828402,
              41.97675517947504
            ],
            [
              128.2675411742327,
              42.00941155559956
            ],
            [
              128.39935020315565,
              42.042051175686055
            ],
            [
              128.5311592320786,
              42.00941155559956
            ],
            [
              128.6629682610016,
              42.00941155559956
            ],
            [
              128.79477728992455,
              42.00941155559956
            ],
            [
              128.8826499758732,
              42.042051175686055
            ],
            [
              128.9705226618218,
              42.07467403774518
            ],
            [
              129.05839534777047,
              42.10728013981045
            ],
            [
              129.14626803371914,
              42.139869479937985
            ],
            [
              129.19020437669346,
              42.20499786671805
            ],
            [
              129.2780770626421,
              42.23753690959632
            ],
            [
              129.32201340561642,
              42.30256468506308
            ],
            [
              129.36594974859074,
              42.36752536805193
            ],
            [
              129.45382243453938,
              42.399980545417144
            ],
            [
              129.54169512048804,
              42.43241894436788
            ],
            [
              129.62956780643665,
              42.46484056318587
            ],
            [
              129.7613768353596,
              42.529633453662434
            ],
            [
              129.80531317833393,
              42.59435920354807
            ],
            [
              129.80531317833393,
              42.69132191155478
            ],
            [
              129.84924952130828,
              42.75587975411888
            ],
            [
              129.89318586428257,
              42.82037041234845
            ],
            [
              129.9371222072569,
              42.884793874541856
            ],
            [
              129.98105855023124,
              42.949150129349725
            ],
            [
              130.02499489320556,
              43.01343916577375
            ],
            [
              130.15680392212852,
              43.04555847375068
            ],
            [
              130.24467660807716,
              43.01343916577375
            ],
            [
              130.33254929402582,
              42.98130305053343
            ],
            [
              130.42042197997446,
              42.949150129349725
            ],
            [
              130.50829466592313,
              42.91698040356457
            ],
            [
              130.59616735187174,
              42.884793874541856
            ],
            [
              130.7279763807947,
              42.884793874541856
            ],
            [
              130.85978540971766,
              42.884793874541856
            ],
            [
              130.99159443864065,
              42.884793874541856
            ],
            [
              131.1234034675636,
              42.91698040356457
            ],
            [
              131.2552124964866,
              42.949150129349725
            ],
            [
              131.34308518243523,
              42.98130305053343
            ],
            [
              131.4748942113582,
              42.98130305053343
            ],
            [
              131.5627668973068,
              43.01343916577375
            ],
            [
              131.69457592622976,
              43.01343916577375
            ],
            [
              131.82638495515275,
              43.01343916577375
            ],
            [
              131.9142576411014,
              43.04555847375068
            ],
            [
              132.0460666700244,
              43.04555847375068
            ],
            [
              132.17787569894736,
              43.04555847375068
            ],
            [
              132.22181204192165,
              43.10974666274307
            ],
            [
              132.26574838489597,
              43.17386760738588
            ],
            [
              132.30968472787032,
              43.237921297902076
            ],
            [
              132.26574838489597,
              43.30190772486132
            ],
            [
              132.22181204192165,
              43.36582687917888
            ],
            [
              132.17787569894736,
              43.42967875211461
            ],
            [
              132.13393935597304,
              43.49346333527206
            ],
            [
              132.09000301299872,
              43.557180620597315
            ],
            [
              132.0460666700244,
              43.6208306003781
            ],
            [
              132.0460666700244,
              43.716179356120556
            ],
            [
              131.9581939840757,
              43.7479286141588
            ],
            [
              131.9142576411014,
              43.811376634432946
            ],
            [
              131.87032129812707,
              43.874757321708884
            ],
            [
              131.7824486121784,
              43.906422413578255
            ],
            [
              131.82638495515275,
              43.96970209017501
            ],
            [
              131.87032129812707,
              44.03291441935321
            ],
            [
              131.9581939840757,
              44.06449532702768
            ],
            [
              132.0460666700244,
              44.09605939592994
            ],
            [
              132.13393935597304,
              44.127606625464225
            ],
            [
              132.26574838489597,
              44.127606625464225
            ],
            [
              132.3536210708446,
              44.15913701505539
            ],
            [
              132.44149375679325,
              44.19065056414903
            ],
            [
              132.5733027857162,
              44.19065056414903
            ],
            [
              132.66117547166485,
              44.25362713872955
            ],
            [
              132.7051118146392,
              44.31653634518373
            ],
            [
              132.79298450058783,
              44.379378179818765
            ],
            [
              132.83692084356215,
              44.44215263927019
            ],
            [
              132.88085718653647,
              44.50485972050088
            ],
            [
              132.92479352951082,
              44.56749942079989
            ],
            [
              132.96872987248517,
              44.63007173778151
            ],
            [
              133.01266621545946,
              44.692576669384295
            ],
            [
              133.01266621545946,
              44.78620771548873
            ],
            [
              133.05660255843378,
              44.87968713614623
            ],
            [
              133.1005389014081,
              44.94192251206688
            ],
            [
              133.1005389014081,
              45.0351492180313
            ],
            [
              133.14447524438242,
              45.09721611664443
            ],
            [
              133.18841158735674,
              45.15921562464767
            ],
            [
              133.18841158735674,
              45.25208853077267
            ],
            [
              133.23234793033106,
              45.313919565794045
            ],
            [
              133.18841158735674,
              45.37568321386312
            ],
            [
              133.23234793033106,
              45.46820233934125
            ],
            [
              133.27628427330538,
              45.56056985539543
            ],
            [
              133.3202206162797,
              45.622063976243986
            ],
            [
              133.3202206162797,
              45.71417883019918
            ],
            [
              133.3202206162797,
              45.8061421015938
            ],
            [
              133.364156959254,
              45.86736674297031
            ],
            [
              133.364156959254,
              45.95907740621991
            ],
            [
              133.4080933022283,
              46.020133655861194
            ],
            [
              133.4080933022283,
              46.111591753936125
            ],
            [
              133.45202964520266,
              46.172479642841736
            ],
            [
              133.45202964520266,
              46.26368522575416
            ],
            [
              133.49596598817695,
              46.3244047895981
            ],
            [
              133.49596598817695,
              46.415357914341534
            ],
            [
              133.53990233115127,
              46.47590919343171
            ],
            [
              133.53990233115127,
              46.56660992392035
            ],
            [
              133.53990233115127,
              46.657159251391285
            ],
            [
              133.53990233115127,
              46.74755720279568
            ],
            [
              133.58383867412562,
              46.8077384198892
            ],
            [
              133.62777501709994,
              46.86785238010864
            ],
            [
              133.67171136007428,
              46.92789909251943
            ],
            [
              133.71564770304857,
              46.987878566472396
            ],
            [
              133.7595840460229,
              47.04779081160289
            ],
            [
              133.80352038899727,
              47.10763583782956
            ],
            [
              133.8474567319716,
              47.167413655353535
            ],
            [
              133.8913930749459,
              47.22712427465722
            ],
            [
              133.93532941792023,
              47.286767706503326
            ],
            [
              134.02320210386884,
              47.346343961933854
            ],
            [
              134.06713844684316,
              47.40585305226905
            ],
            [
              134.1550111327918,
              47.46529498910639
            ],
            [
              134.19894747576612,
              47.52466978431955
            ],
            [
              134.28682016171476,
              47.58397745005731
            ],
            [
              134.33075650468908,
              47.64321799874266
            ],
            [
              134.3746928476634,
              47.70239144307162
            ],
            [
              134.3746928476634,
              47.79102581733883
            ],
            [
              134.3746928476634,
              47.87950928095594
            ],
            [
              134.3746928476634,
              47.96784188019729
            ],
            [
              134.3746928476634,
              48.056023662693825
            ],
            [
              134.33075650468908,
              48.114727754743335
            ],
            [
              134.28682016171476,
              48.17336485371372
            ],
            [
              134.24288381874047,
              48.23193497471281
            ],
            [
              134.1550111327918,
              48.29043813311135
            ],
            [
              134.06713844684316,
              48.348874344541954
            ],
            [
              133.97926576089455,
              48.378067350100785
            ],
            [
              133.8913930749459,
              48.40724362489801
            ],
            [
              133.80352038899727,
              48.43640317096084
            ],
            [
              133.71564770304857,
              48.46554599033278
            ],
            [
              133.62777501709994,
              48.49467208507331
            ],
            [
              133.49596598817695,
              48.49467208507331
            ],
            [
              133.364156959254,
              48.49467208507331
            ],
            [
              133.23234793033106,
              48.52378145725822
            ],
            [
              133.1005389014081,
              48.52378145725822
            ],
            [
              132.96872987248517,
              48.52378145725822
            ],
            [
              132.88085718653647,
              48.55287410897921
            ],
            [
              132.74904815761352,
              48.55287410897921
            ],
            [
              132.5733027857162,
              48.52378145725822
            ],
            [
              132.39755741381893,
              48.49467208507331
            ],
            [
              132.26574838489597,
              48.49467208507331
            ],
            [
              132.17787569894736,
              48.46554599033278
            ],
            [
              132.09000301299872,
              48.43640317096084
            ],
            [
              131.87032129812707,
              48.40724362489801
            ],
            [
              131.7824486121784,
              48.378067350100785
            ],
            [
              131.65063958325547,
              48.378067350100785
            ],
            [
              131.5627668973068,
              48.348874344541954
            ],
            [
              131.4748942113582,
              48.31966460621041
            ],
            [
              131.34308518243523,
              48.29043813311135
            ],
            [
              131.21127615351227,
              48.26119492326621
            ],
            [
              131.1234034675636,
              48.23193497471281
            ],
            [
              131.03553078161497,
              48.202658285505144
            ],
            [
              130.94765809566633,
              48.17336485371372
            ],
            [
              130.7279763807947,
              48.14405467742536
            ],
            [
              130.64010369484606,
              48.114727754743335
            ],
            [
              130.46435832294878,
              48.114727754743335
            ],
            [
              130.37648563700017,
              48.08538408378744
            ],
            [
              130.28861295105153,
              48.056023662693825
            ],
            [
              130.02499489320556,
              48.056023662693825
            ],
            [
              129.89318586428257,
              48.056023662693825
            ],
            [
              129.7613768353596,
              48.056023662693825
            ],
            [
              129.58563146346236,
              48.056023662693825
            ],
            [
              129.45382243453938,
              48.08538408378744
            ],
            [
              129.36594974859074,
              48.114727754743335
            ],
            [
              129.2780770626421,
              48.17336485371372
            ],
            [
              129.19020437669346,
              48.23193497471281
            ],
            [
              129.10233169074482,
              48.26119492326621
            ],
            [
              129.01445900479612,
              48.31966460621041
            ],
            [
              128.9265863188475,
              48.378067350100785
            ],
            [
              128.83871363289887,
              48.43640317096084
            ],
            [
              128.75084094695023,
              48.46554599033278
            ],
            [
              128.6629682610016,
              48.49467208507331
            ],
            [
              128.57509557505293,
              48.52378145725822
            ],
            [
              128.4872228891043,
              48.55287410897921
            ],
            [
              128.39935020315565,
              48.58195004234413
            ],
            [
              128.311477517207,
              48.6110092594768
            ],
            [
              128.17966848828402,
              48.669077553620646
            ],
            [
              128.09179580233538,
              48.69808663495923
            ],
            [
              128.00392311638674,
              48.727079008720445
            ],
            [
              127.91605043043813,
              48.75605467710769
            ],
            [
              127.7403050585408,
              48.78501364234024
            ],
            [
              127.60849602961785,
              48.78501364234024
            ],
            [
              127.52062334366921,
              48.81395590665315
            ],
            [
              127.38881431474626,
              48.84288147229719
            ],
            [
              127.30094162879759,
              48.87179034153895
            ],
            [
              127.12519625690032,
              48.90068251666061
            ],
            [
              127.03732357095168,
              48.929557999960174
            ],
            [
              126.94945088500305,
              48.98725890036262
            ],
            [
              126.90551454202873,
              49.04489306144169
            ],
            [
              126.86157819905436,
              49.13121920833685
            ],
            [
              126.81764185608006,
              49.18868660452919
            ],
            [
              126.77370551310574,
              49.274762695114134
            ],
            [
              126.77370551310574,
              49.36068884094864
            ],
            [
              126.72976917013142,
              49.41788966920334
            ],
            [
              126.68583282715711,
              49.4750239062065
            ],
            [
              126.64189648418278,
              49.53209157273505
            ],
            [
              126.59796014120846,
              49.589092689805916
            ],
            [
              126.55402379823416,
              49.64602727867525
            ],
            [
              126.51008745525982,
              49.73130446868478
            ],
            [
              126.46615111228552,
              49.78807283160586
            ],
            [
              126.46615111228552,
              49.87310078557214
            ],
            [
              126.42221476931115,
              49.92970306057432
            ],
            [
              126.37827842633683,
              50.01448198828903
            ],
            [
              126.37827842633683,
              50.09911160322345
            ],
            [
              126.37827842633683,
              50.183591984034315
            ],
            [
              126.33434208336251,
              50.23982936943007
            ],
            [
              126.33434208336251,
              50.324061204642256
            ],
            [
              126.33434208336251,
              50.40814402113398
            ],
            [
              126.2904057403882,
              50.46411648482926
            ],
            [
              126.24646939741388,
              50.520022779627155
            ],
            [
              126.24646939741388,
              50.603758210016686
            ],
            [
              126.24646939741388,
              50.687344902325684
            ],
            [
              126.24646939741388,
              50.77078294317551
            ],
            [
              126.24646939741388,
              50.85407242029561
            ],
            [
              126.2904057403882,
              50.90951624679187
            ],
            [
              126.2904057403882,
              50.99255831563608
            ],
            [
              126.2904057403882,
              51.07545206005672
            ],
            [
              126.33434208336251,
              51.15819757178304
            ],
            [
              126.33434208336251,
              51.240794943617956
            ],
            [
              126.33434208336251,
              51.32324426943091
            ],
            [
              126.33434208336251,
              51.405545644150386
            ],
            [
              126.33434208336251,
              51.4876991637567
            ],
            [
              126.33434208336251,
              51.56970492527483
            ],
            [
              126.33434208336251,
              51.65156302676703
            ],
            [
              126.33434208336251,
              51.73327356732565
            ],
            [
              126.33434208336251,
              51.81483664706596
            ],
            [
              126.2904057403882,
              51.86913016078233
            ],
            [
              126.24646939741388,
              51.92335821149765
            ],
            [
              126.20253305443956,
              51.97752082962424
            ],
            [
              126.15859671146524,
              52.03161804577178
            ],
            [
              126.0707240255166,
              52.08564989074628
            ],
            [
              125.98285133956793,
              52.11264130872403
            ],
            [
              125.8949786536193,
              52.1396163955493
            ],
            [
              125.80710596767065,
              52.16657515512767
            ],
            [
              125.71923328172203,
              52.19351759137684
            ],
            [
              125.63136059577339,
              52.22044370822653
            ],
            [
              125.54348790982472,
              52.24735350961852
            ],
            [
              125.41167888090176,
              52.27424699950664
            ],
            [
              125.32380619495314,
              52.30112418185663
            ],
            [
              125.19199716603018,
              52.327985060646256
            ],
            [
              125.1041244800815,
              52.354829639865144
            ],
            [
              125.01625179413287,
              52.40846991560887
            ],
            [
              124.92837910818423,
              52.43526562017234
            ],
            [
              124.84050642223559,
              52.488808182867885
            ],
            [
              124.75263373628697,
              52.54228564403921
            ],
            [
              124.70869739331263,
              52.595698036311575
            ],
            [
              124.62082470736395,
              52.64904539249688
            ],
            [
              124.53295202141533,
              52.7023277455927
            ],
            [
              124.489015678441,
              52.75554512878146
            ],
            [
              124.40114299249237,
              52.80869757542943
            ],
            [
              124.35720664951805,
              52.861785119085795
            ],
            [
              124.26933396356941,
              52.91480779348187
            ],
            [
              124.18146127762074,
              52.96776563253007
            ],
            [
              124.09358859167212,
              53.02065867032301
            ],
            [
              124.00571590572346,
              53.04708089945177
            ],
            [
              123.91784321977484,
              53.099876799677524
            ],
            [
              123.8299705338262,
              53.126250479409364
            ],
            [
              123.74209784787753,
              53.152607984662154
            ],
            [
              123.61028881895457,
              53.152607984662154
            ],
            [
              123.47847979003161,
              53.152607984662154
            ],
            [
              123.34667076110861,
              53.152607984662154
            ],
            [
              123.21486173218568,
              53.152607984662154
            ],
            [
              123.08305270326272,
              53.152607984662154
            ],
            [
              122.95124367433978,
              53.152607984662154
            ],
            [
              122.73156195946814,
              53.152607984662154
            ],
            [
              122.59975293054518,
              53.152607984662154
            ],
            [
              122.46794390162219,
              53.152607984662154
            ],
            [
              122.29219852972493,
              53.152607984662154
            ],
            [
              121.98464412890466,
              53.152607984662154
            ],
            [
              121.58921704213574,
              53.152607984662154
            ],
            [
              121.01804458346957,
              53.152607984662154
            ],
            [
              120.88623555454662,
              53.152607984662154
            ],
            [
              120.75442652562367,
              53.152607984662154
            ],
            [
              120.79836286859799,
              53.099876799677524
            ],
            [
              120.79836286859799,
              53.02065867032301
            ],
            [
              120.79836286859799,
              52.94129481529788
            ],
            [
              120.8422992115723,
              52.861785119085795
            ],
            [
              120.79836286859799,
              52.75554512878146
            ],
            [
              120.8422992115723,
              52.7023277455927
            ],
            [
              120.8422992115723,
              52.622379841857104
            ],
            [
              120.8422992115723,
              52.54228564403921
            ],
            [
              120.88623555454662,
              52.488808182867885
            ],
            [
              120.88623555454662,
              52.40846991560887
            ],
            [
              120.93017189752095,
              52.354829639865144
            ],
            [
              120.93017189752095,
              52.27424699950664
            ],
            [
              120.93017189752095,
              52.19351759137684
            ],
            [
              120.88623555454662,
              52.1396163955493
            ],
            [
              120.8422992115723,
              52.08564989074628
            ],
            [
              120.79836286859799,
              52.03161804577178
            ],
            [
              120.71049018264932,
              52.00457761102461
            ],
            [
              120.57868115372636,
              51.950447697726055
            ],
            [
              120.57868115372636,
              51.86913016078233
            ],
            [
              120.53474481075204,
              51.81483664706596
            ],
            [
              120.53474481075204,
              51.73327356732565
            ],
            [
              120.49080846777774,
              51.67881626435619
            ],
            [
              120.4468721248034,
              51.62429339351013
            ],
            [
              120.4468721248034,
              51.54238608296886
            ],
            [
              120.35899943885478,
              51.4876991637567
            ],
            [
              120.31506309588045,
              51.405545644150386
            ],
            [
              120.27112675290611,
              51.35069449529626
            ],
            [
              120.18325406695745,
              51.26829449711417
            ],
            [
              120.09538138100883,
              51.213278940555035
            ],
            [
              120.0075086950602,
              51.15819757178304
            ],
            [
              119.96357235208588,
              51.10305036303734
            ],
            [
              119.87569966613724,
              51.04783728676787
            ],
            [
              119.83176332316289,
              50.99255831563608
            ],
            [
              119.78782698018856,
              50.93721342251601
            ],
            [
              119.74389063721424,
              50.88180258049524
            ],
            [
              119.69995429423994,
              50.798562604932556
            ],
            [
              119.6560179512656,
              50.71517409512818
            ],
            [
              119.61208160829128,
              50.63163696298503
            ],
            [
              119.52420892234267,
              50.57586293058576
            ],
            [
              119.48027257936835,
              50.520022779627155
            ],
            [
              119.39239989341966,
              50.46411648482926
            ],
            [
              119.30452720747103,
              50.43613852565125
            ],
            [
              119.21665452152239,
              50.38013296818004
            ],
            [
              119.12878183557376,
              50.324061204642256
            ],
            [
              119.04090914962511,
              50.29600048793359
            ],
            [
              118.90910012070213,
              50.23982936943007
            ],
            [
              118.8212274347535,
              50.21171896159496
            ],
            [
              118.64548206285622,
              50.183591984034315
            ],
            [
              118.51367303393322,
              50.15544843376346
            ],
            [
              118.38186400501026,
              50.07091831705617
            ],
            [
              118.25005497608733,
              50.04270844638241
            ],
            [
              118.16218229013869,
              50.01448198828903
            ],
            [
              118.07430960419,
              49.98623893987709
            ],
            [
              117.98643691824137,
              49.95797929826218
            ],
            [
              117.89856423229276,
              49.92970306057432
            ],
            [
              117.81069154634409,
              49.901410223957974
            ],
            [
              117.67888251742116,
              49.901410223957974
            ],
            [
              117.54707348849816,
              49.84477474259034
            ],
            [
              117.4152644595752,
              49.84477474259034
            ],
            [
              117.32739177362657,
              49.816432092200685
            ],
            [
              117.23951908767792,
              49.78807283160586
            ],
            [
              117.10771005875495,
              49.75969695802323
            ],
            [
              116.97590102983199,
              49.73130446868478
            ],
            [
              116.88802834388335,
              49.70289536083722
            ],
            [
              116.80015565793471,
              49.64602727867525
            ],
            [
              116.71228297198603,
              49.617568298927964
            ],
            [
              116.62441028603739,
              49.560600448629785
            ],
            [
              116.53653760008878,
              49.53209157273505
            ],
            [
              116.44866491414011,
              49.4750239062065
            ],
            [
              116.40472857116582,
              49.41788966920334
            ],
            [
              116.31685588521714,
              49.36068884094864
            ],
            [
              116.27291954224282,
              49.30342140090661
            ],
            [
              116.2289831992685,
              49.24608732878367
            ],
            [
              116.18504685629418,
              49.18868660452919
            ],
            [
              116.18504685629418,
              49.10246050214145
            ],
            [
              116.14111051331986,
              49.04489306144169
            ],
            [
              116.14111051331986,
              48.95841679375111
            ],
            [
              116.14111051331986,
              48.87179034153895
            ],
            [
              116.14111051331986,
              48.78501364234024
            ],
            [
              116.09717417034557,
              48.727079008720445
            ],
            [
              116.05323782737122,
              48.64005176251705
            ],
            [
              116.0093014843969,
              48.58195004234413
            ],
            [
              115.96536514142261,
              48.52378145725822
            ],
            [
              115.92142879844823,
              48.46554599033278
            ],
            [
              115.8335561124996,
              48.40724362489801
            ],
            [
              115.74568342655097,
              48.348874344541954
            ],
            [
              115.65781074060233,
              48.31966460621041
            ],
            [
              115.65781074060233,
              48.23193497471281
            ],
            [
              115.65781074060233,
              48.14405467742536
            ],
            [
              115.70174708357665,
              48.08538408378744
            ],
            [
              115.74568342655097,
              48.02664648961531
            ],
            [
              115.74568342655097,
              47.93841444024623
            ],
            [
              115.8335561124996,
              47.90897024108718
            ],
            [
              115.92142879844823,
              47.85003155810513
            ],
            [
              116.0093014843969,
              47.82053707080407
            ],
            [
              116.09717417034557,
              47.82053707080407
            ],
            [
              116.2289831992685,
              47.82053707080407
            ],
            [
              116.40472857116582,
              47.82053707080407
            ],
            [
              116.49260125711443,
              47.85003155810513
            ],
            [
              116.62441028603739,
              47.87950928095594
            ],
            [
              116.71228297198603,
              47.90897024108718
            ],
            [
              116.84409200090903,
              47.93841444024623
            ],
            [
              117.19558274470356,
              47.99725256272115
            ],
            [
              117.32739177362657,
              47.99725256272115
            ],
            [
              117.50313714552384,
              47.96784188019729
            ],
            [
              117.59100983147248,
              47.90897024108718
            ],
            [
              117.6349461744468,
              47.85003155810513
            ],
            [
              117.7667552033698,
              47.85003155810513
            ],
            [
              117.89856423229276,
              47.87950928095594
            ],
            [
              117.98643691824137,
              47.90897024108718
            ],
            [
              118.11824594716437,
              47.93841444024623
            ],
            [
              118.20611863311301,
              47.99725256272115
            ],
            [
              118.29399131906165,
              47.93841444024623
            ],
            [
              118.38186400501026,
              47.90897024108718
            ],
            [
              118.64548206285622,
              47.82053707080407
            ],
            [
              118.86516377772782,
              47.76149779601235
            ],
            [
              118.9969728066508,
              47.731953005144405
            ],
            [
              119.17271817854807,
              47.70239144307162
            ],
            [
              119.21665452152239,
              47.64321799874266
            ],
            [
              119.30452720747103,
              47.613606113244415
            ],
            [
              119.39239989341966,
              47.58397745005731
            ],
            [
              119.48027257936835,
              47.554332007602824
            ],
            [
              119.52420892234267,
              47.49499077866315
            ],
            [
              119.56814526531699,
              47.43558241413935
            ],
            [
              119.61208160829128,
              47.37610690202004
            ],
            [
              119.6560179512656,
              47.31656423056954
            ],
            [
              119.74389063721424,
              47.256954388328886
            ],
            [
              119.78782698018856,
              47.197277364116836
            ],
            [
              119.83176332316289,
              47.13753314703082
            ],
            [
              119.91963600911156,
              47.077721726448225
            ],
            [
              119.91963600911156,
              46.987878566472396
            ],
            [
              119.96357235208588,
              46.92789909251943
            ],
            [
              119.96357235208588,
              46.83780380654829
            ],
            [
              120.0075086950602,
              46.7776562190071
            ],
            [
              119.91963600911156,
              46.74755720279568
            ],
            [
              119.78782698018856,
              46.71744137016652
            ],
            [
              119.6560179512656,
              46.71744137016652
            ],
            [
              119.52420892234267,
              46.71744137016652
            ],
            [
              119.39239989341966,
              46.74755720279568
            ],
            [
              119.2605908644967,
              46.74755720279568
            ],
            [
              119.12878183557376,
              46.74755720279568
            ],
            [
              119.04090914962511,
              46.71744137016652
            ],
            [
              118.86516377772782,
              46.71744137016652
            ],
            [
              118.68941840583054,
              46.687308720049195
            ],
            [
              118.55760937690759,
              46.687308720049195
            ],
            [
              118.46973669095892,
              46.657159251391285
            ],
            [
              118.38186400501026,
              46.62699296315836
            ],
            [
              118.25005497608733,
              46.62699296315836
            ],
            [
              118.16218229013869,
              46.657159251391285
            ],
            [
              118.03037326121569,
              46.657159251391285
            ],
            [
              117.89856423229276,
              46.657159251391285
            ],
            [
              117.7667552033698,
              46.657159251391285
            ],
            [
              117.67888251742116,
              46.71744137016652
            ],
            [
              117.59100983147248,
              46.7776562190071
            ],
            [
              117.50313714552384,
              46.8077384198892
            ],
            [
              117.4152644595752,
              46.83780380654829
            ],
            [
              117.32739177362657,
              46.86785238010864
            ],
            [
              117.19558274470356,
              46.89788414171235
            ],
            [
              117.10771005875495,
              46.92789909251943
            ],
            [
              116.84409200090903,
              46.92789909251943
            ],
            [
              116.75621931496035,
              46.89788414171235
            ],
            [
              116.62441028603739,
              46.89788414171235
            ],
            [
              116.40472857116582,
              46.89788414171235
            ],
            [
              116.14111051331986,
              46.86785238010864
            ],
            [
              116.05323782737122,
              46.86785238010864
            ],
            [
              115.96536514142261,
              46.89788414171235
            ],
            [
              115.87749245547393,
              46.92789909251943
            ],
            [
              115.78961976952527,
              46.95789723370758
            ],
            [
              115.65781074060233,
              46.95789723370758
            ],
            [
              115.43812902573072,
              46.95789723370758
            ],
            [
              115.30631999680776,
              46.92789909251943
            ],
            [
              115.1745109678848,
              46.89788414171235
            ],
            [
              115.0427019389618,
              46.89788414171235
            ],
            [
              114.95482925301316,
              46.86785238010864
            ],
            [
              114.86695656706452,
              46.83780380654829
            ],
            [
              114.77908388111588,
              46.8077384198892
            ],
            [
              114.69121119516724,
              46.7776562190071
            ],
            [
              114.60333850921863,
              46.74755720279568
            ],
            [
              114.51546582326995,
              46.71744137016652
            ],
            [
              114.42759313732131,
              46.687308720049195
            ],
            [
              114.33972045137267,
              46.657159251391285
            ],
            [
              114.25184776542403,
              46.62699296315836
            ],
            [
              114.20791142244971,
              46.56660992392035
            ],
            [
              114.12003873650104,
              46.53639317093697
            ],
            [
              114.07610239352674,
              46.47590919343171
            ],
            [
              113.98822970757809,
              46.415357914341534
            ],
            [
              113.90035702162946,
              46.38505703444542
            ],
            [
              113.7685479927065,
              46.38505703444542
            ],
            [
              113.5928026208092,
              46.415357914341534
            ],
            [
              113.50492993486057,
              46.44564196704066
            ],
            [
              113.37312090593761,
              46.44564196704066
            ],
            [
              113.28524821998893,
              46.47590919343171
            ],
            [
              113.10950284809165,
              46.47590919343171
            ],
            [
              112.97769381916869,
              46.47590919343171
            ],
            [
              112.84588479024573,
              46.47590919343171
            ],
            [
              112.75801210429707,
              46.44564196704066
            ],
            [
              112.67013941834843,
              46.38505703444542
            ],
            [
              112.53833038942548,
              46.3547393264817
            ],
            [
              112.45045770347684,
              46.3244047895981
            ],
            [
              112.36258501752818,
              46.29405342296074
            ],
            [
              112.27471233157955,
              46.26368522575416
            ],
            [
              112.1868396456309,
              46.23330019718141
            ],
            [
              112.09896695968226,
              46.20289833646392
            ],
            [
              112.01109427373363,
              46.172479642841736
            ],
            [
              111.83534890183633,
              46.111591753936125
            ],
            [
              111.74747621588769,
              46.08112255722559
            ],
            [
              111.65960352993905,
              46.050636524756264
            ],
            [
              111.57173084399042,
              46.020133655861194
            ],
            [
              111.43992181506741,
              45.98961394989223
            ],
            [
              111.26417644317014,
              45.928524024233596
            ],
            [
              111.13236741424718,
              45.897953803341366
            ],
            [
              111.04449472829853,
              45.86736674297031
            ],
            [
              111.0005583853242,
              45.8061421015938
            ],
            [
              110.91268569937557,
              45.74485009589812
            ],
            [
              110.82481301342692,
              45.68349072198079
            ],
            [
              110.78087667045261,
              45.622063976243986
            ],
            [
              110.7369403274783,
              45.56056985539543
            ],
            [
              110.64906764152963,
              45.499008356449565
            ],
            [
              110.56119495558099,
              45.437379476728495
            ],
            [
              110.47332226963235,
              45.37568321386312
            ],
            [
              110.38544958368371,
              45.313919565794045
            ],
            [
              110.3415132407094,
              45.25208853077267
            ],
            [
              110.25364055476075,
              45.15921562464767
            ],
            [
              110.20970421178644,
              45.06619109119258
            ],
            [
              110.16576786881207,
              45.004090497128296
            ],
            [
              110.12183152583776,
              44.910813247942926
            ],
            [
              110.12183152583776,
              44.81738436982225
            ],
            [
              110.07789518286344,
              44.755014213869934
            ],
            [
              110.07789518286344,
              44.63007173778151
            ],
            [
              110.07789518286344,
              44.536187993423546
            ],
            [
              110.03395883988914,
              44.44215263927019
            ],
            [
              109.99002249691482,
              44.379378179818765
            ],
            [
              109.9460861539405,
              44.285090163210945
            ],
            [
              109.8142771250175,
              44.22214727221145
            ],
            [
              109.77034078204318,
              44.15913701505539
            ],
            [
              109.63853175312022,
              44.127606625464225
            ],
            [
              109.5506590671716,
              44.09605939592994
            ],
            [
              109.41885003824864,
              44.09605939592994
            ],
            [
              109.3309773523,
              44.06449532702768
            ],
            [
              109.19916832337701,
              44.03291441935321
            ],
            [
              108.97948660850543,
              43.96970209017501
            ],
            [
              108.84767757958244,
              43.93807066996702
            ],
            [
              108.58405952173652,
              43.906422413578255
            ],
            [
              108.45225049281356,
              43.906422413578255
            ],
            [
              108.36437780686488,
              43.874757321708884
            ],
            [
              108.23256877794192,
              43.843075395079765
            ],
            [
              108.05682340604463,
              43.811376634432946
            ],
            [
              107.92501437712167,
              43.811376634432946
            ],
            [
              107.83714169117303,
              43.779661040531295
            ],
            [
              107.61745997630145,
              43.779661040531295
            ],
            [
              107.48565094737846,
              43.779661040531295
            ],
            [
              107.3099055754812,
              43.7479286141588
            ],
            [
              107.17809654655818,
              43.7479286141588
            ],
            [
              107.0023511746609,
              43.7479286141588
            ],
            [
              106.87054214573797,
              43.7479286141588
            ],
            [
              106.73873311681501,
              43.7479286141588
            ],
            [
              106.5190514019434,
              43.7479286141588
            ],
            [
              106.38724237302044,
              43.7479286141588
            ],
            [
              106.25543334409744,
              43.7479286141588
            ],
            [
              106.03575162922584,
              43.7479286141588
            ],
            [
              105.90394260030288,
              43.7479286141588
            ],
            [
              105.64032454245695,
              43.779661040531295
            ],
            [
              105.46457917055967,
              43.779661040531295
            ],
            [
              105.28883379866238,
              43.779661040531295
            ],
            [
              105.20096111271371,
              43.811376634432946
            ],
            [
              105.06915208379078,
              43.843075395079765
            ],
            [
              104.89340671189346,
              43.874757321708884
            ],
            [
              104.54191596809888,
              43.874757321708884
            ],
            [
              104.3222342532273,
              43.874757321708884
            ],
            [
              104.14648888133003,
              43.874757321708884
            ],
            [
              103.83893448050975,
              43.874757321708884
            ],
            [
              103.66318910861244,
              43.843075395079765
            ],
            [
              103.35563470779223,
              43.811376634432946
            ],
            [
              103.22382567886928,
              43.811376634432946
            ],
            [
              103.09201664994627,
              43.843075395079765
            ],
            [
              102.87233493507468,
              43.874757321708884
            ],
            [
              102.65265322020305,
              43.93807066996702
            ],
            [
              102.56478053425442,
              43.96970209017501
            ],
            [
              102.47690784830579,
              44.001316673523164
            ],
            [
              102.38903516235715,
              44.03291441935321
            ],
            [
              102.25722613343417,
              44.03291441935321
            ],
            [
              102.08148076153688,
              44.03291441935321
            ],
            [
              101.90573538963957,
              44.03291441935321
            ],
            [
              101.59818098881934,
              44.03291441935321
            ],
            [
              101.42243561692203,
              44.03291441935321
            ],
            [
              101.3345629309734,
              44.06449532702768
            ],
            [
              101.24669024502477,
              44.09605939592994
            ],
            [
              101.15881755907613,
              44.127606625464225
            ],
            [
              101.07094487312749,
              44.19065056414903
            ],
            [
              100.9391358442045,
              44.25362713872955
            ],
            [
              100.76339047230724,
              44.31653634518373
            ],
            [
              100.6755177863586,
              44.379378179818765
            ],
            [
              100.58764510040996,
              44.4107738316399
            ],
            [
              100.49977241446128,
              44.44215263927019
            ],
            [
              100.36796338553833,
              44.50485972050088
            ],
            [
              100.28009069958969,
              44.536187993423546
            ],
            [
              100.10434532769239,
              44.56749942079989
            ],
            [
              99.92859995579511,
              44.63007173778151
            ],
            [
              99.84072726984647,
              44.66133262687145
            ],
            [
              99.75285458389786,
              44.692576669384295
            ],
            [
              99.57710921200052,
              44.692576669384295
            ],
            [
              99.40136384010326,
              44.692576669384295
            ],
            [
              99.26955481118027,
              44.692576669384295
            ],
            [
              99.093809439283,
              44.692576669384295
            ],
            [
              99.00593675333435,
              44.66133262687145
            ],
            [
              98.8741277244114,
              44.63007173778151
            ],
            [
              98.78625503846271,
              44.59879400234179
            ],
            [
              98.65444600953977,
              44.536187993423546
            ],
            [
              98.56657332359114,
              44.473514602340195
            ],
            [
              98.4787006376425,
              44.44215263927019
            ],
            [
              98.39082795169382,
              44.4107738316399
            ],
            [
              98.25901892277086,
              44.379378179818765
            ],
            [
              97.99540086492496,
              44.34796568419661
            ],
            [
              97.77571915005333,
              44.34796568419661
            ],
            [
              97.64391012113038,
              44.34796568419661
            ],
            [
              97.5121010922074,
              44.4107738316399
            ],
            [
              97.20454669138716,
              44.536187993423546
            ],
            [
              97.0727376624642,
              44.56749942079989
            ],
            [
              97.02880131948984,
              44.63007173778151
            ],
            [
              96.94092863354122,
              44.692576669384295
            ],
            [
              96.8530559475926,
              44.755014213869934
            ],
            [
              96.80911960461827,
              44.81738436982225
            ],
            [
              96.76518326164395,
              44.87968713614623
            ],
            [
              96.72124691866964,
              44.94192251206688
            ],
            [
              96.63337423272097,
              45.004090497128296
            ],
            [
              96.54550154677231,
              45.06619109119258
            ],
            [
              96.41369251784936,
              45.09721611664443
            ],
            [
              96.28188348892641,
              45.09721611664443
            ],
            [
              96.19401080297777,
              45.06619109119258
            ],
            [
              96.01826543108047,
              45.0351492180313
            ],
            [
              95.7546473732345,
              44.973014928471045
            ],
            [
              95.62283834431155,
              44.973014928471045
            ],
            [
              95.53496565836294,
              44.94192251206688
            ],
            [
              95.27134760051699,
              44.910813247942926
            ],
            [
              95.13953857159403,
              44.910813247942926
            ],
            [
              94.96379319969677,
              44.910813247942926
            ],
            [
              94.74411148482513,
              44.910813247942926
            ],
            [
              94.61230245590217,
              44.910813247942926
            ],
            [
              94.4365570840049,
              44.87968713614623
            ],
            [
              94.30474805508192,
              44.87968713614623
            ],
            [
              94.2608117121076,
              44.81738436982225
            ],
            [
              94.21687536913328,
              44.755014213869934
            ],
            [
              94.17293902615896,
              44.692576669384295
            ],
            [
              94.08506634021032,
              44.63007173778151
            ],
            [
              93.99719365426164,
              44.56749942079989
            ],
            [
              93.90932096831303,
              44.536187993423546
            ],
            [
              93.77751193939007,
              44.50485972050088
            ],
            [
              93.68963925344143,
              44.473514602340195
            ],
            [
              93.60176656749279,
              44.44215263927019
            ],
            [
              93.5138938815441,
              44.4107738316399
            ],
            [
              93.38208485262115,
              44.379378179818765
            ],
            [
              93.29421216667251,
              44.34796568419661
            ],
            [
              93.0745304518009,
              44.31653634518373
            ],
            [
              92.89878507990363,
              44.285090163210945
            ],
            [
              92.81091239395498,
              44.25362713872955
            ],
            [
              92.679103365032,
              44.25362713872955
            ],
            [
              92.45942165016041,
              44.285090163210945
            ],
            [
              92.37154896421177,
              44.31653634518373
            ],
            [
              92.19580359231445,
              44.379378179818765
            ],
            [
              91.97612187744288,
              44.44215263927019
            ],
            [
              91.71250381959692,
              44.50485972050088
            ],
            [
              91.53675844769967,
              44.536187993423546
            ],
            [
              91.448885761751,
              44.56749942079989
            ],
            [
              91.40494941877671,
              44.66133262687145
            ],
            [
              91.31707673282803,
              44.692576669384295
            ],
            [
              91.22920404687937,
              44.755014213869934
            ],
            [
              91.18526770390507,
              44.84854417674371
            ],
            [
              91.14133136093075,
              44.94192251206688
            ],
            [
              91.05345867498211,
              45.004090497128296
            ],
            [
              91.00952233200779,
              45.06619109119258
            ],
            [
              90.92164964605911,
              45.09721611664443
            ],
            [
              90.78984061713615,
              45.09721611664443
            ],
            [
              90.6580315882132,
              45.09721611664443
            ],
            [
              90.43834987334158,
              45.06619109119258
            ],
            [
              90.30654084441865,
              45.0351492180313
            ],
            [
              90.17473181549569,
              45.004090497128296
            ],
            [
              89.99898644359835,
              44.94192251206688
            ],
            [
              89.91111375764973,
              44.910813247942926
            ],
            [
              89.82324107170109,
              44.84854417674371
            ],
            [
              89.73536838575248,
              44.81738436982225
            ],
            [
              89.64749569980381,
              44.755014213869934
            ],
            [
              89.60355935682946,
              44.692576669384295
            ],
            [
              89.55962301385514,
              44.63007173778151
            ],
            [
              89.51568667088084,
              44.56749942079989
            ],
            [
              89.51568667088084,
              44.473514602340195
            ],
            [
              89.55962301385514,
              44.4107738316399
            ],
            [
              89.60355935682946,
              44.34796568419661
            ],
            [
              89.64749569980381,
              44.25362713872955
            ],
            [
              89.69143204277813,
              44.19065056414903
            ],
            [
              89.73536838575248,
              44.127606625464225
            ],
            [
              89.86717741467541,
              44.06449532702768
            ],
            [
              90.04292278657269,
              43.96970209017501
            ],
            [
              90.13079547252134,
              43.93807066996702
            ],
            [
              90.21866815846998,
              43.874757321708884
            ],
            [
              90.35047718739294,
              43.811376634432946
            ],
            [
              90.43834987334158,
              43.716179356120556
            ],
            [
              90.52622255929026,
              43.65263034837236
            ],
            [
              90.6140952452389,
              43.557180620597315
            ],
            [
              90.70196793118754,
              43.49346333527206
            ],
            [
              90.74590427416186,
              43.42967875211461
            ],
            [
              90.83377696011047,
              43.36582687917888
            ],
            [
              90.92164964605911,
              43.333875711654635
            ],
            [
              90.96558598903349,
              43.269922919902214
            ],
            [
              91.05345867498211,
              43.237921297902076
            ],
            [
              91.09739501795643,
              43.17386760738588
            ],
            [
              91.14133136093075,
              43.10974666274307
            ],
            [
              91.22920404687937,
              43.07766097316595
            ],
            [
              91.27314038985371,
              43.01343916577375
            ],
            [
              91.36101307580233,
              42.98130305053343
            ],
            [
              91.49282210472532,
              42.884793874541856
            ],
            [
              91.53675844769967,
              42.82037041234845
            ],
            [
              91.62463113364828,
              42.75587975411888
            ],
            [
              91.71250381959692,
              42.7236092301335
            ],
            [
              91.80037650554556,
              42.62669689671094
            ],
            [
              91.88824919149424,
              42.59435920354807
            ],
            [
              91.93218553446856,
              42.529633453662434
            ],
            [
              92.02005822041717,
              42.46484056318587
            ],
            [
              92.15186724934013,
              42.399980545417144
            ],
            [
              92.19580359231445,
              42.335053414012876
            ],
            [
              92.28367627826313,
              42.27005918298822
            ],
            [
              92.37154896421177,
              42.20499786671805
            ],
            [
              92.54729433610905,
              42.10728013981045
            ],
            [
              92.63516702205766,
              42.042051175686055
            ],
            [
              92.72303970800634,
              42.00941155559956
            ],
            [
              92.81091239395498,
              41.94408204932457
            ],
            [
              92.89878507990363,
              41.84596215518097
            ],
            [
              92.94272142287794,
              41.78046516020564
            ],
            [
              93.03059410882658,
              41.74769154943365
            ],
            [
              93.0745304518009,
              41.682094112183364
            ],
            [
              93.2063394807239,
              41.61642973541018
            ],
            [
              93.25027582369819,
              41.5178076981781
            ],
            [
              93.29421216667251,
              41.451976052272
            ],
            [
              93.38208485262115,
              41.38607753155695
            ],
            [
              93.42602119559547,
              41.32011215535985
            ],
            [
              93.4699575385698,
              41.254079943381626
            ],
            [
              93.55783022451843,
              41.18798091569801
            ],
            [
              93.60176656749279,
              41.121815092760535
            ],
            [
              93.64570291046711,
              41.05558249539763
            ],
            [
              93.68963925344143,
              40.989283144815346
            ],
            [
              93.73357559641575,
              40.922917062598565
            ],
            [
              93.77751193939007,
              40.85648427071178
            ],
            [
              93.82144828236436,
              40.75671005123469
            ],
            [
              93.86538462533868,
              40.690110583767904
            ],
            [
              93.90932096831303,
              40.62344448651062
            ],
            [
              93.99719365426164,
              40.590086459097044
            ],
            [
              94.041129997236,
              40.52332046168331
            ],
            [
              94.17293902615896,
              40.45648789441315
            ],
            [
              94.30474805508192,
              40.423046654769536
            ],
            [
              94.48049342697921,
              40.38958878193535
            ],
            [
              94.56836611292786,
              40.356114279052264
            ],
            [
              94.70017514185082,
              40.289115395827025
            ],
            [
              95.00772954267109,
              40.25559102188956
            ],
            [
              95.09560222861973,
              40.22205003071256
            ],
            [
              95.22741125754266,
              40.22205003071256
            ],
            [
              95.35922028646567,
              40.22205003071256
            ],
            [
              95.4470929724143,
              40.1884924255592
            ],
            [
              95.57890200133726,
              40.1884924255592
            ],
            [
              95.7546473732345,
              40.1884924255592
            ],
            [
              95.8864564021575,
              40.154918209717124
            ],
            [
              96.01826543108047,
              40.154918209717124
            ],
            [
              96.1061381170291,
              40.121327386498464
            ],
            [
              96.19401080297777,
              40.08771995923966
            ],
            [
              96.28188348892641,
              40.02045530607032
            ],
            [
              96.32581983190073,
              39.953124277391794
            ],
            [
              96.41369251784936,
              39.919433880838675
            ],
            [
              96.50156520379801,
              39.885726900780014
            ],
            [
              96.58943788974663,
              39.85200334072442
            ],
            [
              96.67731057569532,
              39.81826320420514
            ],
            [
              96.76518326164395,
              39.78450649478022
            ],
            [
              96.8530559475926,
              39.716943371569286
            ],
            [
              96.98486497651552,
              39.683136965023174
            ],
            [
              97.24848303436148,
              39.615474480335735
            ],
            [
              97.38029206328444,
              39.5816184095834
            ],
            [
              97.55603743518175,
              39.54774579152622
            ],
            [
              97.73178280707903,
              39.54774579152622
            ],
            [
              97.86359183600199,
              39.51385662992098
            ],
            [
              98.0832735508736,
              39.47995092854955
            ],
            [
              98.3468916087195,
              39.47995092854955
            ],
            [
              98.52263698061684,
              39.47995092854955
            ],
            [
              98.74231869548841,
              39.41208992176035
            ],
            [
              98.91806406738571,
              39.37813462403136
            ],
            [
              99.22561846820595,
              39.37813462403136
            ],
            [
              99.4892365260519,
              39.344162801913775
            ],
            [
              99.62104555497484,
              39.344162801913775
            ],
            [
              99.84072726984647,
              39.31017445931474
            ],
            [
              99.97253629876943,
              39.31017445931474
            ],
            [
              100.10434532769239,
              39.24214822842662
            ],
            [
              100.28009069958969,
              39.24214822842662
            ],
            [
              100.36796338553833,
              39.20811034807765
            ],
            [
              100.5437087574356,
              39.174055963127515
            ],
            [
              101.02700853015315,
              39.10589769558173
            ],
            [
              101.29062658799909,
              39.07179382112826
            ],
            [
              101.37849927394771,
              39.03767345835813
            ],
            [
              101.46637195989638,
              38.969383284431046
            ],
            [
              101.55424464584505,
              38.901027207181194
            ],
            [
              101.64211733179366,
              38.86682446535305
            ],
            [
              101.7299900177423,
              38.798369596599
            ],
            [
              101.99360807558826,
              38.69556389541624
            ],
            [
              102.08148076153688,
              38.661262439638776
            ],
            [
              102.16935344748552,
              38.62694454684057
            ],
            [
              102.21328979045983,
              38.55825946797186
            ],
            [
              102.30116247640846,
              38.48950869464735
            ],
            [
              102.38903516235715,
              38.4206922631168
            ],
            [
              102.43297150533147,
              38.35181021004318
            ],
            [
              102.47690784830579,
              38.28286257250369
            ],
            [
              102.5208441912801,
              38.213849387990464
            ],
            [
              102.56478053425442,
              38.14477069441152
            ],
            [
              102.60871687722873,
              38.07562653009168
            ],
            [
              102.65265322020305,
              38.006416933773096
            ],
            [
              102.74052590615169,
              37.97178761083565
            ],
            [
              102.78446224912601,
              37.90247994007623
            ],
            [
              102.87233493507468,
              37.83310693600595
            ],
            [
              102.96020762102332,
              37.763668638835036
            ],
            [
              103.04808030697195,
              37.728925018017684
            ],
            [
              103.1798893358949,
              37.65938885751166
            ],
            [
              103.31169836481789,
              37.65938885751166
            ],
            [
              103.44350739374084,
              37.58978750627527
            ],
            [
              103.61925276563812,
              37.58978750627527
            ],
            [
              103.75106179456112,
              37.58978750627527
            ],
            [
              103.9707435094327,
              37.58978750627527
            ],
            [
              104.23436156727865,
              37.624596328139155
            ],
            [
              104.41010693917592,
              37.65938885751166
            ],
            [
              104.58585231107325,
              37.65938885751166
            ],
            [
              104.62978865404754,
              37.728925018017684
            ],
            [
              104.7615976829705,
              37.7983959465285
            ],
            [
              104.93734305486778,
              37.86780160220166
            ],
            [
              105.02521574081646,
              37.90247994007623
            ],
            [
              105.1130884267651,
              37.93714194461649
            ],
            [
              105.20096111271371,
              37.97178761083565
            ],
            [
              105.28883379866238,
              38.0410299084945
            ],
            [
              105.42064282758534,
              38.07562653009168
            ],
            [
              105.55245185650831,
              38.14477069441152
            ],
            [
              105.68426088543127,
              38.14477069441152
            ],
            [
              105.77213357137988,
              38.213849387990464
            ],
            [
              105.90394260030288,
              38.213849387990464
            ],
            [
              106.1675606581488,
              38.28286257250369
            ],
            [
              106.25543334409744,
              38.317344586998125
            ],
            [
              106.43117871599473,
              38.35181021004318
            ],
            [
              106.56298774491769,
              38.38625943696526
            ],
            [
              106.65086043086635,
              38.4206922631168
            ],
            [
              106.78266945978933,
              38.48950869464735
            ],
            [
              106.87054214573797,
              38.52389229086065
            ],
            [
              106.95841483168661,
              38.592610221462664
            ],
            [
              107.04628751763522,
              38.62694454684057
            ],
            [
              107.13416020358386,
              38.661262439638776
            ],
            [
              107.22203288953254,
              38.72984890975761
            ],
            [
              107.3099055754812,
              38.764117478273214
            ],
            [
              107.39777826142982,
              38.798369596599
            ],
            [
              107.48565094737846,
              38.86682446535305
            ],
            [
              107.57352363332713,
              38.93521348161928
            ],
            [
              107.70533266225007,
              38.969383284431046
            ],
            [
              107.7492690052244,
              39.03767345835813
            ],
            [
              107.83714169117303,
              39.10589769558173
            ],
            [
              107.92501437712167,
              39.174055963127515
            ],
            [
              107.96895072009599,
              39.24214822842662
            ],
            [
              108.05682340604463,
              39.344162801913775
            ],
            [
              108.10075974901899,
              39.41208992176035
            ],
            [
              108.23256877794192,
              39.47995092854955
            ],
            [
              108.27650512091624,
              39.54774579152622
            ],
            [
              108.36437780686488,
              39.615474480335735
            ],
            [
              108.4083141498392,
              39.683136965023174
            ],
            [
              108.45225049281356,
              39.7507332160324
            ],
            [
              108.54012317876222,
              39.78450649478022
            ],
            [
              108.62799586471084,
              39.85200334072442
            ],
            [
              108.71586855065948,
              39.885726900780014
            ],
            [
              108.80374123660809,
              39.953124277391794
            ],
            [
              108.93555026553105,
              39.98679808695544
            ],
            [
              109.02342295147973,
              40.02045530607032
            ],
            [
              109.11129563742838,
              40.05409593130177
            ],
            [
              109.3309773523,
              40.05409593130177
            ],
            [
              109.50672272419727,
              40.08771995923966
            ],
            [
              109.5945954101459,
              40.121327386498464
            ],
            [
              109.68246809609455,
              39.98679808695544
            ],
            [
              109.8142771250175,
              39.85200334072442
            ],
            [
              109.90214981096618,
              39.716943371569286
            ],
            [
              109.90214981096618,
              39.5816184095834
            ],
            [
              109.90214981096618,
              39.44602869121871
            ],
            [
              109.9460861539405,
              39.344162801913775
            ],
            [
              109.9460861539405,
              39.20811034807765
            ],
            [
              109.9460861539405,
              39.10589769558173
            ],
            [
              109.90214981096618,
              39.03767345835813
            ],
            [
              109.90214981096618,
              38.93521348161928
            ],
            [
              109.90214981096618,
              38.83260526039656
            ],
            [
              109.9460861539405,
              38.764117478273214
            ],
            [
              109.9460861539405,
              38.661262439638776
            ],
            [
              109.99002249691482,
              38.592610221462664
            ],
            [
              110.03395883988914,
              38.48950869464735
            ],
            [
              110.07789518286344,
              38.4206922631168
            ],
            [
              110.07789518286344,
              38.317344586998125
            ],
            [
              110.12183152583776,
              38.24836417125926
            ],
            [
              110.12183152583776,
              38.14477069441152
            ],
            [
              110.16576786881207,
              38.07562653009168
            ],
            [
              110.16576786881207,
              37.97178761083565
            ],
            [
              110.16576786881207,
              37.86780160220166
            ],
            [
              110.12183152583776,
              37.7983959465285
            ],
            [
              110.07789518286344,
              37.728925018017684
            ],
            [
              110.07789518286344,
              37.624596328139155
            ],
            [
              110.07789518286344,
              37.52012100599677
            ],
            [
              110.12183152583776,
              37.450389398788424
            ],
            [
              110.16576786881207,
              37.380592727187484
            ],
            [
              110.20970421178644,
              37.31073103415693
            ],
            [
              110.25364055476075,
              37.24080436308619
            ],
            [
              110.29757689773507,
              37.135792618621124
            ],
            [
              110.3415132407094,
              37.065703695085176
            ],
            [
              110.38544958368371,
              36.995549948742564
            ],
            [
              110.42938592665803,
              36.92533142491183
            ],
            [
              110.47332226963235,
              36.81988228157045
            ],
            [
              110.51725861260667,
              36.71428764814418
            ],
            [
              110.56119495558099,
              36.60854768304991
            ],
            [
              110.56119495558099,
              36.46733526936117
            ],
            [
              110.6051312985553,
              36.361256825456664
            ],
            [
              110.6051312985553,
              36.25503359383667
            ],
            [
              110.64906764152963,
              36.184137751330354
            ],
            [
              110.69300398450397,
              36.113177683657845
            ],
            [
              110.7369403274783,
              36.04215344157756
            ],
            [
              110.78087667045261,
              35.93549686356012
            ],
            [
              110.82481301342692,
              35.86431241041907
            ],
            [
              110.86874935640124,
              35.793063963995934
            ],
            [
              110.91268569937557,
              35.68607142245789
            ],
            [
              110.95662204234988,
              35.57893519470001
            ],
            [
              111.08843107127286,
              35.50743130703413
            ],
            [
              111.1763037572215,
              35.47165546285713
            ],
            [
              111.26417644317014,
              35.435863694250955
            ],
            [
              111.35204912911878,
              35.47165546285713
            ],
            [
              111.48385815804174,
              35.50743130703413
            ],
            [
              111.61566718696473,
              35.50743130703413
            ],
            [
              111.70353987291338,
              35.54319121992482
            ],
            [
              111.74747621588769,
              35.61466322455829
            ],
            [
              111.83534890183633,
              35.68607142245789
            ],
            [
              111.87928524481063,
              35.75741575976904
            ],
            [
              111.96715793075931,
              35.793063963995934
            ],
            [
              112.01109427373363,
              35.86431241041907
            ],
            [
              112.05503061670794,
              35.93549686356012
            ],
            [
              112.09896695968226,
              36.00661727111685
            ],
            [
              112.1868396456309,
              36.04215344157756
            ],
            [
              112.23077598860522,
              36.113177683657845
            ],
            [
              112.27471233157955,
              36.184137751330354
            ],
            [
              112.27471233157955,
              36.29045741491067
            ],
            [
              112.1868396456309,
              36.361256825456664
            ],
            [
              112.09896695968226,
              36.39663240251336
            ],
            [
              112.09896695968226,
              36.50266254690104
            ],
            [
              112.1868396456309,
              36.57326875978921
            ],
            [
              112.27471233157955,
              36.60854768304991
            ],
            [
              112.36258501752818,
              36.643810476175304
            ],
            [
              112.45045770347684,
              36.679057133189616
            ],
            [
              112.53833038942548,
              36.71428764814418
            ],
            [
              112.67013941834843,
              36.74950201511758
            ],
            [
              112.80194844727139,
              36.78470022821542
            ],
            [
              112.9337574761944,
              36.81988228157045
            ],
            [
              113.06556650511733,
              36.85504816934243
            ],
            [
              113.06556650511733,
              36.96044878116398
            ],
            [
              113.06556650511733,
              37.065703695085176
            ],
            [
              113.10950284809165,
              37.135792618621124
            ],
            [
              113.15343919106597,
              37.20581667446181
            ],
            [
              113.28524821998893,
              37.275775818148055
            ],
            [
              113.37312090593761,
              37.31073103415693
            ],
            [
              113.46099359188624,
              37.34567000564907
            ],
            [
              113.54886627783488,
              37.380592727187484
            ],
            [
              113.6367389637835,
              37.415499193361825
            ],
            [
              113.81248433568082,
              37.415499193361825
            ],
            [
              113.90035702162946,
              37.450389398788424
            ],
            [
              113.98822970757809,
              37.485263338110194
            ],
            [
              114.07610239352674,
              37.554962397144216
            ],
            [
              114.16397507947536,
              37.58978750627527
            ],
            [
              114.20791142244971,
              37.65938885751166
            ],
            [
              114.33972045137267,
              37.728925018017684
            ],
            [
              114.47152948029563,
              37.7983959465285
            ],
            [
              114.55940216624425,
              37.83310693600595
            ],
            [
              114.69121119516724,
              37.83310693600595
            ],
            [
              114.77908388111588,
              37.86780160220166
            ],
            [
              114.86695656706452,
              37.90247994007623
            ],
            [
              115.0427019389618,
              37.93714194461649
            ],
            [
              115.1745109678848,
              37.97178761083565
            ],
            [
              115.26238365383342,
              38.006416933773096
            ],
            [
              115.35025633978206,
              38.0410299084945
            ],
            [
              115.43812902573072,
              38.07562653009168
            ],
            [
              115.52600171167937,
              38.11020679368261
            ],
            [
              115.65781074060233,
              38.11020679368261
            ],
            [
              115.74568342655097,
              38.17931822744868
            ],
            [
              115.8335561124996,
              38.28286257250369
            ],
            [
              115.87749245547393,
              38.35181021004318
            ],
            [
              115.96536514142261,
              38.38625943696526
            ],
            [
              116.05323782737122,
              38.4206922631168
            ],
            [
              116.14111051331986,
              38.45510868387612
            ],
            [
              116.2289831992685,
              38.55825946797186
            ],
            [
              116.3607922281915,
              38.592610221462664
            ],
            [
              116.49260125711443,
              38.62694454684057
            ],
            [
              116.58047394306307,
              38.661262439638776
            ],
            [
              116.62441028603739,
              38.72984890975761
            ],
            [
              116.75621931496035,
              38.72984890975761
            ],
            [
              116.88802834388335,
              38.764117478273214
            ],
            [
              117.0198373728063,
              38.764117478273214
            ],
            [
              117.15164640172925,
              38.798369596599
            ],
            [
              117.28345543065224,
              38.798369596599
            ],
            [
              117.4152644595752,
              38.798369596599
            ],
            [
              117.54707348849816,
              38.83260526039656
            ],
            [
              117.67888251742116,
              38.86682446535305
            ],
            [
              117.81069154634409,
              38.86682446535305
            ],
            [
              117.94250057526705,
              38.86682446535305
            ],
            [
              118.03037326121569,
              38.93521348161928
            ],
            [
              118.07430960419,
              39.00353661140574
            ],
            [
              118.11824594716437,
              39.07179382112826
            ],
            [
              118.16218229013869,
              39.1399850776094
            ],
            [
              118.20611863311301,
              39.20811034807765
            ],
            [
              118.29399131906165,
              39.24214822842662
            ],
            [
              118.42580034798458,
              39.24214822842662
            ],
            [
              118.6015457198819,
              39.24214822842662
            ],
            [
              118.68941840583054,
              39.20811034807765
            ],
            [
              118.8212274347535,
              39.20811034807765
            ],
            [
              118.90910012070213,
              39.24214822842662
            ],
            [
              119.04090914962511,
              39.24214822842662
            ],
            [
              119.12878183557376,
              39.27616960016654
            ],
            [
              119.21665452152239,
              39.31017445931474
            ],
            [
              119.2605908644967,
              39.37813462403136
            ],
            [
              119.34846355044535,
              39.44602869121871
            ],
            [
              119.39239989341966,
              39.51385662992098
            ],
            [
              119.43633623639403,
              39.5816184095834
            ],
            [
              119.48027257936835,
              39.649314000051305
            ],
            [
              119.52420892234267,
              39.716943371569286
            ],
            [
              119.61208160829128,
              39.78450649478022
            ],
            [
              119.6560179512656,
              39.85200334072442
            ],
            [
              119.69995429423994,
              39.919433880838675
            ],
            [
              119.74389063721424,
              39.98679808695544
            ],
            [
              119.78782698018856,
              40.05409593130177
            ],
            [
              119.87569966613724,
              40.08771995923966
            ],
            [
              119.96357235208588,
              40.121327386498464
            ],
            [
              120.05144503803452,
              40.1884924255592
            ],
            [
              120.13931772398315,
              40.22205003071256
            ],
            [
              120.21256491640291,
              40.238676512253974
            ],
            [
              120.2110503553579,
              40.23863102502254
            ]
          ]
        ]
      }
    },
    {
      "type": "Feature",
      "properties": {
        "NAME": "Ming",
        "name": "Ming",
        "color": "#ea580c",
        "fill": "#ea580c",
        "fill-opacity": 0.5,
        "stroke": "#ea580c",
        "stroke-width": 2,
        "CODE": "15"
      },
      "geometry": {
        "type": "Polygon",
        "coordinates": [
          [
            [
              119.34846355044535,
              24.900341277190638
            ],
            [
              119.39239989341966,
              25.059655120288326
            ],
            [
              119.43633623639398,
              25.139234530134637
            ],
            [
              119.4802725793683,
              25.218762105576907
            ],
            [
              119.61208160829128,
              25.337956018274767
            ],
            [
              119.61208160829128,
              25.457032634321443
            ],
            [
              119.6560179512656,
              25.53635168338053
            ],
            [
              119.69995429423994,
              25.61561830604415
            ],
            [
              119.78782698018856,
              25.655231920908264
            ],
            [
              119.83176332316292,
              25.813554730839158
            ],
            [
              119.83176332316292,
              25.932158200694882
            ],
            [
              119.83176332316292,
              26.050642406242353
            ],
            [
              119.83176332316292,
              26.16900696123847
            ],
            [
              119.87569966613724,
              26.24785000240495
            ],
            [
              119.87569966613724,
              26.366014288108055
            ],
            [
              119.91963600911156,
              26.523378897001482
            ],
            [
              119.96357235208588,
              26.601980476308896
            ],
            [
              120.0075086950602,
              26.680528090758674
            ],
            [
              120.05144503803452,
              26.759021629879605
            ],
            [
              120.09538138100883,
              26.87666030685033
            ],
            [
              120.09538138100883,
              27.072452840529838
            ],
            [
              120.09538138100883,
              27.18976460765863
            ],
            [
              120.18325406695745,
              27.306953116225934
            ],
            [
              120.22719040993177,
              27.385010133639415
            ],
            [
              120.27112675290611,
              27.463012103195233
            ],
            [
              120.35899943885472,
              27.501992411993744
            ],
            [
              120.49080846777774,
              27.579911611830703
            ],
            [
              120.62261749670068,
              27.657775500604767
            ],
            [
              120.71049018264935,
              27.73558397387948
            ],
            [
              120.75442652562367,
              27.813336927701606
            ],
            [
              120.8422992115723,
              27.852192552464704
            ],
            [
              120.93017189752095,
              27.968675863591656
            ],
            [
              121.01804458346957,
              28.007475736819767
            ],
            [
              121.06198092644391,
              28.085033560903856
            ],
            [
              121.10591726941821,
              28.162535403726867
            ],
            [
              121.19378995536685,
              28.23998116399375
            ],
            [
              121.28166264131553,
              28.278682981646142
            ],
            [
              121.32559898428985,
              28.394704034095916
            ],
            [
              121.41347167023847,
              28.549201370516325
            ],
            [
              121.54528069916142,
              28.664925889045726
            ],
            [
              121.6331533851101,
              28.742004677008776
            ],
            [
              121.67708972808443,
              28.81902663810655
            ],
            [
              121.76496241403306,
              28.895991675150828
            ],
            [
              121.8528350999817,
              28.972899691436346
            ],
            [
              121.89677144295602,
              29.049750590740455
            ],
            [
              121.94070778593034,
              29.126544277323294
            ],
            [
              122.02858047187898,
              29.203280655927404
            ],
            [
              122.0725168148533,
              29.318277564185124
            ],
            [
              122.11645315782759,
              29.394870259256983
            ],
            [
              122.16038950080197,
              29.47140531674743
            ],
            [
              122.16038950080197,
              29.58609962902078
            ],
            [
              122.20432584377627,
              29.738822782406228
            ],
            [
              122.16038950080197,
              29.815097325776538
            ],
            [
              122.16038950080197,
              29.929400093294944
            ],
            [
              122.16038950080197,
              30.04357173299039
            ],
            [
              122.16038950080197,
              30.15761194246784
            ],
            [
              122.16038950080197,
              30.2715204217642
            ],
            [
              122.11645315782759,
              30.347386077498097
            ],
            [
              122.0725168148533,
              30.42319296663992
            ],
            [
              122.0725168148533,
              30.536792922639037
            ],
            [
              122.02858047187898,
              30.612452515379807
            ],
            [
              121.98464412890466,
              30.68805303884924
            ],
            [
              121.98464412890466,
              30.80134288248246
            ],
            [
              121.94070778593034,
              30.87679536018381
            ],
            [
              121.94070778593034,
              31.027522133592253
            ],
            [
              121.94070778593034,
              31.140410975892433
            ],
            [
              121.98464412890466,
              31.215595649956963
            ],
            [
              121.98464412890466,
              31.328260624698828
            ],
            [
              122.02858047187898,
              31.440790911596892
            ],
            [
              122.02858047187898,
              31.55318623811332
            ],
            [
              122.02858047187898,
              31.66544633411574
            ],
            [
              121.98464412890466,
              31.777570931874575
            ],
            [
              121.94070778593034,
              31.85224525578621
            ],
            [
              121.89677144295602,
              31.926859162258513
            ],
            [
              121.8528350999817,
              32.001412573740545
            ],
            [
              121.76496241403306,
              32.1503376038929
            ],
            [
              121.67708972808443,
              32.26187200732248
            ],
            [
              121.5892170421358,
              32.37326952508024
            ],
            [
              121.54528069916142,
              32.484529904586786
            ],
            [
              121.54528069916142,
              32.63266331899404
            ],
            [
              121.54528069916142,
              32.743602740361595
            ],
            [
              121.54528069916142,
              32.85440419872192
            ],
            [
              121.50134435618713,
              32.9281950717682
            ],
            [
              121.45740801321278,
              33.00192444898583
            ],
            [
              121.36953532726417,
              33.075592259637055
            ],
            [
              121.32559898428985,
              33.14919843345056
            ],
            [
              121.23772629834117,
              33.22274290062077
            ],
            [
              121.14985361239253,
              33.29622559180751
            ],
            [
              121.10591726941821,
              33.36964643813554
            ],
            [
              121.06198092644391,
              33.44300537119386
            ],
            [
              121.01804458346957,
              33.51630232303541
            ],
            [
              120.97410824049526,
              33.58953722617639
            ],
            [
              120.93017189752095,
              33.6627100135958
            ],
            [
              120.8422992115723,
              33.73582061873488
            ],
            [
              120.79836286859799,
              33.808868975496665
            ],
            [
              120.75442652562367,
              33.881855018245304
            ],
            [
              120.71049018264935,
              33.95477868180557
            ],
            [
              120.666553839675,
              34.02763990146232
            ],
            [
              120.62261749670068,
              34.10043861295998
            ],
            [
              120.57868115372636,
              34.2095193379782
            ],
            [
              120.53474481075204,
              34.31845906282258
            ],
            [
              120.49080846777774,
              34.39100710829767
            ],
            [
              120.4468721248034,
              34.463492331208066
            ],
            [
              120.35899943885472,
              34.53591467004312
            ],
            [
              120.3150630958804,
              34.60827406374756
            ],
            [
              120.22719040993177,
              34.68057045172092
            ],
            [
              120.18325406695745,
              34.752803773817014
            ],
            [
              120.13931772398315,
              34.82497397034313
            ],
            [
              120.09538138100883,
              34.89708098205961
            ],
            [
              120.05144503803452,
              34.96912475017907
            ],
            [
              120.0075086950602,
              35.041105216365885
            ],
            [
              120.0075086950602,
              35.14895709802302
            ],
            [
              120.0075086950602,
              35.25666622673596
            ],
            [
              120.0075086950602,
              35.36423241131911
            ],
            [
              120.0075086950602,
              35.47165546285713
            ],
            [
              120.0075086950602,
              35.57893519470001
            ],
            [
              120.09538138100883,
              35.65037530272617
            ],
            [
              120.13931772398315,
              35.72175157703556
            ],
            [
              120.18325406695745,
              35.793063963995934
            ],
            [
              120.22719040993177,
              35.86431241041907
            ],
            [
              120.3150630958804,
              35.93549686356012
            ],
            [
              120.40293578182909,
              36.00661727111685
            ],
            [
              120.49080846777774,
              36.07767358122907
            ],
            [
              120.57868115372636,
              36.148665742477796
            ],
            [
              120.666553839675,
              36.184137751330354
            ],
            [
              120.75442652562367,
              36.25503359383667
            ],
            [
              120.8422992115723,
              36.29045741491067
            ],
            [
              120.93017189752095,
              36.361256825456664
            ],
            [
              121.01804458346957,
              36.39663240251336
            ],
            [
              121.10591726941821,
              36.4319918858613
            ],
            [
              121.23772629834117,
              36.50266254690104
            ],
            [
              121.32559898428985,
              36.5379737123962
            ],
            [
              121.41347167023847,
              36.57326875978921
            ],
            [
              121.50134435618713,
              36.60854768304991
            ],
            [
              121.5892170421358,
              36.643810476175304
            ],
            [
              121.67708972808443,
              36.679057133189616
            ],
            [
              121.76496241403306,
              36.71428764814418
            ],
            [
              121.8528350999817,
              36.74950201511758
            ],
            [
              121.94070778593034,
              36.78470022821542
            ],
            [
              122.02858047187898,
              36.81988228157045
            ],
            [
              122.11645315782759,
              36.85504816934243
            ],
            [
              122.20432584377627,
              36.92533142491183
            ],
            [
              122.29219852972493,
              36.96044878116398
            ],
            [
              122.38007121567355,
              36.995549948742564
            ],
            [
              122.46794390162222,
              37.065703695085176
            ],
            [
              122.55581658757086,
              37.100756262519596
            ],
            [
              122.59975293054518,
              37.17081275779212
            ],
            [
              122.6436892735195,
              37.24080436308619
            ],
            [
              122.73156195946814,
              37.31073103415693
            ],
            [
              122.77549830244244,
              37.380592727187484
            ],
            [
              122.81943464541676,
              37.450389398788424
            ],
            [
              122.81943464541676,
              37.554962397144216
            ],
            [
              122.73156195946814,
              37.58978750627527
            ],
            [
              122.6436892735195,
              37.624596328139155
            ],
            [
              122.42400755864787,
              37.69416508919492
            ],
            [
              122.20432584377627,
              37.69416508919492
            ],
            [
              122.11645315782759,
              37.728925018017684
            ],
            [
              121.98464412890466,
              37.728925018017684
            ],
            [
              121.89677144295602,
              37.763668638835036
            ],
            [
              121.76496241403306,
              37.763668638835036
            ],
            [
              121.67708972808443,
              37.7983959465285
            ],
            [
              121.54528069916142,
              37.7983959465285
            ],
            [
              121.45740801321278,
              37.83310693600595
            ],
            [
              121.32559898428985,
              37.83310693600595
            ],
            [
              121.23772629834117,
              37.86780160220166
            ],
            [
              120.93017189752095,
              37.90247994007623
            ],
            [
              120.79836286859799,
              37.90247994007623
            ],
            [
              120.71049018264935,
              37.93714194461649
            ],
            [
              120.4468721248034,
              37.93714194461649
            ],
            [
              120.3150630958804,
              37.93714194461649
            ],
            [
              120.18325406695745,
              37.93714194461649
            ],
            [
              119.96357235208588,
              37.93714194461649
            ],
            [
              119.83176332316292,
              37.93714194461649
            ],
            [
              119.61208160829128,
              37.93714194461649
            ],
            [
              119.52420892234267,
              37.97178761083565
            ],
            [
              119.43633623639398,
              38.006416933773096
            ],
            [
              119.2605908644967,
              38.0410299084945
            ],
            [
              119.08484549259943,
              38.07562653009168
            ],
            [
              118.9969728066508,
              38.11020679368261
            ],
            [
              118.86516377772782,
              38.14477069441152
            ],
            [
              118.73335474880486,
              38.17931822744868
            ],
            [
              118.55760937690754,
              38.213849387990464
            ],
            [
              118.42580034798458,
              38.24836417125926
            ],
            [
              118.29399131906165,
              38.28286257250369
            ],
            [
              118.16218229013869,
              38.28286257250369
            ],
            [
              118.07430960419005,
              38.317344586998125
            ],
            [
              117.89856423229276,
              38.35181021004318
            ],
            [
              117.81069154634409,
              38.4206922631168
            ],
            [
              117.72281886039542,
              38.45510868387612
            ],
            [
              117.59100983147248,
              38.45510868387612
            ],
            [
              117.50313714552384,
              38.52389229086065
            ],
            [
              117.4152644595752,
              38.55825946797186
            ],
            [
              117.32739177362657,
              38.592610221462664
            ],
            [
              117.23951908767792,
              38.62694454684057
            ],
            [
              117.15164640172925,
              38.661262439638776
            ],
            [
              117.06377371578061,
              38.69556389541624
            ],
            [
              116.93196468685767,
              38.69556389541624
            ],
            [
              116.80015565793467,
              38.661262439638776
            ],
            [
              116.66834662901174,
              38.661262439638776
            ],
            [
              116.49260125711443,
              38.592610221462664
            ],
            [
              116.3607922281915,
              38.592610221462664
            ],
            [
              116.27291954224282,
              38.55825946797186
            ],
            [
              116.09717417034557,
              38.52389229086065
            ],
            [
              116.0093014843969,
              38.48950869464735
            ],
            [
              115.87749245547393,
              38.48950869464735
            ],
            [
              115.74568342655097,
              38.45510868387612
            ],
            [
              115.61387439762801,
              38.38625943696526
            ],
            [
              115.52600171167937,
              38.35181021004318
            ],
            [
              115.52600171167937,
              38.24836417125926
            ],
            [
              115.43812902573073,
              38.17931822744868
            ],
            [
              115.35025633978206,
              38.14477069441152
            ],
            [
              115.26238365383342,
              38.11020679368261
            ],
            [
              115.1745109678848,
              38.07562653009168
            ],
            [
              115.08663828193612,
              38.006416933773096
            ],
            [
              114.95482925301316,
              37.93714194461649
            ],
            [
              114.86695656706452,
              37.90247994007623
            ],
            [
              114.77908388111588,
              37.86780160220166
            ],
            [
              114.64727485219292,
              37.83310693600595
            ],
            [
              114.51546582326995,
              37.83310693600595
            ],
            [
              114.38365679434699,
              37.7983959465285
            ],
            [
              114.29578410839835,
              37.763668638835036
            ],
            [
              114.16397507947536,
              37.69416508919492
            ],
            [
              114.0321660505524,
              37.65938885751166
            ],
            [
              113.94429336460378,
              37.624596328139155
            ],
            [
              113.85642067865514,
              37.554962397144216
            ],
            [
              113.7685479927065,
              37.52012100599677
            ],
            [
              113.68067530675782,
              37.450389398788424
            ],
            [
              113.6367389637835,
              37.380592727187484
            ],
            [
              113.54886627783488,
              37.31073103415693
            ],
            [
              113.46099359188624,
              37.275775818148055
            ],
            [
              113.41705724891192,
              37.20581667446181
            ],
            [
              113.32918456296328,
              37.17081275779212
            ],
            [
              113.24131187701461,
              37.135792618621124
            ],
            [
              113.19737553404029,
              37.065703695085176
            ],
            [
              113.15343919106597,
              36.995549948742564
            ],
            [
              113.10950284809165,
              36.92533142491183
            ],
            [
              113.02163016214301,
              36.85504816934243
            ],
            [
              112.9337574761944,
              36.81988228157045
            ],
            [
              112.84588479024573,
              36.78470022821542
            ],
            [
              112.75801210429707,
              36.74950201511758
            ],
            [
              112.67013941834843,
              36.71428764814418
            ],
            [
              112.45045770347684,
              36.679057133189616
            ],
            [
              112.36258501752818,
              36.643810476175304
            ],
            [
              112.27471233157955,
              36.57326875978921
            ],
            [
              112.1868396456309,
              36.5379737123962
            ],
            [
              112.14290330265659,
              36.46733526936117
            ],
            [
              112.14290330265659,
              36.361256825456664
            ],
            [
              112.1868396456309,
              36.29045741491067
            ],
            [
              112.23077598860522,
              36.21959370388451
            ],
            [
              112.27471233157955,
              36.148665742477796
            ],
            [
              112.36258501752818,
              36.113177683657845
            ],
            [
              112.31864867455386,
              36.04215344157756
            ],
            [
              112.23077598860522,
              35.971065076288134
            ],
            [
              112.14290330265659,
              35.93549686356012
            ],
            [
              112.05503061670794,
              35.89991263942911
            ],
            [
              112.01109427373363,
              35.828696183081576
            ],
            [
              111.92322158778495,
              35.75741575976904
            ],
            [
              111.791412558862,
              35.68607142245789
            ],
            [
              111.70353987291338,
              35.65037530272617
            ],
            [
              111.61566718696473,
              35.57893519470001
            ],
            [
              111.52779450101605,
              35.54319121992482
            ],
            [
              111.35204912911878,
              35.57893519470001
            ],
            [
              111.22024010019582,
              35.61466322455829
            ],
            [
              111.08843107127286,
              35.65037530272617
            ],
            [
              111.0005583853242,
              35.68607142245789
            ],
            [
              110.95662204234988,
              35.75741575976904
            ],
            [
              110.82481301342692,
              35.828696183081576
            ],
            [
              110.7369403274783,
              35.86431241041907
            ],
            [
              110.69300398450395,
              35.93549686356012
            ],
            [
              110.6051312985553,
              35.971065076288134
            ],
            [
              110.56119495558099,
              36.04215344157756
            ],
            [
              110.51725861260667,
              36.113177683657845
            ],
            [
              110.47332226963235,
              36.21959370388451
            ],
            [
              110.42938592665803,
              36.32586516085777
            ],
            [
              110.38544958368371,
              36.39663240251336
            ],
            [
              110.3415132407094,
              36.50266254690104
            ],
            [
              110.3415132407094,
              36.60854768304991
            ],
            [
              110.3415132407094,
              36.71428764814418
            ],
            [
              110.3415132407094,
              36.81988228157045
            ],
            [
              110.38544958368371,
              36.89019788571829
            ],
            [
              110.38544958368371,
              36.995549948742564
            ],
            [
              110.3415132407094,
              37.100756262519596
            ],
            [
              110.29757689773507,
              37.20581667446181
            ],
            [
              110.25364055476075,
              37.275775818148055
            ],
            [
              110.20970421178644,
              37.34567000564907
            ],
            [
              110.16576786881207,
              37.415499193361825
            ],
            [
              110.07789518286344,
              37.450389398788424
            ],
            [
              110.03395883988914,
              37.554962397144216
            ],
            [
              109.99002249691482,
              37.624596328139155
            ],
            [
              109.9460861539405,
              37.69416508919492
            ],
            [
              109.9460861539405,
              37.83310693600595
            ],
            [
              109.9460861539405,
              37.93714194461649
            ],
            [
              109.99002249691482,
              38.006416933773096
            ],
            [
              109.99002249691482,
              38.11020679368261
            ],
            [
              109.9460861539405,
              38.17931822744868
            ],
            [
              109.9460861539405,
              38.28286257250369
            ],
            [
              109.99002249691482,
              38.35181021004318
            ],
            [
              109.99002249691482,
              38.45510868387612
            ],
            [
              109.99002249691482,
              38.55825946797186
            ],
            [
              109.99002249691482,
              38.661262439638776
            ],
            [
              109.9460861539405,
              38.72984890975761
            ],
            [
              109.90214981096618,
              38.83260526039656
            ],
            [
              109.90214981096618,
              38.93521348161928
            ],
            [
              109.90214981096618,
              39.03767345835813
            ],
            [
              109.9460861539405,
              39.1399850776094
            ],
            [
              109.9460861539405,
              39.24214822842662
            ],
            [
              109.9460861539405,
              39.344162801913775
            ],
            [
              109.90214981096618,
              39.41208992176033
            ],
            [
              109.85821346799186,
              39.47995092854955
            ],
            [
              109.8142771250175,
              39.54774579152622
            ],
            [
              109.8142771250175,
              39.649314000051305
            ],
            [
              109.77034078204318,
              39.716943371569286
            ],
            [
              109.72640443906886,
              39.78450649478019
            ],
            [
              109.72640443906886,
              39.885726900780014
            ],
            [
              109.68246809609455,
              39.953124277391815
            ],
            [
              109.5945954101459,
              39.98679808695544
            ],
            [
              109.50672272419727,
              40.02045530607032
            ],
            [
              109.41885003824864,
              39.98679808695544
            ],
            [
              109.28704100932565,
              39.98679808695544
            ],
            [
              109.15523198040269,
              39.98679808695544
            ],
            [
              108.97948660850543,
              39.98679808695544
            ],
            [
              108.89161392255676,
              39.953124277391815
            ],
            [
              108.7598048936338,
              39.885726900780014
            ],
            [
              108.67193220768516,
              39.85200334072442
            ],
            [
              108.58405952173652,
              39.81826320420514
            ],
            [
              108.49618683578788,
              39.78450649478019
            ],
            [
              108.36437780686488,
              39.716943371569286
            ],
            [
              108.27650512091624,
              39.683136965023174
            ],
            [
              108.14469609199331,
              39.615474480335735
            ],
            [
              108.01288706307031,
              39.5816184095834
            ],
            [
              107.92501437712167,
              39.54774579152622
            ],
            [
              107.79320534819871,
              39.47995092854955
            ],
            [
              107.70533266225007,
              39.44602869121871
            ],
            [
              107.61745997630145,
              39.37813462403136
            ],
            [
              107.52958729035278,
              39.31017445931474
            ],
            [
              107.44171460440414,
              39.24214822842662
            ],
            [
              107.3538419184555,
              39.20811034807765
            ],
            [
              107.3099055754812,
              39.1399850776094
            ],
            [
              107.22203288953254,
              39.07179382112826
            ],
            [
              107.17809654655818,
              39.00353661140574
            ],
            [
              107.13416020358386,
              38.93521348161928
            ],
            [
              107.04628751763522,
              38.901027207181194
            ],
            [
              107.0023511746609,
              38.83260526039656
            ],
            [
              106.95841483168661,
              38.764117478273214
            ],
            [
              106.91447848871229,
              38.69556389541624
            ],
            [
              106.82660580276365,
              38.661262439638776
            ],
            [
              106.78266945978933,
              38.592610221462664
            ],
            [
              106.69479677384065,
              38.55825946797186
            ],
            [
              106.60692408789201,
              38.48950869464735
            ],
            [
              106.5190514019434,
              38.45510868387612
            ],
            [
              106.43117871599473,
              38.38625943696526
            ],
            [
              106.29936968707176,
              38.35181021004318
            ],
            [
              106.25543334409744,
              38.28286257250369
            ],
            [
              106.1675606581488,
              38.24836417125926
            ],
            [
              106.07968797220016,
              38.213849387990464
            ],
            [
              105.99181528625152,
              38.14477069441152
            ],
            [
              105.90394260030288,
              38.11020679368261
            ],
            [
              105.8160699143542,
              38.07562653009168
            ],
            [
              105.68426088543127,
              38.0410299084945
            ],
            [
              105.59638819948263,
              38.006416933773096
            ],
            [
              105.46457917055967,
              37.97178761083565
            ],
            [
              105.37670648461099,
              37.93714194461649
            ],
            [
              105.28883379866238,
              37.90247994007623
            ],
            [
              105.20096111271371,
              37.86780160220166
            ],
            [
              105.1130884267651,
              37.7983959465285
            ],
            [
              104.98127939784214,
              37.763668638835036
            ],
            [
              104.89340671189346,
              37.728925018017684
            ],
            [
              104.80553402594482,
              37.69416508919492
            ],
            [
              104.71766133999621,
              37.65938885751166
            ],
            [
              104.62978865404754,
              37.624596328139155
            ],
            [
              104.54191596809888,
              37.58978750627527
            ],
            [
              104.36617059620161,
              37.554962397144216
            ],
            [
              104.19042522430433,
              37.554962397144216
            ],
            [
              103.88287082348407,
              37.554962397144216
            ],
            [
              103.75106179456112,
              37.554962397144216
            ],
            [
              103.53138007968948,
              37.52012100599677
            ],
            [
              103.39957105076653,
              37.52012100599677
            ],
            [
              103.31169836481789,
              37.450389398788424
            ],
            [
              103.22382567886928,
              37.415499193361825
            ],
            [
              103.1359529929206,
              37.31073103415693
            ],
            [
              103.09201664994627,
              37.24080436308619
            ],
            [
              103.04808030697195,
              37.17081275779212
            ],
            [
              103.00414396399763,
              37.065703695085176
            ],
            [
              102.96020762102332,
              36.96044878116398
            ],
            [
              102.96020762102332,
              36.85504816934243
            ],
            [
              102.96020762102332,
              36.74950201511758
            ],
            [
              102.96020762102332,
              36.643810476175304
            ],
            [
              102.96020762102332,
              36.5379737123962
            ],
            [
              102.91627127804902,
              36.4319918858613
            ],
            [
              102.87233493507468,
              36.361256825456664
            ],
            [
              102.78446224912601,
              36.21959370388451
            ],
            [
              102.78446224912601,
              36.113177683657845
            ],
            [
              102.74052590615169,
              36.04215344157756
            ],
            [
              102.69658956317738,
              35.971065076288134
            ],
            [
              102.60871687722873,
              35.89991263942911
            ],
            [
              102.5208441912801,
              35.828696183081576
            ],
            [
              102.43297150533147,
              35.75741575976904
            ],
            [
              102.38903516235715,
              35.68607142245789
            ],
            [
              102.34509881938283,
              35.61466322455829
            ],
            [
              102.34509881938283,
              35.50743130703413
            ],
            [
              102.30116247640846,
              35.435863694250955
            ],
            [
              102.34509881938283,
              35.32839291084724
            ],
            [
              102.38903516235715,
              35.25666622673596
            ],
            [
              102.38903516235715,
              35.14895709802302
            ],
            [
              102.38903516235715,
              35.041105216365885
            ],
            [
              102.38903516235715,
              34.89708098205961
            ],
            [
              102.34509881938283,
              34.82497397034313
            ],
            [
              102.30116247640846,
              34.752803773817014
            ],
            [
              102.25722613343417,
              34.68057045172092
            ],
            [
              102.30116247640846,
              34.57210223883485
            ],
            [
              102.34509881938283,
              34.463492331208066
            ],
            [
              102.38903516235715,
              34.31845906282258
            ],
            [
              102.43297150533147,
              34.24584825674952
            ],
            [
              102.47690784830579,
              34.13681450819476
            ],
            [
              102.5208441912801,
              34.06404707472911
            ],
            [
              102.5208441912801,
              33.95477868180557
            ],
            [
              102.56478053425442,
              33.881855018245304
            ],
            [
              102.56478053425442,
              33.77235258227598
            ],
            [
              102.56478053425442,
              33.6627100135958
            ],
            [
              102.5208441912801,
              33.58953722617639
            ],
            [
              102.5208441912801,
              33.47966159899533
            ],
            [
              102.5208441912801,
              33.36964643813554
            ],
            [
              102.47690784830579,
              33.29622559180751
            ],
            [
              102.43297150533147,
              33.18597838471073
            ],
            [
              102.38903516235715,
              33.11240305552229
            ],
            [
              102.34509881938283,
              33.038766054535124
            ],
            [
              102.30116247640846,
              32.9281950717682
            ],
            [
              102.25722613343417,
              32.85440419872192
            ],
            [
              102.21328979045983,
              32.743602740361595
            ],
            [
              102.16935344748552,
              32.66965844028609
            ],
            [
              102.12541710451121,
              32.595652895643504
            ],
            [
              102.03754441856256,
              32.521586179275985
            ],
            [
              101.99360807558826,
              32.447458364494715
            ],
            [
              101.94967173261394,
              32.37326952508024
            ],
            [
              101.86179904666525,
              32.26187200732248
            ],
            [
              101.77392636071662,
              32.224709069823355
            ],
            [
              101.7299900177423,
              32.1503376038929
            ],
            [
              101.59818098881934,
              32.075905413153954
            ],
            [
              101.5103083028707,
              32.03866656975475
            ],
            [
              101.37849927394771,
              32.001412573740545
            ],
            [
              101.29062658799909,
              31.964143434701793
            ],
            [
              101.11488121610181,
              31.889559766060298
            ],
            [
              101.02700853015315,
              31.85224525578621
            ],
            [
              100.98307218717882,
              31.777570931874575
            ],
            [
              100.8951995012302,
              31.74021113774311
            ],
            [
              100.76339047230724,
              31.7028362685478
            ],
            [
              100.6755177863586,
              31.628041344303522
            ],
            [
              100.58764510040996,
              31.590621308997434
            ],
            [
              100.5437087574356,
              31.515736141596776
            ],
            [
              100.49977241446128,
              31.440790911596892
            ],
            [
              100.45583607148696,
              31.29072058490618
            ],
            [
              100.45583607148696,
              31.178010775196505
            ],
            [
              100.45583607148696,
              31.065166644773186
            ],
            [
              100.49977241446128,
              30.952188471796976
            ],
            [
              100.5437087574356,
              30.87679536018381
            ],
            [
              100.63158144338428,
              30.80134288248246
            ],
            [
              100.6755177863586,
              30.725831122900246
            ],
            [
              100.8951995012302,
              30.574630097311964
            ],
            [
              100.98307218717882,
              30.536792922639037
            ],
            [
              101.11488121610181,
              30.461074346508035
            ],
            [
              101.20275390205045,
              30.347386077498097
            ],
            [
              101.24669024502477,
              30.2715204217642
            ],
            [
              101.29062658799909,
              30.195596086996385
            ],
            [
              101.29062658799909,
              30.04357173299039
            ],
            [
              101.29062658799909,
              29.929400093294944
            ],
            [
              101.29062658799909,
              29.815097325776538
            ],
            [
              101.24669024502477,
              29.738822782406228
            ],
            [
              101.20275390205045,
              29.662490186353672
            ],
            [
              101.11488121610181,
              29.547882643568972
            ],
            [
              101.07094487312749,
              29.47140531674743
            ],
            [
              101.02700853015315,
              29.394870259256983
            ],
            [
              100.8951995012302,
              29.241627325101447
            ],
            [
              100.80732681528154,
              29.126544277323294
            ],
            [
              100.71945412933292,
              29.011332286706143
            ],
            [
              100.6755177863586,
              28.934452816913666
            ],
            [
              100.58764510040996,
              28.85751627819076
            ],
            [
              100.49977241446128,
              28.742004677008776
            ],
            [
              100.41189972851265,
              28.664925889045726
            ],
            [
              100.32402704256403,
              28.58779037188846
            ],
            [
              100.23615435661537,
              28.549201370516325
            ],
            [
              100.14828167066669,
              28.47198094375767
            ],
            [
              100.10434532769239,
              28.394704034095916
            ],
            [
              99.97253629876943,
              28.356044429208065
            ],
            [
              99.84072726984647,
              28.278682981646142
            ],
            [
              99.66498189794918,
              28.162535403726867
            ],
            [
              99.57710921200052,
              28.123791486315266
            ],
            [
              99.4892365260519,
              28.085033560903856
            ],
            [
              99.40136384010326,
              28.046261640169664
            ],
            [
              99.31349115415462,
              28.007475736819767
            ],
            [
              99.13774578225731,
              27.891034258601195
            ],
            [
              99.04987309630867,
              27.813336927701606
            ],
            [
              98.96200041036005,
              27.774467397200322
            ],
            [
              98.8741277244114,
              27.69668667068795
            ],
            [
              98.78625503846271,
              27.618850476639217
            ],
            [
              98.69838235251409,
              27.579911611830703
            ],
            [
              98.61050966656546,
              27.501992411993744
            ],
            [
              98.56657332359114,
              27.424018006013625
            ],
            [
              98.4787006376425,
              27.385010133639415
            ],
            [
              98.39082795169382,
              27.306953116225934
            ],
            [
              98.3029552657452,
              27.26790399771854
            ],
            [
              98.12720989384792,
              27.150674362819114
            ],
            [
              98.03933720789928,
              27.072452840529838
            ],
            [
              97.95146452195064,
              27.03332158997414
            ],
            [
              97.73178280707903,
              26.99417669779082
            ],
            [
              97.64391012113038,
              26.955018177502275
            ],
            [
              97.5121010922074,
              26.955018177502275
            ],
            [
              97.29241937733582,
              26.91584604266118
            ],
            [
              96.94092863354122,
              26.91584604266118
            ],
            [
              96.80911960461827,
              26.91584604266118
            ],
            [
              96.54550154677231,
              26.955018177502275
            ],
            [
              96.28188348892641,
              26.955018177502275
            ],
            [
              96.1061381170291,
              26.955018177502275
            ],
            [
              95.97432908810615,
              26.955018177502275
            ],
            [
              95.8864564021575,
              27.03332158997414
            ],
            [
              95.79858371620888,
              27.111570435965543
            ],
            [
              95.7546473732345,
              27.18976460765863
            ],
            [
              95.6667746872859,
              27.26790399771854
            ],
            [
              95.49102931538862,
              27.26790399771854
            ],
            [
              95.40315662943998,
              27.22884115708231
            ],
            [
              95.31528394349134,
              27.150674362819114
            ],
            [
              95.22741125754266,
              27.072452840529838
            ],
            [
              95.18347491456834,
              26.99417669779082
            ],
            [
              95.13953857159403,
              26.87666030685033
            ],
            [
              95.09560222861973,
              26.719781626620865
            ],
            [
              95.09560222861973,
              26.601980476308896
            ],
            [
              95.09560222861973,
              26.484057905180155
            ],
            [
              95.13953857159403,
              26.32663958179641
            ],
            [
              95.13953857159403,
              26.208435157484853
            ],
            [
              95.22741125754266,
              26.050642406242353
            ],
            [
              95.22741125754266,
              25.892636943188972
            ],
            [
              95.27134760051699,
              25.734419684824537
            ],
            [
              95.31528394349134,
              25.61561830604415
            ],
            [
              95.35922028646567,
              25.49669870482157
            ],
            [
              95.40315662943998,
              25.337956018274767
            ],
            [
              95.4470929724143,
              25.258506418079488
            ],
            [
              95.49102931538862,
              25.139234530134637
            ],
            [
              95.53496565836294,
              25.059655120288326
            ],
            [
              95.62283834431155,
              24.940189078275267
            ],
            [
              95.71071103026021,
              24.78072072428134
            ],
            [
              95.79858371620888,
              24.700909549431405
            ],
            [
              95.8864564021575,
              24.66098476583033
            ],
            [
              95.93039274513184,
              24.581096882735032
            ],
            [
              96.01826543108047,
              24.501158014074285
            ],
            [
              96.1061381170291,
              24.381154382704025
            ],
            [
              96.15007446000342,
              24.301088590020594
            ],
            [
              96.19401080297777,
              24.220972244929946
            ],
            [
              96.28188348892641,
              24.100703214717193
            ],
            [
              96.32581983190073,
              24.02046103575844
            ],
            [
              96.36975617487505,
              23.94016874335405
            ],
            [
              96.41369251784936,
              23.81963661884301
            ],
            [
              96.45762886082368,
              23.739219597210553
            ],
            [
              96.50156520379801,
              23.658752906878764
            ],
            [
              96.54550154677231,
              23.49767103310753
            ],
            [
              96.58943788974663,
              23.417056107338016
            ],
            [
              96.63337423272097,
              23.296041596741848
            ],
            [
              96.67731057569532,
              23.094106173068717
            ],
            [
              96.72124691866964,
              23.013246785248434
            ],
            [
              96.76518326164395,
              22.93233889877956
            ],
            [
              96.80911960461827,
              22.729857870659522
            ],
            [
              96.8969922905669,
              22.567656798223478
            ],
            [
              96.94092863354122,
              22.486484547262336
            ],
            [
              96.98486497651552,
              22.40526466617628
            ],
            [
              97.02880131948984,
              22.32399729032065
            ],
            [
              97.0727376624642,
              22.24268255551204
            ],
            [
              97.0727376624642,
              22.12062195349438
            ],
            [
              97.0727376624642,
              21.998455562439013
            ],
            [
              97.02880131948984,
              21.91695275918617
            ],
            [
              96.98486497651552,
              21.794611085764846
            ],
            [
              96.94092863354122,
              21.712991860037018
            ],
            [
              96.8530559475926,
              21.631326308615282
            ],
            [
              96.80911960461827,
              21.5496145712095
            ],
            [
              96.76518326164395,
              21.426960673114646
            ],
            [
              96.72124691866964,
              21.304203647001387
            ],
            [
              96.67731057569532,
              21.18134397013112
            ],
            [
              96.67731057569532,
              21.058382122051434
            ],
            [
              96.72124691866964,
              20.976351032728065
            ],
            [
              96.76518326164395,
              20.894274891402855
            ],
            [
              96.80911960461827,
              20.812153841849852
            ],
            [
              96.8969922905669,
              20.771076521539708
            ],
            [
              96.98486497651552,
              20.729988028290638
            ],
            [
              97.11667400543853,
              20.647777595393578
            ],
            [
              97.24848303436148,
              20.647777595393578
            ],
            [
              97.38029206328444,
              20.688888380200126
            ],
            [
              97.5121010922074,
              20.729988028290638
            ],
            [
              97.64391012113038,
              20.729988028290638
            ],
            [
              97.73178280707903,
              20.771076521539708
            ],
            [
              97.81965549302765,
              20.812153841849852
            ],
            [
              97.90752817897629,
              20.853219971151464
            ],
            [
              97.99540086492496,
              20.894274891402855
            ],
            [
              98.0832735508736,
              20.93531858459032
            ],
            [
              98.17114623682224,
              20.976351032728065
            ],
            [
              98.3029552657452,
              21.058382122051434
            ],
            [
              98.39082795169382,
              21.099380727405656
            ],
            [
              98.52263698061684,
              21.058382122051434
            ],
            [
              98.65444600953977,
              20.976351032728065
            ],
            [
              98.74231869548841,
              20.894274891402855
            ],
            [
              98.83019138143709,
              20.812153841849852
            ],
            [
              98.8741277244114,
              20.729988028290638
            ],
            [
              98.91806406738571,
              20.647777595393578
            ],
            [
              98.96200041036005,
              20.52437860234869
            ],
            [
              99.00593675333435,
              20.44205725695521
            ],
            [
              99.00593675333435,
              20.318492579382653
            ],
            [
              99.04987309630867,
              20.19482915093287
            ],
            [
              99.04987309630867,
              20.071067469218804
            ],
            [
              99.093809439283,
              19.988505343006302
            ],
            [
              99.13774578225731,
              19.90589991943219
            ],
            [
              99.26955481118027,
              19.78191092776691
            ],
            [
              99.35742749712894,
              19.74055977698698
            ],
            [
              99.44530018307756,
              19.6991979140031
            ],
            [
              99.62104555497484,
              19.657825357601123
            ],
            [
              99.70891824092351,
              19.61644212659411
            ],
            [
              99.88466361282079,
              19.61644212659411
            ],
            [
              100.06040898471807,
              19.61644212659411
            ],
            [
              100.14828167066669,
              19.657825357601123
            ],
            [
              100.23615435661537,
              19.6991979140031
            ],
            [
              100.32402704256403,
              19.74055977698698
            ],
            [
              100.41189972851265,
              19.78191092776691
            ],
            [
              100.5437087574356,
              19.78191092776691
            ],
            [
              100.63158144338428,
              19.74055977698698
            ],
            [
              100.71945412933292,
              19.6991979140031
            ],
            [
              100.85126315825586,
              19.657825357601123
            ],
            [
              100.98307218717882,
              19.61644212659411
            ],
            [
              101.11488121610181,
              19.575048239822223
            ],
            [
              101.20275390205045,
              19.53364371615271
            ],
            [
              101.24669024502477,
              19.4508028337251
            ],
            [
              101.37849927394771,
              19.36791963079008
            ],
            [
              101.5103083028707,
              19.28499425925795
            ],
            [
              101.64211733179366,
              19.2435158078577
            ],
            [
              101.7299900177423,
              19.20202687146954
            ],
            [
              101.81786270369093,
              19.119017620195187
            ],
            [
              101.90573538963957,
              19.0774973436087
            ],
            [
              102.08148076153688,
              19.035966658633733
            ],
            [
              102.25722613343417,
              19.035966658633733
            ],
            [
              102.34509881938283,
              18.994425584486862
            ],
            [
              102.5208441912801,
              18.994425584486862
            ],
            [
              102.65265322020305,
              18.994425584486862
            ],
            [
              102.87233493507468,
              18.994425584486862
            ],
            [
              103.04808030697195,
              18.994425584486862
            ],
            [
              103.26776202184357,
              18.994425584486862
            ],
            [
              103.39957105076653,
              18.994425584486862
            ],
            [
              103.88287082348407,
              18.994425584486862
            ],
            [
              104.3222342532273,
              18.994425584486862
            ],
            [
              104.62978865404754,
              18.994425584486862
            ],
            [
              104.80553402594482,
              18.994425584486862
            ],
            [
              104.93734305486778,
              18.994425584486862
            ],
            [
              105.06915208379078,
              19.035966658633733
            ],
            [
              105.15702476973942,
              19.0774973436087
            ],
            [
              105.28883379866238,
              19.160527469203203
            ],
            [
              105.37670648461099,
              19.20202687146954
            ],
            [
              105.46457917055967,
              19.2435158078577
            ],
            [
              105.55245185650831,
              19.32646220658742
            ],
            [
              105.72819722840559,
              19.36791963079008
            ],
            [
              105.8160699143542,
              19.4508028337251
            ],
            [
              105.94787894327722,
              19.4508028337251
            ],
            [
              106.03575162922584,
              19.492228574479892
            ],
            [
              106.12362431517448,
              19.575048239822223
            ],
            [
              106.21149700112312,
              19.657825357601123
            ],
            [
              106.29936968707176,
              19.74055977698698
            ],
            [
              106.38724237302044,
              19.78191092776691
            ],
            [
              106.47511505896905,
              19.864581017707376
            ],
            [
              106.5190514019434,
              19.947208034081726
            ],
            [
              106.56298774491769,
              20.02979182758366
            ],
            [
              106.60692408789201,
              20.112332249344245
            ],
            [
              106.69479677384065,
              20.153586149419812
            ],
            [
              106.78266945978933,
              20.236061235398207
            ],
            [
              106.82660580276365,
              20.359691802069
            ],
            [
              106.91447848871229,
              20.400880034042327
            ],
            [
              106.95841483168661,
              20.48322345248802
            ],
            [
              107.04628751763522,
              20.52437860234869
            ],
            [
              107.13416020358386,
              20.606655692024166
            ],
            [
              107.17809654655818,
              20.688888380200126
            ],
            [
              107.26596923250686,
              20.771076521539708
            ],
            [
              107.3099055754812,
              20.853219971151464
            ],
            [
              107.39777826142982,
              20.894274891402855
            ],
            [
              107.48565094737846,
              20.976351032728065
            ],
            [
              107.57352363332707,
              21.058382122051434
            ],
            [
              107.61745997630145,
              21.140368016047375
            ],
            [
              107.70533266225007,
              21.22230857183949
            ],
            [
              107.7492690052244,
              21.304203647001387
            ],
            [
              107.83714169117303,
              21.345134084961042
            ],
            [
              107.92501437712167,
              21.386053099557603
            ],
            [
              108.01288706307031,
              21.46785678798415
            ],
            [
              108.14469609199331,
              21.508741426546244
            ],
            [
              108.27650512091624,
              21.508741426546244
            ],
            [
              108.4083141498392,
              21.5496145712095
            ],
            [
              108.58405952173652,
              21.590476204410756
            ],
            [
              108.67193220768516,
              21.5496145712095
            ],
            [
              108.7598048936338,
              21.46785678798415
            ],
            [
              108.84767757958244,
              21.386053099557603
            ],
            [
              108.93555026553105,
              21.345134084961042
            ],
            [
              109.02342295147973,
              21.263261803383262
            ],
            [
              109.15523198040269,
              21.22230857183949
            ],
            [
              109.24310466635133,
              21.18134397013112
            ],
            [
              109.37491369527432,
              21.140368016047375
            ],
            [
              109.50672272419727,
              21.140368016047375
            ],
            [
              109.5945954101459,
              21.099380727405656
            ],
            [
              109.5945954101459,
              20.976351032728065
            ],
            [
              109.63853175312022,
              20.894274891402855
            ],
            [
              109.63853175312022,
              20.771076521539708
            ],
            [
              109.5945954101459,
              20.565522688272946
            ],
            [
              109.5506590671716,
              20.48322345248802
            ],
            [
              109.50672272419727,
              20.400880034042327
            ],
            [
              109.41885003824864,
              20.359691802069
            ],
            [
              109.37491369527432,
              20.27728238435819
            ],
            [
              109.37491369527432,
              20.153586149419812
            ],
            [
              109.28704100932565,
              20.071067469218804
            ],
            [
              109.24310466635133,
              19.988505343006302
            ],
            [
              109.15523198040269,
              19.90589991943219
            ],
            [
              109.06735929445405,
              19.864581017707376
            ],
            [
              108.97948660850543,
              19.78191092776691
            ],
            [
              108.84767757958244,
              19.74055977698698
            ],
            [
              108.80374123660809,
              19.657825357601123
            ],
            [
              108.71586855065948,
              19.61644212659411
            ],
            [
              108.67193220768516,
              19.53364371615271
            ],
            [
              108.62799586471084,
              19.4508028337251
            ],
            [
              108.58405952173652,
              19.32646220658742
            ],
            [
              108.54012317876222,
              19.2435158078577
            ],
            [
              108.54012317876222,
              19.119017620195187
            ],
            [
              108.54012317876222,
              18.994425584486862
            ],
            [
              108.58405952173652,
              18.911312345677228
            ],
            [
              108.62799586471084,
              18.828157781445277
            ],
            [
              108.67193220768516,
              18.74496204648123
            ],
            [
              108.7598048936338,
              18.661725295899036
            ],
            [
              108.84767757958244,
              18.620091588339836
            ],
            [
              108.97948660850543,
              18.620091588339836
            ],
            [
              109.06735929445405,
              18.57844768523531
            ],
            [
              109.15523198040269,
              18.536793606093365
            ],
            [
              109.24310466635133,
              18.495129370448208
            ],
            [
              109.3309773523,
              18.453454997860284
            ],
            [
              109.46278638122295,
              18.411770507916277
            ],
            [
              109.5506590671716,
              18.370075920229013
            ],
            [
              109.68246809609455,
              18.411770507916277
            ],
            [
              109.8142771250175,
              18.411770507916277
            ],
            [
              110.07789518286344,
              18.495129370448208
            ],
            [
              110.25364055476075,
              18.495129370448208
            ],
            [
              110.3415132407094,
              18.536793606093365
            ],
            [
              110.42938592665803,
              18.57844768523531
            ],
            [
              110.51725861260667,
              18.620091588339836
            ],
            [
              110.56119495558099,
              18.70334878843124
            ],
            [
              110.64906764152963,
              18.74496204648123
            ],
            [
              110.7369403274783,
              18.828157781445277
            ],
            [
              110.78087667045261,
              18.911312345677228
            ],
            [
              110.82481301342692,
              18.994425584486862
            ],
            [
              110.91268569937557,
              19.035966658633733
            ],
            [
              110.95662204234988,
              19.119017620195187
            ],
            [
              111.0005583853242,
              19.20202687146954
            ],
            [
              111.04449472829853,
              19.28499425925795
            ],
            [
              111.13236741424718,
              19.36791963079008
            ],
            [
              111.1763037572215,
              19.4508028337251
            ],
            [
              111.26417644317014,
              19.53364371615271
            ],
            [
              111.30811278614446,
              19.61644212659411
            ],
            [
              111.26417644317014,
              19.74055977698698
            ],
            [
              111.26417644317014,
              19.864581017707376
            ],
            [
              111.22024010019582,
              19.947208034081726
            ],
            [
              111.1763037572215,
              20.071067469218804
            ],
            [
              111.13236741424718,
              20.19482915093287
            ],
            [
              111.08843107127286,
              20.318492579382653
            ],
            [
              111.08843107127286,
              20.44205725695521
            ],
            [
              111.04449472829853,
              20.52437860234869
            ],
            [
              111.0005583853242,
              20.606655692024166
            ],
            [
              110.95662204234988,
              20.729988028290638
            ],
            [
              110.95662204234988,
              20.853219971151464
            ],
            [
              110.91268569937557,
              20.93531858459032
            ],
            [
              110.91268569937557,
              21.058382122051434
            ],
            [
              110.91268569937557,
              21.18134397013112
            ],
            [
              110.95662204234988,
              21.263261803383262
            ],
            [
              111.04449472829853,
              21.304203647001387
            ],
            [
              111.1763037572215,
              21.386053099557603
            ],
            [
              111.26417644317014,
              21.426960673114646
            ],
            [
              111.35204912911878,
              21.46785678798415
            ],
            [
              111.43992181506741,
              21.508741426546244
            ],
            [
              111.52779450101605,
              21.590476204410756
            ],
            [
              111.74747621588769,
              21.672164866316706
            ],
            [
              111.87928524481063,
              21.712991860037018
            ],
            [
              111.96715793075931,
              21.75380727232675
            ],
            [
              112.05503061670794,
              21.794611085764846
            ],
            [
              112.14290330265659,
              21.83540328295874
            ],
            [
              112.27471233157955,
              21.91695275918617
            ],
            [
              112.36258501752818,
              21.95771000357718
            ],
            [
              112.49439404645116,
              21.998455562439013
            ],
            [
              112.5822667323998,
              22.03918941852184
            ],
            [
              112.84588479024573,
              22.12062195349438
            ],
            [
              112.9337574761944,
              22.161320598027608
            ],
            [
              113.02163016214301,
              22.202007471068992
            ],
            [
              113.19737553404029,
              22.24268255551204
            ],
            [
              113.37312090593761,
              22.364636906616955
            ],
            [
              113.5928026208092,
              22.445880552036048
            ],
            [
              113.7685479927065,
              22.445880552036048
            ],
            [
              113.90035702162946,
              22.445880552036048
            ],
            [
              114.29578410839835,
              22.486484547262336
            ],
            [
              114.47152948029563,
              22.527076634950202
            ],
            [
              114.60333850921863,
              22.6082250202349
            ],
            [
              114.73514753814159,
              22.648781284166166
            ],
            [
              114.86695656706452,
              22.648781284166166
            ],
            [
              114.99876559598748,
              22.729857870659522
            ],
            [
              115.1745109678848,
              22.770378159729635
            ],
            [
              115.30631999680776,
              22.810886423735706
            ],
            [
              115.61387439762801,
              22.85138264600419
            ],
            [
              115.92142879844823,
              22.93233889877956
            ],
            [
              116.09717417034557,
              22.93233889877956
            ],
            [
              116.27291954224282,
              22.97279889608461
            ],
            [
              116.40472857116582,
              22.97279889608461
            ],
            [
              116.49260125711443,
              23.013246785248434
            ],
            [
              116.58047394306307,
              23.05368254974284
            ],
            [
              116.66834662901174,
              23.094106173068717
            ],
            [
              116.75621931496035,
              23.134517638756112
            ],
            [
              116.84409200090899,
              23.174916930364184
            ],
            [
              117.06377371578061,
              23.296041596741848
            ],
            [
              117.19558274470361,
              23.336392028208017
            ],
            [
              117.23951908767792,
              23.417056107338016
            ],
            [
              117.32739177362657,
              23.45736972250001
            ],
            [
              117.4152644595752,
              23.537960022982876
            ],
            [
              117.50313714552384,
              23.618500975972903
            ],
            [
              117.59100983147248,
              23.658752906878764
            ],
            [
              117.6349461744468,
              23.739219597210553
            ],
            [
              117.72281886039542,
              23.77943432460396
            ],
            [
              117.81069154634409,
              23.81963661884301
            ],
            [
              117.89856423229276,
              23.94016874335405
            ],
            [
              118.03037326121569,
              23.980321145842943
            ],
            [
              118.11824594716437,
              24.02046103575844
            ],
            [
              118.20611863311301,
              24.060588397305146
            ],
            [
              118.29399131906165,
              24.100703214717193
            ],
            [
              118.38186400501026,
              24.14080547225829
            ],
            [
              118.51367303393322,
              24.220972244929946
            ],
            [
              118.60154571988186,
              24.261036728735625
            ],
            [
              118.68941840583054,
              24.301088590020594
            ],
            [
              118.77729109177918,
              24.341127813196362
            ],
            [
              118.86516377772782,
              24.381154382704025
            ],
            [
              118.95303646367648,
              24.421168283014364
            ],
            [
              119.04090914962511,
              24.46116949862778
            ],
            [
              119.12878183557376,
              24.541133813913575
            ],
            [
              119.21665452152239,
              24.621047205157698
            ],
            [
              119.30452720747103,
              24.700909549431405
            ],
            [
              119.34846355044535,
              24.78072072428134
            ],
            [
              119.30452720747103,
              24.860480607729798
            ],
            [
              119.30452720747103,
              24.860480607729798
            ],
            [
              119.34846355044535,
              24.900341277190638
            ]
          ]
        ]
      }
    }
  ]
}