{
  "type": "FeatureCollection",
  "features": [
    {
      "type": "Feature",
      "properties": {
        "NAME": "Qing",
        "name": "Qing",
        "color": "#ef4444",
        "fill": "#ef4444",
        "fill-opacity": 0.5,
        "stroke": "#ef4444",
        "stroke-width": 2,
        "CODE": "20"
      },
      "geometry": {
        "type": "Polygon",
        "coordinates": [
          [
            [
              100.44795880520019,
              28.758012376155392
            ],
            [
              100.0414904519615,
              28.410743630976885
            ],
            [
              99.48118323282365,
              28.125285504048136
            ],
            [
              98.36058449121794,
              27.332742463562035
            ],
            [
              97.85519097365373,
              27.010218475643605
            ],
            [
              97.07519082773717,
              26.931926921728472
            ],
            [
              96.10847019370543,
              26.971068478195786
            ],
            [
              95.80077900761862,
              27.186261260146892
            ],
            [
              95.6524490024519,
              27.337618572642256
            ],
            [
              95.24045609181081,
              27.156930730484852
            ],
            [
              95.1305995377051,
              26.94167277966466
            ],
            [
              95.09211711711839,
              26.782412013140508
            ],
            [
              95.06195180478446,
              26.480421187232047
            ],
            [
              95.18552220880441,
              26.066662140170596
            ],
            [
              95.18828729048235,
              25.90123672631622
            ],
            [
              95.31188180010253,
              25.492862315649887
            ],
            [
              95.53432971784281,
              25.02335234223032
            ],
            [
              95.7540316141472,
              24.7143469089995
            ],
            [
              95.88590118736849,
              24.577064492915678
            ],
            [
              96.06446657928853,
              24.326986357723783
            ],
            [
              96.2511825826409,
              23.925996447689972
            ],
            [
              96.47911357372728,
              23.579081769611502
            ],
            [
              96.652173468487,
              23.1125614165489
            ],
            [
              96.9131290336049,
              22.31962301303209
            ],
            [
              97.04221838907365,
              22.212824838483918
            ],
            [
              96.99777302551708,
              21.973579889795108
            ],
            [
              96.89388838390693,
              21.716142350462288
            ],
            [
              96.66868323282364,
              21.54252248964415
            ],
            [
              96.61923018078193,
              21.16904781223936
            ],
            [
              96.81974804751917,
              20.740694674974556
            ],
            [
              97.09717021113143,
              20.604512508182825
            ],
            [
              97.38557421810584,
              20.64562302780695
            ],
            [
              97.48443827753766,
              20.686748284030863
            ],
            [
              97.60263772728247,
              20.663592099707685
            ],
            [
              98.38255714746794,
              21.058851624854622
            ],
            [
              98.60227922520508,
              20.981941341572295
            ],
            [
              98.8549670144615,
              20.699594845487496
            ],
            [
              98.9537296061341,
              20.406344721826375
            ],
            [
              99.04166956352532,
              20.01459584924889
            ],
            [
              99.25185344363298,
              19.751194318940865
            ],
            [
              99.56907161544225,
              19.64384964090719
            ],
            [
              99.7874722572341,
              19.559787805031444
            ],
            [
              100.09784443569566,
              19.59729025965126
            ],
            [
              100.41094834041158,
              19.74470918208672
            ],
            [
              100.52768368269325,
              19.74342361183868
            ],
            [
              101.00961773243249,
              19.592106666171983
            ],
            [
              101.33238064307685,
              19.094557943837337
            ],
            [
              102.23737914207605,
              18.999797370335365
            ],
            [
              102.33769861974304,
              18.966031289995325
            ],
            [
              103.16020996254794,
              18.977705669660164
            ],
            [
              104.08306152504792,
              18.96991010144867
            ],
            [
              104.67079532282344,
              18.97380091169085
            ],
            [
              104.80126497674975,
              18.962107928684897
            ],
            [
              105.09658673327723,
              19.016683495340796
            ],
            [
              105.31908958936229,
              19.150344210561055
            ],
            [
              105.84092784220202,
              19.38757167937427
            ],
            [
              107.06736333113744,
              20.4809255597725
            ],
            [
              107.52598142546252,
              20.874069031378674
            ],
            [
              107.75941286835103,
              21.130613841421926
            ],
            [
              107.91322818924527,
              21.27913124594186
            ],
            [
              108.23729683916504,
              21.414554136403364
            ],
            [
              108.52565207434361,
              21.491244508694614
            ],
            [
              108.72614135071771,
              21.396675775878553
            ],
            [
              108.99252561143234,
              21.18941404382175
            ],
            [
              109.30559952429675,
              21.07925569650031
            ],
            [
              109.50609104305236,
              21.05362134233112
            ],
            [
              109.55004756745946,
              20.84075144203893
            ],
            [
              109.51984581642745,
              20.637845873604586
            ],
            [
              109.42647828463025,
              20.47841129090156
            ],
            [
              109.34418341264268,
              20.331750177822833
            ],
            [
              109.32211993994521,
              20.18741855732049
            ],
            [
              109.15734800247972,
              20.01977111996285
            ],
            [
              109.00355398420896,
              19.947495665076108
            ],
            [
              108.76738044405204,
              19.769272366329545
            ],
            [
              108.56964279506734,
              19.606363865727108
            ],
            [
              108.38834763897668,
              19.378507973704057
            ],
            [
              108.41035785511545,
              18.882907815151118
            ],
            [
              108.75370022985913,
              18.526457878409182
            ],
            [
              109.23156738281251,
              18.354512613069378
            ],
            [
              109.54742431640626,
              18.28673876146948
            ],
            [
              110.17644597931195,
              18.391007439364024
            ],
            [
              110.77789026342948,
              18.690495677490492
            ],
            [
              111.12395735698556,
              19.082895671026307
            ],
            [
              111.16792901746726,
              19.267085804453977
            ],
            [
              111.42058989814662,
              19.624547607517155
            ],
            [
              111.32180712504125,
              20.239075096628337
            ],
            [
              111.2228376736827,
              20.56081813438207
            ],
            [
              111.02789537852513,
              21.048578302719484
            ],
            [
              111.27506141335594,
              21.199726826487225
            ],
            [
              111.51125905911313,
              21.366066236274385
            ],
            [
              111.8984335060951,
              21.52952506902731
            ],
            [
              112.25269886168867,
              21.588273167068184
            ],
            [
              112.53008570779356,
              21.65721050327516
            ],
            [
              112.91184715584878,
              21.766955710575075
            ],
            [
              113.54376620093619,
              22.268760986127184
            ],
            [
              114.04908571991355,
              22.29927523500449
            ],
            [
              114.69454146678297,
              22.5201617292725
            ],
            [
              115.13947374096159,
              22.677371726520317
            ],
            [
              115.66680291548235,
              22.702727811240962
            ],
            [
              116.57870963391363,
              22.968503327452396
            ],
            [
              116.92199987328928,
              23.150455583359673
            ],
            [
              117.29003121416504,
              23.246400604247803
            ],
            [
              117.69382249919649,
              23.709922591335392
            ],
            [
              118.19921881973742,
              23.97120966538487
            ],
            [
              119.45712816325899,
              24.701930453289943
            ],
            [
              119.4818530074938,
              24.98354304729163
            ],
            [
              119.5862152763463,
              25.13282934424322
            ],
            [
              119.72079050813795,
              25.4606187084914
            ],
            [
              119.90753398066266,
              26.091339038702777
            ],
            [
              119.91807531164352,
              26.325888545366343
            ],
            [
              119.87413896866921,
              26.404625061727142
            ],
            [
              119.91807531164352,
              26.48330789258377
            ],
            [
              119.96201165461785,
              26.56193692625576
            ],
            [
              119.96201165461785,
              26.679779363927196
            ],
            [
              120.00594799759217,
              26.75827341919752
            ],
            [
              120.00594799759217,
              26.875912872353176
            ],
            [
              120.04988434056648,
              26.95427126176219
            ],
            [
              120.09382068354086,
              27.03257519402618
            ],
            [
              120.09382068354086,
              27.149928748489817
            ],
            [
              120.13775702651515,
              27.22809606511248
            ],
            [
              120.1816933694895,
              27.306208547634494
            ],
            [
              120.22562971246381,
              27.384266089440608
            ],
            [
              120.31350239841242,
              27.423274224390084
            ],
            [
              120.40137508436106,
              27.501249156275687
            ],
            [
              120.44531142733538,
              27.579168883020863
            ],
            [
              120.53318411328402,
              27.618108011658094
            ],
            [
              120.57712045625834,
              27.69594473411062
            ],
            [
              120.66499314220702,
              27.73484230187603
            ],
            [
              120.75286582815566,
              27.773725990017997
            ],
            [
              120.79680217112998,
              27.851451675664045
            ],
            [
              120.88467485707861,
              27.890293647359933
            ],
            [
              120.97254754302728,
              27.967935784203384
            ],
            [
              121.06042022897591,
              28.00673592372397
            ],
            [
              121.14829291492455,
              28.08429428112202
            ],
            [
              121.19222925789887,
              28.161796658227196
            ],
            [
              121.2801019438475,
              28.200526822494922
            ],
            [
              121.32403828682183,
              28.27794503937505
            ],
            [
              121.36797462979615,
              28.355307023619496
            ],
            [
              121.41191097277046,
              28.432612675136987
            ],
            [
              121.45584731574483,
              28.509861894319325
            ],
            [
              121.49978365871912,
              28.587054582041667
            ],
            [
              121.54372000169344,
              28.664190639662117
            ],
            [
              121.58765634466776,
              28.74126996902209
            ],
            [
              121.63159268764208,
              28.818292472445805
            ],
            [
              121.71946537359072,
              28.856782384039928
            ],
            [
              121.76340171656504,
              28.93371946647372
            ],
            [
              121.80733805953936,
              29.01059948089463
            ],
            [
              121.89521074548804,
              29.087422331316784
            ],
            [
              121.93914708846233,
              29.164187922237005
            ],
            [
              121.98308343143668,
              29.24089615863446
            ],
            [
              122.027019774411,
              29.31754694597075
            ],
            [
              122.0709561173853,
              29.394140190189702
            ],
            [
              122.15882880333393,
              29.47067579771723
            ],
            [
              122.20276514630825,
              29.5471536754612
            ],
            [
              122.24670148928257,
              29.623573730811234
            ],
            [
              122.29063783225689,
              29.69993587163865
            ],
            [
              122.29063783225689,
              29.814370292803066
            ],
            [
              122.29063783225689,
              29.92867389291881
            ],
            [
              122.29063783225689,
              30.042846367141703
            ],
            [
              122.29063783225689,
              30.15688741306122
            ],
            [
              122.29063783225689,
              30.27079673069879
            ],
            [
              122.24670148928257,
              30.346662946374302
            ],
            [
              122.20276514630825,
              30.422470396290382
            ],
            [
              122.15882880333393,
              30.498218993363828
            ],
            [
              122.11489246035961,
              30.573908650990578
            ],
            [
              122.0709561173853,
              30.649539283045637
            ],
            [
              122.027019774411,
              30.725110803882675
            ],
            [
              122.027019774411,
              30.838357065430454
            ],
            [
              122.027019774411,
              30.951469849797334
            ],
            [
              122.027019774411,
              31.0644488739772
            ],
            [
              122.027019774411,
              31.177293857380068
            ],
            [
              122.027019774411,
              31.290004521829996
            ],
            [
              122.0709561173853,
              31.36507020687687
            ],
            [
              122.0709561173853,
              31.477556394784777
            ],
            [
              122.11489246035961,
              31.552472176191866
            ],
            [
              122.11489246035961,
              31.664733132692717
            ],
            [
              122.11489246035961,
              31.776858592644306
            ],
            [
              122.0709561173853,
              31.85153349228489
            ],
            [
              122.027019774411,
              31.926147975227916
            ],
            [
              121.98308343143668,
              32.00070196391788
            ],
            [
              121.89521074548804,
              32.075195381272046
            ],
            [
              121.80733805953936,
              32.11241935173895
            ],
            [
              121.76340171656504,
              32.186821768592296
            ],
            [
              121.71946537359072,
              32.26116342346851
            ],
            [
              121.6755290306164,
              32.335444240936305
            ],
            [
              121.63159268764208,
              32.40966414603526
            ],
            [
              121.63159268764208,
              32.520879630173965
            ],
            [
              121.63159268764208,
              32.63195764456967
            ],
            [
              121.58765634466776,
              32.705933159992334
            ],
            [
              121.54372000169344,
              32.77984739529262
            ],
            [
              121.54372000169344,
              32.890603690326195
            ],
            [
              121.49978365871912,
              32.96436441071308
            ],
            [
              121.45584731574483,
              33.038063600518676
            ],
            [
              121.41191097277046,
              33.111701189234054
            ],
            [
              121.36797462979615,
              33.18527710681631
            ],
            [
              121.2801019438475,
              33.258791283688296
            ],
            [
              121.19222925789887,
              33.33224365073788
            ],
            [
              121.14829291492455,
              33.405634139317556
            ],
            [
              121.06042022897591,
              33.478962681244
            ],
            [
              120.97254754302728,
              33.55222920879739
            ],
            [
              120.92861120005293,
              33.62543365472095
            ],
            [
              120.88467485707861,
              33.69857595222057
            ],
            [
              120.84073851410429,
              33.77165603496391
            ],
            [
              120.79680217112998,
              33.84467383708035
            ],
            [
              120.75286582815566,
              33.91762929315993
            ],
            [
              120.66499314220702,
              33.990522338253264
            ],
            [
              120.6210567992327,
              34.06335290787057
            ],
            [
              120.57712045625834,
              34.17248148083783
            ],
            [
              120.53318411328402,
              34.245155582635086
            ],
            [
              120.4892477703097,
              34.31776698685508
            ],
            [
              120.44531142733538,
              34.426566398792126
            ],
            [
              120.40137508436106,
              34.49902078694669
            ],
            [
              120.40137508436106,
              34.607584386255105
            ],
            [
              120.35743874138674,
              34.679881375297356
            ],
            [
              120.31350239841242,
              34.752115299033655
            ],
            [
              120.2695660554381,
              34.82428609776707
            ],
            [
              120.22562971246381,
              34.9324238070142
            ],
            [
              120.1816933694895,
              35.00443653503713
            ],
            [
              120.13775702651515,
              35.07638593268075
            ],
            [
              120.09382068354086,
              35.14827194228147
            ],
            [
              120.09382068354086,
              35.255981979070484
            ],
            [
              120.09382068354086,
              35.36354907293786
            ],
            [
              120.09382068354086,
              35.47097303495388
            ],
            [
              120.09382068354086,
              35.57825367845416
            ],
            [
              120.09382068354086,
              35.68539081903444
            ],
            [
              120.13775702651515,
              35.756735765534025
            ],
            [
              120.1816933694895,
              35.82801679854222
            ],
            [
              120.22562971246381,
              35.899233865088306
            ],
            [
              120.31350239841242,
              35.934818394505896
            ],
            [
              120.35743874138674,
              36.005939413007745
            ],
            [
              120.44531142733538,
              36.04147588912595
            ],
            [
              120.53318411328402,
              36.076996334557535
            ],
            [
              120.66499314220702,
              36.14798910773201
            ],
            [
              120.75286582815566,
              36.18346142272924
            ],
            [
              120.84073851410429,
              36.218917681548525
            ],
            [
              120.92861120005293,
              36.254357877885774
            ],
            [
              121.0164838860016,
              36.28978200546428
            ],
            [
              121.06042022897591,
              36.36058202937554
            ],
            [
              121.19222925789887,
              36.395957913291916
            ],
            [
              121.36797462979615,
              36.431317703616905
            ],
            [
              121.49978365871912,
              36.46666139421067
            ],
            [
              121.58765634466776,
              36.501988978960675
            ],
            [
              121.76340171656504,
              36.53730045178177
            ],
            [
              121.85127440251367,
              36.572595806616015
            ],
            [
              121.98308343143668,
              36.60787503743269
            ],
            [
              122.11489246035961,
              36.64313813822826
            ],
            [
              122.20276514630825,
              36.67838510302647
            ],
            [
              122.29063783225689,
              36.713615925878145
            ],
            [
              122.37851051820557,
              36.74883060086132
            ],
            [
              122.46638320415421,
              36.819211483669655
            ],
            [
              122.51031954712852,
              36.88952770461747
            ],
            [
              122.55425589010285,
              36.95977921730352
            ],
            [
              122.64212857605152,
              37.02996597575853
            ],
            [
              122.68606491902584,
              37.13512459976118
            ],
            [
              122.68606491902584,
              37.24013727250868
            ],
            [
              122.73000126200014,
              37.31006456296003
            ],
            [
              122.77393760497446,
              37.379926875787035
            ],
            [
              122.8618102909231,
              37.44972416759611
            ],
            [
              122.90574663389742,
              37.5542980970272
            ],
            [
              122.81787394794878,
              37.58912351671815
            ],
            [
              122.77393760497446,
              37.658725489373495
            ],
            [
              122.68606491902584,
              37.693502031914804
            ],
            [
              122.55425589010285,
              37.693502031914804
            ],
            [
              122.46638320415421,
              37.72826227169399
            ],
            [
              122.37851051820557,
              37.763006203565645
            ],
            [
              122.24670148928257,
              37.79773382241074
            ],
            [
              122.11489246035961,
              37.832445123136736
            ],
            [
              121.93914708846233,
              37.832445123136736
            ],
            [
              121.76340171656504,
              37.832445123136736
            ],
            [
              121.6755290306164,
              37.867140100677325
            ],
            [
              121.54372000169344,
              37.867140100677325
            ],
            [
              121.41191097277046,
              37.867140100677325
            ],
            [
              121.32403828682183,
              37.90181874999263
            ],
            [
              121.19222925789887,
              37.90181874999263
            ],
            [
              121.06042022897591,
              37.936481066069014
            ],
            [
              120.92861120005293,
              37.936481066069014
            ],
            [
              120.75286582815566,
              37.936481066069014
            ],
            [
              120.66499314220702,
              37.97112704391912
            ],
            [
              120.53318411328402,
              37.97112704391912
            ],
            [
              120.40137508436106,
              37.97112704391912
            ],
            [
              120.31350239841242,
              38.00575667858189
            ],
            [
              120.04988434056648,
              38.00575667858189
            ],
            [
              119.91807531164352,
              38.00575667858189
            ],
            [
              119.78626628272058,
              38.00575667858189
            ],
            [
              119.65445725379759,
              38.04036996512246
            ],
            [
              119.52264822487464,
              38.04036996512246
            ],
            [
              119.39083919595168,
              38.04036996512246
            ],
            [
              119.21509382405436,
              38.04036996512246
            ],
            [
              119.08328479513142,
              38.04036996512246
            ],
            [
              118.86360308025984,
              38.07496689863213
            ],
            [
              118.55604867943956,
              38.07496689863213
            ],
            [
              118.33636696456793,
              38.1095474742285
            ],
            [
              118.20455793564498,
              38.1095474742285
            ],
            [
              118.16062159267067,
              38.17865953228189
            ],
            [
              118.07274890672203,
              38.21319100510465
            ],
            [
              117.98487622077339,
              38.28220481445194
            ],
            [
              117.89700353482472,
              38.31668714149849
            ],
            [
              117.80913084887608,
              38.38560261683745
            ],
            [
              117.72125816292744,
              38.42003575580774
            ],
            [
              117.63338547697882,
              38.454452489473674
            ],
            [
              117.54551279103016,
              38.52323672253324
            ],
            [
              117.45764010508148,
              38.55760421281179
            ],
            [
              117.41370376210718,
              38.62628991827255
            ],
            [
              117.36976741913287,
              38.69490989378004
            ],
            [
              117.41370376210718,
              38.76346410390469
            ],
            [
              117.45764010508148,
              38.831952513627634
            ],
            [
              117.54551279103016,
              38.90037508833996
            ],
            [
              117.63338547697882,
              38.93456167686363
            ],
            [
              117.76519450590176,
              38.96873179384158
            ],
            [
              117.80913084887608,
              39.03702259634074
            ],
            [
              117.89700353482472,
              39.071143273515794
            ],
            [
              117.98487622077339,
              39.10524746245277
            ],
            [
              118.16062159267067,
              39.10524746245277
            ],
            [
              118.29243062159362,
              39.10524746245277
            ],
            [
              118.4242396505166,
              39.10524746245277
            ],
            [
              118.55604867943956,
              39.10524746245277
            ],
            [
              118.6439213653882,
              39.13933515904208
            ],
            [
              118.73179405133683,
              39.17340635919952
            ],
            [
              118.81966673728546,
              39.20746105886608
            ],
            [
              118.90753942323414,
              39.241499254008204
            ],
            [
              118.99541210918278,
              39.27552094061747
            ],
            [
              119.08328479513142,
              39.30952611471071
            ],
            [
              119.17115748108006,
              39.34351477233002
            ],
            [
              119.25903016702873,
              39.411442522440936
            ],
            [
              119.34690285297735,
              39.47930415978968
            ],
            [
              119.39083919595168,
              39.54709965361728
            ],
            [
              119.47871188190031,
              39.61482897356528
            ],
            [
              119.52264822487464,
              39.68249208967496
            ],
            [
              119.61052091082327,
              39.71629881203738
            ],
            [
              119.69839359677191,
              39.75008897238634
            ],
            [
              119.78626628272058,
              39.817619592537405
            ],
            [
              119.87413896866921,
              39.8513600451482
            ],
            [
              119.91807531164352,
              39.91879121764799
            ],
            [
              120.00594799759217,
              39.98615605641693
            ],
            [
              120.04988434056648,
              40.05345453367845
            ],
            [
              120.13775702651515,
              40.12068662204954
            ],
            [
              120.22562971246381,
              40.18785229454012
            ],
            [
              120.2695660554381,
              40.25495152455209
            ],
            [
              120.35743874138674,
              40.28847621542359
            ],
            [
              120.44531142733538,
              40.32198428587822
            ],
            [
              120.53318411328402,
              40.35547573270105
            ],
            [
              120.6210567992327,
              40.388950552701424
            ],
            [
              120.70892948518133,
              40.45585029959373
            ],
            [
              120.79680217112998,
              40.489275220225686
            ],
            [
              120.88467485707861,
              40.55607514039306
            ],
            [
              121.0164838860016,
              40.589450133813656
            ],
            [
              121.10435657195023,
              40.62280847875587
            ],
            [
              121.19222925789887,
              40.65615017222257
            ],
            [
              121.32403828682183,
              40.65615017222257
            ],
            [
              121.45584731574483,
              40.68947521124068
            ],
            [
              121.58765634466776,
              40.68947521124068
            ],
            [
              121.71946537359072,
              40.68947521124068
            ],
            [
              121.85127440251367,
              40.68947521124068
            ],
            [
              121.98308343143668,
              40.65615017222257
            ],
            [
              122.0709561173853,
              40.62280847875587
            ],
            [
              122.11489246035961,
              40.55607514039306
            ],
            [
              122.11489246035961,
              40.45585029959373
            ],
            [
              122.15882880333393,
              40.388950552701424
            ],
            [
              122.11489246035961,
              40.28847621542359
            ],
            [
              122.0709561173853,
              40.18785229454012
            ],
            [
              121.98308343143668,
              40.154277761951455
            ],
            [
              121.93914708846233,
              40.08707887817135
            ],
            [
              121.85127440251367,
              40.05345453367845
            ],
            [
              121.76340171656504,
              39.98615605641693
            ],
            [
              121.6755290306164,
              39.952481930494095
            ],
            [
              121.58765634466776,
              39.88508392136299
            ],
            [
              121.49978365871912,
              39.8513600451482
            ],
            [
              121.45584731574483,
              39.78386256708903
            ],
            [
              121.41191097277046,
              39.71629881203738
            ],
            [
              121.36797462979615,
              39.648668808956735
            ],
            [
              121.32403828682183,
              39.58097258720798
            ],
            [
              121.32403828682183,
              39.47930415978968
            ],
            [
              121.32403828682183,
              39.37748690954264
            ],
            [
              121.32403828682183,
              39.27552094061747
            ],
            [
              121.2801019438475,
              39.20746105886608
            ],
            [
              121.2801019438475,
              39.10524746245277
            ],
            [
              121.2801019438475,
              39.00288543506255
            ],
            [
              121.32403828682183,
              38.93456167686363
            ],
            [
              121.36797462979615,
              38.86617203250721
            ],
            [
              121.45584731574483,
              38.831952513627634
            ],
            [
              121.58765634466776,
              38.831952513627634
            ],
            [
              121.6755290306164,
              38.86617203250721
            ],
            [
              121.76340171656504,
              38.90037508833996
            ],
            [
              121.85127440251367,
              38.93456167686363
            ],
            [
              121.89521074548804,
              39.00288543506255
            ],
            [
              121.98308343143668,
              39.071143273515794
            ],
            [
              122.0709561173853,
              39.13933515904208
            ],
            [
              122.11489246035961,
              39.20746105886608
            ],
            [
              122.15882880333393,
              39.27552094061747
            ],
            [
              122.20276514630825,
              39.34351477233002
            ],
            [
              122.29063783225689,
              39.37748690954264
            ],
            [
              122.37851051820557,
              39.445381607142416
            ],
            [
              122.46638320415421,
              39.47930415978968
            ],
            [
              122.59819223307717,
              39.47930415978968
            ],
            [
              122.73000126200014,
              39.47930415978968
            ],
            [
              122.8618102909231,
              39.47930415978968
            ],
            [
              122.99361931984606,
              39.47930415978968
            ],
            [
              123.12542834876902,
              39.47930415978968
            ],
            [
              123.56479177851227,
              39.47930415978968
            ],
            [
              124.04809155122976,
              39.47930415978968
            ],
            [
              124.13596423717844,
              39.51321017655041
            ],
            [
              124.39958229502437,
              39.648668808956735
            ],
            [
              124.70713669584461,
              39.817619592537405
            ],
            [
              124.79500938179325,
              39.8513600451482
            ],
            [
              124.79500938179325,
              39.952481930494095
            ],
            [
              124.83894572476757,
              40.05345453367845
            ],
            [
              124.83894572476757,
              40.154277761951455
            ],
            [
              124.88288206774189,
              40.221410216503045
            ],
            [
              124.83894572476757,
              40.28847621542359
            ],
            [
              124.83894572476757,
              40.388950552701424
            ],
            [
              124.88288206774189,
              40.45585029959373
            ],
            [
              124.97075475369054,
              40.489275220225686
            ],
            [
              125.05862743963921,
              40.5226835015153
            ],
            [
              125.14650012558785,
              40.55607514039306
            ],
            [
              125.27830915451084,
              40.589450133813656
            ],
            [
              125.41011818343378,
              40.62280847875587
            ],
            [
              125.49799086938242,
              40.65615017222257
            ],
            [
              125.76160892722834,
              40.72278359286122
            ],
            [
              125.93735429912563,
              40.75607531415907
            ],
            [
              126.02522698507427,
              40.78935037223317
            ],
            [
              126.15703601399726,
              40.85585048722557
            ],
            [
              126.59639944374044,
              41.02180896981668
            ],
            [
              126.68427212968908,
              41.05495062052858
            ],
            [
              126.77214481563776,
              41.12118385451014
            ],
            [
              126.81608115861208,
              41.187350314266624
            ],
            [
              126.81608115861208,
              41.28647475676253
            ],
            [
              126.77214481563776,
              41.35247419064057
            ],
            [
              126.81608115861208,
              41.41840677902812
            ],
            [
              126.8600175015864,
              41.48427250240783
            ],
            [
              126.94789018753504,
              41.55007134163571
            ],
            [
              126.98959406645476,
              41.56922387749612
            ],
            [
              127.0357628734837,
              41.582945673812084
            ],
            [
              127.12363555943233,
              41.6158032779403
            ],
            [
              127.29938093132961,
              41.6158032779403
            ],
            [
              127.38725361727825,
              41.582945673812084
            ],
            [
              127.6508716751242,
              41.51718028372266
            ],
            [
              127.91448973297013,
              41.48427250240783
            ],
            [
              128.17810779081606,
              41.45134800004919
            ],
            [
              128.39778950568763,
              41.41840677902812
            ],
            [
              128.5295985346106,
              41.38544884174928
            ],
            [
              128.66140756353357,
              41.35247419064057
            ],
            [
              128.61747122055925,
              41.41840677902812
            ],
            [
              128.4856621916363,
              41.55007134163571
            ],
            [
              128.39778950568763,
              41.582945673812084
            ],
            [
              128.44172584866195,
              41.681468292921636
            ],
            [
              128.44172584866195,
              41.779840298574086
            ],
            [
              128.4856621916363,
              41.845337932176356
            ],
            [
              128.57353487758493,
              41.87806163147789
            ],
            [
              128.66140756353357,
              41.91076858296674
            ],
            [
              128.7492802494822,
              41.9434587845618
            ],
            [
              128.88108927840523,
              42.00878892986055
            ],
            [
              128.96896196435387,
              42.0414288695164
            ],
            [
              129.1007709932768,
              42.106658472892214
            ],
            [
              129.18864367922544,
              42.13924813270096
            ],
            [
              129.23258002219976,
              42.20437715895232
            ],
            [
              129.3204527081484,
              42.23691652161976
            ],
            [
              129.40832539409706,
              42.269439114836
            ],
            [
              129.49619808004567,
              42.33443398561297
            ],
            [
              129.58407076599434,
              42.399361756904945
            ],
            [
              129.671943451943,
              42.43180047584922
            ],
            [
              129.71587979491733,
              42.49662757174086
            ],
            [
              129.80375248086597,
              42.56138753377319
            ],
            [
              129.8476888238403,
              42.62608034882234
            ],
            [
              129.8916251668146,
              42.69070600412081
            ],
            [
              129.93556150978893,
              42.755264487256184
            ],
            [
              129.93556150978893,
              42.851976237872776
            ],
            [
              129.97949785276325,
              42.91636673861829
            ],
            [
              130.02343419573756,
              42.98069002654015
            ],
            [
              130.19917956763487,
              42.98069002654015
            ],
            [
              130.3309885965578,
              42.98069002654015
            ],
            [
              130.46279762548076,
              42.98069002654015
            ],
            [
              130.55067031142946,
              43.0128264622953
            ],
            [
              130.90216105522398,
              43.04494609081202
            ],
            [
              131.38546082794153,
              43.04494609081202
            ],
            [
              131.9126969436334,
              43.10913492095722
            ],
            [
              132.1763150014793,
              43.14120412005369
            ],
            [
              132.26418768742795,
              43.173256506847736
            ],
            [
              132.26418768742795,
              43.26931278140634
            ],
            [
              132.26418768742795,
              43.365217702920184
            ],
            [
              132.26418768742795,
              43.46097124158943
            ],
            [
              132.22025134445363,
              43.524722818526875
            ],
            [
              132.13237865850502,
              43.58840709380692
            ],
            [
              132.08844231553067,
              43.683807299707375
            ],
            [
              132.04450597255638,
              43.747323288577554
            ],
            [
              132.04450597255638,
              43.84247103254516
            ],
            [
              132.00056962958206,
              43.90581869314723
            ],
            [
              132.04450597255638,
              43.96909901190175
            ],
            [
              132.04450597255638,
              44.06389321208575
            ],
            [
              132.08844231553067,
              44.12700515280168
            ],
            [
              132.13237865850502,
              44.19004973380896
            ],
            [
              132.22025134445363,
              44.22154676304779
            ],
            [
              132.35206037337664,
              44.25302695075189
            ],
            [
              132.43993305932528,
              44.284490296428494
            ],
            [
              132.43993305932528,
              44.378779276673185
            ],
            [
              132.4838694022996,
              44.44155437858804
            ],
            [
              132.57174208824824,
              44.50426210230955
            ],
            [
              132.61567843122256,
              44.56690244512368
            ],
            [
              132.65961477419685,
              44.629475404641674
            ],
            [
              132.7035511171712,
              44.691980978798945
            ],
            [
              132.7474874601455,
              44.7544191658541
            ],
            [
              132.7914238031198,
              44.81678996438796
            ],
            [
              132.8353601460942,
              44.879093373302375
            ],
            [
              132.87929648906848,
              44.941329391819345
            ],
            [
              132.96716917501712,
              45.03455706168266
            ],
            [
              133.01110551799144,
              45.096624602893556
            ],
            [
              133.05504186096576,
              45.15862475348983
            ],
            [
              133.05504186096576,
              45.25149862348905
            ],
            [
              133.09897820394005,
              45.3133303010786
            ],
            [
              133.1429145469144,
              45.405951467432246
            ],
            [
              133.18685088988875,
              45.498421019335694
            ],
            [
              133.23078723286307,
              45.590738964513264
            ],
            [
              133.23078723286307,
              45.682905312252196
            ],
            [
              133.27472357583738,
              45.74426532856946
            ],
            [
              133.3186599188117,
              45.836179038769544
            ],
            [
              133.3186599188117,
              45.92794118387875
            ],
            [
              133.36259626178602,
              45.98903175177702
            ],
            [
              133.40653260476034,
              46.08054132238024
            ],
            [
              133.40653260476034,
              46.17189937115023
            ],
            [
              133.40653260476034,
              46.26310591709087
            ],
            [
              133.45046894773466,
              46.32382612287906
            ],
            [
              133.45046894773466,
              46.41478021042014
            ],
            [
              133.49440529070898,
              46.47533213129215
            ],
            [
              133.5383416336833,
              46.535816750509284
            ],
            [
              133.5383416336833,
              46.62641750516143
            ],
            [
              133.58227797665762,
              46.716866874427474
            ],
            [
              133.58227797665762,
              46.807164886225884
            ],
            [
              133.58227797665762,
              46.89731156993338
            ],
            [
              133.62621431963194,
              46.95732530307395
            ],
            [
              133.67015066260626,
              47.01727180244703
            ],
            [
              133.7140870055806,
              47.07715107782703
            ],
            [
              133.7580233485549,
              47.166843967987546
            ],
            [
              133.80195969152925,
              47.22655522800196
            ],
            [
              133.84589603450357,
              47.28619930045488
            ],
            [
              133.88983237747786,
              47.34577619638561
            ],
            [
              133.9337687204522,
              47.40528592711175
            ],
            [
              133.97770506342653,
              47.46472850422816
            ],
            [
              134.0655777493752,
              47.49442461388164
            ],
            [
              134.1095140923495,
              47.553766482927614
            ],
            [
              134.19738677829815,
              47.61304122855703
            ],
            [
              134.24132312127247,
              47.672248863326935
            ],
            [
              134.2852594642468,
              47.731389400066966
            ],
            [
              134.3291958072211,
              47.79046285187832
            ],
            [
              134.37313215019543,
              47.84946923213275
            ],
            [
              134.41706849316975,
              47.90840855447153
            ],
            [
              134.46100483614404,
              47.99669183488872
            ],
            [
              134.41706849316975,
              48.05546357387856
            ],
            [
              134.41706849316975,
              48.14349554687206
            ],
            [
              134.37313215019543,
              48.20209979361361
            ],
            [
              134.2852594642468,
              48.26063706988992
            ],
            [
              134.24132312127247,
              48.31910739120024
            ],
            [
              134.15345043532383,
              48.348317448658186
            ],
            [
              134.0655777493752,
              48.377510773305254
            ],
            [
              133.97770506342653,
              48.40668736715219
            ],
            [
              133.84589603450357,
              48.43584723222592
            ],
            [
              133.7580233485549,
              48.46499037056961
            ],
            [
              133.62621431963194,
              48.49411678424252
            ],
            [
              133.5383416336833,
              48.52322647532002
            ],
            [
              133.45046894773466,
              48.55231944589358
            ],
            [
              133.27472357583738,
              48.581395698070715
            ],
            [
              133.1429145469144,
              48.581395698070715
            ],
            [
              132.7914238031198,
              48.581395698070715
            ],
            [
              132.65961477419685,
              48.581395698070715
            ],
            [
              132.4838694022996,
              48.55231944589358
            ],
            [
              132.35206037337664,
              48.55231944589358
            ],
            [
              132.22025134445363,
              48.52322647532002
            ],
            [
              132.04450597255638,
              48.49411678424252
            ],
            [
              131.9126969436334,
              48.49411678424252
            ],
            [
              131.82482425768475,
              48.46499037056961
            ],
            [
              131.6930152287618,
              48.43584723222592
            ],
            [
              131.56120619983884,
              48.40668736715219
            ],
            [
              131.42939717091588,
              48.40668736715219
            ],
            [
              131.3415244849672,
              48.377510773305254
            ],
            [
              131.20971545604425,
              48.348317448658186
            ],
            [
              131.03397008414694,
              48.31910739120024
            ],
            [
              130.9460973981983,
              48.289880598936904
            ],
            [
              130.85822471224967,
              48.26063706988992
            ],
            [
              130.77035202630105,
              48.23137680209734
            ],
            [
              130.55067031142946,
              48.20209979361361
            ],
            [
              130.37492493953212,
              48.17280604250947
            ],
            [
              130.2431159106092,
              48.17280604250947
            ],
            [
              129.97949785276325,
              48.14349554687206
            ],
            [
              129.71587979491733,
              48.14349554687206
            ],
            [
              129.58407076599434,
              48.14349554687206
            ],
            [
              129.40832539409706,
              48.17280604250947
            ],
            [
              129.27651636517407,
              48.17280604250947
            ],
            [
              129.23258002219976,
              48.23137680209734
            ],
            [
              129.14470733625112,
              48.26063706988992
            ],
            [
              129.05683465030248,
              48.289880598936904
            ],
            [
              128.96896196435387,
              48.348317448658186
            ],
            [
              128.8371529354309,
              48.377510773305254
            ],
            [
              128.66140756353357,
              48.43584723222592
            ],
            [
              128.57353487758493,
              48.46499037056961
            ],
            [
              128.4856621916363,
              48.49411678424252
            ],
            [
              128.3538531627133,
              48.52322647532002
            ],
            [
              128.26598047676467,
              48.55231944589358
            ],
            [
              128.22204413379038,
              48.61045523397496
            ],
            [
              128.1341714478417,
              48.63949805574584
            ],
            [
              128.0462987618931,
              48.668524165538756
            ],
            [
              127.95842607594444,
              48.697533565525156
            ],
            [
              127.87055338999578,
              48.7265262578923
            ],
            [
              127.73874436107283,
              48.78446152859712
            ],
            [
              127.6508716751242,
              48.813404111388515
            ],
            [
              127.56299898917553,
              48.842329995468006
            ],
            [
              127.47512630322686,
              48.871239183101814
            ],
            [
              127.38725361727825,
              48.90013167657191
            ],
            [
              127.29938093132961,
              48.92900747817589
            ],
            [
              127.21150824538097,
              48.95786659022698
            ],
            [
              127.12363555943233,
              48.98670901505407
            ],
            [
              127.0357628734837,
              49.015534755001575
            ],
            [
              126.94789018753504,
              49.04434381242944
            ],
            [
              126.90395384456069,
              49.1019118892437
            ],
            [
              126.81608115861208,
              49.15941326468619
            ],
            [
              126.77214481563776,
              49.2168479581929
            ],
            [
              126.77214481563776,
              49.30287501294392
            ],
            [
              126.77214481563776,
              49.38875214513701
            ],
            [
              126.72820847266344,
              49.445920310158385
            ],
            [
              126.68427212968908,
              49.50302189408846
            ],
            [
              126.64033578671476,
              49.56005691782207
            ],
            [
              126.59639944374044,
              49.61702540249355
            ],
            [
              126.59639944374044,
              49.70235341557782
            ],
            [
              126.55246310076612,
              49.759155646620506
            ],
            [
              126.55246310076612,
              49.84423438157715
            ],
            [
              126.5085267577918,
              49.900870496270855
            ],
            [
              126.5085267577918,
              49.9857001617731
            ],
            [
              126.5085267577918,
              50.07038048804145
            ],
            [
              126.46459041481748,
              50.12675111124541
            ],
            [
              126.46459041481748,
              50.21118271327829
            ],
            [
              126.42065407184317,
              50.267387594103674
            ],
            [
              126.42065407184317,
              50.351570694661
            ],
            [
              126.42065407184317,
              50.435604803470696
            ],
            [
              126.37671772886885,
              50.49154481054628
            ],
            [
              126.37671772886885,
              50.575330785324944
            ],
            [
              126.33278138589452,
              50.63110544807031
            ],
            [
              126.33278138589452,
              50.71464352527401
            ],
            [
              126.33278138589452,
              50.79803297958247
            ],
            [
              126.28884504292022,
              50.85354342430229
            ],
            [
              126.28884504292022,
              50.93668537008373
            ],
            [
              126.28884504292022,
              51.01967893031385
            ],
            [
              126.28884504292022,
              51.10252419599507
            ],
            [
              126.28884504292022,
              51.18522125920857
            ],
            [
              126.33278138589452,
              51.2402703459373
            ],
            [
              126.33278138589452,
              51.322720612569064
            ],
            [
              126.33278138589452,
              51.405022927500625
            ],
            [
              126.37671772886885,
              51.45980898941729
            ],
            [
              126.37671772886885,
              51.54186493197274
            ],
            [
              126.37671772886885,
              51.62377318107557
            ],
            [
              126.37671772886885,
              51.70553383546903
            ],
            [
              126.33278138589452,
              51.75995899056373
            ],
            [
              126.28884504292022,
              51.81431862214322
            ],
            [
              126.2449086999459,
              51.86861276022049
            ],
            [
              126.20097235697158,
              51.92284143500766
            ],
            [
              126.15703601399726,
              51.97700467691514
            ],
            [
              126.11309967102291,
              52.03110251655078
            ],
            [
              126.06916332804859,
              52.08513498471872
            ],
            [
              126.02522698507427,
              52.13910211241864
            ],
            [
              125.93735429912563,
              52.16606118333372
            ],
            [
              125.89341795615131,
              52.21993035888121
            ],
            [
              125.80554527020263,
              52.24684047138472
            ],
            [
              125.67373624127967,
              52.30061176561908
            ],
            [
              125.58586355533106,
              52.32747295529296
            ],
            [
              125.49799086938242,
              52.354317845319954
            ],
            [
              125.41011818343378,
              52.381146439701354
            ],
            [
              125.32224549748514,
              52.407958742450326
            ],
            [
              125.23437281153646,
              52.43475475759196
            ],
            [
              125.14650012558785,
              52.46153448916306
            ],
            [
              125.05862743963921,
              52.48829794121224
            ],
            [
              124.97075475369054,
              52.5150451177999
            ],
            [
              124.88288206774189,
              52.56849066089068
            ],
            [
              124.79500938179325,
              52.62187115115233
            ],
            [
              124.70713669584461,
              52.64853701174719
            ],
            [
              124.66320035287029,
              52.70181998451632
            ],
            [
              124.57532766692167,
              52.728437104985765
            ],
            [
              124.53139132394733,
              52.781622634918634
            ],
            [
              124.44351863799871,
              52.80819105274606
            ],
            [
              124.39958229502437,
              52.861279215118685
            ],
            [
              124.3117096090757,
              52.887798968096256
            ],
            [
              124.2677732661014,
              52.94078983879991
            ],
            [
              124.17990058015276,
              52.9937158908544
            ],
            [
              124.13596423717844,
              53.04657715844051
            ],
            [
              124.04809155122976,
              53.07298350878831
            ],
            [
              123.96021886528112,
              53.125747664151625
            ],
            [
              123.87234617933248,
              53.15210547782369
            ],
            [
              123.78447349338387,
              53.17844712127884
            ],
            [
              123.69660080743523,
              53.23108191497278
            ],
            [
              123.47691909256359,
              53.25737507395621
            ],
            [
              123.34511006364066,
              53.25737507395621
            ],
            [
              123.16936469174334,
              53.25737507395621
            ],
            [
              123.08149200579469,
              53.283652080211965
            ],
            [
              122.94968297687174,
              53.283652080211965
            ],
            [
              122.77393760497446,
              53.283652080211965
            ],
            [
              122.64212857605152,
              53.283652080211965
            ],
            [
              122.51031954712852,
              53.283652080211965
            ],
            [
              122.37851051820557,
              53.283652080211965
            ],
            [
              122.24670148928257,
              53.283652080211965
            ],
            [
              122.11489246035961,
              53.283652080211965
            ],
            [
              121.71946537359072,
              53.25737507395621
            ],
            [
              121.32403828682183,
              53.23108191497278
            ],
            [
              121.10435657195023,
              53.23108191497278
            ],
            [
              120.92861120005293,
              53.204772598872935
            ],
            [
              120.79680217112998,
              53.204772598872935
            ],
            [
              120.75286582815566,
              53.15210547782369
            ],
            [
              120.4892477703097,
              53.07298350878831
            ],
            [
              120.35743874138674,
              53.04657715844051
            ],
            [
              120.35743874138674,
              52.96726096502621
            ],
            [
              120.40137508436106,
              52.91430250790851
            ],
            [
              120.44531142733538,
              52.861279215118685
            ],
            [
              120.44531142733538,
              52.781622634918634
            ],
            [
              120.44531142733538,
              52.70181998451632
            ],
            [
              120.40137508436106,
              52.64853701174719
            ],
            [
              120.40137508436106,
              52.56849066089068
            ],
            [
              120.40137508436106,
              52.48829794121224
            ],
            [
              120.40137508436106,
              52.407958742450326
            ],
            [
              120.40137508436106,
              52.32747295529296
            ],
            [
              120.40137508436106,
              52.24684047138472
            ],
            [
              120.40137508436106,
              52.16606118333372
            ],
            [
              120.40137508436106,
              52.08513498471872
            ],
            [
              120.40137508436106,
              52.00406177009628
            ],
            [
              120.40137508436106,
              51.92284143500766
            ],
            [
              120.35743874138674,
              51.86861276022049
            ],
            [
              120.35743874138674,
              51.75995899056373
            ],
            [
              120.31350239841242,
              51.67829667727914
            ],
            [
              120.2695660554381,
              51.62377318107557
            ],
            [
              120.22562971246381,
              51.54186493197274
            ],
            [
              120.1816933694895,
              51.48717738670559
            ],
            [
              120.13775702651515,
              51.43242417088008
            ],
            [
              120.09382068354086,
              51.350171151906196
            ],
            [
              120.04988434056648,
              51.2952536341455
            ],
            [
              120.00594799759217,
              51.2402703459373
            ],
            [
              119.96201165461785,
              51.18522125920857
            ],
            [
              119.87413896866921,
              51.15767203268341
            ],
            [
              119.8302026256949,
              51.10252419599507
            ],
            [
              119.78626628272058,
              51.04731049152127
            ],
            [
              119.74232993974626,
              50.99203089192547
            ],
            [
              119.69839359677191,
              50.93668537008373
            ],
            [
              119.65445725379759,
              50.88127389908575
            ],
            [
              119.61052091082327,
              50.82579645223563
            ],
            [
              119.56658456784895,
              50.770253003053035
            ],
            [
              119.52264822487464,
              50.71464352527401
            ],
            [
              119.47871188190031,
              50.63110544807031
            ],
            [
              119.34690285297735,
              50.575330785324944
            ],
            [
              119.30296651000305,
              50.519490003778174
            ],
            [
              119.21509382405436,
              50.49154481054628
            ],
            [
              119.12722113810574,
              50.435604803470696
            ],
            [
              119.0393484521571,
              50.4076099833908
            ],
            [
              118.95147576620847,
              50.351570694661
            ],
            [
              118.86360308025984,
              50.29546518735328
            ],
            [
              118.77573039431115,
              50.267387594103674
            ],
            [
              118.6878577083625,
              50.23929343708295
            ],
            [
              118.55604867943956,
              50.21118271327829
            ],
            [
              118.46817599349092,
              50.15491155333684
            ],
            [
              118.33636696456793,
              50.12675111124541
            ],
            [
              118.24849427861929,
              50.09857409046082
            ],
            [
              118.16062159267067,
              50.07038048804145
            ],
            [
              118.0288125637477,
              50.07038048804145
            ],
            [
              117.89700353482472,
              50.042170301059954
            ],
            [
              117.72125816292744,
              49.9857001617731
            ],
            [
              117.63338547697882,
              49.95744020368499
            ],
            [
              117.45764010508148,
              49.92916364946934
            ],
            [
              117.32583107615855,
              49.900870496270855
            ],
            [
              117.23795839020991,
              49.872560741248876
            ],
            [
              117.15008570426127,
              49.8158914144441
            ],
            [
              117.06221301831259,
              49.78753183705267
            ],
            [
              116.97434033236397,
              49.759155646620506
            ],
            [
              116.88646764641531,
              49.73076284037992
            ],
            [
              116.842531303441,
              49.67392736947595
            ],
            [
              116.75465861749237,
              49.64548469935079
            ],
            [
              116.71072227451805,
              49.58854947621034
            ],
            [
              116.66678593154373,
              49.531547724664534
            ],
            [
              116.57891324559506,
              49.474479423459535
            ],
            [
              116.53497690262074,
              49.41734455158063
            ],
            [
              116.4471042166721,
              49.36014308825323
            ],
            [
              116.4031678736978,
              49.30287501294392
            ],
            [
              116.31529518774914,
              49.2455403053613
            ],
            [
              116.27135884477484,
              49.18813894545714
            ],
            [
              116.22742250180052,
              49.1019118892437
            ],
            [
              116.22742250180052,
              49.015534755001575
            ],
            [
              116.18348615882617,
              48.95786659022698
            ],
            [
              116.18348615882617,
              48.871239183101814
            ],
            [
              116.13954981585185,
              48.813404111388515
            ],
            [
              116.09561347287753,
              48.75550224484329
            ],
            [
              116.05167712990321,
              48.668524165538756
            ],
            [
              115.96380444395457,
              48.61045523397496
            ],
            [
              115.91986810098025,
              48.55231944589358
            ],
            [
              115.87593175800593,
              48.49411678424252
            ],
            [
              115.83199541503163,
              48.43584723222592
            ],
            [
              115.78805907205731,
              48.377510773305254
            ],
            [
              115.74412272908297,
              48.31910739120024
            ],
            [
              115.70018638610863,
              48.26063706988992
            ],
            [
              115.65625004313429,
              48.17280604250947
            ],
            [
              115.70018638610863,
              48.114168304805
            ],
            [
              115.74412272908297,
              48.05546357387856
            ],
            [
              115.78805907205731,
              47.99669183488872
            ],
            [
              115.87593175800593,
              47.96728083280448
            ],
            [
              115.96380444395457,
              47.937853073258914
            ],
            [
              116.09561347287753,
              47.937853073258914
            ],
            [
              116.22742250180052,
              47.937853073258914
            ],
            [
              116.35923153072348,
              47.937853073258914
            ],
            [
              116.53497690262074,
              47.937853073258914
            ],
            [
              116.66678593154373,
              47.937853073258914
            ],
            [
              116.79859496046669,
              47.937853073258914
            ],
            [
              116.88646764641531,
              47.90840855447153
            ],
            [
              117.15008570426127,
              47.87894727467851
            ],
            [
              117.23795839020991,
              47.84946923213275
            ],
            [
              117.32583107615855,
              47.81997442510386
            ],
            [
              117.36976741913287,
              47.760934510759306
            ],
            [
              117.41370376210718,
              47.70182751813822
            ],
            [
              117.54551279103016,
              47.70182751813822
            ],
            [
              117.67732181995312,
              47.70182751813822
            ],
            [
              117.76519450590176,
              47.731389400066966
            ],
            [
              117.98487622077339,
              47.760934510759306
            ],
            [
              118.07274890672203,
              47.79046285187832
            ],
            [
              118.20455793564498,
              47.79046285187832
            ],
            [
              118.33636696456793,
              47.79046285187832
            ],
            [
              118.46817599349092,
              47.79046285187832
            ],
            [
              118.59998502241388,
              47.760934510759306
            ],
            [
              118.73179405133683,
              47.731389400066966
            ],
            [
              118.86360308025984,
              47.731389400066966
            ],
            [
              118.99541210918278,
              47.70182751813822
            ],
            [
              119.17115748108006,
              47.672248863326935
            ],
            [
              119.30296651000305,
              47.64265343400396
            ],
            [
              119.39083919595168,
              47.61304122855703
            ],
            [
              119.47871188190031,
              47.58341224539099
            ],
            [
              119.56658456784895,
              47.553766482927614
            ],
            [
              119.61052091082327,
              47.49442461388164
            ],
            [
              119.65445725379759,
              47.4350156091357
            ],
            [
              119.69839359677191,
              47.37553945668106
            ],
            [
              119.69839359677191,
              47.28619930045488
            ],
            [
              119.78626628272058,
              47.22655522800196
            ],
            [
              119.8302026256949,
              47.166843967987546
            ],
            [
              119.8302026256949,
              47.07715107782703
            ],
            [
              119.8302026256949,
              46.98730695637718
            ],
            [
              119.74232993974626,
              46.92732684132444
            ],
            [
              119.65445725379759,
              46.89731156993338
            ],
            [
              119.434775538926,
              46.89731156993338
            ],
            [
              119.34690285297735,
              46.867279487723394
            ],
            [
              119.21509382405436,
              46.807164886225884
            ],
            [
              119.12722113810574,
              46.77708236467269
            ],
            [
              119.0393484521571,
              46.74698302776924
            ],
            [
              118.95147576620847,
              46.716866874427474
            ],
            [
              118.81966673728546,
              46.716866874427474
            ],
            [
              118.73179405133683,
              46.68673390357729
            ],
            [
              118.59998502241388,
              46.68673390357729
            ],
            [
              118.51211233646524,
              46.65658411416665
            ],
            [
              118.38030330754228,
              46.65658411416665
            ],
            [
              118.11668524969633,
              46.62641750516143
            ],
            [
              117.94093987779904,
              46.62641750516143
            ],
            [
              117.80913084887608,
              46.62641750516143
            ],
            [
              117.72125816292744,
              46.65658411416665
            ],
            [
              117.63338547697882,
              46.68673390357729
            ],
            [
              117.54551279103016,
              46.716866874427474
            ],
            [
              117.45764010508148,
              46.74698302776924
            ],
            [
              117.36976741913287,
              46.77708236467269
            ],
            [
              117.28189473318423,
              46.807164886225884
            ],
            [
              117.19402204723559,
              46.83723059353481
            ],
            [
              117.06221301831259,
              46.83723059353481
            ],
            [
              116.88646764641531,
              46.83723059353481
            ],
            [
              116.75465861749237,
              46.83723059353481
            ],
            [
              116.62284958856941,
              46.83723059353481
            ],
            [
              116.49104055964642,
              46.83723059353481
            ],
            [
              116.35923153072348,
              46.83723059353481
            ],
            [
              116.22742250180052,
              46.867279487723394
            ],
            [
              116.13954981585185,
              46.89731156993338
            ],
            [
              116.00774078692889,
              46.89731156993338
            ],
            [
              115.87593175800593,
              46.92732684132444
            ],
            [
              115.74412272908297,
              46.92732684132444
            ],
            [
              115.48050467123704,
              46.867279487723394
            ],
            [
              115.34869564231408,
              46.83723059353481
            ],
            [
              115.21688661339108,
              46.83723059353481
            ],
            [
              115.08507758446812,
              46.807164886225884
            ],
            [
              114.82145952662219,
              46.77708236467269
            ],
            [
              114.68965049769923,
              46.74698302776924
            ],
            [
              114.6017778117506,
              46.716866874427474
            ],
            [
              114.51390512580195,
              46.68673390357729
            ],
            [
              114.42603243985327,
              46.65658411416665
            ],
            [
              114.33815975390466,
              46.62641750516143
            ],
            [
              114.29422341093031,
              46.56603382432157
            ],
            [
              114.25028706795602,
              46.505582853147274
            ],
            [
              114.16241438200738,
              46.47533213129215
            ],
            [
              114.03060535308443,
              46.44506458401873
            ],
            [
              113.89879632416144,
              46.44506458401873
            ],
            [
              113.7669872952385,
              46.44506458401873
            ],
            [
              113.63517826631553,
              46.41478021042014
            ],
            [
              113.45943289441821,
              46.44506458401873
            ],
            [
              113.32762386549526,
              46.44506458401873
            ],
            [
              113.19581483657231,
              46.44506458401873
            ],
            [
              113.020069464675,
              46.44506458401873
            ],
            [
              112.88826043575204,
              46.44506458401873
            ],
            [
              112.71251506385477,
              46.44506458401873
            ],
            [
              112.5807060349318,
              46.41478021042014
            ],
            [
              112.49283334898313,
              46.35416098071142
            ],
            [
              112.3610243200602,
              46.32382612287906
            ],
            [
              112.18527894816287,
              46.26310591709087
            ],
            [
              112.09740626221424,
              46.23272056752323
            ],
            [
              112.00953357626562,
              46.202318385796225
            ],
            [
              111.92166089031696,
              46.17189937115023
            ],
            [
              111.83378820436835,
              46.14146352284412
            ],
            [
              111.70197917544535,
              46.11101084015543
            ],
            [
              111.43836111759944,
              46.019551778848246
            ],
            [
              111.21867940272782,
              45.98903175177702
            ],
            [
              111.13080671677916,
              45.92794118387875
            ],
            [
              111.08687037380486,
              45.866783260331424
            ],
            [
              110.99899768785622,
              45.836179038769544
            ],
            [
              110.9550613448819,
              45.77492007339501
            ],
            [
              110.91112500190754,
              45.713593741674856
            ],
            [
              110.86718865893322,
              45.621477924082555
            ],
            [
              110.8232523159589,
              45.55998316077129
            ],
            [
              110.73537963001029,
              45.498421019335694
            ],
            [
              110.69144328703594,
              45.436791497100906
            ],
            [
              110.60357060108733,
              45.405951467432246
            ],
            [
              110.55963425811298,
              45.34422086965876
            ],
            [
              110.51569791513869,
              45.25149862348905
            ],
            [
              110.51569791513869,
              45.15862475348983
            ],
            [
              110.47176157216437,
              45.096624602893556
            ],
            [
              110.42782522919,
              45.03455706168266
            ],
            [
              110.38388888621569,
              44.97242212952293
            ],
            [
              110.29601620026705,
              44.9102198063967
            ],
            [
              110.25207985729273,
              44.8479500926037
            ],
            [
              110.20814351431841,
              44.78561298876236
            ],
            [
              110.16420717134412,
              44.72320849581052
            ],
            [
              110.16420717134412,
              44.629475404641674
            ],
            [
              110.12027082836977,
              44.56690244512368
            ],
            [
              110.07633448539548,
              44.50426210230955
            ],
            [
              109.9884617994468,
              44.44155437858804
            ],
            [
              109.94452545647248,
              44.378779276673185
            ],
            [
              109.85665277052384,
              44.34736645983058
            ],
            [
              109.7687800845752,
              44.284490296428494
            ],
            [
              109.68090739862656,
              44.25302695075189
            ],
            [
              109.59303471267792,
              44.22154676304779
            ],
            [
              109.46122568375493,
              44.22154676304779
            ],
            [
              109.37335299780631,
              44.19004973380896
            ],
            [
              109.24154396888335,
              44.19004973380896
            ],
            [
              109.10973493996035,
              44.19004973380896
            ],
            [
              108.80218053914014,
              44.19004973380896
            ],
            [
              108.53856248129418,
              44.19004973380896
            ],
            [
              108.40675345237122,
              44.1585358635489
            ],
            [
              108.31888076642258,
              44.12700515280168
            ],
            [
              108.14313539452529,
              44.12700515280168
            ],
            [
              108.01132636560233,
              44.06389321208575
            ],
            [
              107.83558099370505,
              44.03231198328872
            ],
            [
              107.70377196478206,
              44.03231198328872
            ],
            [
              107.52802659288479,
              44.00071391634811
            ],
            [
              107.3962175639618,
              44.00071391634811
            ],
            [
              107.30834487801316,
              43.96909901190175
            ],
            [
              107.13259950611588,
              43.93746727060828
            ],
            [
              106.9568541342186,
              43.93746727060828
            ],
            [
              106.86898144826993,
              43.90581869314723
            ],
            [
              106.60536339042403,
              43.87415328021908
            ],
            [
              106.42961801852672,
              43.84247103254516
            ],
            [
              106.29780898960377,
              43.84247103254516
            ],
            [
              106.07812727473218,
              43.84247103254516
            ],
            [
              105.9902545887835,
              43.81077195086788
            ],
            [
              105.77057287391193,
              43.81077195086788
            ],
            [
              105.41908213011733,
              43.81077195086788
            ],
            [
              105.28727310119437,
              43.81077195086788
            ],
            [
              105.11152772929708,
              43.81077195086788
            ],
            [
              104.97971870037412,
              43.81077195086788
            ],
            [
              104.80397332847681,
              43.81077195086788
            ],
            [
              104.67216429955386,
              43.81077195086788
            ],
            [
              104.5403552706309,
              43.81077195086788
            ],
            [
              104.40854624170795,
              43.81077195086788
            ],
            [
              104.27673721278494,
              43.81077195086788
            ],
            [
              104.144928183862,
              43.81077195086788
            ],
            [
              104.05705549791337,
              43.84247103254516
            ],
            [
              103.92524646899037,
              43.84247103254516
            ],
            [
              103.79343744006742,
              43.84247103254516
            ],
            [
              103.66162841114446,
              43.84247103254516
            ],
            [
              103.48588303924718,
              43.84247103254516
            ],
            [
              103.31013766734988,
              43.87415328021908
            ],
            [
              103.17832863842693,
              43.87415328021908
            ],
            [
              103.04651960950392,
              43.90581869314723
            ],
            [
              102.82683789463235,
              43.93746727060828
            ],
            [
              102.65109252273508,
              43.93746727060828
            ],
            [
              102.38747446488914,
              43.96909901190175
            ],
            [
              102.25566543596618,
              43.96909901190175
            ],
            [
              102.03598372109454,
              44.00071391634811
            ],
            [
              101.86023834919727,
              44.03231198328872
            ],
            [
              101.68449297729997,
              44.03231198328872
            ],
            [
              101.55268394837701,
              44.03231198328872
            ],
            [
              101.42087491945405,
              44.06389321208575
            ],
            [
              101.28906589053108,
              44.06389321208575
            ],
            [
              101.20119320458244,
              44.09545760212214
            ],
            [
              101.11332051863377,
              44.1585358635489
            ],
            [
              100.98151148971084,
              44.22154676304779
            ],
            [
              100.8936388037622,
              44.25302695075189
            ],
            [
              100.7618297748392,
              44.284490296428494
            ],
            [
              100.67395708889056,
              44.31593679960529
            ],
            [
              100.5421480599676,
              44.34736645983058
            ],
            [
              100.45427537401899,
              44.378779276673185
            ],
            [
              100.36640268807031,
              44.410175249722414
            ],
            [
              100.27853000212167,
              44.44155437858804
            ],
            [
              100.23459365914735,
              44.50426210230955
            ],
            [
              100.14672097319871,
              44.53559069648694
            ],
            [
              100.05884828725009,
              44.56690244512368
            ],
            [
              99.97097560130143,
              44.598197347931304
            ],
            [
              99.88310291535275,
              44.629475404641674
            ],
            [
              99.75129388642982,
              44.629475404641674
            ],
            [
              99.61948485750686,
              44.66073661500679
            ],
            [
              99.48767582858389,
              44.66073661500679
            ],
            [
              99.35586679966093,
              44.66073661500679
            ],
            [
              99.22405777073797,
              44.66073661500679
            ],
            [
              99.04831239884065,
              44.66073661500679
            ],
            [
              98.96043971289201,
              44.629475404641674
            ],
            [
              98.87256702694337,
              44.598197347931304
            ],
            [
              98.74075799802041,
              44.53559069648694
            ],
            [
              98.65288531207175,
              44.50426210230955
            ],
            [
              98.5210762831488,
              44.472916662900225
            ],
            [
              98.43320359720016,
              44.44155437858804
            ],
            [
              98.34533091125152,
              44.410175249722414
            ],
            [
              98.21352188232858,
              44.410175249722414
            ],
            [
              98.12564919637991,
              44.44155437858804
            ],
            [
              98.03777651043127,
              44.472916662900225
            ],
            [
              97.94990382448262,
              44.50426210230955
            ],
            [
              97.862031138534,
              44.53559069648694
            ],
            [
              97.77415845258531,
              44.56690244512368
            ],
            [
              97.68628576663667,
              44.598197347931304
            ],
            [
              97.59841308068803,
              44.66073661500679
            ],
            [
              97.5105403947394,
              44.691980978798945
            ],
            [
              97.42266770879078,
              44.72320849581052
            ],
            [
              97.33479502284214,
              44.7544191658541
            ],
            [
              97.20298599391914,
              44.78561298876236
            ],
            [
              97.1151133079705,
              44.8479500926037
            ],
            [
              97.02724062202186,
              44.879093373302375
            ],
            [
              96.93936793607322,
              44.9102198063967
            ],
            [
              96.85149525012456,
              44.941329391819345
            ],
            [
              96.7196862212016,
              44.97242212952293
            ],
            [
              96.58787719227865,
              44.97242212952293
            ],
            [
              96.4560681633557,
              44.97242212952293
            ],
            [
              96.32425913443272,
              44.97242212952293
            ],
            [
              96.14851376253543,
              44.97242212952293
            ],
            [
              96.01670473361244,
              44.941329391819345
            ],
            [
              95.84095936171516,
              44.941329391819345
            ],
            [
              95.7091503327922,
              44.941329391819345
            ],
            [
              95.57734130386925,
              44.941329391819345
            ],
            [
              95.269786903049,
              44.97242212952293
            ],
            [
              95.13797787412601,
              45.00349801947994
            ],
            [
              95.00616884520306,
              45.00349801947994
            ],
            [
              94.74255078735715,
              45.00349801947994
            ],
            [
              94.65467810140846,
              44.97242212952293
            ],
            [
              94.56680541545983,
              44.9102198063967
            ],
            [
              94.52286907248552,
              44.8479500926037
            ],
            [
              94.4349963865369,
              44.81678996438796
            ],
            [
              94.39106004356258,
              44.7544191658541
            ],
            [
              94.30318735761394,
              44.691980978798945
            ],
            [
              94.21531467166525,
              44.629475404641674
            ],
            [
              94.03956929976798,
              44.598197347931304
            ],
            [
              93.95169661381934,
              44.56690244512368
            ],
            [
              93.86382392787073,
              44.53559069648694
            ],
            [
              93.73201489894772,
              44.50426210230955
            ],
            [
              93.46839684110181,
              44.472916662900225
            ],
            [
              93.38052415515314,
              44.44155437858804
            ],
            [
              92.88937907008402,
              44.27275410740056
            ],
            [
              92.66416943423792,
              44.298310779552324
            ],
            [
              92.45786095269237,
              44.34736645983058
            ],
            [
              92.28211558079511,
              44.34736645983058
            ],
            [
              92.15030655187215,
              44.34736645983058
            ],
            [
              92.06243386592351,
              44.378779276673185
            ],
            [
              91.51064366219241,
              44.567003863255295
            ],
            [
              91.32385590263465,
              44.71943057094552
            ],
            [
              91.21948410366109,
              44.8636662431299
            ],
            [
              91.11236291967948,
              45.05025541932485
            ],
            [
              90.80199466538541,
              45.13167910269443
            ],
            [
              90.4668505526792,
              45.10267085927821
            ],
            [
              89.9807374870832,
              44.9628659572699
            ],
            [
              89.6758876236426,
              44.8149616040062
            ],
            [
              89.4698653809357,
              44.553260052710534
            ],
            [
              89.55228246271065,
              44.35133621159409
            ],
            [
              89.65943672181817,
              44.142789542344886
            ],
            [
              90.2416409168331,
              43.802737765910244
            ],
            [
              91.38412934657633,
              42.85978001341996
            ],
            [
              91.7796909762304,
              42.650068432235685
            ],
            [
              92.06243386592351,
              42.171821028687305
            ],
            [
              92.15030655187215,
              42.13924813270096
            ],
            [
              92.19424289484647,
              42.0740520511826
            ],
            [
              92.28211558079511,
              42.0414288695164
            ],
            [
              92.36998826674375,
              41.97613223420486
            ],
            [
              92.45786095269237,
              41.91076858296674
            ],
            [
              92.54573363864105,
              41.87806163147789
            ],
            [
              92.58966998161539,
              41.8125974871661
            ],
            [
              92.67754266756401,
              41.779840298574086
            ],
            [
              92.76541535351265,
              41.747066368550236
            ],
            [
              92.85328803946128,
              41.714275699267425
            ],
            [
              92.8972243824356,
              41.64864415173189
            ],
            [
              92.98509706838426,
              41.6158032779403
            ],
            [
              93.0290334113586,
              41.55007134163571
            ],
            [
              93.07296975433292,
              41.48427250240783
            ],
            [
              93.16084244028156,
              41.45134800004919
            ],
            [
              93.20477878325586,
              41.38544884174928
            ],
            [
              93.2926514692045,
              41.319482828153454
            ],
            [
              93.38052415515314,
              41.25344997896613
            ],
            [
              93.46839684110181,
              41.15427543247734
            ],
            [
              93.51233318407613,
              41.08807558298075
            ],
            [
              93.60020587002477,
              41.02180896981668
            ],
            [
              93.68807855597339,
              40.95547561438413
            ],
            [
              93.77595124192203,
              40.92228391510799
            ],
            [
              93.8198875848964,
              40.85585048722557
            ],
            [
              93.90776027084502,
              40.78935037223317
            ],
            [
              93.95169661381934,
              40.72278359286122
            ],
            [
              94.0835056427423,
              40.65615017222257
            ],
            [
              94.12744198571662,
              40.589450133813656
            ],
            [
              94.21531467166525,
              40.55607514039306
            ],
            [
              94.25925101463956,
              40.489275220225686
            ],
            [
              94.34712370058824,
              40.45585029959373
            ],
            [
              94.4349963865369,
              40.42240874271301
            ],
            [
              94.56680541545983,
              40.35547573270105
            ],
            [
              94.65467810140846,
              40.32198428587822
            ],
            [
              94.78648713033147,
              40.28847621542359
            ],
            [
              94.8743598162801,
              40.25495152455209
            ],
            [
              95.00616884520306,
              40.221410216503045
            ],
            [
              95.18191421710036,
              40.18785229454012
            ],
            [
              95.48946861792058,
              40.154277761951455
            ],
            [
              95.97276839063812,
              40.08707887817135
            ],
            [
              96.28032279145839,
              40.08707887817135
            ],
            [
              96.6757498782273,
              40.08707887817135
            ],
            [
              97.02724062202186,
              40.05345453367845
            ],
            [
              97.07117696499618,
              39.98615605641693
            ],
            [
              97.1151133079705,
              39.91879121764799
            ],
            [
              97.20298599391914,
              39.88508392136299
            ],
            [
              97.24692233689346,
              39.817619592537405
            ],
            [
              97.33479502284214,
              39.78386256708903
            ],
            [
              97.42266770879078,
              39.71629881203738
            ],
            [
              97.5105403947394,
              39.68249208967496
            ],
            [
              97.68628576663667,
              39.61482897356528
            ],
            [
              97.77415845258531,
              39.58097258720798
            ],
            [
              97.862031138534,
              39.54709965361728
            ],
            [
              98.03777651043127,
              39.47930415978968
            ],
            [
              98.1695855393542,
              39.445381607142416
            ],
            [
              98.3013945682772,
              39.445381607142416
            ],
            [
              98.47713994017448,
              39.411442522440936
            ],
            [
              98.78469434099476,
              39.37748690954264
            ],
            [
              98.87256702694337,
              39.34351477233002
            ],
            [
              99.04831239884065,
              39.34351477233002
            ],
            [
              99.22405777073797,
              39.30952611471071
            ],
            [
              99.44373948560954,
              39.30952611471071
            ],
            [
              99.53161217155818,
              39.27552094061747
            ],
            [
              99.66342120048118,
              39.241499254008204
            ],
            [
              99.75129388642982,
              39.20746105886608
            ],
            [
              99.88310291535275,
              39.20746105886608
            ],
            [
              99.97097560130143,
              39.17340635919952
            ],
            [
              100.14672097319871,
              39.13933515904208
            ],
            [
              100.36640268807031,
              39.071143273515794
            ],
            [
              100.49821171699331,
              39.03702259634074
            ],
            [
              100.63002074591627,
              39.00288543506255
            ],
            [
              100.7618297748392,
              39.00288543506255
            ],
            [
              101.02544783268516,
              38.93456167686363
            ],
            [
              101.15725686160812,
              38.90037508833996
            ],
            [
              101.28906589053108,
              38.86617203250721
            ],
            [
              101.37693857647974,
              38.831952513627634
            ],
            [
              101.46481126242837,
              38.79771653598904
            ],
            [
              101.55268394837701,
              38.76346410390469
            ],
            [
              101.72842932027432,
              38.69490989378004
            ],
            [
              101.94811103514591,
              38.62628991827255
            ],
            [
              102.12385640704318,
              38.55760421281179
            ],
            [
              102.25566543596618,
              38.52323672253324
            ],
            [
              102.34353812191479,
              38.48885281323899
            ],
            [
              102.43141080786344,
              38.454452489473674
            ],
            [
              102.51928349381208,
              38.42003575580774
            ],
            [
              102.60715617976076,
              38.38560261683745
            ],
            [
              102.69502886570939,
              38.351153077184996
            ],
            [
              102.73896520868371,
              38.28220481445194
            ],
            [
              102.78290155165803,
              38.21319100510465
            ],
            [
              102.82683789463235,
              38.1095474742285
            ],
            [
              102.87077423760667,
              38.04036996512246
            ],
            [
              102.91471058058099,
              37.97112704391912
            ],
            [
              102.9586469235553,
              37.867140100677325
            ],
            [
              103.00258326652963,
              37.763006203565645
            ],
            [
              103.00258326652963,
              37.623932649241844
            ],
            [
              103.00258326652963,
              37.51945639542024
            ],
            [
              103.00258326652963,
              37.41483365201421
            ],
            [
              102.9586469235553,
              37.345003844298674
            ],
            [
              102.87077423760667,
              37.275109037208615
            ],
            [
              102.82683789463235,
              37.13512459976118
            ],
            [
              102.78290155165803,
              37.065035057901945
            ],
            [
              102.73896520868371,
              36.95977921730352
            ],
            [
              102.69502886570939,
              36.88952770461747
            ],
            [
              102.69502886570939,
              36.784029122081066
            ],
            [
              102.65109252273508,
              36.713615925878145
            ],
            [
              102.60715617976076,
              36.64313813822826
            ],
            [
              102.56321983678639,
              36.53730045178177
            ],
            [
              102.51928349381208,
              36.46666139421067
            ],
            [
              102.47534715083775,
              36.36058202937554
            ],
            [
              102.43141080786344,
              36.28978200546428
            ],
            [
              102.38747446488914,
              36.218917681548525
            ],
            [
              102.38747446488914,
              36.11250074288842
            ],
            [
              102.34353812191479,
              36.04147588912595
            ],
            [
              102.34353812191479,
              35.934818394505896
            ],
            [
              102.34353812191479,
              35.82801679854222
            ],
            [
              102.34353812191479,
              35.72107127814267
            ],
            [
              102.2996017789405,
              35.64969439490002
            ],
            [
              102.25566543596618,
              35.57825367845416
            ],
            [
              102.21172909299186,
              35.506749182886345
            ],
            [
              102.1677927500175,
              35.39937297308014
            ],
            [
              102.1677927500175,
              35.291853568949676
            ],
            [
              102.12385640704318,
              35.220094506625756
            ],
            [
              102.12385640704318,
              35.07638593268075
            ],
            [
              102.12385640704318,
              34.96843808370148
            ],
            [
              102.07992006406886,
              34.8963937122536
            ],
            [
              102.07992006406886,
              34.752115299033655
            ],
            [
              102.07992006406886,
              34.643740760190695
            ],
            [
              102.07992006406886,
              34.462801453309346
            ],
            [
              102.07992006406886,
              34.31776698685508
            ],
            [
              102.1677927500175,
              34.17248148083783
            ],
            [
              102.1677927500175,
              34.06335290787057
            ],
            [
              102.21172909299186,
              33.990522338253264
            ],
            [
              102.21172909299186,
              33.881159362444876
            ],
            [
              102.21172909299186,
              33.77165603496391
            ],
            [
              102.21172909299186,
              33.66201257618034
            ],
            [
              102.21172909299186,
              33.55222920879739
            ],
            [
              102.25566543596618,
              33.4423061578558
            ],
            [
              102.25566543596618,
              33.33224365073788
            ],
            [
              102.21172909299186,
              33.22204191717147
            ],
            [
              102.21172909299186,
              33.07489009940124
            ],
            [
              102.1677927500175,
              33.00122170135628
            ],
            [
              102.12385640704318,
              32.853700278326365
            ],
            [
              102.07992006406886,
              32.77984739529262
            ],
            [
              102.03598372109454,
              32.66895305776901
            ],
            [
              101.94811103514591,
              32.55792092163702
            ],
            [
              101.86023834919727,
              32.48382306427546
            ],
            [
              101.81630200622295,
              32.40966414603526
            ],
            [
              101.77236566324862,
              32.335444240936305
            ],
            [
              101.64055663432565,
              32.224000196003054
            ],
            [
              101.42087491945405,
              32.186821768592296
            ],
            [
              101.24512954755673,
              32.11241935173895
            ],
            [
              101.11332051863377,
              32.075195381272046
            ],
            [
              100.98151148971084,
              32.037956248811156
            ],
            [
              100.80576611781352,
              32.00070196391788
            ],
            [
              100.67395708889056,
              32.00070196391788
            ],
            [
              100.58608440294195,
              31.96343253618331
            ],
            [
              100.5421480599676,
              31.888848290701908
            ],
            [
              100.45427537401899,
              31.85153349228489
            ],
            [
              100.41033903104463,
              31.776858592644306
            ],
            [
              100.36640268807031,
              31.702123354334844
            ],
            [
              100.36640268807031,
              31.58990753371955
            ],
            [
              100.36640268807031,
              31.477556394784777
            ],
            [
              100.36640268807031,
              31.36507020687687
            ],
            [
              100.36640268807031,
              31.25244924174689
            ],
            [
              100.41033903104463,
              31.177293857380068
            ],
            [
              100.45427537401899,
              31.102078775651204
            ],
            [
              100.49821171699331,
              30.989144400672952
            ],
            [
              100.5421480599676,
              30.913780436658858
            ],
            [
              100.58608440294195,
              30.838357065430454
            ],
            [
              100.67395708889056,
              30.762874370960773
            ],
            [
              100.7178934318649,
              30.68733243770062
            ],
            [
              100.7618297748392,
              30.61173135057868
            ],
            [
              100.80230768950165,
              30.54097273502523
            ],
            [
              101.1044059255528,
              30.353886837028757
            ],
            [
              101.18130349528356,
              30.261412480770037
            ],
            [
              101.18954155959122,
              30.114223628257477
            ],
            [
              101.18130349528356,
              29.87875141285045
            ],
            [
              101.09891388268099,
              29.759611293226172
            ],
            [
              101.01377824864258,
              29.66180849101847
            ],
            [
              100.95609385943742,
              29.482670057526484
            ],
            [
              100.44800421342393,
              28.758049250393658
            ],
            [
              100.44795880520019,
              28.758012376155392
            ]
          ]
        ]
      }
    },
    {
      "type": "Feature",
      "properties": {
        "NAME": "Joseon",
        "name": "Joseon",
        "color": "#2563eb",
        "fill": "#2563eb",
        "fill-opacity": 0.5,
        "stroke": "#2563eb",
        "stroke-width": 2,
        "CODE": "18"
      },
      "geometry": {
        "type": "Polygon",
        "coordinates": [
          [
            [
              128.472902,
              38.459051
            ],
            [
              128.472902,
              38.48486
            ],
            [
              128.461917,
              38.502061
            ],
            [
              128.450932,
              38.536451
            ],
            [
              128.439948,
              38.553639
            ],
            [
              128.428963,
              38.570824
            ],
            [
              128.417979,
              38.588005
            ],
            [
              128.406994,
              38.605181
            ],
            [
              128.396009,
              38.622353
            ],
            [
              128.37404,
              38.639521
            ],
            [
              128.363056,
              38.656685
            ],
            [
              128.341086,
              38.673845
            ],
            [
              128.330102,
              38.691001
            ],
            [
              128.308133,
              38.699578
            ],
            [
              128.297148,
              38.716727
            ],
            [
              128.275179,
              38.725301
            ],
            [
              128.253209,
              38.733873
            ],
            [
              128.23124,
              38.751014
            ],
            [
              128.209271,
              38.759583
            ],
            [
              128.187302,
              38.768152
            ],
            [
              128.176317,
              38.785285
            ],
            [
              128.154348,
              38.79385
            ],
            [
              128.132379,
              38.810977
            ],
            [
              128.11041,
              38.819539
            ],
            [
              128.08844,
              38.83666
            ],
            [
              128.066471,
              38.845218
            ],
            [
              128.055486,
              38.862333
            ],
            [
              128.022533,
              38.870889
            ],
            [
              127.978594,
              38.89655
            ],
            [
              127.956625,
              38.913652
            ],
            [
              127.934656,
              38.922202
            ],
            [
              127.912687,
              38.930751
            ],
            [
              127.901702,
              38.947845
            ],
            [
              127.890717,
              38.964935
            ],
            [
              127.879733,
              38.982021
            ],
            [
              127.868748,
              38.999102
            ],
            [
              127.846779,
              39.007642
            ],
            [
              127.835794,
              39.024717
            ],
            [
              127.82481,
              39.050323
            ],
            [
              127.80284,
              39.067388
            ],
            [
              127.791856,
              39.084449
            ],
            [
              127.769887,
              39.092978
            ],
            [
              127.758902,
              39.110033
            ],
            [
              127.736933,
              39.127084
            ],
            [
              127.714964,
              39.135607
            ],
            [
              127.692994,
              39.14413
            ],
            [
              127.671025,
              39.152652
            ],
            [
              127.649056,
              39.161173
            ],
            [
              127.627087,
              39.169692
            ],
            [
              127.605117,
              39.178211
            ],
            [
              127.572164,
              39.178211
            ],
            [
              127.550194,
              39.186729
            ],
            [
              127.517241,
              39.186729
            ],
            [
              127.495271,
              39.195245
            ],
            [
              127.473302,
              39.203761
            ],
            [
              127.440348,
              39.203761
            ],
            [
              127.418379,
              39.212276
            ],
            [
              127.407394,
              39.229302
            ],
            [
              127.39641,
              39.246323
            ],
            [
              127.385425,
              39.263341
            ],
            [
              127.385425,
              39.28886
            ],
            [
              127.385425,
              39.31437
            ],
            [
              127.39641,
              39.331371
            ],
            [
              127.407394,
              39.348368
            ],
            [
              127.429364,
              39.356865
            ],
            [
              127.462318,
              39.356865
            ],
            [
              127.484287,
              39.365361
            ],
            [
              127.506256,
              39.373856
            ],
            [
              127.528225,
              39.38235
            ],
            [
              127.550194,
              39.390843
            ],
            [
              127.561179,
              39.407825
            ],
            [
              127.561179,
              39.433291
            ],
            [
              127.561179,
              39.458748
            ],
            [
              127.561179,
              39.484196
            ],
            [
              127.561179,
              39.509634
            ],
            [
              127.561179,
              39.535063
            ],
            [
              127.550194,
              39.552011
            ],
            [
              127.550194,
              39.577424
            ],
            [
              127.53921,
              39.594361
            ],
            [
              127.53921,
              39.619759
            ],
            [
              127.53921,
              39.645148
            ],
            [
              127.53921,
              39.670527
            ],
            [
              127.53921,
              39.695897
            ],
            [
              127.528225,
              39.712805
            ],
            [
              127.517241,
              39.729709
            ],
            [
              127.528225,
              39.746609
            ],
            [
              127.561179,
              39.763504
            ],
            [
              127.583148,
              39.771951
            ],
            [
              127.605117,
              39.780396
            ],
            [
              127.616102,
              39.797283
            ],
            [
              127.627087,
              39.822607
            ],
            [
              127.638071,
              39.839484
            ],
            [
              127.671025,
              39.847921
            ],
            [
              127.692994,
              39.856357
            ],
            [
              127.714964,
              39.873225
            ],
            [
              127.747917,
              39.873225
            ],
            [
              127.769887,
              39.881658
            ],
            [
              127.80284,
              39.881658
            ],
            [
              127.82481,
              39.89009
            ],
            [
              127.857764,
              39.898521
            ],
            [
              127.879733,
              39.915379
            ],
            [
              127.890717,
              39.932233
            ],
            [
              127.912687,
              39.940659
            ],
            [
              127.934656,
              39.957507
            ],
            [
              127.94564,
              39.974351
            ],
            [
              127.956625,
              39.99119
            ],
            [
              127.978594,
              40.008026
            ],
            [
              128.000563,
              40.016442
            ],
            [
              128.022533,
              40.024857
            ],
            [
              128.044502,
              40.033271
            ],
            [
              128.066471,
              40.041685
            ],
            [
              128.08844,
              40.050097
            ],
            [
              128.099425,
              40.066918
            ],
            [
              128.132379,
              40.075327
            ],
            [
              128.165333,
              40.075327
            ],
            [
              128.198286,
              40.075327
            ],
            [
              128.220256,
              40.066918
            ],
            [
              128.253209,
              40.066918
            ],
            [
              128.286163,
              40.058508
            ],
            [
              128.319117,
              40.058508
            ],
            [
              128.352071,
              40.058508
            ],
            [
              128.385025,
              40.083735
            ],
            [
              128.406994,
              40.092141
            ],
            [
              128.428963,
              40.100547
            ],
            [
              128.450932,
              40.108952
            ],
            [
              128.472902,
              40.125759
            ],
            [
              128.505856,
              40.15096
            ],
            [
              128.538809,
              40.159359
            ],
            [
              128.560779,
              40.176153
            ],
            [
              128.582748,
              40.184549
            ],
            [
              128.604717,
              40.192943
            ],
            [
              128.626686,
              40.209729
            ],
            [
              128.65964,
              40.21812
            ],
            [
              128.681609,
              40.22651
            ],
            [
              128.692594,
              40.243288
            ],
            [
              128.703579,
              40.260061
            ],
            [
              128.714563,
              40.27683
            ],
            [
              128.714563,
              40.310356
            ],
            [
              128.714563,
              40.335489
            ],
            [
              128.703579,
              40.352239
            ],
            [
              128.681609,
              40.360613
            ],
            [
              128.703579,
              40.368986
            ],
            [
              128.736532,
              40.368986
            ],
            [
              128.758502,
              40.377357
            ],
            [
              128.780471,
              40.385728
            ],
            [
              128.80244,
              40.402465
            ],
            [
              128.835394,
              40.410833
            ],
            [
              128.857363,
              40.419199
            ],
            [
              128.890317,
              40.427564
            ],
            [
              128.912286,
              40.435929
            ],
            [
              128.934255,
              40.444292
            ],
            [
              128.956225,
              40.452654
            ],
            [
              128.989178,
              40.461015
            ],
            [
              129.011148,
              40.469375
            ],
            [
              129.022132,
              40.486092
            ],
            [
              129.044101,
              40.494449
            ],
            [
              129.066071,
              40.502805
            ],
            [
              129.08804,
              40.51116
            ],
            [
              129.110009,
              40.519514
            ],
            [
              129.120994,
              40.536219
            ],
            [
              129.120994,
              40.561268
            ],
            [
              129.131978,
              40.577962
            ],
            [
              129.142963,
              40.594652
            ],
            [
              129.153948,
              40.611338
            ],
            [
              129.175917,
              40.619679
            ],
            [
              129.197886,
              40.636359
            ],
            [
              129.219855,
              40.644697
            ],
            [
              129.241824,
              40.653034
            ],
            [
              129.274778,
              40.66137
            ],
            [
              129.296748,
              40.669706
            ],
            [
              129.318717,
              40.67804
            ],
            [
              129.329701,
              40.694705
            ],
            [
              129.340686,
              40.711365
            ],
            [
              129.362655,
              40.728022
            ],
            [
              129.37364,
              40.744675
            ],
            [
              129.395609,
              40.761323
            ],
            [
              129.417578,
              40.769646
            ],
            [
              129.439547,
              40.777967
            ],
            [
              129.472501,
              40.777967
            ],
            [
              129.505455,
              40.777967
            ],
            [
              129.527424,
              40.786288
            ],
            [
              129.560378,
              40.794607
            ],
            [
              129.604317,
              40.794607
            ],
            [
              129.626286,
              40.802926
            ],
            [
              129.648255,
              40.811243
            ],
            [
              129.670224,
              40.819559
            ],
            [
              129.692193,
              40.836189
            ],
            [
              129.714163,
              40.852814
            ],
            [
              129.736132,
              40.869436
            ],
            [
              129.758101,
              40.877745
            ],
            [
              129.758101,
              40.902666
            ],
            [
              129.758101,
              40.927577
            ],
            [
              129.769086,
              40.94418
            ],
            [
              129.769086,
              40.969075
            ],
            [
              129.78007,
              40.985668
            ],
            [
              129.78007,
              41.010548
            ],
            [
              129.78007,
              41.035419
            ],
            [
              129.78007,
              41.06028
            ],
            [
              129.78007,
              41.085132
            ],
            [
              129.78007,
              41.109975
            ],
            [
              129.78007,
              41.134808
            ],
            [
              129.78007,
              41.159632
            ],
            [
              129.78007,
              41.192716
            ],
            [
              129.78007,
              41.217518
            ],
            [
              129.78007,
              41.24231
            ],
            [
              129.78007,
              41.267093
            ],
            [
              129.791055,
              41.28361
            ],
            [
              129.80204,
              41.300123
            ],
            [
              129.813024,
              41.333136
            ],
            [
              129.824009,
              41.349636
            ],
            [
              129.834993,
              41.366132
            ],
            [
              129.845978,
              41.382624
            ],
            [
              129.824009,
              41.399111
            ],
            [
              129.80204,
              41.415595
            ],
            [
              129.791055,
              41.432074
            ],
            [
              129.78007,
              41.448549
            ],
            [
              129.769086,
              41.46502
            ],
            [
              129.758101,
              41.489718
            ],
            [
              129.747117,
              41.506179
            ],
            [
              129.736132,
              41.522635
            ],
            [
              129.736132,
              41.547311
            ],
            [
              129.725147,
              41.563757
            ],
            [
              129.725147,
              41.588418
            ],
            [
              129.725147,
              41.613069
            ],
            [
              129.725147,
              41.637711
            ],
            [
              129.725147,
              41.662344
            ],
            [
              129.736132,
              41.67876
            ],
            [
              129.747117,
              41.703377
            ],
            [
              129.758101,
              41.727985
            ],
            [
              129.769086,
              41.744384
            ],
            [
              129.850142,
              41.790766
            ],
            [
              129.878971,
              41.870569
            ],
            [
              129.962763,
              41.915568
            ],
            [
              130.139838,
              42.108363
            ],
            [
              130.369239,
              42.222414
            ],
            [
              130.476386,
              42.34128
            ],
            [
              130.602715,
              42.277314
            ],
            [
              130.66038,
              42.28646
            ],
            [
              130.649384,
              42.327077
            ],
            [
              130.634173,
              42.422405
            ],
            [
              130.425552,
              42.543947
            ],
            [
              130.296397,
              42.663177
            ],
            [
              130.226421,
              42.718736
            ],
            [
              130.223616,
              42.778172
            ],
            [
              130.247024,
              42.894074
            ],
            [
              130.113821,
              42.976507
            ],
            [
              129.90923,
              42.997573
            ],
            [
              129.839171,
              42.855827
            ],
            [
              129.756822,
              42.633937
            ],
            [
              129.756776,
              42.568254
            ],
            [
              129.769129,
              42.515639
            ],
            [
              129.690881,
              42.409271
            ],
            [
              129.61944,
              42.423386
            ],
            [
              129.545283,
              42.374755
            ],
            [
              129.46976,
              42.402133
            ],
            [
              129.434046,
              42.405209
            ],
            [
              129.333818,
              42.40313
            ],
            [
              129.269278,
              42.374733
            ],
            [
              129.233561,
              42.359558
            ],
            [
              129.254148,
              42.336212
            ],
            [
              129.25415,
              42.325044
            ],
            [
              129.245912,
              42.30981
            ],
            [
              129.234928,
              42.293558
            ],
            [
              129.182755,
              42.255958
            ],
            [
              129.228048,
              42.220379
            ],
            [
              129.177251,
              42.182741
            ],
            [
              129.141536,
              42.1461
            ],
            [
              129.064643,
              42.136928
            ],
            [
              129.033046,
              42.084978
            ],
            [
              128.95753,
              42.078859
            ],
            [
              128.950657,
              42.015639
            ],
            [
              128.909452,
              42.012572
            ],
            [
              128.85727,
              42.010532
            ],
            [
              128.817444,
              42.035013
            ],
            [
              128.722696,
              42.037051
            ],
            [
              128.69659,
              42.010532
            ],
            [
              128.627938,
              42.016648
            ],
            [
              128.59771,
              41.995224
            ],
            [
              128.496095,
              41.997261
            ],
            [
              128.406827,
              42.01767
            ],
            [
              128.327176,
              42.010528
            ],
            [
              128.239293,
              42.006449
            ],
            [
              128.182982,
              42.01461
            ],
            [
              128.118439,
              42.014611
            ],
            [
              128.088224,
              42.014609
            ],
            [
              128.037429,
              41.988077
            ],
            [
              128.086852,
              41.974794
            ],
            [
              128.117063,
              41.944162
            ],
            [
              128.110201,
              41.920665
            ],
            [
              128.106082,
              41.859334
            ],
            [
              128.110205,
              41.82659
            ],
            [
              128.121189,
              41.784623
            ],
            [
              128.177497,
              41.723156
            ],
            [
              128.284599,
              41.662652
            ],
            [
              128.318901,
              41.589773
            ],
            [
              128.303836,
              41.559978
            ],
            [
              128.306575,
              41.535311
            ],
            [
              128.248899,
              41.489033
            ],
            [
              128.22143,
              41.408748
            ],
            [
              128.128059,
              41.369596
            ],
            [
              128.106073,
              41.346925
            ],
            [
              128.062125,
              41.3902
            ],
            [
              128.012696,
              41.394326
            ],
            [
              127.974248,
              41.418014
            ],
            [
              127.935798,
              41.428309
            ],
            [
              127.879498,
              41.423162
            ],
            [
              127.801202,
              41.414925
            ],
            [
              127.754511,
              41.414925
            ],
            [
              127.689975,
              41.413895
            ],
            [
              127.65596,
              41.404749
            ],
            [
              127.618557,
              41.422133
            ],
            [
              127.548529,
              41.428313
            ],
            [
              127.500469,
              41.464336
            ],
            [
              127.455152,
              41.450959
            ],
            [
              127.376888,
              41.467423
            ],
            [
              127.35354,
              41.453018
            ],
            [
              127.287627,
              41.471541
            ],
            [
              127.209327,
              41.510642
            ],
            [
              127.15576,
              41.526056
            ],
            [
              127.092604,
              41.534281
            ],
            [
              127.117321,
              41.558947
            ],
            [
              127.144777,
              41.586683
            ],
            [
              127.104958,
              41.607223
            ],
            [
              127.088477,
              41.64007
            ],
            [
              127.033557,
              41.672901
            ],
            [
              127.045913,
              41.698539
            ],
            [
              127.034922,
              41.728266
            ],
            [
              126.969015,
              41.768219
            ],
            [
              126.934689,
              41.773341
            ],
            [
              126.930567,
              41.79996
            ],
            [
              126.903103,
              41.79484
            ],
            [
              126.86603,
              41.761047
            ],
            [
              126.846752,
              41.734405
            ],
            [
              126.811066,
              41.729303
            ],
            [
              126.782203,
              41.689285
            ],
            [
              126.743771,
              41.728274
            ],
            [
              126.67098,
              41.689281
            ],
            [
              126.670979,
              41.666715
            ],
            [
              126.618798,
              41.659533
            ],
            [
              126.58997,
              41.610306
            ],
            [
              126.585845,
              41.539423
            ],
            [
              126.526806,
              41.44377
            ],
            [
              126.528178,
              41.42009
            ],
            [
              126.522688,
              41.38816
            ],
            [
              126.540514,
              41.351042
            ],
            [
              126.437532,
              41.330406
            ],
            [
              126.40595,
              41.305655
            ],
            [
              126.383974,
              41.291201
            ],
            [
              126.371615,
              41.272628
            ],
            [
              126.351026,
              41.24374
            ],
            [
              126.34278,
              41.234433
            ],
            [
              126.324926,
              41.210678
            ],
            [
              126.308443,
              41.184854
            ],
            [
              126.29883,
              41.147635
            ],
            [
              126.2645,
              41.142464
            ],
            [
              126.219186,
              41.121778
            ],
            [
              126.151893,
              41.091765
            ],
            [
              126.158756,
              41.042072
            ],
            [
              126.118931,
              41.016173
            ],
            [
              126.096957,
              40.991292
            ],
            [
              126.059879,
              40.930111
            ],
            [
              126.053698,
              40.932185
            ],
            [
              126.048891,
              40.922848
            ],
            [
              126.021426,
              40.926995
            ],
            [
              126.004943,
              40.889637
            ],
            [
              125.96841,
              40.869436
            ],
            [
              125.935457,
              40.869436
            ],
            [
              125.902503,
              40.869436
            ],
            [
              125.869549,
              40.869436
            ],
            [
              125.84758,
              40.861126
            ],
            [
              125.825611,
              40.852814
            ],
            [
              125.803641,
              40.844502
            ],
            [
              125.781672,
              40.836189
            ],
            [
              125.759703,
              40.827875
            ],
            [
              125.737734,
              40.819559
            ],
            [
              125.715764,
              40.811243
            ],
            [
              125.682811,
              40.811243
            ],
            [
              125.660841,
              40.802926
            ],
            [
              125.638872,
              40.786288
            ],
            [
              125.616903,
              40.769646
            ],
            [
              125.605918,
              40.752999
            ],
            [
              125.583949,
              40.744675
            ],
            [
              125.56198,
              40.736349
            ],
            [
              125.540011,
              40.728022
            ],
            [
              125.529026,
              40.711365
            ],
            [
              125.507057,
              40.703036
            ],
            [
              125.485088,
              40.694705
            ],
            [
              125.441149,
              40.686373
            ],
            [
              125.41918,
              40.67804
            ],
            [
              125.397211,
              40.669706
            ],
            [
              125.375241,
              40.66137
            ],
            [
              125.353272,
              40.653034
            ],
            [
              125.331303,
              40.636359
            ],
            [
              125.309334,
              40.62802
            ],
            [
              125.287365,
              40.619679
            ],
            [
              125.265395,
              40.611338
            ],
            [
              125.232442,
              40.611338
            ],
            [
              125.210472,
              40.602995
            ],
            [
              125.188503,
              40.594652
            ],
            [
              125.155549,
              40.586308
            ],
            [
              125.13358,
              40.577962
            ],
            [
              125.111611,
              40.569615
            ],
            [
              125.078657,
              40.552919
            ],
            [
              125.034719,
              40.536219
            ],
            [
              125.001765,
              40.519514
            ],
            [
              124.979796,
              40.502805
            ],
            [
              124.936528,
              40.463671
            ],
            [
              124.957826,
              40.494449
            ],
            [
              124.946842,
              40.477734
            ],
            [
              124.924872,
              40.469375
            ],
            [
              124.913888,
              40.452654
            ],
            [
              124.891919,
              40.444292
            ],
            [
              124.880934,
              40.427564
            ],
            [
              124.858965,
              40.410833
            ],
            [
              124.84798,
              40.394097
            ],
            [
              124.826011,
              40.385728
            ],
            [
              124.815026,
              40.368986
            ],
            [
              124.793057,
              40.360613
            ],
            [
              124.771088,
              40.352239
            ],
            [
              124.749119,
              40.343865
            ],
            [
              124.727149,
              40.335489
            ],
            [
              124.70518,
              40.318734
            ],
            [
              124.683211,
              40.310356
            ],
            [
              124.661242,
              40.301976
            ],
            [
              124.639273,
              40.293595
            ],
            [
              124.617303,
              40.285213
            ],
            [
              124.595334,
              40.268446
            ],
            [
              124.573365,
              40.260061
            ],
            [
              124.56238,
              40.243288
            ],
            [
              124.551396,
              40.22651
            ],
            [
              124.540411,
              40.209729
            ],
            [
              124.540411,
              40.184549
            ],
            [
              124.529426,
              40.159359
            ],
            [
              124.518442,
              40.142561
            ],
            [
              124.496473,
              40.13416
            ],
            [
              124.474503,
              40.117356
            ],
            [
              124.452534,
              40.108952
            ],
            [
              124.44155,
              40.092141
            ],
            [
              124.430565,
              40.075327
            ],
            [
              124.41958,
              40.058508
            ],
            [
              124.408596,
              40.041685
            ],
            [
              124.397611,
              40.016442
            ],
            [
              124.386627,
              39.999609
            ],
            [
              124.386627,
              39.974351
            ],
            [
              124.386627,
              39.949083
            ],
            [
              124.386627,
              39.923807
            ],
            [
              124.386627,
              39.898521
            ],
            [
              124.408596,
              39.881658
            ],
            [
              124.41958,
              39.864792
            ],
            [
              124.44155,
              39.856357
            ],
            [
              124.463519,
              39.839484
            ],
            [
              124.485488,
              39.822607
            ],
            [
              124.507457,
              39.805726
            ],
            [
              124.529426,
              39.797283
            ],
            [
              124.540411,
              39.780396
            ],
            [
              124.551396,
              39.763504
            ],
            [
              124.56238,
              39.746609
            ],
            [
              124.573365,
              39.729709
            ],
            [
              124.58435,
              39.704351
            ],
            [
              124.595334,
              39.678985
            ],
            [
              124.606319,
              39.662068
            ],
            [
              124.617303,
              39.645148
            ],
            [
              124.628288,
              39.628223
            ],
            [
              124.650257,
              39.619759
            ],
            [
              124.683211,
              39.619759
            ],
            [
              124.70518,
              39.611294
            ],
            [
              124.727149,
              39.602828
            ],
            [
              124.760103,
              39.602828
            ],
            [
              124.793057,
              39.602828
            ],
            [
              124.826011,
              39.602828
            ],
            [
              124.858965,
              39.594361
            ],
            [
              124.891919,
              39.594361
            ],
            [
              124.924872,
              39.594361
            ],
            [
              124.957826,
              39.594361
            ],
            [
              124.99078,
              39.594361
            ],
            [
              125.001765,
              39.611294
            ],
            [
              125.023734,
              39.602828
            ],
            [
              125.056688,
              39.602828
            ],
            [
              125.078657,
              39.594361
            ],
            [
              125.100626,
              39.585893
            ],
            [
              125.13358,
              39.585893
            ],
            [
              125.155549,
              39.577424
            ],
            [
              125.188503,
              39.577424
            ],
            [
              125.221457,
              39.568954
            ],
            [
              125.243426,
              39.560483
            ],
            [
              125.254411,
              39.543537
            ],
            [
              125.265395,
              39.526588
            ],
            [
              125.287365,
              39.518111
            ],
            [
              125.287365,
              39.492676
            ],
            [
              125.298349,
              39.475714
            ],
            [
              125.298349,
              39.450264
            ],
            [
              125.309334,
              39.433291
            ],
            [
              125.320318,
              39.416315
            ],
            [
              125.331303,
              39.399334
            ],
            [
              125.320318,
              39.38235
            ],
            [
              125.320318,
              39.356865
            ],
            [
              125.320318,
              39.331371
            ],
            [
              125.331303,
              39.31437
            ],
            [
              125.342288,
              39.297364
            ],
            [
              125.364257,
              39.28886
            ],
            [
              125.375241,
              39.271849
            ],
            [
              125.375241,
              39.246323
            ],
            [
              125.364257,
              39.220789
            ],
            [
              125.353272,
              39.203761
            ],
            [
              125.342288,
              39.186729
            ],
            [
              125.320318,
              39.178211
            ],
            [
              125.298349,
              39.169692
            ],
            [
              125.27638,
              39.161173
            ],
            [
              125.254411,
              39.152652
            ],
            [
              125.232442,
              39.14413
            ],
            [
              125.221457,
              39.127084
            ],
            [
              125.210472,
              39.110033
            ],
            [
              125.199488,
              39.092978
            ],
            [
              125.177519,
              39.075919
            ],
            [
              125.166534,
              39.058856
            ],
            [
              125.155549,
              39.041788
            ],
            [
              125.144565,
              39.007642
            ],
            [
              125.13358,
              38.990562
            ],
            [
              125.122595,
              38.964935
            ],
            [
              125.122595,
              38.939298
            ],
            [
              125.111611,
              38.922202
            ],
            [
              125.111611,
              38.89655
            ],
            [
              125.100626,
              38.879444
            ],
            [
              125.100626,
              38.853776
            ],
            [
              125.100626,
              38.8281
            ],
            [
              125.100626,
              38.802414
            ],
            [
              125.100626,
              38.776719
            ],
            [
              125.122595,
              38.759583
            ],
            [
              125.144565,
              38.742444
            ],
            [
              125.155549,
              38.725301
            ],
            [
              125.144565,
              38.708153
            ],
            [
              125.13358,
              38.691001
            ],
            [
              125.111611,
              38.682424
            ],
            [
              125.089642,
              38.673845
            ],
            [
              125.067672,
              38.665266
            ],
            [
              125.045703,
              38.656685
            ],
            [
              125.023734,
              38.648104
            ],
            [
              125.001765,
              38.630938
            ],
            [
              124.979796,
              38.622353
            ],
            [
              124.957826,
              38.613768
            ],
            [
              124.946842,
              38.596593
            ],
            [
              124.924872,
              38.588005
            ],
            [
              124.902903,
              38.570824
            ],
            [
              124.891919,
              38.553639
            ],
            [
              124.880934,
              38.527855
            ],
            [
              124.869949,
              38.51066
            ],
            [
              124.858965,
              38.493461
            ],
            [
              124.84798,
              38.467655
            ],
            [
              124.84798,
              38.441839
            ],
            [
              124.836996,
              38.416015
            ],
            [
              124.826011,
              38.398793
            ],
            [
              124.815026,
              38.372953
            ],
            [
              124.804042,
              38.329866
            ],
            [
              124.804042,
              38.304001
            ],
            [
              124.804042,
              38.278127
            ],
            [
              124.793057,
              38.260873
            ],
            [
              124.771088,
              38.252244
            ],
            [
              124.749119,
              38.243615
            ],
            [
              124.727149,
              38.234984
            ],
            [
              124.716165,
              38.217719
            ],
            [
              124.694196,
              38.209085
            ],
            [
              124.683211,
              38.191815
            ],
            [
              124.661242,
              38.183178
            ],
            [
              124.672226,
              38.165901
            ],
            [
              124.694196,
              38.14862
            ],
            [
              124.70518,
              38.131335
            ],
            [
              124.727149,
              38.12269
            ],
            [
              124.749119,
              38.114045
            ],
            [
              124.771088,
              38.105399
            ],
            [
              124.793057,
              38.096752
            ],
            [
              124.826011,
              38.096752
            ],
            [
              124.84798,
              38.088104
            ],
            [
              124.869949,
              38.070804
            ],
            [
              124.880934,
              38.053501
            ],
            [
              124.891919,
              38.036193
            ],
            [
              124.902903,
              38.018882
            ],
            [
              124.913888,
              38.001566
            ],
            [
              124.924872,
              37.975584
            ],
            [
              124.924872,
              37.949594
            ],
            [
              124.924872,
              37.923594
            ],
            [
              124.935857,
              37.906256
            ],
            [
              124.935857,
              37.880241
            ],
            [
              124.946842,
              37.862892
            ],
            [
              124.968811,
              37.854217
            ],
            [
              124.979796,
              37.836862
            ],
            [
              125.001765,
              37.819503
            ],
            [
              125.023734,
              37.810822
            ],
            [
              125.045703,
              37.80214
            ],
            [
              125.067672,
              37.793457
            ],
            [
              125.100626,
              37.793457
            ],
            [
              125.13358,
              37.793457
            ],
            [
              125.155549,
              37.784774
            ],
            [
              125.177519,
              37.767403
            ],
            [
              125.188503,
              37.750028
            ],
            [
              125.199488,
              37.732648
            ],
            [
              125.221457,
              37.715265
            ],
            [
              125.243426,
              37.706572
            ],
            [
              125.265395,
              37.697878
            ],
            [
              125.287365,
              37.689183
            ],
            [
              125.320318,
              37.689183
            ],
            [
              125.353272,
              37.689183
            ],
            [
              125.386226,
              37.689183
            ],
            [
              125.408195,
              37.697878
            ],
            [
              125.430165,
              37.706572
            ],
            [
              125.452134,
              37.715265
            ],
            [
              125.485088,
              37.723957
            ],
            [
              125.507057,
              37.732648
            ],
            [
              125.529026,
              37.741339
            ],
            [
              125.550995,
              37.750028
            ],
            [
              125.572964,
              37.758716
            ],
            [
              125.583949,
              37.776089
            ],
            [
              125.594934,
              37.793457
            ],
            [
              125.605918,
              37.810822
            ],
            [
              125.627888,
              37.819503
            ],
            [
              125.638872,
              37.836862
            ],
            [
              125.660841,
              37.854217
            ],
            [
              125.682811,
              37.862892
            ],
            [
              125.70478,
              37.871567
            ],
            [
              125.726749,
              37.880241
            ],
            [
              125.759703,
              37.871567
            ],
            [
              125.781672,
              37.862892
            ],
            [
              125.803641,
              37.854217
            ],
            [
              125.825611,
              37.84554
            ],
            [
              125.84758,
              37.828183
            ],
            [
              125.869549,
              37.819503
            ],
            [
              125.880534,
              37.793457
            ],
            [
              125.902503,
              37.776089
            ],
            [
              125.924472,
              37.767403
            ],
            [
              125.946441,
              37.758716
            ],
            [
              125.979395,
              37.758716
            ],
            [
              126.012349,
              37.750028
            ],
            [
              126.045303,
              37.750028
            ],
            [
              126.067272,
              37.741339
            ],
            [
              126.089241,
              37.732648
            ],
            [
              126.122195,
              37.732648
            ],
            [
              126.144164,
              37.723957
            ],
            [
              126.177118,
              37.723957
            ],
            [
              126.199087,
              37.715265
            ],
            [
              126.221057,
              37.706572
            ],
            [
              126.243026,
              37.697878
            ],
            [
              126.264995,
              37.689183
            ],
            [
              126.286964,
              37.680487
            ],
            [
              126.297949,
              37.663091
            ],
            [
              126.319918,
              37.654392
            ],
            [
              126.330903,
              37.63699
            ],
            [
              126.341887,
              37.619585
            ],
            [
              126.352872,
              37.602175
            ],
            [
              126.374841,
              37.593469
            ],
            [
              126.385826,
              37.576053
            ],
            [
              126.407795,
              37.558633
            ],
            [
              126.429764,
              37.549922
            ],
            [
              126.473703,
              37.541209
            ],
            [
              126.495672,
              37.532496
            ],
            [
              126.484687,
              37.515065
            ],
            [
              126.484687,
              37.488913
            ],
            [
              126.473703,
              37.471472
            ],
            [
              126.462718,
              37.454028
            ],
            [
              126.451733,
              37.43658
            ],
            [
              126.429764,
              37.427854
            ],
            [
              126.41878,
              37.4104
            ],
            [
              126.39681,
              37.401671
            ],
            [
              126.385826,
              37.38421
            ],
            [
              126.374841,
              37.358012
            ],
            [
              126.374841,
              37.331804
            ],
            [
              126.374841,
              37.305587
            ],
            [
              126.374841,
              37.279361
            ],
            [
              126.385826,
              37.261872
            ],
            [
              126.385826,
              37.235631
            ],
            [
              126.39681,
              37.218132
            ],
            [
              126.41878,
              37.209381
            ],
            [
              126.440749,
              37.200629
            ],
            [
              126.462718,
              37.191875
            ],
            [
              126.484687,
              37.183121
            ],
            [
              126.506656,
              37.174366
            ],
            [
              126.528626,
              37.16561
            ],
            [
              126.550595,
              37.156853
            ],
            [
              126.572564,
              37.139335
            ],
            [
              126.583549,
              37.121814
            ],
            [
              126.572564,
              37.104288
            ],
            [
              126.550595,
              37.095524
            ],
            [
              126.528626,
              37.077992
            ],
            [
              126.506656,
              37.069225
            ],
            [
              126.473703,
              37.069225
            ],
            [
              126.440749,
              37.060456
            ],
            [
              126.407795,
              37.060456
            ],
            [
              126.374841,
              37.060456
            ],
            [
              126.352872,
              37.051687
            ],
            [
              126.330903,
              37.042917
            ],
            [
              126.308933,
              37.034145
            ],
            [
              126.286964,
              37.016599
            ],
            [
              126.27598,
              36.999049
            ],
            [
              126.25401,
              36.990273
            ],
            [
              126.232041,
              36.981496
            ],
            [
              126.210072,
              36.972717
            ],
            [
              126.177118,
              36.972717
            ],
            [
              126.144164,
              36.972717
            ],
            [
              126.100226,
              36.972717
            ],
            [
              126.067272,
              36.972717
            ],
            [
              126.045303,
              36.963938
            ],
            [
              126.023334,
              36.955157
            ],
            [
              126.012349,
              36.937593
            ],
            [
              126.012349,
              36.911239
            ],
            [
              126.001364,
              36.876087
            ],
            [
              126.001364,
              36.849712
            ],
            [
              126.001364,
              36.823328
            ],
            [
              126.001364,
              36.796935
            ],
            [
              126.012349,
              36.770532
            ],
            [
              126.034318,
              36.752926
            ],
            [
              126.045303,
              36.735315
            ],
            [
              126.056287,
              36.717701
            ],
            [
              126.078257,
              36.700082
            ],
            [
              126.067272,
              36.673646
            ],
            [
              126.067272,
              36.647202
            ],
            [
              126.067272,
              36.620748
            ],
            [
              126.067272,
              36.594285
            ],
            [
              126.078257,
              36.576638
            ],
            [
              126.089241,
              36.558987
            ],
            [
              126.100226,
              36.541332
            ],
            [
              126.122195,
              36.523673
            ],
            [
              126.13318,
              36.50601
            ],
            [
              126.155149,
              36.488343
            ],
            [
              126.177118,
              36.479508
            ],
            [
              126.199087,
              36.470672
            ],
            [
              126.221057,
              36.461835
            ],
            [
              126.243026,
              36.452996
            ],
            [
              126.264995,
              36.444157
            ],
            [
              126.286964,
              36.435317
            ],
            [
              126.308933,
              36.417634
            ],
            [
              126.330903,
              36.408791
            ],
            [
              126.352872,
              36.399947
            ],
            [
              126.352872,
              36.373408
            ],
            [
              126.363856,
              36.355711
            ],
            [
              126.385826,
              36.346861
            ],
            [
              126.39681,
              36.329158
            ],
            [
              126.407795,
              36.31145
            ],
            [
              126.429764,
              36.293739
            ],
            [
              126.440749,
              36.276023
            ],
            [
              126.451733,
              36.258304
            ],
            [
              126.462718,
              36.24058
            ],
            [
              126.462718,
              36.213988
            ],
            [
              126.473703,
              36.196254
            ],
            [
              126.473703,
              36.169646
            ],
            [
              126.473703,
              36.14303
            ],
            [
              126.484687,
              36.12528
            ],
            [
              126.495672,
              36.107526
            ],
            [
              126.495672,
              36.080889
            ],
            [
              126.495672,
              36.054242
            ],
            [
              126.495672,
              36.027586
            ],
            [
              126.484687,
              36.000921
            ],
            [
              126.473703,
              35.983139
            ],
            [
              126.473703,
              35.956459
            ],
            [
              126.462718,
              35.92977
            ],
            [
              126.462718,
              35.903072
            ],
            [
              126.451733,
              35.876365
            ],
            [
              126.451733,
              35.849649
            ],
            [
              126.451733,
              35.822924
            ],
            [
              126.451733,
              35.79619
            ],
            [
              126.451733,
              35.769447
            ],
            [
              126.451733,
              35.742695
            ],
            [
              126.440749,
              35.724855
            ],
            [
              126.440749,
              35.698088
            ],
            [
              126.429764,
              35.680238
            ],
            [
              126.41878,
              35.662385
            ],
            [
              126.407795,
              35.644527
            ],
            [
              126.39681,
              35.617733
            ],
            [
              126.39681,
              35.581994
            ],
            [
              126.385826,
              35.564118
            ],
            [
              126.385826,
              35.537297
            ],
            [
              126.385826,
              35.510467
            ],
            [
              126.385826,
              35.483628
            ],
            [
              126.374841,
              35.465731
            ],
            [
              126.363856,
              35.438877
            ],
            [
              126.363856,
              35.412014
            ],
            [
              126.352872,
              35.385143
            ],
            [
              126.341887,
              35.367223
            ],
            [
              126.330903,
              35.3493
            ],
            [
              126.308933,
              35.340336
            ],
            [
              126.297949,
              35.322407
            ],
            [
              126.27598,
              35.304474
            ],
            [
              126.25401,
              35.295505
            ],
            [
              126.232041,
              35.286536
            ],
            [
              126.210072,
              35.277566
            ],
            [
              126.188103,
              35.259623
            ],
            [
              126.166133,
              35.241676
            ],
            [
              126.155149,
              35.223724
            ],
            [
              126.144164,
              35.205769
            ],
            [
              126.122195,
              35.18781
            ],
            [
              126.11121,
              35.169847
            ],
            [
              126.100226,
              35.142894
            ],
            [
              126.089241,
              35.124921
            ],
            [
              126.078257,
              35.106944
            ],
            [
              126.078257,
              35.079971
            ],
            [
              126.067272,
              35.061984
            ],
            [
              126.067272,
              35.034996
            ],
            [
              126.067272,
              35.008
            ],
            [
              126.067272,
              34.980994
            ],
            [
              126.067272,
              34.953979
            ],
            [
              126.067272,
              34.926956
            ],
            [
              126.067272,
              34.899923
            ],
            [
              126.078257,
              34.872882
            ],
            [
              126.089241,
              34.854849
            ],
            [
              126.100226,
              34.836813
            ],
            [
              126.100226,
              34.809751
            ],
            [
              126.100226,
              34.78268
            ],
            [
              126.089241,
              34.764628
            ],
            [
              126.067272,
              34.746571
            ],
            [
              126.056287,
              34.710447
            ],
            [
              126.045303,
              34.683344
            ],
            [
              126.045303,
              34.656231
            ],
            [
              126.045303,
              34.62911
            ],
            [
              126.034318,
              34.611024
            ],
            [
              126.034318,
              34.583888
            ],
            [
              126.034318,
              34.556743
            ],
            [
              126.034318,
              34.529589
            ],
            [
              126.045303,
              34.511482
            ],
            [
              126.045303,
              34.484313
            ],
            [
              126.056287,
              34.466196
            ],
            [
              126.089241,
              34.457136
            ],
            [
              126.122195,
              34.439013
            ],
            [
              126.144164,
              34.429949
            ],
            [
              126.166133,
              34.420885
            ],
            [
              126.188103,
              34.41182
            ],
            [
              126.210072,
              34.402754
            ],
            [
              126.243026,
              34.393687
            ],
            [
              126.27598,
              34.393687
            ],
            [
              126.297949,
              34.384619
            ],
            [
              126.330903,
              34.37555
            ],
            [
              126.352872,
              34.36648
            ],
            [
              126.385826,
              34.35741
            ],
            [
              126.407795,
              34.348338
            ],
            [
              126.440749,
              34.348338
            ],
            [
              126.462718,
              34.339265
            ],
            [
              126.495672,
              34.330191
            ],
            [
              126.561579,
              34.321116
            ],
            [
              126.583549,
              34.31204
            ],
            [
              126.616502,
              34.302963
            ],
            [
              126.649456,
              34.302963
            ],
            [
              126.671426,
              34.293886
            ],
            [
              126.715364,
              34.275727
            ],
            [
              126.770287,
              34.275727
            ],
            [
              126.792256,
              34.266646
            ],
            [
              126.82521,
              34.266646
            ],
            [
              126.869149,
              34.257565
            ],
            [
              126.913087,
              34.257565
            ],
            [
              126.935056,
              34.248482
            ],
            [
              126.96801,
              34.248482
            ],
            [
              126.989979,
              34.257565
            ],
            [
              127.011948,
              34.266646
            ],
            [
              127.033918,
              34.275727
            ],
            [
              127.066872,
              34.284807
            ],
            [
              127.099825,
              34.293886
            ],
            [
              127.121795,
              34.302963
            ],
            [
              127.143764,
              34.31204
            ],
            [
              127.176718,
              34.321116
            ],
            [
              127.198687,
              34.330191
            ],
            [
              127.231641,
              34.348338
            ],
            [
              127.264595,
              34.36648
            ],
            [
              127.286564,
              34.37555
            ],
            [
              127.308533,
              34.393687
            ],
            [
              127.330502,
              34.402754
            ],
            [
              127.352471,
              34.41182
            ],
            [
              127.374441,
              34.429949
            ],
            [
              127.407394,
              34.439013
            ],
            [
              127.429364,
              34.448075
            ],
            [
              127.440348,
              34.466196
            ],
            [
              127.462318,
              34.475255
            ],
            [
              127.484287,
              34.484313
            ],
            [
              127.517241,
              34.49337
            ],
            [
              127.561179,
              34.49337
            ],
            [
              127.583148,
              34.502427
            ],
            [
              127.616102,
              34.502427
            ],
            [
              127.649056,
              34.502427
            ],
            [
              127.692994,
              34.502427
            ],
            [
              127.725948,
              34.502427
            ],
            [
              127.758902,
              34.502427
            ],
            [
              127.791856,
              34.502427
            ],
            [
              127.82481,
              34.502427
            ],
            [
              127.846779,
              34.511482
            ],
            [
              127.868748,
              34.520536
            ],
            [
              127.890717,
              34.529589
            ],
            [
              127.912687,
              34.538641
            ],
            [
              127.934656,
              34.547693
            ],
            [
              127.956625,
              34.565792
            ],
            [
              127.978594,
              34.574841
            ],
            [
              128.000563,
              34.592934
            ],
            [
              128.022533,
              34.611024
            ],
            [
              128.044502,
              34.638151
            ],
            [
              128.055486,
              34.656231
            ],
            [
              128.066471,
              34.674307
            ],
            [
              128.077456,
              34.692379
            ],
            [
              128.08844,
              34.710447
            ],
            [
              128.099425,
              34.728511
            ],
            [
              128.11041,
              34.746571
            ],
            [
              128.132379,
              34.7556
            ],
            [
              128.154348,
              34.764628
            ],
            [
              128.176317,
              34.773654
            ],
            [
              128.220256,
              34.773654
            ],
            [
              128.253209,
              34.773654
            ],
            [
              128.286163,
              34.773654
            ],
            [
              128.330102,
              34.773654
            ],
            [
              128.363056,
              34.773654
            ],
            [
              128.396009,
              34.773654
            ],
            [
              128.428963,
              34.773654
            ],
            [
              128.472902,
              34.773654
            ],
            [
              128.505856,
              34.773654
            ],
            [
              128.538809,
              34.773654
            ],
            [
              128.571763,
              34.773654
            ],
            [
              128.593732,
              34.764628
            ],
            [
              128.615702,
              34.7556
            ],
            [
              128.648655,
              34.7556
            ],
            [
              128.681609,
              34.7556
            ],
            [
              128.703579,
              34.764628
            ],
            [
              128.725548,
              34.78268
            ],
            [
              128.736532,
              34.800728
            ],
            [
              128.758502,
              34.818773
            ],
            [
              128.769486,
              34.845832
            ],
            [
              128.780471,
              34.872882
            ],
            [
              128.791455,
              34.89091
            ],
            [
              128.791455,
              34.917946
            ],
            [
              128.813425,
              34.935965
            ],
            [
              128.824409,
              34.953979
            ],
            [
              128.846378,
              34.97199
            ],
            [
              128.857363,
              34.989997
            ],
            [
              128.879332,
              34.998999
            ],
            [
              128.901302,
              35.017
            ],
            [
              128.934255,
              35.025998
            ],
            [
              128.956225,
              35.034996
            ],
            [
              128.989178,
              35.052989
            ],
            [
              129.033117,
              35.061984
            ],
            [
              129.066071,
              35.061984
            ],
            [
              129.08804,
              35.070978
            ],
            [
              129.099025,
              35.088963
            ],
            [
              129.120994,
              35.106944
            ],
            [
              129.131978,
              35.124921
            ],
            [
              129.153948,
              35.133908
            ],
            [
              129.175917,
              35.15188
            ],
            [
              129.186901,
              35.169847
            ],
            [
              129.208871,
              35.178829
            ],
            [
              129.23084,
              35.19679
            ],
            [
              129.252809,
              35.214747
            ],
            [
              129.263794,
              35.2327
            ],
            [
              129.285763,
              35.241676
            ],
            [
              129.307732,
              35.259623
            ],
            [
              129.318717,
              35.277566
            ],
            [
              129.340686,
              35.295505
            ],
            [
              129.351671,
              35.313441
            ],
            [
              129.37364,
              35.331372
            ],
            [
              129.384624,
              35.3493
            ],
            [
              129.406594,
              35.367223
            ],
            [
              129.417578,
              35.385143
            ],
            [
              129.439547,
              35.403058
            ],
            [
              129.450532,
              35.420969
            ],
            [
              129.461517,
              35.447829
            ],
            [
              129.461517,
              35.47468
            ],
            [
              129.483486,
              35.501522
            ],
            [
              129.483486,
              35.528355
            ],
            [
              129.483486,
              35.555179
            ],
            [
              129.49447,
              35.573056
            ],
            [
              129.49447,
              35.599865
            ],
            [
              129.505455,
              35.617733
            ],
            [
              129.51644,
              35.644527
            ],
            [
              129.51644,
              35.671312
            ],
            [
              129.51644,
              35.698088
            ],
            [
              129.527424,
              35.715934
            ],
            [
              129.538409,
              35.742695
            ],
            [
              129.549394,
              35.769447
            ],
            [
              129.549394,
              35.79619
            ],
            [
              129.571363,
              35.831833
            ],
            [
              129.582347,
              35.849649
            ],
            [
              129.582347,
              35.876365
            ],
            [
              129.593332,
              35.894171
            ],
            [
              129.604317,
              35.911972
            ],
            [
              129.604317,
              35.938667
            ],
            [
              129.604317,
              35.965353
            ],
            [
              129.615301,
              35.983139
            ],
            [
              129.615301,
              36.00981
            ],
            [
              129.615301,
              36.036472
            ],
            [
              129.615301,
              36.063125
            ],
            [
              129.615301,
              36.089769
            ],
            [
              129.615301,
              36.116404
            ],
            [
              129.593332,
              36.12528
            ],
            [
              129.560378,
              36.12528
            ],
            [
              129.527424,
              36.12528
            ],
            [
              129.505455,
              36.134155
            ],
            [
              129.505455,
              36.160775
            ],
            [
              129.505455,
              36.187386
            ],
            [
              129.505455,
              36.213988
            ],
            [
              129.505455,
              36.24058
            ],
            [
              129.505455,
              36.267164
            ],
            [
              129.505455,
              36.293739
            ],
            [
              129.505455,
              36.320304
            ],
            [
              129.505455,
              36.346861
            ],
            [
              129.505455,
              36.373408
            ],
            [
              129.505455,
              36.399947
            ],
            [
              129.49447,
              36.426476
            ],
            [
              129.49447,
              36.452996
            ],
            [
              129.483486,
              36.470672
            ],
            [
              129.483486,
              36.497177
            ],
            [
              129.483486,
              36.523673
            ],
            [
              129.472501,
              36.55016
            ],
            [
              129.472501,
              36.576638
            ],
            [
              129.461517,
              36.594285
            ],
            [
              129.461517,
              36.620748
            ],
            [
              129.461517,
              36.647202
            ],
            [
              129.461517,
              36.673646
            ],
            [
              129.461517,
              36.700082
            ],
            [
              129.461517,
              36.726508
            ],
            [
              129.461517,
              36.752926
            ],
            [
              129.461517,
              36.779334
            ],
            [
              129.461517,
              36.805733
            ],
            [
              129.461517,
              36.832123
            ],
            [
              129.461517,
              36.858504
            ],
            [
              129.461517,
              36.893665
            ],
            [
              129.461517,
              36.920025
            ],
            [
              129.461517,
              36.946375
            ],
            [
              129.461517,
              36.972717
            ],
            [
              129.461517,
              36.999049
            ],
            [
              129.461517,
              37.025373
            ],
            [
              129.461517,
              37.051687
            ],
            [
              129.461517,
              37.077992
            ],
            [
              129.461517,
              37.104288
            ],
            [
              129.461517,
              37.130575
            ],
            [
              129.461517,
              37.156853
            ],
            [
              129.450532,
              37.174366
            ],
            [
              129.439547,
              37.200629
            ],
            [
              129.428563,
              37.218132
            ],
            [
              129.428563,
              37.244379
            ],
            [
              129.417578,
              37.270617
            ],
            [
              129.395609,
              37.296846
            ],
            [
              129.395609,
              37.323066
            ],
            [
              129.384624,
              37.340541
            ],
            [
              129.37364,
              37.358012
            ],
            [
              129.362655,
              37.375478
            ],
            [
              129.351671,
              37.392941
            ],
            [
              129.329701,
              37.401671
            ],
            [
              129.307732,
              37.427854
            ],
            [
              129.296748,
              37.445304
            ],
            [
              129.274778,
              37.462751
            ],
            [
              129.252809,
              37.480193
            ],
            [
              129.241824,
              37.497631
            ],
            [
              129.219855,
              37.506349
            ],
            [
              129.208871,
              37.523781
            ],
            [
              129.186901,
              37.541209
            ],
            [
              129.175917,
              37.558633
            ],
            [
              129.153948,
              37.567343
            ],
            [
              129.142963,
              37.593469
            ],
            [
              129.131978,
              37.61088
            ],
            [
              129.110009,
              37.628288
            ],
            [
              129.099025,
              37.654392
            ],
            [
              129.077055,
              37.680487
            ],
            [
              129.066071,
              37.697878
            ],
            [
              129.044101,
              37.715265
            ],
            [
              129.033117,
              37.732648
            ],
            [
              129.011148,
              37.758716
            ],
            [
              128.989178,
              37.784774
            ],
            [
              128.967209,
              37.80214
            ],
            [
              128.956225,
              37.828183
            ],
            [
              128.94524,
              37.84554
            ],
            [
              128.934255,
              37.862892
            ],
            [
              128.923271,
              37.880241
            ],
            [
              128.912286,
              37.897585
            ],
            [
              128.901302,
              37.914926
            ],
            [
              128.890317,
              37.932262
            ],
            [
              128.879332,
              37.949594
            ],
            [
              128.857363,
              37.966922
            ],
            [
              128.846378,
              37.992906
            ],
            [
              128.824409,
              38.001566
            ],
            [
              128.813425,
              38.018882
            ],
            [
              128.80244,
              38.036193
            ],
            [
              128.791455,
              38.053501
            ],
            [
              128.780471,
              38.070804
            ],
            [
              128.769486,
              38.088104
            ],
            [
              128.758502,
              38.105399
            ],
            [
              128.736532,
              38.12269
            ],
            [
              128.714563,
              38.14862
            ],
            [
              128.692594,
              38.17454
            ],
            [
              128.681609,
              38.20045
            ],
            [
              128.670625,
              38.217719
            ],
            [
              128.65964,
              38.234984
            ],
            [
              128.637671,
              38.252244
            ],
            [
              128.626686,
              38.269501
            ],
            [
              128.615702,
              38.286753
            ],
            [
              128.593732,
              38.312624
            ],
            [
              128.571763,
              38.329866
            ],
            [
              128.549794,
              38.355721
            ],
            [
              128.538809,
              38.381567
            ],
            [
              128.51684,
              38.398793
            ],
            [
              128.505856,
              38.416015
            ],
            [
              128.494871,
              38.433232
            ],
            [
              128.483886,
              38.450446
            ],
            [
              128.483886,
              38.450446
            ],
            [
              128.472902,
              38.459051
            ]
          ]
        ]
      }
    },
    {
      "type": "Feature",
      "properties": {
        "NAME": "Jurchen",
        "name": "Jurchen",
        "color": "#84cc16",
        "fill": "#84cc16",
        "fill-opacity": 0.5,
        "stroke": "#84cc16",
        "stroke-width": 2,
        "CODE": "9"
      },
      "geometry": {
        "type": "Polygon",
        "coordinates": [
          [
            [
              132.114752,
              44.091675
            ],
            [
              132.048847,
              44.075894
            ],
            [
              131.982943,
              44.060109
            ],
            [
              131.939006,
              44.028526
            ],
            [
              131.89507,
              44.012728
            ],
            [
              131.851134,
              43.981119
            ],
            [
              131.829166,
              43.949494
            ],
            [
              131.807197,
              43.917852
            ],
            [
              131.785229,
              43.886193
            ],
            [
              131.785229,
              43.838673
            ],
            [
              131.785229,
              43.791115
            ],
            [
              131.829166,
              43.775254
            ],
            [
              131.851134,
              43.743519
            ],
            [
              131.89507,
              43.727645
            ],
            [
              131.939006,
              43.695885
            ],
            [
              131.982943,
              43.679999
            ],
            [
              132.004911,
              43.632315
            ],
            [
              132.048847,
              43.600504
            ],
            [
              132.070815,
              43.552757
            ],
            [
              132.070815,
              43.504972
            ],
            [
              132.092784,
              43.473094
            ],
            [
              132.070815,
              43.441199
            ],
            [
              132.048847,
              43.393326
            ],
            [
              132.026879,
              43.361389
            ],
            [
              132.026879,
              43.313453
            ],
            [
              132.048847,
              43.281474
            ],
            [
              132.114752,
              43.249478
            ],
            [
              132.13672,
              43.217466
            ],
            [
              132.180656,
              43.185437
            ],
            [
              132.224593,
              43.153391
            ],
            [
              132.290497,
              43.121328
            ],
            [
              132.334433,
              43.089248
            ],
            [
              132.466242,
              43.041097
            ],
            [
              132.510179,
              43.025039
            ],
            [
              132.554115,
              43.008976
            ],
            [
              132.641988,
              42.960762
            ],
            [
              132.685924,
              42.944682
            ],
            [
              132.729861,
              42.928598
            ],
            [
              132.839701,
              42.91251
            ],
            [
              132.927574,
              42.896418
            ],
            [
              133.059383,
              42.896418
            ],
            [
              133.103319,
              42.880321
            ],
            [
              133.169224,
              42.86422
            ],
            [
              133.235128,
              42.86422
            ],
            [
              133.344969,
              42.86422
            ],
            [
              133.476778,
              42.848115
            ],
            [
              133.542683,
              42.86422
            ],
            [
              133.652524,
              42.896418
            ],
            [
              133.828269,
              42.960762
            ],
            [
              133.93811,
              42.992909
            ],
            [
              134.025983,
              43.025039
            ],
            [
              134.091887,
              43.073202
            ],
            [
              134.135824,
              43.10529
            ],
            [
              134.267633,
              43.153391
            ],
            [
              134.333537,
              43.185437
            ],
            [
              134.377473,
              43.217466
            ],
            [
              134.399442,
              43.249478
            ],
            [
              134.465346,
              43.297465
            ],
            [
              134.531251,
              43.345415
            ],
            [
              134.575187,
              43.37736
            ],
            [
              134.641091,
              43.425246
            ],
            [
              134.685028,
              43.457149
            ],
            [
              134.706996,
              43.489035
            ],
            [
              134.7729,
              43.552757
            ],
            [
              134.816837,
              43.600504
            ],
            [
              134.838805,
              43.632315
            ],
            [
              134.860773,
              43.679999
            ],
            [
              134.90471,
              43.711767
            ],
            [
              134.948646,
              43.743519
            ],
            [
              135.01455,
              43.806972
            ],
            [
              135.102423,
              43.854517
            ],
            [
              135.234232,
              43.949494
            ],
            [
              135.300137,
              43.996926
            ],
            [
              135.344073,
              44.028526
            ],
            [
              135.409977,
              44.060109
            ],
            [
              135.453914,
              44.075894
            ],
            [
              135.49785,
              44.091675
            ],
            [
              135.541786,
              44.123225
            ],
            [
              135.585723,
              44.154758
            ],
            [
              135.629659,
              44.186274
            ],
            [
              135.673596,
              44.217773
            ],
            [
              135.717532,
              44.249255
            ],
            [
              135.761468,
              44.26499
            ],
            [
              135.805405,
              44.296447
            ],
            [
              135.827373,
              44.327887
            ],
            [
              135.893277,
              44.35931
            ],
            [
              135.959182,
              44.390716
            ],
            [
              136.003118,
              44.422106
            ],
            [
              136.047054,
              44.469159
            ],
            [
              136.134927,
              44.516174
            ],
            [
              136.244768,
              44.578801
            ],
            [
              136.332641,
              44.625728
            ],
            [
              136.376577,
              44.672616
            ],
            [
              136.398545,
              44.703854
            ],
            [
              136.508386,
              44.766279
            ],
            [
              136.552322,
              44.797467
            ],
            [
              136.596259,
              44.875362
            ],
            [
              136.662163,
              44.937602
            ],
            [
              136.750036,
              44.999774
            ],
            [
              136.81594,
              45.06188
            ],
            [
              136.881845,
              45.139417
            ],
            [
              136.947749,
              45.216848
            ],
            [
              136.969718,
              45.278717
            ],
            [
              137.035622,
              45.340519
            ],
            [
              137.079558,
              45.402254
            ],
            [
              137.145463,
              45.49473
            ],
            [
              137.211368,
              45.540911
            ],
            [
              137.233336,
              45.587054
            ],
            [
              137.29924,
              45.648519
            ],
            [
              137.321208,
              45.679226
            ],
            [
              137.365145,
              45.725255
            ],
            [
              137.387113,
              45.755921
            ],
            [
              137.409081,
              45.786569
            ],
            [
              137.453017,
              45.847815
            ],
            [
              137.474986,
              45.893706
            ],
            [
              137.54089,
              45.924278
            ],
            [
              137.562858,
              45.954834
            ],
            [
              137.606795,
              46.015895
            ],
            [
              137.650731,
              46.061646
            ],
            [
              137.716635,
              46.122589
            ],
            [
              137.760572,
              46.153036
            ],
            [
              137.78254,
              46.198674
            ],
            [
              137.870413,
              46.259465
            ],
            [
              137.914349,
              46.320189
            ],
            [
              137.936317,
              46.350526
            ],
            [
              138.068126,
              46.441436
            ],
            [
              138.112063,
              46.501958
            ],
            [
              138.134031,
              46.547306
            ],
            [
              138.177967,
              46.60771
            ],
            [
              138.243872,
              46.668048
            ],
            [
              138.287808,
              46.743374
            ],
            [
              138.331744,
              46.773476
            ],
            [
              138.375681,
              46.818596
            ],
            [
              138.419617,
              46.878698
            ],
            [
              138.463553,
              46.92373
            ],
            [
              138.50749,
              46.968725
            ],
            [
              138.551426,
              47.013681
            ],
            [
              138.595362,
              47.073565
            ],
            [
              138.639299,
              47.118433
            ],
            [
              138.661267,
              47.148324
            ],
            [
              138.705203,
              47.208056
            ],
            [
              138.74914,
              47.252811
            ],
            [
              138.771108,
              47.297529
            ],
            [
              138.793076,
              47.327319
            ],
            [
              138.815044,
              47.357093
            ],
            [
              138.837012,
              47.38685
            ],
            [
              138.880949,
              47.431453
            ],
            [
              138.902917,
              47.461168
            ],
            [
              138.968821,
              47.520548
            ],
            [
              139.012758,
              47.550212
            ],
            [
              139.10063,
              47.609491
            ],
            [
              139.144567,
              47.653906
            ],
            [
              139.210471,
              47.713067
            ],
            [
              139.298344,
              47.772162
            ],
            [
              139.408185,
              47.860677
            ],
            [
              139.430153,
              47.890149
            ],
            [
              139.518026,
              47.949042
            ],
            [
              139.561962,
              48.007868
            ],
            [
              139.605898,
              48.051944
            ],
            [
              139.671803,
              48.125319
            ],
            [
              139.759675,
              48.19859
            ],
            [
              139.803612,
              48.257131
            ],
            [
              139.82558,
              48.286377
            ],
            [
              139.913453,
              48.374013
            ],
            [
              139.935421,
              48.417774
            ],
            [
              139.979357,
              48.476065
            ],
            [
              140.045262,
              48.534288
            ],
            [
              140.111166,
              48.606973
            ],
            [
              140.199039,
              48.679554
            ],
            [
              140.242975,
              48.737543
            ],
            [
              140.30888,
              48.809936
            ],
            [
              140.374784,
              48.867775
            ],
            [
              140.462657,
              48.954409
            ],
            [
              140.484625,
              48.983253
            ],
            [
              140.528561,
              49.040892
            ],
            [
              140.594466,
              49.112847
            ],
            [
              140.638402,
              49.155969
            ],
            [
              140.704307,
              49.27078
            ],
            [
              140.770211,
              49.371021
            ],
            [
              140.836116,
              49.485332
            ],
            [
              140.90202,
              49.585135
            ],
            [
              140.945957,
              49.670519
            ],
            [
              140.945957,
              49.784132
            ],
            [
              140.923989,
              49.840838
            ],
            [
              140.90202,
              49.897478
            ],
            [
              140.90202,
              49.939915
            ],
            [
              140.880052,
              49.968185
            ],
            [
              140.880052,
              50.038788
            ],
            [
              140.90202,
              50.067
            ],
            [
              140.90202,
              50.123375
            ],
            [
              140.923989,
              50.165612
            ],
            [
              140.923989,
              50.221871
            ],
            [
              140.923989,
              50.278063
            ],
            [
              140.923989,
              50.320164
            ],
            [
              140.923989,
              50.362227
            ],
            [
              140.90202,
              50.390249
            ],
            [
              140.880052,
              50.43225
            ],
            [
              140.880052,
              50.474215
            ],
            [
              140.858084,
              50.50217
            ],
            [
              140.836116,
              50.530109
            ],
            [
              140.836116,
              50.571986
            ],
            [
              140.814148,
              50.599884
            ],
            [
              140.792179,
              50.627765
            ],
            [
              140.770211,
              50.65563
            ],
            [
              140.748243,
              50.697395
            ],
            [
              140.748243,
              50.739124
            ],
            [
              140.770211,
              50.780815
            ],
            [
              140.770211,
              50.82247
            ],
            [
              140.770211,
              50.864087
            ],
            [
              140.792179,
              50.919519
            ],
            [
              140.792179,
              50.974885
            ],
            [
              140.814148,
              51.002543
            ],
            [
              140.814148,
              51.044
            ],
            [
              140.836116,
              51.085419
            ],
            [
              140.858084,
              51.126801
            ],
            [
              140.880052,
              51.18192
            ],
            [
              140.880052,
              51.236973
            ],
            [
              140.880052,
              51.291961
            ],
            [
              140.90202,
              51.360602
            ],
            [
              140.923989,
              51.442836
            ],
            [
              140.945957,
              51.483898
            ],
            [
              140.967925,
              51.552252
            ],
            [
              140.989893,
              51.606862
            ],
            [
              141.033829,
              51.647776
            ],
            [
              141.077766,
              51.70227
            ],
            [
              141.099734,
              51.743098
            ],
            [
              141.121702,
              51.783889
            ],
            [
              141.14367,
              51.824644
            ],
            [
              141.165638,
              51.851793
            ],
            [
              141.187607,
              51.878925
            ],
            [
              141.209575,
              51.919594
            ],
            [
              141.209575,
              51.960225
            ],
            [
              141.231543,
              52.00082
            ],
            [
              141.231543,
              52.041378
            ],
            [
              141.253511,
              52.068396
            ],
            [
              141.275479,
              52.095398
            ],
            [
              141.297447,
              52.122383
            ],
            [
              141.341384,
              52.149352
            ],
            [
              141.363352,
              52.203242
            ],
            [
              141.407288,
              52.230162
            ],
            [
              141.429256,
              52.283954
            ],
            [
              141.473193,
              52.33768
            ],
            [
              141.495161,
              52.364519
            ],
            [
              141.495161,
              52.418147
            ],
            [
              141.495161,
              52.471711
            ],
            [
              141.517129,
              52.498468
            ],
            [
              141.495161,
              52.56529
            ],
            [
              141.495161,
              52.605334
            ],
            [
              141.495161,
              52.645342
            ],
            [
              141.495161,
              52.698629
            ],
            [
              141.495161,
              52.738551
            ],
            [
              141.495161,
              52.791724
            ],
            [
              141.495161,
              52.831562
            ],
            [
              141.495161,
              52.884621
            ],
            [
              141.517129,
              52.924374
            ],
            [
              141.517129,
              52.964089
            ],
            [
              141.539097,
              53.003768
            ],
            [
              141.539097,
              53.043411
            ],
            [
              141.539097,
              53.083018
            ],
            [
              141.539097,
              53.122588
            ],
            [
              141.517129,
              53.148947
            ],
            [
              141.517129,
              53.188457
            ],
            [
              141.517129,
              53.22793
            ],
            [
              141.517129,
              53.267366
            ],
            [
              141.495161,
              53.293637
            ],
            [
              141.473193,
              53.319892
            ],
            [
              141.451225,
              53.34613
            ],
            [
              141.407288,
              53.372353
            ],
            [
              141.363352,
              53.385458
            ],
            [
              141.341384,
              53.411656
            ],
            [
              141.297447,
              53.424749
            ],
            [
              141.275479,
              53.450923
            ],
            [
              141.231543,
              53.477081
            ],
            [
              141.187607,
              53.490154
            ],
            [
              141.14367,
              53.516288
            ],
            [
              141.055798,
              53.516288
            ],
            [
              140.989893,
              53.516288
            ],
            [
              140.945957,
              53.529349
            ],
            [
              140.90202,
              53.542406
            ],
            [
              140.836116,
              53.542406
            ],
            [
              140.704307,
              53.555458
            ],
            [
              140.638402,
              53.542406
            ],
            [
              140.572498,
              53.516288
            ],
            [
              140.506593,
              53.490154
            ],
            [
              140.462657,
              53.464004
            ],
            [
              140.418721,
              53.450923
            ],
            [
              140.396752,
              53.424749
            ],
            [
              140.352816,
              53.411656
            ],
            [
              140.30888,
              53.385458
            ],
            [
              140.264943,
              53.359244
            ],
            [
              140.221007,
              53.34613
            ],
            [
              140.177071,
              53.319892
            ],
            [
              140.133134,
              53.306766
            ],
            [
              140.06723,
              53.306766
            ],
            [
              140.001325,
              53.306766
            ],
            [
              139.957389,
              53.293637
            ],
            [
              139.891484,
              53.254225
            ],
            [
              139.869516,
              53.22793
            ],
            [
              139.847548,
              53.188457
            ],
            [
              139.82558,
              53.148947
            ],
            [
              139.82558,
              53.096212
            ],
            [
              139.82558,
              53.056617
            ],
            [
              139.82558,
              53.016987
            ],
            [
              139.847548,
              52.990546
            ],
            [
              139.847548,
              52.950855
            ],
            [
              139.869516,
              52.924374
            ],
            [
              139.869516,
              52.884621
            ],
            [
              139.891484,
              52.8581
            ],
            [
              139.891484,
              52.818287
            ],
            [
              139.913453,
              52.791724
            ],
            [
              139.913453,
              52.751851
            ],
            [
              139.935421,
              52.71194
            ],
            [
              139.935421,
              52.671993
            ],
            [
              139.957389,
              52.63201
            ],
            [
              139.957389,
              52.59199
            ],
            [
              139.957389,
              52.551933
            ],
            [
              139.957389,
              52.51184
            ],
            [
              139.935421,
              52.485091
            ],
            [
              139.913453,
              52.444937
            ],
            [
              139.891484,
              52.404746
            ],
            [
              139.869516,
              52.364519
            ],
            [
              139.847548,
              52.33768
            ],
            [
              139.82558,
              52.310825
            ],
            [
              139.803612,
              52.283954
            ],
            [
              139.781644,
              52.257066
            ],
            [
              139.759675,
              52.230162
            ],
            [
              139.715739,
              52.203242
            ],
            [
              139.693771,
              52.176305
            ],
            [
              139.649835,
              52.162831
            ],
            [
              139.627866,
              52.13587
            ],
            [
              139.605898,
              52.108893
            ],
            [
              139.561962,
              52.081899
            ],
            [
              139.539994,
              52.054889
            ],
            [
              139.496057,
              52.027863
            ],
            [
              139.474089,
              52.00082
            ],
            [
              139.452121,
              51.973761
            ],
            [
              139.430153,
              51.946685
            ],
            [
              139.386216,
              51.933142
            ],
            [
              139.364248,
              51.892485
            ],
            [
              139.320312,
              51.878925
            ],
            [
              139.276376,
              51.851793
            ],
            [
              139.254407,
              51.824644
            ],
            [
              139.232439,
              51.797478
            ],
            [
              139.210471,
              51.770296
            ],
            [
              139.188503,
              51.743098
            ],
            [
              139.144567,
              51.715884
            ],
            [
              139.122598,
              51.675031
            ],
            [
              139.10063,
              51.647776
            ],
            [
              139.078662,
              51.606862
            ],
            [
              139.056694,
              51.565911
            ],
            [
              139.034726,
              51.53859
            ],
            [
              139.012758,
              51.497577
            ],
            [
              138.990789,
              51.470215
            ],
            [
              138.968821,
              51.442836
            ],
            [
              138.946853,
              51.415441
            ],
            [
              138.924885,
              51.38803
            ],
            [
              138.902917,
              51.346882
            ],
            [
              138.85898,
              51.291961
            ],
            [
              138.837012,
              51.264475
            ],
            [
              138.815044,
              51.223216
            ],
            [
              138.793076,
              51.18192
            ],
            [
              138.74914,
              51.154369
            ],
            [
              138.727171,
              51.113011
            ],
            [
              138.705203,
              51.085419
            ],
            [
              138.661267,
              51.05781
            ],
            [
              138.639299,
              51.030185
            ],
            [
              138.573394,
              50.988716
            ],
            [
              138.551426,
              50.96105
            ],
            [
              138.485521,
              50.933367
            ],
            [
              138.419617,
              50.891811
            ],
            [
              138.375681,
              50.864087
            ],
            [
              138.221903,
              50.794704
            ],
            [
              138.112063,
              50.725219
            ],
            [
              138.02419,
              50.683478
            ],
            [
              137.980254,
              50.65563
            ],
            [
              137.958285,
              50.627765
            ],
            [
              137.914349,
              50.599884
            ],
            [
              137.892381,
              50.558031
            ],
            [
              137.848444,
              50.516142
            ],
            [
              137.804508,
              50.474215
            ],
            [
              137.78254,
              50.446243
            ],
            [
              137.760572,
              50.404254
            ],
            [
              137.738604,
              50.37624
            ],
            [
              137.694667,
              50.334189
            ],
            [
              137.672699,
              50.292101
            ],
            [
              137.650731,
              50.264021
            ],
            [
              137.628763,
              50.19375
            ],
            [
              137.584826,
              50.151537
            ],
            [
              137.562858,
              50.0811
            ],
            [
              137.518922,
              50.038788
            ],
            [
              137.496954,
              50.010559
            ],
            [
              137.496954,
              49.968185
            ],
            [
              137.474986,
              49.939915
            ],
            [
              137.453017,
              49.911628
            ],
            [
              137.431049,
              49.883325
            ],
            [
              137.29924,
              49.855005
            ],
            [
              137.255304,
              49.840838
            ],
            [
              137.189399,
              49.855005
            ],
            [
              137.123495,
              49.855005
            ],
            [
              137.079558,
              49.869167
            ],
            [
              137.013654,
              49.883325
            ],
            [
              136.925781,
              49.897478
            ],
            [
              136.772004,
              49.911628
            ],
            [
              136.684131,
              49.911628
            ],
            [
              136.508386,
              49.925774
            ],
            [
              136.398545,
              49.925774
            ],
            [
              136.332641,
              49.939915
            ],
            [
              136.178863,
              49.954052
            ],
            [
              136.112959,
              49.968185
            ],
            [
              136.025086,
              49.968185
            ],
            [
              135.98115,
              49.982314
            ],
            [
              135.915245,
              49.996439
            ],
            [
              135.761468,
              49.996439
            ],
            [
              135.651627,
              49.996439
            ],
            [
              135.585723,
              49.996439
            ],
            [
              135.475882,
              49.996439
            ],
            [
              135.409977,
              49.982314
            ],
            [
              135.366041,
              49.968185
            ],
            [
              135.300137,
              49.954052
            ],
            [
              135.2562,
              49.939915
            ],
            [
              135.212264,
              49.925774
            ],
            [
              135.124391,
              49.897478
            ],
            [
              135.080455,
              49.869167
            ],
            [
              135.036519,
              49.855005
            ],
            [
              134.992582,
              49.840838
            ],
            [
              134.948646,
              49.812493
            ],
            [
              134.90471,
              49.784132
            ],
            [
              134.860773,
              49.769945
            ],
            [
              134.7729,
              49.713155
            ],
            [
              134.728964,
              49.670519
            ],
            [
              134.706996,
              49.642075
            ],
            [
              134.66306,
              49.613613
            ],
            [
              134.641091,
              49.585135
            ],
            [
              134.619123,
              49.556641
            ],
            [
              134.597155,
              49.52813
            ],
            [
              134.553219,
              49.499602
            ],
            [
              134.531251,
              49.471057
            ],
            [
              134.509282,
              49.442496
            ],
            [
              134.465346,
              49.413919
            ],
            [
              134.42141,
              49.385324
            ],
            [
              134.399442,
              49.356713
            ],
            [
              134.377473,
              49.328085
            ],
            [
              134.355505,
              49.299441
            ],
            [
              134.333537,
              49.27078
            ],
            [
              134.311569,
              49.242102
            ],
            [
              134.289601,
              49.213408
            ],
            [
              134.245664,
              49.184697
            ],
            [
              134.223696,
              49.155969
            ],
            [
              134.201728,
              49.112847
            ],
            [
              134.17976,
              49.084077
            ],
            [
              134.157792,
              49.040892
            ],
            [
              134.135824,
              48.983253
            ],
            [
              134.135824,
              48.93998
            ],
            [
              134.113855,
              48.867775
            ],
            [
              134.113855,
              48.795466
            ],
            [
              134.113855,
              48.75203
            ],
            [
              134.113855,
              48.708557
            ],
            [
              134.113855,
              48.665046
            ],
            [
              134.113855,
              48.621498
            ],
            [
              134.135824,
              48.577912
            ],
            [
              134.135824,
              48.519739
            ],
            [
              134.157792,
              48.490627
            ],
            [
              134.157792,
              48.446928
            ],
            [
              134.157792,
              48.388604
            ],
            [
              134.17976,
              48.330214
            ],
            [
              134.201728,
              48.271756
            ],
            [
              134.201728,
              48.213231
            ],
            [
              134.223696,
              48.139982
            ],
            [
              134.223696,
              48.095981
            ],
            [
              134.245664,
              48.066627
            ],
            [
              134.245664,
              48.022564
            ],
            [
              134.267633,
              47.978463
            ],
            [
              134.267633,
              47.934325
            ],
            [
              134.267633,
              47.890149
            ],
            [
              134.267633,
              47.845935
            ],
            [
              134.245664,
              47.772162
            ],
            [
              134.245664,
              47.713067
            ],
            [
              134.223696,
              47.668703
            ],
            [
              134.223696,
              47.6243
            ],
            [
              134.201728,
              47.57986
            ],
            [
              134.201728,
              47.535382
            ],
            [
              134.17976,
              47.505709
            ],
            [
              134.17976,
              47.446313
            ],
            [
              134.157792,
              47.41659
            ],
            [
              134.157792,
              47.371973
            ],
            [
              134.135824,
              47.342208
            ],
            [
              134.135824,
              47.297529
            ],
            [
              134.113855,
              47.267721
            ],
            [
              134.091887,
              47.237897
            ],
            [
              134.069919,
              47.19313
            ],
            [
              134.047951,
              47.148324
            ],
            [
              134.025983,
              47.103481
            ],
            [
              134.004014,
              47.073565
            ],
            [
              133.982046,
              47.043631
            ],
            [
              133.960078,
              46.9987
            ],
            [
              133.93811,
              46.968725
            ],
            [
              133.916142,
              46.938733
            ],
            [
              133.872205,
              46.908724
            ],
            [
              133.850237,
              46.863679
            ],
            [
              133.828269,
              46.833628
            ],
            [
              133.806301,
              46.80356
            ],
            [
              133.784333,
              46.773476
            ],
            [
              133.762365,
              46.743374
            ],
            [
              133.740396,
              46.713256
            ],
            [
              133.718428,
              46.683121
            ],
            [
              133.69646,
              46.637887
            ],
            [
              133.674492,
              46.60771
            ],
            [
              133.652524,
              46.577516
            ],
            [
              133.630556,
              46.547306
            ],
            [
              133.608587,
              46.501958
            ],
            [
              133.586619,
              46.456573
            ],
            [
              133.564651,
              46.426295
            ],
            [
              133.542683,
              46.396
            ],
            [
              133.520715,
              46.365688
            ],
            [
              133.498747,
              46.33536
            ],
            [
              133.476778,
              46.305015
            ],
            [
              133.45481,
              46.259465
            ],
            [
              133.45481,
              46.213878
            ],
            [
              133.432842,
              46.183465
            ],
            [
              133.410874,
              46.122589
            ],
            [
              133.410874,
              46.076888
            ],
            [
              133.388906,
              46.03115
            ],
            [
              133.388906,
              45.985373
            ],
            [
              133.366938,
              45.924278
            ],
            [
              133.366938,
              45.878413
            ],
            [
              133.344969,
              45.847815
            ],
            [
              133.344969,
              45.801887
            ],
            [
              133.323001,
              45.771247
            ],
            [
              133.301033,
              45.725255
            ],
            [
              133.279065,
              45.679226
            ],
            [
              133.257097,
              45.633159
            ],
            [
              133.257097,
              45.587054
            ],
            [
              133.235128,
              45.540911
            ],
            [
              133.235128,
              45.49473
            ],
            [
              133.21316,
              45.448511
            ],
            [
              133.21316,
              45.402254
            ],
            [
              133.21316,
              45.355959
            ],
            [
              133.191192,
              45.309627
            ],
            [
              133.191192,
              45.263256
            ],
            [
              133.191192,
              45.216848
            ],
            [
              133.169224,
              45.185888
            ],
            [
              133.147256,
              45.154911
            ],
            [
              133.125288,
              45.123918
            ],
            [
              133.103319,
              45.092907
            ],
            [
              133.081351,
              45.06188
            ],
            [
              133.059383,
              45.030835
            ],
            [
              133.037415,
              44.999774
            ],
            [
              133.015447,
              44.953151
            ],
            [
              132.993479,
              44.922048
            ],
            [
              132.97151,
              44.890928
            ],
            [
              132.949542,
              44.859791
            ],
            [
              132.927574,
              44.828637
            ],
            [
              132.905606,
              44.797467
            ],
            [
              132.86167,
              44.766279
            ],
            [
              132.839701,
              44.719467
            ],
            [
              132.817733,
              44.688237
            ],
            [
              132.795765,
              44.656991
            ],
            [
              132.773797,
              44.625728
            ],
            [
              132.751829,
              44.578801
            ],
            [
              132.729861,
              44.547496
            ],
            [
              132.707892,
              44.516174
            ],
            [
              132.685924,
              44.469159
            ],
            [
              132.663956,
              44.437794
            ],
            [
              132.641988,
              44.406413
            ],
            [
              132.62002,
              44.375015
            ],
            [
              132.598052,
              44.327887
            ],
            [
              132.554115,
              44.296447
            ],
            [
              132.488211,
              44.26499
            ],
            [
              132.422306,
              44.233516
            ],
            [
              132.37837,
              44.202025
            ],
            [
              132.312465,
              44.154758
            ],
            [
              132.268529,
              44.170518
            ],
            [
              132.202624,
              44.138993
            ],
            [
              132.158688,
              44.107452
            ],
            [
              132.113352,
              44.090544
            ],
            [
              132.114752,
              44.091675
            ]
          ]
        ]
      }
    }
  ]
}