{
  "type": "FeatureCollection",
  "features": [
    {
      "type": "Feature",
      "properties": {
        "NAME": "Goryeo",
        "name": "Goryeo",
        "color": "#ef4444",
        "fill": "#ef4444",
        "fill-opacity": 0.5,
        "stroke": "#ef4444",
        "stroke-width": 2,
        "originalType": "polygon"
      },
      "geometry": {
        "type": "Polygon",
        "coordinates": [
          [
            [
              126.099205,
              36.849008
            ],
            [
              126.088221,
              36.831419
            ],
            [
              126.088221,
              36.805029
            ],
            [
              126.077236,
              36.78743
            ],
            [
              126.077236,
              36.761024
            ],
            [
              126.077236,
              36.73461
            ],
            [
              126.077236,
              36.708186
            ],
            [
              126.088221,
              36.681753
            ],
            [
              126.099205,
              36.664126
            ],
            [
              126.121175,
              36.655311
            ],
            [
              126.143144,
              36.637678
            ],
            [
              126.154129,
              36.620041
            ],
            [
              126.176098,
              36.611221
            ],
            [
              126.198067,
              36.6024
            ],
            [
              126.220036,
              36.593578
            ],
            [
              126.231021,
              36.575931
            ],
            [
              126.242005,
              36.55828
            ],
            [
              126.25299,
              36.540625
            ],
            [
              126.263975,
              36.522966
            ],
            [
              126.274959,
              36.505302
            ],
            [
              126.285944,
              36.487635
            ],
            [
              126.296928,
              36.469964
            ],
            [
              126.307913,
              36.443449
            ],
            [
              126.329882,
              36.425768
            ],
            [
              126.340867,
              36.408083
            ],
            [
              126.351852,
              36.390393
            ],
            [
              126.362836,
              36.363852
            ],
            [
              126.373821,
              36.346152
            ],
            [
              126.384805,
              36.328449
            ],
            [
              126.406775,
              36.310741
            ],
            [
              126.417759,
              36.293029
            ],
            [
              126.439728,
              36.284172
            ],
            [
              126.450713,
              36.257594
            ],
            [
              126.461698,
              36.231007
            ],
            [
              126.472682,
              36.204411
            ],
            [
              126.483667,
              36.186676
            ],
            [
              126.494651,
              36.168936
            ],
            [
              126.505636,
              36.151192
            ],
            [
              126.505636,
              36.124569
            ],
            [
              126.505636,
              36.097937
            ],
            [
              126.505636,
              36.071296
            ],
            [
              126.483667,
              36.062414
            ],
            [
              126.472682,
              36.044646
            ],
            [
              126.461698,
              36.026874
            ],
            [
              126.450713,
              36.009098
            ],
            [
              126.439728,
              35.991318
            ],
            [
              126.439728,
              35.964641
            ],
            [
              126.439728,
              35.937955
            ],
            [
              126.439728,
              35.91126
            ],
            [
              126.439728,
              35.884555
            ],
            [
              126.439728,
              35.857842
            ],
            [
              126.439728,
              35.82221
            ],
            [
              126.439728,
              35.795476
            ],
            [
              126.428744,
              35.777648
            ],
            [
              126.428744,
              35.750899
            ],
            [
              126.428744,
              35.724141
            ],
            [
              126.439728,
              35.706297
            ],
            [
              126.439728,
              35.679523
            ],
            [
              126.439728,
              35.652741
            ],
            [
              126.417759,
              35.634881
            ],
            [
              126.406775,
              35.617017
            ],
            [
              126.39579,
              35.59915
            ],
            [
              126.384805,
              35.57234
            ],
            [
              126.384805,
              35.545522
            ],
            [
              126.384805,
              35.518695
            ],
            [
              126.39579,
              35.500805
            ],
            [
              126.39579,
              35.473963
            ],
            [
              126.39579,
              35.447112
            ],
            [
              126.39579,
              35.420252
            ],
            [
              126.384805,
              35.393383
            ],
            [
              126.351852,
              35.393383
            ],
            [
              126.329882,
              35.375466
            ],
            [
              126.307913,
              35.366505
            ],
            [
              126.285944,
              35.348582
            ],
            [
              126.263975,
              35.330654
            ],
            [
              126.263975,
              35.303755
            ],
            [
              126.25299,
              35.285818
            ],
            [
              126.25299,
              35.258904
            ],
            [
              126.242005,
              35.231982
            ],
            [
              126.242005,
              35.20505
            ],
            [
              126.231021,
              35.187091
            ],
            [
              126.220036,
              35.169127
            ],
            [
              126.209052,
              35.15116
            ],
            [
              126.187082,
              35.142175
            ],
            [
              126.165113,
              35.133189
            ],
            [
              126.154129,
              35.115213
            ],
            [
              126.132159,
              35.106224
            ],
            [
              126.099205,
              35.088243
            ],
            [
              126.077236,
              35.070258
            ],
            [
              126.055267,
              35.052269
            ],
            [
              126.044282,
              35.034276
            ],
            [
              126.022313,
              35.016279
            ],
            [
              126.011329,
              34.989276
            ],
            [
              126.011329,
              34.962264
            ],
            [
              126.000344,
              34.944251
            ],
            [
              126.000344,
              34.908213
            ],
            [
              126.000344,
              34.881175
            ],
            [
              126.000344,
              34.854127
            ],
            [
              126.000344,
              34.827071
            ],
            [
              126.000344,
              34.800006
            ],
            [
              126.000344,
              34.772931
            ],
            [
              126.000344,
              34.745848
            ],
            [
              126.011329,
              34.727788
            ],
            [
              126.022313,
              34.70069
            ],
            [
              126.022313,
              34.673583
            ],
            [
              126.033298,
              34.655507
            ],
            [
              126.033298,
              34.628386
            ],
            [
              126.033298,
              34.601255
            ],
            [
              126.033298,
              34.574116
            ],
            [
              126.033298,
              34.546968
            ],
            [
              126.033298,
              34.519811
            ],
            [
              126.033298,
              34.492645
            ],
            [
              126.044282,
              34.46547
            ],
            [
              126.044282,
              34.438287
            ],
            [
              126.044282,
              34.411094
            ],
            [
              126.044282,
              34.383893
            ],
            [
              126.055267,
              34.365754
            ],
            [
              126.066252,
              34.347611
            ],
            [
              126.088221,
              34.338538
            ],
            [
              126.11019,
              34.329464
            ],
            [
              126.154129,
              34.329464
            ],
            [
              126.176098,
              34.320389
            ],
            [
              126.209052,
              34.320389
            ],
            [
              126.231021,
              34.329464
            ],
            [
              126.263975,
              34.329464
            ],
            [
              126.307913,
              34.347611
            ],
            [
              126.340867,
              34.347611
            ],
            [
              126.373821,
              34.338538
            ],
            [
              126.417759,
              34.329464
            ],
            [
              126.439728,
              34.320389
            ],
            [
              126.461698,
              34.311313
            ],
            [
              126.483667,
              34.302236
            ],
            [
              126.505636,
              34.28408
            ],
            [
              126.527605,
              34.275
            ],
            [
              126.560559,
              34.275
            ],
            [
              126.582528,
              34.265919
            ],
            [
              126.615482,
              34.265919
            ],
            [
              126.648436,
              34.265919
            ],
            [
              126.692374,
              34.265919
            ],
            [
              126.714344,
              34.275
            ],
            [
              126.736313,
              34.28408
            ],
            [
              126.758282,
              34.293158
            ],
            [
              126.780251,
              34.302236
            ],
            [
              126.802221,
              34.311313
            ],
            [
              126.835174,
              34.311313
            ],
            [
              126.857144,
              34.320389
            ],
            [
              126.890097,
              34.320389
            ],
            [
              126.912067,
              34.329464
            ],
            [
              126.934036,
              34.338538
            ],
            [
              126.956005,
              34.347611
            ],
            [
              126.96699,
              34.365754
            ],
            [
              126.977974,
              34.383893
            ],
            [
              126.999944,
              34.392961
            ],
            [
              127.010928,
              34.411094
            ],
            [
              127.032897,
              34.420159
            ],
            [
              127.054867,
              34.429224
            ],
            [
              127.065851,
              34.447349
            ],
            [
              127.08782,
              34.45641
            ],
            [
              127.098805,
              34.47453
            ],
            [
              127.120774,
              34.492645
            ],
            [
              127.120774,
              34.519811
            ],
            [
              127.153728,
              34.519811
            ],
            [
              127.197667,
              34.519811
            ],
            [
              127.23062,
              34.519811
            ],
            [
              127.263574,
              34.519811
            ],
            [
              127.296528,
              34.519811
            ],
            [
              127.329482,
              34.519811
            ],
            [
              127.362436,
              34.528864
            ],
            [
              127.384405,
              34.537916
            ],
            [
              127.406374,
              34.546968
            ],
            [
              127.417359,
              34.565068
            ],
            [
              127.439328,
              34.574116
            ],
            [
              127.450313,
              34.59221
            ],
            [
              127.472282,
              34.601255
            ],
            [
              127.494251,
              34.6103
            ],
            [
              127.527205,
              34.6103
            ],
            [
              127.571143,
              34.6103
            ],
            [
              127.604097,
              34.6103
            ],
            [
              127.637051,
              34.601255
            ],
            [
              127.670005,
              34.601255
            ],
            [
              127.702959,
              34.601255
            ],
            [
              127.735912,
              34.601255
            ],
            [
              127.746897,
              34.619343
            ],
            [
              127.768866,
              34.628386
            ],
            [
              127.790836,
              34.637427
            ],
            [
              127.80182,
              34.655507
            ],
            [
              127.812805,
              34.673583
            ],
            [
              127.823789,
              34.691655
            ],
            [
              127.834774,
              34.709724
            ],
            [
              127.856743,
              34.727788
            ],
            [
              127.878712,
              34.745848
            ],
            [
              127.911666,
              34.745848
            ],
            [
              127.933635,
              34.754877
            ],
            [
              127.955605,
              34.763905
            ],
            [
              127.977574,
              34.772931
            ],
            [
              127.999543,
              34.781957
            ],
            [
              128.021512,
              34.790982
            ],
            [
              128.043482,
              34.809028
            ],
            [
              128.054466,
              34.827071
            ],
            [
              128.076435,
              34.836091
            ],
            [
              128.08742,
              34.854127
            ],
            [
              128.098405,
              34.87216
            ],
            [
              128.109389,
              34.890189
            ],
            [
              128.131358,
              34.899201
            ],
            [
              128.153328,
              34.908213
            ],
            [
              128.175297,
              34.917224
            ],
            [
              128.197266,
              34.926234
            ],
            [
              128.219235,
              34.935243
            ],
            [
              128.252189,
              34.935243
            ],
            [
              128.285143,
              34.935243
            ],
            [
              128.307112,
              34.926234
            ],
            [
              128.329081,
              34.908213
            ],
            [
              128.362035,
              34.899201
            ],
            [
              128.384004,
              34.890189
            ],
            [
              128.405974,
              34.87216
            ],
            [
              128.427943,
              34.863144
            ],
            [
              128.449912,
              34.854127
            ],
            [
              128.482866,
              34.854127
            ],
            [
              128.504835,
              34.845109
            ],
            [
              128.537789,
              34.845109
            ],
            [
              128.570743,
              34.845109
            ],
            [
              128.603697,
              34.845109
            ],
            [
              128.625666,
              34.854127
            ],
            [
              128.65862,
              34.863144
            ],
            [
              128.680589,
              34.87216
            ],
            [
              128.702558,
              34.890189
            ],
            [
              128.713543,
              34.908213
            ],
            [
              128.746497,
              34.926234
            ],
            [
              128.757481,
              34.944251
            ],
            [
              128.768466,
              34.962264
            ],
            [
              128.77945,
              34.980273
            ],
            [
              128.790435,
              34.998278
            ],
            [
              128.812404,
              35.016279
            ],
            [
              128.823389,
              35.034276
            ],
            [
              128.845358,
              35.043273
            ],
            [
              128.867327,
              35.052269
            ],
            [
              128.889297,
              35.061264
            ],
            [
              128.911266,
              35.070258
            ],
            [
              128.94422,
              35.079251
            ],
            [
              128.977173,
              35.079251
            ],
            [
              128.999143,
              35.088243
            ],
            [
              129.021112,
              35.097234
            ],
            [
              129.043081,
              35.106224
            ],
            [
              129.06505,
              35.115213
            ],
            [
              129.076035,
              35.133189
            ],
            [
              129.08702,
              35.15116
            ],
            [
              129.08702,
              35.178109
            ],
            [
              129.098004,
              35.196071
            ],
            [
              129.119973,
              35.214028
            ],
            [
              129.141943,
              35.231982
            ],
            [
              129.163912,
              35.240957
            ],
            [
              129.196866,
              35.240957
            ],
            [
              129.22982,
              35.249931
            ],
            [
              129.262773,
              35.249931
            ],
            [
              129.295727,
              35.249931
            ],
            [
              129.317696,
              35.258904
            ],
            [
              129.339666,
              35.267876
            ],
            [
              129.361635,
              35.276848
            ],
            [
              129.372619,
              35.294787
            ],
            [
              129.383604,
              35.312723
            ],
            [
              129.394589,
              35.330654
            ],
            [
              129.405573,
              35.348582
            ],
            [
              129.416558,
              35.375466
            ],
            [
              129.427543,
              35.402341
            ],
            [
              129.460496,
              35.420252
            ],
            [
              129.482466,
              35.429207
            ],
            [
              129.49345,
              35.447112
            ],
            [
              129.504435,
              35.465014
            ],
            [
              129.526404,
              35.482912
            ],
            [
              129.537389,
              35.509751
            ],
            [
              129.548373,
              35.527639
            ],
            [
              129.548373,
              35.554463
            ],
            [
              129.548373,
              35.590214
            ],
            [
              129.548373,
              35.62595
            ],
            [
              129.548373,
              35.652741
            ],
            [
              129.548373,
              35.679523
            ],
            [
              129.537389,
              35.697373
            ],
            [
              129.537389,
              35.724141
            ],
            [
              129.537389,
              35.750899
            ],
            [
              129.537389,
              35.777648
            ],
            [
              129.537389,
              35.804388
            ],
            [
              129.537389,
              35.83112
            ],
            [
              129.537389,
              35.857842
            ],
            [
              129.537389,
              35.884555
            ],
            [
              129.548373,
              35.902359
            ],
            [
              129.559358,
              35.929057
            ],
            [
              129.559358,
              35.955747
            ],
            [
              129.559358,
              35.982427
            ],
            [
              129.559358,
              36.009098
            ],
            [
              129.559358,
              36.03576
            ],
            [
              129.559358,
              36.062414
            ],
            [
              129.548373,
              36.089058
            ],
            [
              129.515419,
              36.089058
            ],
            [
              129.482466,
              36.089058
            ],
            [
              129.482466,
              36.106815
            ],
            [
              129.482466,
              36.133445
            ],
            [
              129.482466,
              36.160065
            ],
            [
              129.482466,
              36.186676
            ],
            [
              129.482466,
              36.213278
            ],
            [
              129.482466,
              36.239871
            ],
            [
              129.471481,
              36.257594
            ],
            [
              129.460496,
              36.275314
            ],
            [
              129.460496,
              36.301886
            ],
            [
              129.460496,
              36.328449
            ],
            [
              129.460496,
              36.355002
            ],
            [
              129.460496,
              36.381547
            ],
            [
              129.449512,
              36.399238
            ],
            [
              129.449512,
              36.425768
            ],
            [
              129.438527,
              36.452289
            ],
            [
              129.438527,
              36.4788
            ],
            [
              129.438527,
              36.505302
            ],
            [
              129.438527,
              36.531796
            ],
            [
              129.438527,
              36.55828
            ],
            [
              129.438527,
              36.584755
            ],
            [
              129.438527,
              36.611221
            ],
            [
              129.449512,
              36.62886
            ],
            [
              129.449512,
              36.655311
            ],
            [
              129.460496,
              36.67294
            ],
            [
              129.460496,
              36.699376
            ],
            [
              129.460496,
              36.725803
            ],
            [
              129.471481,
              36.752221
            ],
            [
              129.471481,
              36.778629
            ],
            [
              129.471481,
              36.805029
            ],
            [
              129.471481,
              36.831419
            ],
            [
              129.471481,
              36.8578
            ],
            [
              129.482466,
              36.875383
            ],
            [
              129.471481,
              36.892961
            ],
            [
              129.471481,
              36.919321
            ],
            [
              129.471481,
              36.945672
            ],
            [
              129.471481,
              36.980792
            ],
            [
              129.460496,
              37.007122
            ],
            [
              129.449512,
              37.042214
            ],
            [
              129.449512,
              37.068523
            ],
            [
              129.438527,
              37.086056
            ],
            [
              129.427543,
              37.11235
            ],
            [
              129.427543,
              37.138634
            ],
            [
              129.416558,
              37.156151
            ],
            [
              129.405573,
              37.173665
            ],
            [
              129.394589,
              37.191174
            ],
            [
              129.394589,
              37.217431
            ],
            [
              129.383604,
              37.23493
            ],
            [
              129.372619,
              37.252426
            ],
            [
              129.361635,
              37.269917
            ],
            [
              129.35065,
              37.287404
            ],
            [
              129.339666,
              37.304887
            ],
            [
              129.339666,
              37.331104
            ],
            [
              129.328681,
              37.348577
            ],
            [
              129.317696,
              37.366046
            ],
            [
              129.306712,
              37.383511
            ],
            [
              129.295727,
              37.400972
            ],
            [
              129.284743,
              37.418428
            ],
            [
              129.273758,
              37.462052
            ],
            [
              129.262773,
              37.479495
            ],
            [
              129.251789,
              37.496933
            ],
            [
              129.240804,
              37.514367
            ],
            [
              129.22982,
              37.549224
            ],
            [
              129.218835,
              37.584064
            ],
            [
              129.20785,
              37.601478
            ],
            [
              129.185881,
              37.618888
            ],
            [
              129.163912,
              37.636293
            ],
            [
              129.152927,
              37.653695
            ],
            [
              129.130958,
              37.662395
            ],
            [
              129.119973,
              37.67979
            ],
            [
              129.098004,
              37.688486
            ],
            [
              129.08702,
              37.705876
            ],
            [
              129.06505,
              37.723261
            ],
            [
              129.043081,
              37.731952
            ],
            [
              129.021112,
              37.749332
            ],
            [
              129.010127,
              37.766707
            ],
            [
              128.988158,
              37.775393
            ],
            [
              128.977173,
              37.792762
            ],
            [
              128.966189,
              37.810127
            ],
            [
              128.955204,
              37.827488
            ],
            [
              128.94422,
              37.844845
            ],
            [
              128.933235,
              37.862198
            ],
            [
              128.92225,
              37.879546
            ],
            [
              128.900281,
              37.896891
            ],
            [
              128.889297,
              37.914231
            ],
            [
              128.878312,
              37.931568
            ],
            [
              128.867327,
              37.9489
            ],
            [
              128.856343,
              37.966228
            ],
            [
              128.845358,
              37.983552
            ],
            [
              128.823389,
              37.992213
            ],
            [
              128.812404,
              38.009531
            ],
            [
              128.790435,
              38.026845
            ],
            [
              128.768466,
              38.0355
            ],
            [
              128.746497,
              38.052808
            ],
            [
              128.735512,
              38.070112
            ],
            [
              128.713543,
              38.087411
            ],
            [
              128.702558,
              38.104707
            ],
            [
              128.680589,
              38.113353
            ],
            [
              128.669604,
              38.130642
            ],
            [
              128.647635,
              38.139285
            ],
            [
              128.636651,
              38.156569
            ],
            [
              128.625666,
              38.173848
            ],
            [
              128.614681,
              38.191123
            ],
            [
              128.603697,
              38.208394
            ],
            [
              128.592712,
              38.225661
            ],
            [
              128.581727,
              38.242923
            ],
            [
              128.581727,
              38.26881
            ],
            [
              128.570743,
              38.286062
            ],
            [
              128.559758,
              38.303311
            ],
            [
              128.548774,
              38.320555
            ],
            [
              128.537789,
              38.337795
            ],
            [
              128.526804,
              38.355031
            ],
            [
              128.504835,
              38.363648
            ],
            [
              128.493851,
              38.380878
            ],
            [
              128.482866,
              38.398103
            ],
            [
              128.482866,
              38.423934
            ],
            [
              128.471881,
              38.44115
            ],
            [
              128.460897,
              38.466966
            ],
            [
              128.449912,
              38.492772
            ],
            [
              128.438928,
              38.509971
            ],
            [
              128.438928,
              38.535762
            ],
            [
              128.427943,
              38.552951
            ],
            [
              128.427943,
              38.578727
            ],
            [
              128.416958,
              38.595905
            ],
            [
              128.405974,
              38.61308
            ],
            [
              128.394989,
              38.63025
            ],
            [
              128.384004,
              38.664579
            ],
            [
              128.37302,
              38.698891
            ],
            [
              128.362035,
              38.716041
            ],
            [
              128.351051,
              38.733186
            ],
            [
              128.340066,
              38.750328
            ],
            [
              128.329081,
              38.767465
            ],
            [
              128.296128,
              38.767465
            ],
            [
              128.263174,
              38.767465
            ],
            [
              128.241205,
              38.776033
            ],
            [
              128.219235,
              38.784599
            ],
            [
              128.208251,
              38.801728
            ],
            [
              128.186282,
              38.818853
            ],
            [
              128.175297,
              38.835974
            ],
            [
              128.164312,
              38.853091
            ],
            [
              128.153328,
              38.870204
            ],
            [
              128.131358,
              38.878759
            ],
            [
              128.109389,
              38.895865
            ],
            [
              128.08742,
              38.904417
            ],
            [
              128.065451,
              38.912968
            ],
            [
              128.054466,
              38.930066
            ],
            [
              128.032497,
              38.94716
            ],
            [
              128.021512,
              38.96425
            ],
            [
              127.999543,
              38.972794
            ],
            [
              127.988559,
              38.989878
            ],
            [
              127.977574,
              39.006958
            ],
            [
              127.966589,
              39.024033
            ],
            [
              127.94462,
              39.041105
            ],
            [
              127.933635,
              39.058172
            ],
            [
              127.922651,
              39.075236
            ],
            [
              127.900682,
              39.083766
            ],
            [
              127.889697,
              39.100823
            ],
            [
              127.867728,
              39.10935
            ],
            [
              127.845759,
              39.117876
            ],
            [
              127.823789,
              39.126401
            ],
            [
              127.80182,
              39.134925
            ],
            [
              127.779851,
              39.143448
            ],
            [
              127.757882,
              39.15197
            ],
            [
              127.735912,
              39.16049
            ],
            [
              127.702959,
              39.16049
            ],
            [
              127.680989,
              39.16901
            ],
            [
              127.65902,
              39.177529
            ],
            [
              127.637051,
              39.186047
            ],
            [
              127.615082,
              39.194563
            ],
            [
              127.593113,
              39.203079
            ],
            [
              127.560159,
              39.203079
            ],
            [
              127.538189,
              39.211594
            ],
            [
              127.505236,
              39.220107
            ],
            [
              127.461297,
              39.220107
            ],
            [
              127.428343,
              39.22862
            ],
            [
              127.406374,
              39.245642
            ],
            [
              127.406374,
              39.271167
            ],
            [
              127.406374,
              39.296683
            ],
            [
              127.428343,
              39.288179
            ],
            [
              127.417359,
              39.271167
            ],
            [
              127.384405,
              39.271167
            ],
            [
              127.417359,
              39.279674
            ],
            [
              127.428343,
              39.296683
            ],
            [
              127.417359,
              39.313689
            ],
            [
              127.417359,
              39.339189
            ],
            [
              127.439328,
              39.356184
            ],
            [
              127.450313,
              39.373176
            ],
            [
              127.461297,
              39.390162
            ],
            [
              127.483266,
              39.407145
            ],
            [
              127.494251,
              39.424124
            ],
            [
              127.505236,
              39.441098
            ],
            [
              127.494251,
              39.466552
            ],
            [
              127.483266,
              39.483517
            ],
            [
              127.472282,
              39.500477
            ],
            [
              127.461297,
              39.517433
            ],
            [
              127.450313,
              39.534384
            ],
            [
              127.439328,
              39.551332
            ],
            [
              127.439328,
              39.576746
            ],
            [
              127.439328,
              39.60215
            ],
            [
              127.439328,
              39.627545
            ],
            [
              127.450313,
              39.64447
            ],
            [
              127.450313,
              39.669849
            ],
            [
              127.450313,
              39.69522
            ],
            [
              127.450313,
              39.720581
            ],
            [
              127.450313,
              39.745932
            ],
            [
              127.450313,
              39.771274
            ],
            [
              127.450313,
              39.796607
            ],
            [
              127.450313,
              39.821931
            ],
            [
              127.439328,
              39.838808
            ],
            [
              127.417359,
              39.847245
            ],
            [
              127.384405,
              39.847245
            ],
            [
              127.351451,
              39.847245
            ],
            [
              127.318497,
              39.838808
            ],
            [
              127.285543,
              39.838808
            ],
            [
              127.25259,
              39.838808
            ],
            [
              127.23062,
              39.83037
            ],
            [
              127.208651,
              39.821931
            ],
            [
              127.197667,
              39.805049
            ],
            [
              127.164713,
              39.805049
            ],
            [
              127.142743,
              39.796607
            ],
            [
              127.120774,
              39.788164
            ],
            [
              127.08782,
              39.788164
            ],
            [
              127.054867,
              39.788164
            ],
            [
              127.021913,
              39.77972
            ],
            [
              126.988959,
              39.771274
            ],
            [
              126.956005,
              39.771274
            ],
            [
              126.934036,
              39.77972
            ],
            [
              126.912067,
              39.788164
            ],
            [
              126.901082,
              39.805049
            ],
            [
              126.890097,
              39.821931
            ],
            [
              126.879113,
              39.838808
            ],
            [
              126.868128,
              39.855681
            ],
            [
              126.857144,
              39.87255
            ],
            [
              126.835174,
              39.889415
            ],
            [
              126.82419,
              39.906275
            ],
            [
              126.82419,
              39.931558
            ],
            [
              126.813205,
              39.948409
            ],
            [
              126.802221,
              39.965255
            ],
            [
              126.791236,
              39.982097
            ],
            [
              126.780251,
              40.007352
            ],
            [
              126.769267,
              40.024183
            ],
            [
              126.758282,
              40.041011
            ],
            [
              126.747298,
              40.057834
            ],
            [
              126.725328,
              40.074653
            ],
            [
              126.714344,
              40.091468
            ],
            [
              126.703359,
              40.108279
            ],
            [
              126.68139,
              40.116683
            ],
            [
              126.648436,
              40.125086
            ],
            [
              126.626467,
              40.133487
            ],
            [
              126.604498,
              40.141888
            ],
            [
              126.582528,
              40.150288
            ],
            [
              126.549575,
              40.150288
            ],
            [
              126.516621,
              40.150288
            ],
            [
              126.494651,
              40.158686
            ],
            [
              126.461698,
              40.158686
            ],
            [
              126.428744,
              40.158686
            ],
            [
              126.39579,
              40.167084
            ],
            [
              126.362836,
              40.167084
            ],
            [
              126.329882,
              40.167084
            ],
            [
              126.307913,
              40.175481
            ],
            [
              126.274959,
              40.175481
            ],
            [
              126.242005,
              40.175481
            ],
            [
              126.209052,
              40.183876
            ],
            [
              126.176098,
              40.183876
            ],
            [
              126.154129,
              40.192271
            ],
            [
              126.121175,
              40.192271
            ],
            [
              126.099205,
              40.200664
            ],
            [
              126.066252,
              40.200664
            ],
            [
              126.044282,
              40.209057
            ],
            [
              126.011329,
              40.209057
            ],
            [
              125.989359,
              40.217448
            ],
            [
              125.96739,
              40.225838
            ],
            [
              125.934436,
              40.225838
            ],
            [
              125.901482,
              40.225838
            ],
            [
              125.879513,
              40.234228
            ],
            [
              125.857544,
              40.242616
            ],
            [
              125.846559,
              40.259389
            ],
            [
              125.835575,
              40.276158
            ],
            [
              125.835575,
              40.301305
            ],
            [
              125.813606,
              40.309684
            ],
            [
              125.802621,
              40.326441
            ],
            [
              125.780652,
              40.334818
            ],
            [
              125.747698,
              40.334818
            ],
            [
              125.725729,
              40.343194
            ],
            [
              125.692775,
              40.343194
            ],
            [
              125.670806,
              40.351569
            ],
            [
              125.648836,
              40.359942
            ],
            [
              125.626867,
              40.368315
            ],
            [
              125.604898,
              40.376687
            ],
            [
              125.571944,
              40.385057
            ],
            [
              125.53899,
              40.385057
            ],
            [
              125.506036,
              40.385057
            ],
            [
              125.473083,
              40.385057
            ],
            [
              125.451113,
              40.376687
            ],
            [
              125.407175,
              40.376687
            ],
            [
              125.374221,
              40.376687
            ],
            [
              125.352252,
              40.368315
            ],
            [
              125.330283,
              40.359942
            ],
            [
              125.297329,
              40.359942
            ],
            [
              125.27536,
              40.351569
            ],
            [
              125.25339,
              40.343194
            ],
            [
              125.220437,
              40.334818
            ],
            [
              125.198467,
              40.326441
            ],
            [
              125.165514,
              40.326441
            ],
            [
              125.143544,
              40.318063
            ],
            [
              125.121575,
              40.309684
            ],
            [
              125.099606,
              40.301305
            ],
            [
              125.077637,
              40.292924
            ],
            [
              125.055667,
              40.284542
            ],
            [
              125.033698,
              40.276158
            ],
            [
              125.022714,
              40.259389
            ],
            [
              125.000744,
              40.251003
            ],
            [
              124.98976,
              40.234228
            ],
            [
              124.967791,
              40.225838
            ],
            [
              124.945821,
              40.217448
            ],
            [
              124.912868,
              40.217448
            ],
            [
              124.879914,
              40.217448
            ],
            [
              124.857944,
              40.225838
            ],
            [
              124.824991,
              40.225838
            ],
            [
              124.792037,
              40.225838
            ],
            [
              124.759083,
              40.225838
            ],
            [
              124.726129,
              40.225838
            ],
            [
              124.70416,
              40.217448
            ],
            [
              124.682191,
              40.209057
            ],
            [
              124.660221,
              40.200664
            ],
            [
              124.638252,
              40.192271
            ],
            [
              124.627268,
              40.175481
            ],
            [
              124.605298,
              40.167084
            ],
            [
              124.594314,
              40.150288
            ],
            [
              124.583329,
              40.133487
            ],
            [
              124.583329,
              40.108279
            ],
            [
              124.583329,
              40.083061
            ],
            [
              124.572345,
              40.066244
            ],
            [
              124.550375,
              40.049423
            ],
            [
              124.528406,
              40.041011
            ],
            [
              124.517422,
              40.024183
            ],
            [
              124.506437,
              40.007352
            ],
            [
              124.506437,
              39.982097
            ],
            [
              124.495452,
              39.965255
            ],
            [
              124.484468,
              39.948409
            ],
            [
              124.473483,
              39.931558
            ],
            [
              124.473483,
              39.906275
            ],
            [
              124.484468,
              39.889415
            ],
            [
              124.484468,
              39.864116
            ],
            [
              124.495452,
              39.847245
            ],
            [
              124.506437,
              39.83037
            ],
            [
              124.517422,
              39.813491
            ],
            [
              124.528406,
              39.796607
            ],
            [
              124.539391,
              39.77972
            ],
            [
              124.56136,
              39.771274
            ],
            [
              124.572345,
              39.754381
            ],
            [
              124.583329,
              39.737483
            ],
            [
              124.605298,
              39.729032
            ],
            [
              124.616283,
              39.712128
            ],
            [
              124.638252,
              39.703674
            ],
            [
              124.660221,
              39.686764
            ],
            [
              124.693175,
              39.678307
            ],
            [
              124.715145,
              39.669849
            ],
            [
              124.748098,
              39.661391
            ],
            [
              124.770068,
              39.652931
            ],
            [
              124.803021,
              39.652931
            ],
            [
              124.814006,
              39.636008
            ],
            [
              124.835975,
              39.627545
            ],
            [
              124.84696,
              39.610616
            ],
            [
              124.868929,
              39.60215
            ],
            [
              124.901883,
              39.60215
            ],
            [
              124.934837,
              39.60215
            ],
            [
              124.967791,
              39.60215
            ],
            [
              124.98976,
              39.610616
            ],
            [
              125.000744,
              39.627545
            ],
            [
              125.022714,
              39.636008
            ],
            [
              125.044683,
              39.627545
            ],
            [
              125.055667,
              39.610616
            ],
            [
              125.077637,
              39.60215
            ],
            [
              125.099606,
              39.593683
            ],
            [
              125.121575,
              39.585215
            ],
            [
              125.143544,
              39.576746
            ],
            [
              125.176498,
              39.576746
            ],
            [
              125.198467,
              39.568275
            ],
            [
              125.231421,
              39.559804
            ],
            [
              125.264375,
              39.559804
            ],
            [
              125.286344,
              39.551332
            ],
            [
              125.319298,
              39.551332
            ],
            [
              125.330283,
              39.534384
            ],
            [
              125.341267,
              39.517433
            ],
            [
              125.341267,
              39.491997
            ],
            [
              125.341267,
              39.466552
            ],
            [
              125.330283,
              39.449584
            ],
            [
              125.319298,
              39.432612
            ],
            [
              125.319298,
              39.407145
            ],
            [
              125.319298,
              39.38167
            ],
            [
              125.330283,
              39.364681
            ],
            [
              125.341267,
              39.347687
            ],
            [
              125.363237,
              39.339189
            ],
            [
              125.374221,
              39.32219
            ],
            [
              125.385206,
              39.305187
            ],
            [
              125.407175,
              39.288179
            ],
            [
              125.407175,
              39.26266
            ],
            [
              125.407175,
              39.237131
            ],
            [
              125.407175,
              39.211594
            ],
            [
              125.407175,
              39.186047
            ],
            [
              125.385206,
              39.177529
            ],
            [
              125.363237,
              39.16901
            ],
            [
              125.341267,
              39.16049
            ],
            [
              125.319298,
              39.15197
            ],
            [
              125.297329,
              39.143448
            ],
            [
              125.286344,
              39.126401
            ],
            [
              125.27536,
              39.10935
            ],
            [
              125.264375,
              39.092295
            ],
            [
              125.264375,
              39.066705
            ],
            [
              125.25339,
              39.049639
            ],
            [
              125.242406,
              39.03257
            ],
            [
              125.231421,
              39.015496
            ],
            [
              125.220437,
              38.998418
            ],
            [
              125.209452,
              38.981336
            ],
            [
              125.209452,
              38.955706
            ],
            [
              125.198467,
              38.938614
            ],
            [
              125.187483,
              38.921517
            ],
            [
              125.176498,
              38.904417
            ],
            [
              125.165514,
              38.887312
            ],
            [
              125.143544,
              38.878759
            ],
            [
              125.121575,
              38.861648
            ],
            [
              125.110591,
              38.844533
            ],
            [
              125.099606,
              38.827414
            ],
            [
              125.088621,
              38.810291
            ],
            [
              125.077637,
              38.793164
            ],
            [
              125.088621,
              38.776033
            ],
            [
              125.110591,
              38.758897
            ],
            [
              125.13256,
              38.750328
            ],
            [
              125.165514,
              38.741758
            ],
            [
              125.187483,
              38.733186
            ],
            [
              125.198467,
              38.750328
            ],
            [
              125.198467,
              38.776033
            ],
            [
              125.209452,
              38.793164
            ],
            [
              125.220437,
              38.767465
            ],
            [
              125.242406,
              38.758897
            ],
            [
              125.25339,
              38.741758
            ],
            [
              125.27536,
              38.724614
            ],
            [
              125.286344,
              38.707466
            ],
            [
              125.297329,
              38.690314
            ],
            [
              125.297329,
              38.664579
            ],
            [
              125.286344,
              38.647417
            ],
            [
              125.27536,
              38.63025
            ],
            [
              125.25339,
              38.621666
            ],
            [
              125.220437,
              38.61308
            ],
            [
              125.187483,
              38.61308
            ],
            [
              125.154529,
              38.61308
            ],
            [
              125.121575,
              38.61308
            ],
            [
              125.099606,
              38.595905
            ],
            [
              125.066652,
              38.595905
            ],
            [
              125.044683,
              38.587317
            ],
            [
              125.011729,
              38.578727
            ],
            [
              124.98976,
              38.570136
            ],
            [
              124.967791,
              38.578727
            ],
            [
              124.956806,
              38.561544
            ],
            [
              124.934837,
              38.552951
            ],
            [
              124.923852,
              38.535762
            ],
            [
              124.912868,
              38.518569
            ],
            [
              124.901883,
              38.501372
            ],
            [
              124.901883,
              38.475569
            ],
            [
              124.901883,
              38.449756
            ],
            [
              124.901883,
              38.423934
            ],
            [
              124.890898,
              38.406715
            ],
            [
              124.879914,
              38.389491
            ],
            [
              124.857944,
              38.380878
            ],
            [
              124.835975,
              38.372263
            ],
            [
              124.824991,
              38.355031
            ],
            [
              124.814006,
              38.337795
            ],
            [
              124.803021,
              38.320555
            ],
            [
              124.803021,
              38.294687
            ],
            [
              124.792037,
              38.277436
            ],
            [
              124.781052,
              38.260182
            ],
            [
              124.781052,
              38.234292
            ],
            [
              124.770068,
              38.217028
            ],
            [
              124.781052,
              38.182486
            ],
            [
              124.781052,
              38.156569
            ],
            [
              124.792037,
              38.139285
            ],
            [
              124.803021,
              38.121998
            ],
            [
              124.824991,
              38.113353
            ],
            [
              124.857944,
              38.113353
            ],
            [
              124.879914,
              38.104707
            ],
            [
              124.912868,
              38.104707
            ],
            [
              124.934837,
              38.096059
            ],
            [
              124.967791,
              38.096059
            ],
            [
              124.978775,
              38.113353
            ],
            [
              124.967791,
              38.096059
            ],
            [
              124.956806,
              38.078762
            ],
            [
              124.956806,
              38.052808
            ],
            [
              124.967791,
              38.0355
            ],
            [
              124.967791,
              38.009531
            ],
            [
              124.978775,
              37.992213
            ],
            [
              124.978775,
              37.966228
            ],
            [
              124.98976,
              37.9489
            ],
            [
              125.011729,
              37.931568
            ],
            [
              125.033698,
              37.9229
            ],
            [
              125.044683,
              37.905561
            ],
            [
              125.055667,
              37.888219
            ],
            [
              125.077637,
              37.879546
            ],
            [
              125.088621,
              37.862198
            ],
            [
              125.110591,
              37.853522
            ],
            [
              125.13256,
              37.844845
            ],
            [
              125.154529,
              37.827488
            ],
            [
              125.187483,
              37.810127
            ],
            [
              125.209452,
              37.801445
            ],
            [
              125.231421,
              37.792762
            ],
            [
              125.264375,
              37.784078
            ],
            [
              125.297329,
              37.784078
            ],
            [
              125.319298,
              37.775393
            ],
            [
              125.352252,
              37.775393
            ],
            [
              125.385206,
              37.775393
            ],
            [
              125.41816,
              37.775393
            ],
            [
              125.440129,
              37.784078
            ],
            [
              125.484067,
              37.784078
            ],
            [
              125.517021,
              37.784078
            ],
            [
              125.53899,
              37.792762
            ],
            [
              125.571944,
              37.801445
            ],
            [
              125.593913,
              37.810127
            ],
            [
              125.615883,
              37.818808
            ],
            [
              125.637852,
              37.827488
            ],
            [
              125.659821,
              37.836167
            ],
            [
              125.68179,
              37.853522
            ],
            [
              125.703759,
              37.862198
            ],
            [
              125.714744,
              37.879546
            ],
            [
              125.736713,
              37.888219
            ],
            [
              125.758683,
              37.896891
            ],
            [
              125.780652,
              37.905561
            ],
            [
              125.813606,
              37.914231
            ],
            [
              125.846559,
              37.914231
            ],
            [
              125.835575,
              37.896891
            ],
            [
              125.846559,
              37.879546
            ],
            [
              125.857544,
              37.862198
            ],
            [
              125.868529,
              37.836167
            ],
            [
              125.879513,
              37.818808
            ],
            [
              125.890498,
              37.801445
            ],
            [
              125.912467,
              37.784078
            ],
            [
              125.934436,
              37.775393
            ],
            [
              125.956406,
              37.766707
            ],
            [
              125.978375,
              37.75802
            ],
            [
              126.000344,
              37.749332
            ],
            [
              126.033298,
              37.749332
            ],
            [
              126.044282,
              37.731952
            ],
            [
              126.055267,
              37.714569
            ],
            [
              126.066252,
              37.697182
            ],
            [
              126.088221,
              37.688486
            ],
            [
              126.11019,
              37.67979
            ],
            [
              126.132159,
              37.671093
            ],
            [
              126.165113,
              37.671093
            ],
            [
              126.198067,
              37.671093
            ],
            [
              126.231021,
              37.671093
            ],
            [
              126.263975,
              37.662395
            ],
            [
              126.274959,
              37.644995
            ],
            [
              126.285944,
              37.618888
            ],
            [
              126.307913,
              37.610183
            ],
            [
              126.318898,
              37.592771
            ],
            [
              126.329882,
              37.566646
            ],
            [
              126.329882,
              37.540511
            ],
            [
              126.329882,
              37.514367
            ],
            [
              126.329882,
              37.488214
            ],
            [
              126.351852,
              37.479495
            ],
            [
              126.362836,
              37.462052
            ],
            [
              126.384805,
              37.45333
            ],
            [
              126.406775,
              37.444606
            ],
            [
              126.417759,
              37.427155
            ],
            [
              126.428744,
              37.409701
            ],
            [
              126.439728,
              37.392242
            ],
            [
              126.439728,
              37.366046
            ],
            [
              126.450713,
              37.348577
            ],
            [
              126.461698,
              37.322366
            ],
            [
              126.461698,
              37.296146
            ],
            [
              126.472682,
              37.278661
            ],
            [
              126.483667,
              37.261172
            ],
            [
              126.494651,
              37.243679
            ],
            [
              126.505636,
              37.226181
            ],
            [
              126.516621,
              37.20868
            ],
            [
              126.527605,
              37.191174
            ],
            [
              126.53859,
              37.173665
            ],
            [
              126.549575,
              37.156151
            ],
            [
              126.53859,
              37.129873
            ],
            [
              126.527605,
              37.11235
            ],
            [
              126.505636,
              37.094822
            ],
            [
              126.483667,
              37.086056
            ],
            [
              126.461698,
              37.07729
            ],
            [
              126.439728,
              37.068523
            ],
            [
              126.417759,
              37.059754
            ],
            [
              126.39579,
              37.050985
            ],
            [
              126.373821,
              37.042214
            ],
            [
              126.351852,
              37.033443
            ],
            [
              126.318898,
              37.033443
            ],
            [
              126.296928,
              37.02467
            ],
            [
              126.274959,
              37.015897
            ],
            [
              126.25299,
              37.007122
            ],
            [
              126.25299,
              36.980792
            ],
            [
              126.242005,
              36.963234
            ],
            [
              126.231021,
              36.945672
            ],
            [
              126.220036,
              36.928106
            ],
            [
              126.198067,
              36.919321
            ],
            [
              126.187082,
              36.901749
            ],
            [
              126.165113,
              36.892961
            ],
            [
              126.154129,
              36.875383
            ],
            [
              126.143144,
              36.8578
            ],
            [
              126.121175,
              36.849008
            ],
            [
              126.121175,
              36.849008
            ],
            [
              126.099205,
              36.849008
            ]
          ]
        ]
      }
    },
    {
      "type": "Feature",
      "properties": {
        "NAME": "Mongol Empire",
        "name": "Mongol Empire",
        "color": "#ef4444",
        "fill": "#ef4444",
        "fill-opacity": 0.5,
        "stroke": "#ef4444",
        "stroke-width": 2,
        "originalType": "polyline"
      },
      "geometry": {
        "type": "Polygon",
        "coordinates": [
          [
            [
              74.58618164062501,
              28.197925830357526
            ],
            [
              74.64646405409238,
              28.115614201295312
            ],
            [
              74.65210297294715,
              28.101055776090053
            ],
            [
              74.69040936659238,
              28.052609019708648
            ],
            [
              74.71239547713088,
              28.008953168850987
            ],
            [
              74.79481199831046,
              27.950737265142443
            ],
            [
              74.84431214036199,
              27.9216233644665
            ],
            [
              74.97066500451588,
              27.83422296197589
            ],
            [
              75.0491039918325,
              27.783552292056598
            ],
            [
              75.40059473562707,
              27.705778053589018
            ],
            [
              75.66421279347301,
              27.705778053589018
            ],
            [
              75.83995816537029,
              27.62794833544164
            ],
            [
              76.01570353726756,
              27.550063241752852
            ],
            [
              76.2793215951135,
              27.472122877144276
            ],
            [
              76.45506696701082,
              27.3941273467208
            ],
            [
              76.63081233890809,
              27.316076756070377
            ],
            [
              76.80655771080535,
              27.159810818856094
            ],
            [
              76.98230308270269,
              27.003325919866075
            ],
            [
              77.07017576865131,
              26.846622921190654
            ],
            [
              77.24592114054857,
              26.768189905985864
            ],
            [
              77.33379382649726,
              26.611161391093887
            ],
            [
              77.50953919839452,
              26.532566111754154
            ],
            [
              77.68528457029181,
              26.453916965520396
            ],
            [
              77.8610299421891,
              26.375214063771338
            ],
            [
              78.12464800003502,
              26.29645751836734
            ],
            [
              78.38826605788097,
              26.29645751836734
            ],
            [
              78.56401142977823,
              26.138783946443787
            ],
            [
              78.91550217357283,
              25.98089715426018
            ],
            [
              79.17912023141876,
              25.90187408533471
            ],
            [
              79.5306109752133,
              25.664487565623677
            ],
            [
              79.70635634711061,
              25.585253340431503
            ],
            [
              79.8821017190079,
              25.505966616639448
            ],
            [
              80.0578470909052,
              25.426627511393082
            ],
            [
              80.23359246280248,
              25.267792627515018
            ],
            [
              80.40933783469974,
              25.188297085568646
            ],
            [
              80.58508320659706,
              25.108749635537933
            ],
            [
              80.848701264443,
              25.029150396960798
            ],
            [
              81.20019200823754,
              25.029150396960798
            ],
            [
              81.55168275203214,
              25.029150396960798
            ],
            [
              81.72742812392943,
              24.94949948985265
            ],
            [
              81.99104618177535,
              24.869797034705925
            ],
            [
              82.34253692556993,
              24.869797034705925
            ],
            [
              82.60615498341588,
              24.869797034705925
            ],
            [
              82.86977304126178,
              24.94949948985265
            ],
            [
              83.13339109910773,
              25.029150396960798
            ],
            [
              83.39700915695363,
              25.108749635537933
            ],
            [
              83.57275452885095,
              25.188297085568646
            ],
            [
              83.74849990074821,
              25.267792627515018
            ],
            [
              83.92424527264549,
              25.34723614231711
            ],
            [
              84.36360870238875,
              25.267792627515018
            ],
            [
              84.71509944618329,
              25.188297085568646
            ],
            [
              84.97871750402925,
              25.188297085568646
            ],
            [
              85.3302082478238,
              25.108749635537933
            ],
            [
              85.68169899161836,
              25.108749635537933
            ],
            [
              85.85744436351567,
              25.029150396960798
            ],
            [
              86.12106242136161,
              25.029150396960798
            ],
            [
              86.38468047920752,
              24.869797034705925
            ],
            [
              86.64829853705348,
              24.869797034705925
            ],
            [
              86.82404390895074,
              24.790043152490117
            ],
            [
              86.99978928084805,
              24.71023796465105
            ],
            [
              87.26340733869395,
              24.63038159311083
            ],
            [
              87.43915271059124,
              24.550474160267186
            ],
            [
              87.79064345438582,
              24.550474160267186
            ],
            [
              88.40575225602635,
              24.390506602637736
            ],
            [
              88.84511568576956,
              24.310446725022985
            ],
            [
              89.02086105766683,
              24.230336280446185
            ],
            [
              89.37235180146143,
              24.15017539367826
            ],
            [
              89.63596985930737,
              24.15017539367826
            ],
            [
              89.89958791715328,
              24.06996418996349
            ],
            [
              90.25107866094785,
              24.06996418996349
            ],
            [
              90.7783147766397,
              24.15017539367826
            ],
            [
              91.04193283448566,
              24.230336280446185
            ],
            [
              91.39342357828025,
              24.230336280446185
            ],
            [
              91.56916895017751,
              24.310446725022985
            ],
            [
              91.92065969397208,
              24.310446725022985
            ],
            [
              92.184277751818,
              24.310446725022985
            ],
            [
              92.44789580966393,
              24.390506602637736
            ],
            [
              92.71151386750985,
              24.550474160267186
            ],
            [
              93.06300461130445,
              24.63038159311083
            ],
            [
              93.23874998320174,
              24.71023796465105
            ],
            [
              93.50236804104766,
              24.790043152490117
            ],
            [
              93.7659860988936,
              24.790043152490117
            ],
            [
              94.02960415673954,
              24.869797034705925
            ],
            [
              94.11747684268816,
              25.029150396960798
            ],
            [
              94.29322221458546,
              25.188297085568646
            ],
            [
              94.38109490053408,
              25.34723614231711
            ],
            [
              94.5568402724314,
              25.426627511393082
            ],
            [
              94.64471295838004,
              25.585253340431503
            ],
            [
              94.73258564432868,
              25.743669175549474
            ],
            [
              94.90833101622597,
              25.90187408533471
            ],
            [
              94.99620370217463,
              26.059867146051925
            ],
            [
              95.17194907407189,
              26.138783946443787
            ],
            [
              95.6113125038151,
              26.138783946443787
            ],
            [
              96.13854861950696,
              26.059867146051925
            ],
            [
              96.49003936330155,
              26.059867146051925
            ],
            [
              97.0172754789934,
              25.90187408533471
            ],
            [
              97.36876622278798,
              25.90187408533471
            ],
            [
              97.54451159468529,
              25.743669175549474
            ],
            [
              97.72025696658255,
              25.585253340431503
            ],
            [
              97.80812965253119,
              25.426627511393082
            ],
            [
              97.89600233847983,
              25.267792627515018
            ],
            [
              97.98387502442846,
              25.108749635537933
            ],
            [
              98.07174771037714,
              24.94949948985265
            ],
            [
              98.15962039632579,
              24.63038159311083
            ],
            [
              98.24749308227442,
              24.47051578899341
            ],
            [
              98.33536576822308,
              24.310446725022985
            ],
            [
              98.33536576822308,
              24.06996418996349
            ],
            [
              98.42323845417172,
              23.90939133503459
            ],
            [
              98.42323845417172,
              23.668157833816498
            ],
            [
              98.51111114012035,
              23.345819992972523
            ],
            [
              98.51111114012035,
              23.10355125663515
            ],
            [
              98.598983826069,
              22.94179531807634
            ],
            [
              98.598983826069,
              22.536561121584768
            ],
            [
              98.68685651201764,
              22.29284697264308
            ],
            [
              98.77472919796627,
              21.967233121109526
            ],
            [
              98.77472919796627,
              21.72253129271513
            ],
            [
              98.77472919796627,
              21.477412389152565
            ],
            [
              98.77472919796627,
              21.231880193409484
            ],
            [
              98.8626018839149,
              21.067964340913036
            ],
            [
              98.8626018839149,
              20.821751831132886
            ],
            [
              98.8626018839149,
              20.41050396916662
            ],
            [
              98.95047456986357,
              20.163225446846123
            ],
            [
              99.03834725581221,
              19.83291088578868
            ],
            [
              99.12621994176085,
              19.667494911434087
            ],
            [
              99.21409262770953,
              19.50190807355815
            ],
            [
              99.30196531365816,
              19.336151580122948
            ],
            [
              99.38983799960681,
              19.170226646004974
            ],
            [
              99.47771068555542,
              19.00413449296278
            ],
            [
              99.56558337150406,
              18.754685417360648
            ],
            [
              99.56558337150406,
              18.50486704041274
            ],
            [
              99.6534560574527,
              18.33811836573654
            ],
            [
              99.74132874340134,
              18.17120868298671
            ],
            [
              99.82920142935002,
              18.00413925450145
            ],
            [
              99.91707411529866,
              17.836911349257115
            ],
            [
              100.00494680124729,
              17.669526242831513
            ],
            [
              100.1806921731446,
              17.58577513958944
            ],
            [
              100.26856485909323,
              17.418156637446447
            ],
            [
              100.62005560288777,
              17.33428956152444
            ],
            [
              100.79580097478508,
              17.25038415169564
            ],
            [
              101.05941903263104,
              17.166440570459194
            ],
            [
              101.23516440452829,
              17.08245898071567
            ],
            [
              101.49878246237421,
              17.08245898071567
            ],
            [
              101.76240052022017,
              16.998439545766058
            ],
            [
              102.0260185780661,
              16.914382429310372
            ],
            [
              102.28963663591202,
              16.830287795446406
            ],
            [
              102.46538200780931,
              16.74615580866832
            ],
            [
              102.64112737970659,
              16.661986633865553
            ],
            [
              102.81687275160391,
              16.577780436321202
            ],
            [
              103.08049080944983,
              16.409257636101838
            ],
            [
              103.25623618134712,
              16.324941365950295
            ],
            [
              103.4319815532444,
              16.240588738101557
            ],
            [
              103.60772692514166,
              16.156199919787834
            ],
            [
              104.39858109867946,
              16.156199919787834
            ],
            [
              105.18943527221727,
              16.240588738101557
            ],
            [
              105.54092601601185,
              16.240588738101557
            ],
            [
              105.71667138790913,
              16.156199919787834
            ],
            [
              106.15603481765235,
              16.240588738101557
            ],
            [
              106.41965287549829,
              16.324941365950295
            ],
            [
              106.59539824739556,
              16.409257636101838
            ],
            [
              106.6832709333442,
              16.577780436321202
            ],
            [
              106.59539824739556,
              16.74615580866832
            ],
            [
              106.41965287549829,
              16.830287795446406
            ],
            [
              106.33178018954965,
              16.998439545766058
            ],
            [
              106.243907503601,
              17.166440570459194
            ],
            [
              106.15603481765235,
              17.33428956152444
            ],
            [
              106.06816213170369,
              17.501985217365473
            ],
            [
              105.89241675980644,
              17.669526242831513
            ],
            [
              105.71667138790913,
              17.836911349257115
            ],
            [
              105.54092601601185,
              18.00413925450145
            ],
            [
              105.45305333006323,
              18.17120868298671
            ],
            [
              105.2773079581659,
              18.33811836573654
            ],
            [
              105.18943527221727,
              18.50486704041274
            ],
            [
              105.01368990032,
              18.67145345135248
            ],
            [
              104.92581721437134,
              18.83787634960415
            ],
            [
              104.75007184247406,
              19.00413449296278
            ],
            [
              104.66219915652542,
              19.170226646004974
            ],
            [
              104.4864537846281,
              19.25321009195034
            ],
            [
              104.39858109867946,
              19.41905095801738
            ],
            [
              104.39858109867946,
              19.667494911434087
            ],
            [
              104.39858109867946,
              19.91555442355571
            ],
            [
              104.39858109867946,
              20.163225446846123
            ],
            [
              104.31070841273085,
              20.328121652477975
            ],
            [
              104.22283572678221,
              20.49284223250646
            ],
            [
              104.13496304083354,
              20.657386014002846
            ],
            [
              104.04709035488489,
              20.821751831132886
            ],
            [
              103.87134498298761,
              20.985938525184714
            ],
            [
              103.78347229703898,
              21.1499449445959
            ],
            [
              103.69559961109033,
              21.313769944980024
            ],
            [
              103.60772692514166,
              21.477412389152565
            ],
            [
              103.51985423919304,
              21.640871147156172
            ],
            [
              103.51985423919304,
              21.88571241866489
            ],
            [
              103.51985423919304,
              22.13013411349853
            ],
            [
              103.51985423919304,
              22.374132510253318
            ],
            [
              103.51985423919304,
              22.617703924703243
            ],
            [
              103.51985423919304,
              22.8608447099615
            ],
            [
              103.51985423919304,
              23.10355125663515
            ],
            [
              103.60772692514166,
              23.345819992972523
            ],
            [
              103.60772692514166,
              23.668157833816498
            ],
            [
              103.51985423919304,
              23.829029936671926
            ],
            [
              103.51985423919304,
              24.06996418996349
            ],
            [
              103.60772692514166,
              24.230336280446185
            ],
            [
              103.78347229703898,
              24.390506602637736
            ],
            [
              104.04709035488489,
              24.47051578899341
            ],
            [
              104.22283572678221,
              24.550474160267186
            ],
            [
              104.39858109867946,
              24.63038159311083
            ],
            [
              104.57432647057679,
              24.71023796465105
            ],
            [
              104.66219915652542,
              24.869797034705925
            ],
            [
              104.83794452842267,
              25.029150396960798
            ],
            [
              104.92581721437134,
              25.188297085568646
            ],
            [
              104.92581721437134,
              25.426627511393082
            ],
            [
              105.01368990032,
              25.743669175549474
            ],
            [
              105.10156258626863,
              25.90187408533471
            ],
            [
              105.10156258626863,
              26.138783946443787
            ],
            [
              105.18943527221727,
              26.29645751836734
            ],
            [
              105.10156258626863,
              26.532566111754154
            ],
            [
              105.01368990032,
              26.689702692642737
            ],
            [
              104.92581721437134,
              26.846622921190654
            ],
            [
              104.92581721437134,
              27.081595685883453
            ],
            [
              104.75007184247406,
              27.159810818856094
            ],
            [
              104.66219915652542,
              27.3941273467208
            ],
            [
              104.66219915652542,
              27.62794833544164
            ],
            [
              104.66219915652542,
              27.86127094718919
            ],
            [
              104.57432647057679,
              28.094092383276156
            ],
            [
              104.4864537846281,
              28.249026878731854
            ],
            [
              104.39858109867946,
              28.403736594207412
            ],
            [
              104.39858109867946,
              28.63537795654209
            ],
            [
              104.39858109867946,
              28.86650909698493
            ],
            [
              104.31070841273085,
              29.020311767420402
            ],
            [
              104.31070841273085,
              29.25058671495891
            ],
            [
              104.31070841273085,
              29.48034451661649
            ],
            [
              104.4864537846281,
              29.55681509167549
            ],
            [
              104.75007184247406,
              29.63322783267044
            ],
            [
              105.01368990032,
              29.63322783267044
            ],
            [
              105.18943527221727,
              29.55681509167549
            ],
            [
              105.36518064411455,
              29.403816200042897
            ],
            [
              105.54092601601185,
              29.327230234985965
            ],
            [
              105.62879870196048,
              29.17388573395692
            ],
            [
              105.80454407385776,
              29.097127386457505
            ],
            [
              106.06816213170369,
              28.94343897228797
            ],
            [
              106.243907503601,
              28.86650909698493
            ],
            [
              106.41965287549829,
              28.71247849198023
            ],
            [
              106.59539824739556,
              28.63537795654209
            ],
            [
              107.03476167713877,
              28.55822072946056
            ],
            [
              107.2105070490361,
              28.48100690907491
            ],
            [
              107.474125106882,
              28.48100690907491
            ],
            [
              107.6498704787793,
              28.403736594207412
            ],
            [
              107.82561585067658,
              28.326409884163482
            ],
            [
              108.2649792804198,
              28.249026878731854
            ],
            [
              108.44072465231707,
              28.171587678184324
            ],
            [
              108.70434271016302,
              28.171587678184324
            ],
            [
              109.05583345395759,
              28.094092383276156
            ],
            [
              109.3194515118035,
              28.094092383276156
            ],
            [
              109.58306956964945,
              28.094092383276156
            ],
            [
              109.8466876274954,
              28.094092383276156
            ],
            [
              110.11030568534132,
              28.094092383276156
            ],
            [
              110.72541448698183,
              28.094092383276156
            ],
            [
              111.07690523077638,
              28.094092383276156
            ],
            [
              111.42839597457096,
              28.094092383276156
            ],
            [
              111.69201403241689,
              28.094092383276156
            ],
            [
              111.86775940431419,
              28.016541095245806
            ],
            [
              112.13137746216012,
              28.016541095245806
            ],
            [
              112.39499552000602,
              28.016541095245806
            ],
            [
              112.65861357785197,
              28.016541095245806
            ],
            [
              112.92223163569791,
              28.016541095245806
            ],
            [
              113.18584969354383,
              27.938933915815095
            ],
            [
              113.36159506544115,
              28.016541095245806
            ],
            [
              113.44946775138978,
              28.171587678184324
            ],
            [
              113.53734043733841,
              28.326409884163482
            ],
            [
              113.62521312328704,
              28.48100690907491
            ],
            [
              113.7130858092357,
              28.63537795654209
            ],
            [
              113.80095849518437,
              28.78952223791891
            ],
            [
              113.88883118113299,
              28.94343897228797
            ],
            [
              114.06457655303026,
              29.020311767420402
            ],
            [
              114.1524492389789,
              29.17388573395692
            ],
            [
              114.24032192492758,
              29.327230234985965
            ],
            [
              114.32819461087622,
              29.48034451661649
            ],
            [
              114.5039399827735,
              29.63322783267044
            ],
            [
              114.59181266872211,
              29.785879444678333
            ],
            [
              114.76755804061943,
              29.86211813299963
            ],
            [
              114.85543072656806,
              30.014420821156435
            ],
            [
              115.03117609846535,
              30.09048464118628
            ],
            [
              115.20692147036264,
              30.16648999278085
            ],
            [
              115.38266684225992,
              30.242436787238418
            ],
            [
              115.55841221415724,
              30.31832493633727
            ],
            [
              115.73415758605452,
              30.394154352335416
            ],
            [
              115.82203027200313,
              30.545636636459733
            ],
            [
              115.90990295795177,
              30.69688294726293
            ],
            [
              116.08564832984908,
              30.847892600057467
            ],
            [
              116.17352101579773,
              30.998664917807996
            ],
            [
              116.26139370174637,
              31.149199231122243
            ],
            [
              116.34926638769498,
              31.299494878241244
            ],
            [
              116.43713907364366,
              31.449551205029607
            ],
            [
              116.43713907364366,
              31.674185557402485
            ],
            [
              116.43713907364366,
              31.898277836181013
            ],
            [
              116.43713907364366,
              32.12182592980552
            ],
            [
              116.34926638769498,
              32.270554641732964
            ],
            [
              116.26139370174637,
              32.493191171737216
            ],
            [
              116.17352101579773,
              32.64131029812336
            ],
            [
              116.17352101579773,
              32.863029682144386
            ],
            [
              116.26139370174637,
              33.01053556012482
            ],
            [
              116.34926638769498,
              33.157795139365554
            ],
            [
              116.5250117595923,
              33.231332391707184
            ],
            [
              116.70075713148958,
              33.304807859993424
            ],
            [
              116.87650250338687,
              33.378221475403336
            ],
            [
              117.14012056123279,
              33.378221475403336
            ],
            [
              117.40373861907875,
              33.378221475403336
            ],
            [
              117.75522936287334,
              33.378221475403336
            ],
            [
              118.01884742071921,
              33.378221475403336
            ],
            [
              118.45821085046245,
              33.378221475403336
            ],
            [
              118.63395622235977,
              33.231332391707184
            ],
            [
              118.89757428020567,
              33.231332391707184
            ],
            [
              119.16119233805162,
              33.231332391707184
            ],
            [
              119.3369377099489,
              33.157795139365554
            ],
            [
              119.60055576779483,
              33.157795139365554
            ],
            [
              119.77630113969211,
              33.084196172254416
            ],
            [
              119.95204651158942,
              33.01053556012482
            ],
            [
              120.1277918834867,
              32.93681337319372
            ],
            [
              120.303537255384,
              32.863029682144386
            ],
            [
              120.47928262728125,
              32.715278072758096
            ],
            [
              120.65502799917854,
              32.64131029812336
            ],
            [
              120.91864605702449,
              32.64131029812336
            ],
            [
              121.09439142892177,
              32.715278072758096
            ],
            [
              121.27013680081906,
              32.78918455812676
            ],
            [
              121.35800948676771,
              32.93681337319372
            ],
            [
              121.27013680081906,
              33.084196172254416
            ],
            [
              121.18226411487043,
              33.231332391707184
            ],
            [
              121.09439142892177,
              33.378221475403336
            ],
            [
              120.91864605702449,
              33.45157316958012
            ],
            [
              120.91864605702449,
              33.67125604809838
            ],
            [
              120.83077337107585,
              33.81740046191784
            ],
            [
              120.74290068512722,
              33.96329558958787
            ],
            [
              120.65502799917854,
              34.18166973597101
            ],
            [
              120.5671553132299,
              34.326939393138346
            ],
            [
              120.47928262728125,
              34.471957979313444
            ],
            [
              120.39140994133264,
              34.61672500101179
            ],
            [
              120.303537255384,
              34.761239972034446
            ],
            [
              120.303537255384,
              34.97753878786792
            ],
            [
              120.303537255384,
              35.19326782793077
            ],
            [
              120.39140994133264,
              35.336769879283004
            ],
            [
              120.47928262728125,
              35.55154586809602
            ],
            [
              120.5671553132299,
              35.69441115852676
            ],
            [
              120.65502799917854,
              35.83702098199291
            ],
            [
              120.65502799917854,
              36.050455788680864
            ],
            [
              120.74290068512722,
              36.2633134350848
            ],
            [
              120.83077337107585,
              36.40489721051718
            ],
            [
              121.00651874297313,
              36.54622346416093
            ],
            [
              121.35800948676771,
              36.54622346416093
            ],
            [
              121.53375485866498,
              36.6167898981996
            ],
            [
              121.79737291651092,
              36.687291806128435
            ],
            [
              121.97311828840819,
              36.757729140300505
            ],
            [
              122.06099097435687,
              36.898409898957055
            ],
            [
              122.32460903220277,
              36.968653230315624
            ],
            [
              122.58822709004873,
              37.038831801664124
            ],
            [
              122.85184514789464,
              37.178994482826894
            ],
            [
              123.02759051979194,
              37.24897850296437
            ],
            [
              122.85184514789464,
              37.388751681376476
            ],
            [
              122.67609977599736,
              37.52826475432794
            ],
            [
              122.50035440410008,
              37.59792364423879
            ],
            [
              122.32460903220277,
              37.73704592061615
            ],
            [
              122.14886366030552,
              37.80650922422855
            ],
            [
              121.97311828840819,
              37.87590725025844
            ],
            [
              121.70950023056227,
              37.87590725025844
            ],
            [
              121.18226411487043,
              38.0145073085057
            ],
            [
              121.00651874297313,
              38.08370926124148
            ],
            [
              120.74290068512722,
              38.08370926124148
            ],
            [
              120.5671553132299,
              38.0145073085057
            ],
            [
              120.39140994133264,
              37.94523995833444
            ],
            [
              120.21566456943532,
              37.87590725025844
            ],
            [
              119.95204651158942,
              37.87590725025844
            ],
            [
              119.51268308184619,
              38.0145073085057
            ],
            [
              119.3369377099489,
              38.08370926124148
            ],
            [
              119.16119233805162,
              38.152845777430024
            ],
            [
              118.98544696615436,
              38.22191681837795
            ],
            [
              118.89757428020567,
              38.35986232186442
            ],
            [
              118.89757428020567,
              38.566288569411164
            ],
            [
              118.80970159425702,
              38.703577635476464
            ],
            [
              118.7218289083084,
              38.840603622627214
            ],
            [
              118.54608353641113,
              38.977366252764696
            ],
            [
              118.63395622235977,
              39.11386525433247
            ],
            [
              118.63395622235977,
              39.318118875110265
            ],
            [
              118.7218289083084,
              39.453957659874476
            ],
            [
              118.80970159425702,
              39.58953191673551
            ],
            [
              118.89757428020567,
              39.72484140322788
            ],
            [
              118.98544696615436,
              39.85988588327191
            ],
            [
              119.16119233805162,
              39.99466512714486
            ],
            [
              119.3369377099489,
              40.12917891145169
            ],
            [
              119.68842845374347,
              40.26342701909567
            ],
            [
              119.86417382564078,
              40.3304513780413
            ],
            [
              120.03991919753804,
              40.397409239248844
            ],
            [
              120.21566456943532,
              40.46430057733946
            ],
            [
              120.65502799917854,
              40.53112536732233
            ],
            [
              120.91864605702449,
              40.53112536732233
            ],
            [
              121.09439142892177,
              40.59788358459383
            ],
            [
              121.27013680081906,
              40.73120020451811
            ],
            [
              121.44588217271634,
              40.797758559890845
            ],
            [
              121.62162754461365,
              40.86425024799015
            ],
            [
              121.70950023056227,
              40.73120020451811
            ],
            [
              121.79737291651092,
              40.59788358459383
            ],
            [
              121.79737291651092,
              40.397409239248844
            ],
            [
              121.70950023056227,
              40.26342701909567
            ],
            [
              121.62162754461365,
              40.06195521545988
            ],
            [
              121.53375485866498,
              39.927308673839896
            ],
            [
              121.35800948676771,
              39.79239678356224
            ],
            [
              121.27013680081906,
              39.65721977118207
            ],
            [
              121.35800948676771,
              39.52177786959697
            ],
            [
              121.44588217271634,
              39.386071318075906
            ],
            [
              121.70950023056227,
              39.386071318075906
            ],
            [
              121.88524560245956,
              39.318118875110265
            ],
            [
              122.06099097435687,
              39.386071318075906
            ],
            [
              122.23673634625413,
              39.453957659874476
            ],
            [
              122.4124817181514,
              39.52177786959697
            ],
            [
              122.58822709004873,
              39.58953191673551
            ],
            [
              122.763972461946,
              39.65721977118207
            ],
            [
              123.02759051979194,
              39.65721977118207
            ],
            [
              123.2033358916892,
              39.72484140322788
            ],
            [
              123.29120857763786,
              39.85988588327191
            ],
            [
              123.46695394953515,
              39.927308673839896
            ],
            [
              123.55482663548379,
              40.06195521545988
            ],
            [
              123.81844469332975,
              40.06195521545988
            ],
            [
              123.994190065227,
              40.12917891145169
            ],
            [
              124.16993543712428,
              40.06195521545988
            ],
            [
              124.43355349497023,
              40.06195521545988
            ],
            [
              124.69717155281617,
              40.12917891145169
            ],
            [
              124.87291692471344,
              40.19633618817989
            ],
            [
              125.04866229661073,
              40.3304513780413
            ],
            [
              125.22440766850802,
              40.397409239248844
            ],
            [
              125.48802572635394,
              40.397409239248844
            ],
            [
              125.66377109825125,
              40.46430057733946
            ],
            [
              126.10313452799446,
              40.46430057733946
            ],
            [
              126.36675258584037,
              40.46430057733946
            ],
            [
              126.54249795773771,
              40.397409239248844
            ],
            [
              126.71824332963496,
              40.3304513780413
            ],
            [
              126.89398870153225,
              40.26342701909567
            ],
            [
              127.06973407342953,
              40.19633618817989
            ],
            [
              127.15760675937817,
              40.06195521545988
            ],
            [
              127.33335213127549,
              39.99466512714486
            ],
            [
              127.50909750317277,
              39.85988588327191
            ],
            [
              127.77271556101871,
              39.85988588327191
            ],
            [
              127.94846093291598,
              39.927308673839896
            ],
            [
              128.12420630481324,
              40.12917891145169
            ],
            [
              128.29995167671055,
              40.19633618817989
            ],
            [
              128.47569704860783,
              40.26342701909567
            ],
            [
              128.73931510645377,
              40.3304513780413
            ],
            [
              128.91506047835105,
              40.397409239248844
            ],
            [
              129.09080585024836,
              40.53112536732233
            ],
            [
              129.2665512221456,
              40.59788358459383
            ],
            [
              129.44229659404292,
              40.66457520493648
            ],
            [
              129.61804196594022,
              40.797758559890845
            ],
            [
              129.70591465188883,
              40.930675246133966
            ],
            [
              129.70591465188883,
              41.12954987972775
            ],
            [
              129.70591465188883,
              41.32782352367921
            ],
            [
              129.79378733783747,
              41.459671796479526
            ],
            [
              129.8816600237861,
              41.59125256148092
            ],
            [
              130.05740539568342,
              41.78812180579872
            ],
            [
              130.2331507675807,
              41.853610974825955
            ],
            [
              130.32102345352934,
              41.984388341342935
            ],
            [
              130.49676882542664,
              42.049676505810474
            ],
            [
              130.58464151137528,
              42.18005171734726
            ],
            [
              130.67251419732392,
              42.31015867017333
            ],
            [
              130.76038688327256,
              42.43999724673878
            ],
            [
              130.84825956922123,
              42.56956733525465
            ],
            [
              130.9361322551699,
              42.69886882966104
            ],
            [
              131.0240049411185,
              42.82790162959523
            ],
            [
              131.28762299896445,
              42.82790162959523
            ],
            [
              131.55124105681034,
              42.82790162959523
            ],
            [
              131.72698642870768,
              42.95666564035967
            ],
            [
              131.90273180060495,
              43.02094682175141
            ],
            [
              132.51784060224543,
              42.95666564035967
            ],
            [
              132.78145866009137,
              42.95666564035967
            ],
            [
              132.95720403198865,
              42.82790162959523
            ],
            [
              133.13294940388596,
              42.76341882248818
            ],
            [
              133.39656746173185,
              42.76341882248818
            ],
            [
              133.57231283362918,
              42.82790162959523
            ],
            [
              133.8359308914751,
              42.892317239321834
            ],
            [
              134.01167626337238,
              42.95666564035967
            ],
            [
              134.18742163526966,
              43.085160772889914
            ],
            [
              134.363167007167,
              43.21338694372255
            ],
            [
              134.53891237906427,
              43.277399143943484
            ],
            [
              134.71465775096152,
              43.40522172790839
            ],
            [
              134.8025304369102,
              43.53277516580951
            ],
            [
              134.89040312285883,
              43.660059393532386
            ],
            [
              135.0661484947561,
              43.72360053503376
            ],
            [
              135.15402118070472,
              43.850480839199314
            ],
            [
              135.2418938666534,
              43.97709179669646
            ],
            [
              135.32976655260205,
              44.10343336236193
            ],
            [
              135.4176392385507,
              44.2295054963737
            ],
            [
              135.59338461044794,
              44.35530816421816
            ],
            [
              135.6812572963966,
              44.48084133665736
            ],
            [
              135.76912998234528,
              44.60610498969632
            ],
            [
              135.8570026682939,
              44.73109910454993
            ],
            [
              135.94487535424253,
              44.85582366761019
            ],
            [
              136.03274804019117,
              44.98027867041328
            ],
            [
              136.12062072613986,
              45.10446410960655
            ],
            [
              136.29636609803714,
              45.2283799869156
            ],
            [
              136.47211146993442,
              45.35202630911109
            ],
            [
              136.6478568418317,
              45.41374839052854
            ],
            [
              136.82360221372895,
              45.53699040370386
            ],
            [
              136.99934758562628,
              45.598510340272
            ],
            [
              137.2629656434722,
              45.72134808770735
            ],
            [
              137.35083832942084,
              45.84391635690275
            ],
            [
              137.52658370131815,
              45.90509944681476
            ],
            [
              137.70232907321542,
              45.96621517935897
            ],
            [
              137.87807444511273,
              46.027263559230015
            ],
            [
              138.05381981700998,
              46.14915828123437
            ],
            [
              138.14169250295865,
              46.270783656383294
            ],
            [
              138.2295651889073,
              46.452716800745925
            ],
            [
              138.31743787485593,
              46.57366903049341
            ],
            [
              138.40531056080457,
              46.69435210312852
            ],
            [
              138.58105593270184,
              46.81476608338402
            ],
            [
              138.75680130459915,
              46.99488265850753
            ],
            [
              138.8446739905478,
              47.17439418622762
            ],
            [
              138.93254667649643,
              47.29373253609769
            ],
            [
              139.02041936244507,
              47.41280218581715
            ],
            [
              139.284037420291,
              47.531603227314015
            ],
            [
              139.6355281640856,
              47.76839987540405
            ],
            [
              139.81127353598288,
              47.8863956878071
            ],
            [
              139.89914622193152,
              48.00412330354154
            ],
            [
              139.89914622193152,
              48.18021210823886
            ],
            [
              139.98701890788013,
              48.29726973896734
            ],
            [
              140.0748915938288,
              48.41405958945941
            ],
            [
              140.16276427977746,
              48.530581788142435
            ],
            [
              140.25063696572607,
              48.64683646758239
            ],
            [
              140.3385096516747,
              48.76282376445145
            ],
            [
              140.42638233762335,
              48.87854381949546
            ],
            [
              140.51425502357202,
              48.993996777501586
            ],
            [
              140.60212770952066,
              49.10918278726577
            ],
            [
              140.60212770952066,
              49.33875457710284
            ],
            [
              140.60212770952066,
              49.51023384519287
            ],
            [
              140.6900003954693,
              49.68111409687185
            ],
            [
              140.6900003954693,
              49.85139590999656
            ],
            [
              140.77787308141794,
              49.96458494692332
            ],
            [
              140.86574576736658,
              50.19016662755204
            ],
            [
              140.95361845331527,
              50.30255964548232
            ],
            [
              141.04149113926388,
              50.47065243477444
            ],
            [
              141.12936382521252,
              50.58238342333416
            ],
            [
              141.12936382521252,
              50.74948410360811
            ],
            [
              141.21723651116113,
              50.86055432244628
            ],
            [
              141.3051091971098,
              50.97136059841672
            ],
            [
              141.3051091971098,
              51.13707558807849
            ],
            [
              141.39298188305847,
              51.247222949650855
            ],
            [
              141.39298188305847,
              51.411950600399145
            ],
            [
              141.39298188305847,
              51.576086861821636
            ],
            [
              141.3051091971098,
              51.68518287146689
            ],
            [
              141.21723651116113,
              51.79401662365383
            ],
            [
              141.3051091971098,
              51.90258835708457
            ],
            [
              141.3051091971098,
              52.06495520207458
            ],
            [
              141.39298188305847,
              52.22673387957837
            ],
            [
              141.4808545690071,
              52.387925235090734
            ],
            [
              141.56872725495575,
              52.49506027334842
            ],
            [
              141.56872725495575,
              52.65527467990783
            ],
            [
              141.65659994090439,
              52.76175923344868
            ],
            [
              141.65659994090439,
              52.92099915341706
            ],
            [
              141.65659994090439,
              53.079655592104494
            ],
            [
              141.65659994090439,
              53.23772947539344
            ],
            [
              141.4808545690071,
              53.290291475170896
            ],
            [
              141.3051091971098,
              53.395221743536176
            ],
            [
              141.12936382521252,
              53.49989394017338
            ],
            [
              141.04149113926388,
              53.604308351317925
            ],
            [
              140.86574576736658,
              53.70846526592896
            ],
            [
              140.6900003954693,
              53.76044725307195
            ],
            [
              140.51425502357202,
              53.81236497566107
            ],
            [
              140.3385096516747,
              53.864218470569675
            ],
            [
              140.25063696572607,
              53.96773292566239
            ],
            [
              140.16276427977746,
              54.07099091661982
            ],
            [
              139.98701890788013,
              54.12252383196804
            ],
            [
              139.81127353598288,
              54.22539769165169
            ],
            [
              139.5476554781369,
              54.22539769165169
            ],
            [
              138.93254667649643,
              54.276738712165134
            ],
            [
              138.66892861865048,
              54.276738712165134
            ],
            [
              138.40531056080457,
              54.276738712165134
            ],
            [
              137.96594713106137,
              54.276738712165134
            ],
            [
              137.52658370131815,
              54.276738712165134
            ],
            [
              137.08722027157492,
              54.22539769165169
            ],
            [
              136.91147489967761,
              54.17399274430878
            ],
            [
              136.6478568418317,
              54.17399274430878
            ],
            [
              136.38423878398575,
              54.276738712165134
            ],
            [
              135.94487535424253,
              54.32801584417557
            ],
            [
              135.76912998234528,
              54.430378596777494
            ],
            [
              135.6812572963966,
              54.53248625919554
            ],
            [
              135.76912998234528,
              54.63433914364046
            ],
            [
              135.6812572963966,
              54.7359375647686
            ],
            [
              135.59338461044794,
              54.83728183965464
            ],
            [
              135.32976655260205,
              54.83728183965464
            ],
            [
              135.15402118070472,
              54.88785877199736
            ],
            [
              134.8025304369102,
              54.88785877199736
            ],
            [
              134.53891237906427,
              54.88785877199736
            ],
            [
              134.18742163526966,
              54.88785877199736
            ],
            [
              133.92380357742374,
              54.88785877199736
            ],
            [
              133.6601855195778,
              54.88785877199736
            ],
            [
              133.39656746173185,
              54.88785877199736
            ],
            [
              133.04507671793732,
              54.88785877199736
            ],
            [
              132.69358597414274,
              54.93837228776462
            ],
            [
              131.63911374275898,
              55.039209230929075
            ],
            [
              131.3754956849131,
              55.039209230929075
            ],
            [
              131.3754956849131,
              55.18999003365339
            ],
            [
              131.46336837086173,
              55.290194637738004
            ],
            [
              131.55124105681034,
              55.44002847200235
            ],
            [
              131.63911374275898,
              55.539602798786596
            ],
            [
              131.72698642870768,
              55.63892559977246
            ],
            [
              131.55124105681034,
              55.688492783518925
            ],
            [
              131.3754956849131,
              55.73799721259953
            ],
            [
              131.11187762706714,
              55.78743892955567
            ],
            [
              130.76038688327256,
              55.73799721259953
            ],
            [
              130.408896139478,
              55.73799721259953
            ],
            [
              129.9695327097348,
              55.688492783518925
            ],
            [
              129.2665512221456,
              55.63892559977246
            ],
            [
              128.56356973455647,
              55.539602798786596
            ],
            [
              128.21207899076194,
              55.539602798786596
            ],
            [
              127.94846093291598,
              55.539602798786596
            ],
            [
              127.68484287507005,
              55.539602798786596
            ],
            [
              127.42122481722413,
              55.4898470971369
            ],
            [
              126.89398870153225,
              55.4898470971369
            ],
            [
              125.57589841230262,
              55.39014688151875
            ],
            [
              124.96078961066209,
              55.34020228395985
            ],
            [
              124.69717155281617,
              55.290194637738004
            ],
            [
              124.25780812307296,
              55.18999003365339
            ],
            [
              123.90631737927838,
              55.139792993316156
            ],
            [
              123.37908126358654,
              55.039209230929075
            ],
            [
              123.2033358916892,
              54.98882242725901
            ],
            [
              123.02759051979194,
              54.93837228776462
            ],
            [
              122.67609977599736,
              54.93837228776462
            ],
            [
              122.32460903220277,
              54.93837228776462
            ],
            [
              121.97311828840819,
              54.98882242725901
            ],
            [
              121.44588217271634,
              54.98882242725901
            ],
            [
              121.00651874297313,
              54.98882242725901
            ],
            [
              120.74290068512722,
              54.98882242725901
            ],
            [
              120.5671553132299,
              54.93837228776462
            ],
            [
              119.95204651158942,
              54.88785877199736
            ],
            [
              119.68842845374347,
              54.88785877199736
            ],
            [
              119.07331965210298,
              54.88785877199736
            ],
            [
              118.80970159425702,
              54.88785877199736
            ],
            [
              118.28246547856517,
              54.88785877199736
            ],
            [
              117.66735667692464,
              54.83728183965464
            ],
            [
              116.87650250338687,
              54.68517014235832
            ],
            [
              116.43713907364366,
              54.63433914364046
            ],
            [
              115.90990295795177,
              54.5834445290556
            ],
            [
              115.64628490010585,
              54.53248625919554
            ],
            [
              115.119048784414,
              54.3792291261664
            ],
            [
              114.94330341251671,
              54.276738712165134
            ],
            [
              114.59181266872211,
              54.17399274430878
            ],
            [
              114.41606729682483,
              54.12252383196804
            ],
            [
              114.1524492389789,
              54.019393960414405
            ],
            [
              113.7130858092357,
              53.91600777483596
            ],
            [
              113.36159506544115,
              53.70846526592896
            ],
            [
              113.01010432164657,
              53.604308351317925
            ],
            [
              112.4828682059547,
              53.44759008299525
            ],
            [
              111.86775940431419,
              53.290291475170896
            ],
            [
              111.42839597457096,
              53.18510285159443
            ],
            [
              111.07690523077638,
              53.132411568773115
            ],
            [
              110.9011598588791,
              53.079655592104494
            ],
            [
              110.63754180103317,
              53.079655592104494
            ],
            [
              110.46179642913587,
              53.026834886939994
            ],
            [
              110.46179642913587,
              53.290291475170896
            ],
            [
              110.46179642913587,
              53.44759008299525
            ],
            [
              110.46179642913587,
              53.604308351317925
            ],
            [
              110.37392374318725,
              53.864218470569675
            ],
            [
              110.37392374318725,
              54.019393960414405
            ],
            [
              110.28605105723861,
              54.12252383196804
            ],
            [
              110.19817837128994,
              54.276738712165134
            ],
            [
              110.11030568534132,
              54.48146429480394
            ],
            [
              110.02243299939266,
              54.63433914364046
            ],
            [
              109.93456031344404,
              54.78664145058099
            ],
            [
              109.8466876274954,
              54.88785877199736
            ],
            [
              109.75881494154673,
              54.98882242725901
            ],
            [
              109.75881494154673,
              55.139792993316156
            ],
            [
              109.67094225559809,
              55.24012390140513
            ],
            [
              109.49519688370081,
              55.290194637738004
            ],
            [
              109.40732419775219,
              55.39014688151875
            ],
            [
              109.23157882585485,
              55.4898470971369
            ],
            [
              109.14370613990623,
              55.58929561895262
            ],
            [
              109.05583345395759,
              55.688492783518925
            ],
            [
              108.88008808206028,
              55.78743892955567
            ],
            [
              108.70434271016302,
              55.8861343979239
            ],
            [
              108.61647002421438,
              55.98457953160017
            ],
            [
              108.44072465231707,
              56.03370833068113
            ],
            [
              108.35285196636843,
              56.13177860996528
            ],
            [
              108.17710659447117,
              56.18072017720729
            ],
            [
              108.08923390852252,
              56.27841638543962
            ],
            [
              108.00136122257383,
              56.37586365153254
            ],
            [
              107.82561585067658,
              56.424494041566504
            ],
            [
              107.73774316472795,
              56.521568557266015
            ],
            [
              107.56199779283062,
              56.61839501743611
            ],
            [
              107.2105070490361,
              56.763170387303724
            ],
            [
              107.03476167713877,
              56.859378279224366
            ],
            [
              106.8590163052415,
              56.955339377021815
            ],
            [
              106.59539824739556,
              56.955339377021815
            ],
            [
              106.41965287549829,
              57.00322749198802
            ],
            [
              105.98028944575508,
              57.00322749198802
            ],
            [
              105.62879870196048,
              57.00322749198802
            ],
            [
              105.36518064411455,
              57.00322749198802
            ],
            [
              105.18943527221727,
              57.051054045288105
            ],
            [
              104.83794452842267,
              57.051054045288105
            ],
            [
              104.31070841273085,
              57.09881908277983
            ],
            [
              103.95921766893625,
              57.146522650433354
            ],
            [
              103.69559961109033,
              57.241745560661926
            ],
            [
              103.51985423919304,
              57.289264995731024
            ],
            [
              103.08049080944983,
              57.38412005783409
            ],
            [
              102.81687275160391,
              57.431455778014886
            ],
            [
              102.46538200780931,
              57.47873035322528
            ],
            [
              102.0260185780661,
              57.525943830305785
            ],
            [
              101.23516440452829,
              57.57309625620242
            ],
            [
              100.35643754504187,
              57.66721814275161
            ],
            [
              100.09281948719595,
              57.66721814275161
            ],
            [
              99.82920142935002,
              57.71418769781732
            ],
            [
              99.56558337150406,
              57.71418769781732
            ],
            [
              98.95047456986357,
              57.76109639052413
            ],
            [
              98.42323845417172,
              57.80794426833483
            ],
            [
              97.98387502442846,
              57.80794426833483
            ],
            [
              97.45663890873662,
              57.80794426833483
            ],
            [
              97.10514816494204,
              57.80794426833483
            ],
            [
              96.84153010709612,
              57.80794426833483
            ],
            [
              96.31429399140427,
              57.80794426833483
            ],
            [
              96.13854861950696,
              57.76109639052413
            ],
            [
              95.78705787571243,
              57.76109639052413
            ],
            [
              95.34769444596917,
              57.76109639052413
            ],
            [
              94.82045833027729,
              57.76109639052413
            ],
            [
              94.29322221458546,
              57.76109639052413
            ],
            [
              93.85385878484223,
              57.76109639052413
            ],
            [
              92.97513192535581,
              57.80794426833483
            ],
            [
              92.09640506586936,
              57.948123488532225
            ],
            [
              91.48129626422887,
              58.04127310218972
            ],
            [
              91.04193283448566,
              58.134180603869204
            ],
            [
              90.51469671879379,
              58.226846379205234
            ],
            [
              90.16320597499922,
              58.27308874042403
            ],
            [
              89.81171523120464,
              58.31927081536163
            ],
            [
              89.37235180146143,
              58.31927081536163
            ],
            [
              88.84511568576956,
              58.31927081536163
            ],
            [
              88.40575225602635,
              58.27308874042403
            ],
            [
              87.8785161403345,
              58.226846379205234
            ],
            [
              87.5270253965399,
              58.134180603869204
            ],
            [
              87.17553465274533,
              58.08775709296065
            ],
            [
              86.82404390895074,
              58.04127310218972
            ],
            [
              86.64829853705348,
              57.99472858340006
            ],
            [
              85.94531704946431,
              57.901457769624464
            ],
            [
              85.06659018997787,
              57.80794426833483
            ],
            [
              84.36360870238875,
              57.76109639052413
            ],
            [
              83.83637258669685,
              57.71418769781732
            ],
            [
              83.4848818429023,
              57.71418769781732
            ],
            [
              83.309136471005,
              57.66721814275161
            ],
            [
              82.95764572721042,
              57.62018767796605
            ],
            [
              82.51828229746721,
              57.525943830305785
            ],
            [
              82.34253692556993,
              57.47873035322528
            ],
            [
              81.99104618177535,
              57.33672314594857
            ],
            [
              81.9031734958267,
              57.241745560661926
            ],
            [
              81.72742812392943,
              57.19416479433
            ],
            [
              81.55168275203214,
              57.146522650433354
            ],
            [
              81.37593738013486,
              57.09881908277983
            ],
            [
              81.20019200823754,
              57.051054045288105
            ],
            [
              81.02444663634027,
              57.00322749198802
            ],
            [
              80.848701264443,
              56.955339377021815
            ],
            [
              80.67295589254569,
              56.90738965464436
            ],
            [
              80.49721052064842,
              56.859378279224366
            ],
            [
              80.23359246280248,
              56.81130520524478
            ],
            [
              79.8821017190079,
              56.71497378011526
            ],
            [
              79.70635634711061,
              56.66671533851002
            ],
            [
              79.5306109752133,
              56.61839501743611
            ],
            [
              79.2669929173674,
              56.570012771959696
            ],
            [
              78.91550217357283,
              56.473062328659836
            ],
            [
              78.30039337193233,
              56.473062328659836
            ],
            [
              77.33379382649726,
              56.473062328659836
            ],
            [
              77.07017576865131,
              56.473062328659836
            ],
            [
              76.80655771080535,
              56.473062328659836
            ],
            [
              76.45506696701082,
              56.473062328659836
            ],
            [
              76.01570353726756,
              56.521568557266015
            ],
            [
              75.48846742157572,
              56.570012771959696
            ],
            [
              75.13697667778112,
              56.61839501743611
            ],
            [
              74.60974056208927,
              56.66671533851002
            ],
            [
              74.433995190192,
              56.71497378011526
            ],
            [
              73.99463176044878,
              56.763170387303724
            ],
            [
              73.73101370260284,
              56.81130520524478
            ],
            [
              73.11590490096235,
              56.859378279224366
            ],
            [
              72.41292341337318,
              56.859378279224366
            ],
            [
              71.97355998362997,
              56.955339377021815
            ],
            [
              71.4463238679381,
              56.955339377021815
            ],
            [
              71.09483312414353,
              56.955339377021815
            ],
            [
              70.83121506629759,
              56.955339377021815
            ],
            [
              70.39185163655439,
              57.00322749198802
            ],
            [
              70.04036089275982,
              57.051054045288105
            ],
            [
              69.51312477706797,
              57.09881908277983
            ],
            [
              68.98588866137607,
              57.19416479433
            ],
            [
              68.5465252316329,
              57.19416479433
            ],
            [
              68.19503448783827,
              57.241745560661926
            ],
            [
              67.57992568619778,
              57.33672314594857
            ],
            [
              66.87694419860865,
              57.38412005783409
            ],
            [
              66.26183539696814,
              57.431455778014886
            ],
            [
              65.91034465317358,
              57.431455778014886
            ],
            [
              65.64672659532764,
              57.47873035322528
            ],
            [
              65.38310853748169,
              57.47873035322528
            ],
            [
              65.20736316558443,
              57.525943830305785
            ],
            [
              64.7679997358412,
              57.57309625620242
            ],
            [
              63.80140019040609,
              57.76109639052413
            ],
            [
              63.274164074714236,
              57.85473137881342
            ],
            [
              62.746927959022386,
              57.948123488532225
            ],
            [
              62.395437215227794,
              58.04127310218972
            ],
            [
              60.90160155410088,
              57.948123488532225
            ],
            [
              60.110747380563076,
              57.901457769624464
            ],
            [
              59.75925663676849,
              57.85473137881342
            ],
            [
              59.49563857892259,
              57.85473137881342
            ],
            [
              59.05627514917936,
              57.85473137881342
            ],
            [
              58.79265709133342,
              57.80794426833483
            ],
            [
              58.265420975641554,
              57.76109639052413
            ],
            [
              57.65031217400104,
              57.66721814275161
            ],
            [
              57.12307605830918,
              57.62018767796605
            ],
            [
              56.244349198822746,
              57.57309625620242
            ],
            [
              55.18987696743904,
              57.57309625620242
            ],
            [
              54.662640851747184,
              57.57309625620242
            ],
            [
              54.311150107952606,
              57.57309625620242
            ],
            [
              54.13540473605529,
              57.62018767796605
            ],
            [
              53.69604130631211,
              57.66721814275161
            ],
            [
              53.25667787656886,
              57.76109639052413
            ],
            [
              52.81731444682568,
              57.76109639052413
            ],
            [
              52.202205645185145,
              57.85473137881342
            ],
            [
              51.85071490139056,
              57.901457769624464
            ],
            [
              51.58709684354466,
              57.901457769624464
            ],
            [
              51.41135147164734,
              57.948123488532225
            ],
            [
              51.05986072785281,
              57.99472858340006
            ],
            [
              50.62049729810955,
              58.04127310218972
            ],
            [
              50.18113386836637,
              58.08775709296065
            ],
            [
              49.56602506672584,
              58.18054368316798
            ],
            [
              49.302407008879925,
              58.226846379205234
            ],
            [
              48.950916265085354,
              58.27308874042403
            ],
            [
              48.77517089318804,
              58.31927081536163
            ],
            [
              48.51155283534213,
              58.31927081536163
            ],
            [
              47.720698661804335,
              58.36539265264881
            ],
            [
              47.105589860163796,
              58.41145430100912
            ],
            [
              46.66622643042062,
              58.457455809258235
            ],
            [
              46.314735686626044,
              58.50339722630328
            ],
            [
              45.87537225688282,
              58.5950999828627
            ],
            [
              45.69962688498551,
              58.64086142064231
            ],
            [
              45.08451808334501,
              58.73220466153102
            ],
            [
              44.73302733955044,
              58.8233087189892
            ],
            [
              44.11791853790995,
              58.95951720411146
            ],
            [
              43.59068242221805,
              59.004800871253124
            ],
            [
              43.41493705032078,
              59.05002504096189
            ],
            [
              42.79982824868029,
              59.05002504096189
            ],
            [
              42.62408287678298,
              59.09518976327226
            ],
            [
              42.44833750488571,
              59.14029508830078
            ],
            [
              42.0089740751425,
              59.18534106624549
            ],
            [
              41.83322870324519,
              59.23032774738516
            ],
            [
              41.56961064539927,
              59.27525518207871
            ],
            [
              41.130247215656055,
              59.27525518207871
            ],
            [
              40.77875647186148,
              59.27525518207871
            ],
            [
              40.42726572806689,
              59.27525518207871
            ],
            [
              40.16364767022098,
              59.27525518207871
            ],
            [
              39.54853886858045,
              59.27525518207871
            ],
            [
              39.19704812478587,
              59.27525518207871
            ],
            [
              38.93343006693997,
              59.27525518207871
            ],
            [
              38.757684695042656,
              59.23032774738516
            ],
            [
              38.494066637196745,
              59.18534106624549
            ],
            [
              38.2304485793508,
              59.18534106624549
            ],
            [
              37.966830521504896,
              59.09518976327226
            ],
            [
              37.70321246365895,
              59.09518976327226
            ],
            [
              37.52746709176168,
              59.05002504096189
            ],
            [
              37.351721719864365,
              59.004800871253124
            ],
            [
              37.1759763479671,
              58.95951720411146
            ],
            [
              37.00023097606979,
              58.91417398958515
            ],
            [
              36.73661291822388,
              58.8233087189892
            ],
            [
              36.38512217442929,
              58.777786563435676
            ],
            [
              36.20937680253203,
              58.73220466153102
            ],
            [
              35.68214068684013,
              58.68656296374706
            ],
            [
              35.41852262899422,
              58.64086142064231
            ],
            [
              35.41852262899422,
              58.50339722630328
            ],
            [
              35.330649943045586,
              58.36539265264881
            ],
            [
              35.24277725709691,
              58.226846379205234
            ],
            [
              35.15490457114828,
              58.134180603869204
            ],
            [
              34.97915919925101,
              58.04127310218972
            ],
            [
              34.715541141405055,
              57.901457769624464
            ],
            [
              34.53979576950778,
              57.80794426833483
            ],
            [
              34.451923083559144,
              57.71418769781732
            ],
            [
              34.27617771166184,
              57.66721814275161
            ],
            [
              34.188305025713206,
              57.525943830305785
            ],
            [
              34.100432339764566,
              57.38412005783409
            ],
            [
              33.92468696786726,
              57.289264995731024
            ],
            [
              33.74894159596999,
              57.19416479433
            ],
            [
              33.57319622407271,
              57.09881908277983
            ],
            [
              33.3974508521754,
              57.051054045288105
            ],
            [
              33.30957816622677,
              56.955339377021815
            ],
            [
              33.13383279432946,
              56.859378279224366
            ],
            [
              32.958087422432186,
              56.763170387303724
            ],
            [
              32.870214736483554,
              56.66671533851002
            ],
            [
              32.782342050534915,
              56.570012771959696
            ],
            [
              32.958087422432186,
              56.473062328659836
            ],
            [
              33.22170548027813,
              56.229599421086846
            ],
            [
              33.57319622407271,
              56.03370833068113
            ],
            [
              33.83681428191863,
              55.8861343979239
            ],
            [
              33.83681428191863,
              55.73799721259953
            ],
            [
              33.92468696786726,
              55.63892559977246
            ],
            [
              33.92468696786726,
              55.4898470971369
            ],
            [
              33.92468696786726,
              55.34020228395985
            ],
            [
              34.01255965381589,
              55.139792993316156
            ],
            [
              34.100432339764566,
              54.93837228776462
            ],
            [
              34.100432339764566,
              54.78664145058099
            ],
            [
              34.188305025713206,
              54.63433914364046
            ],
            [
              34.188305025713206,
              54.430378596777494
            ],
            [
              34.01255965381589,
              54.32801584417557
            ],
            [
              33.92468696786726,
              54.22539769165169
            ],
            [
              33.74894159596999,
              54.12252383196804
            ],
            [
              33.57319622407271,
              53.96773292566239
            ],
            [
              33.3974508521754,
              53.81236497566107
            ],
            [
              33.3974508521754,
              53.65641897752455
            ],
            [
              33.30957816622677,
              53.44759008299525
            ],
            [
              33.22170548027813,
              53.34278888610205
            ],
            [
              33.13383279432946,
              53.23772947539344
            ],
            [
              33.04596010838082,
              53.132411568773115
            ],
            [
              32.870214736483554,
              52.9739494188085
            ],
            [
              32.870214736483554,
              52.81490409458018
            ],
            [
              32.958087422432186,
              52.65527467990783
            ],
            [
              32.958087422432186,
              52.49506027334842
            ],
            [
              33.04596010838082,
              52.387925235090734
            ],
            [
              33.04596010838082,
              52.22673387957837
            ],
            [
              33.04596010838082,
              52.06495520207458
            ],
            [
              33.13383279432946,
              51.956776042234765
            ],
            [
              33.22170548027813,
              51.848335227669764
            ],
            [
              33.22170548027813,
              51.68518287146689
            ],
            [
              33.3974508521754,
              51.630667663619846
            ],
            [
              33.485323538124035,
              51.521440436738395
            ],
            [
              33.57319622407271,
              51.411950600399145
            ],
            [
              33.74894159596999,
              51.19218218030183
            ],
            [
              33.92468696786726,
              51.13707558807849
            ],
            [
              34.01255965381589,
              51.02666482449913
            ],
            [
              34.188305025713206,
              50.91599044000924
            ],
            [
              34.36405039761048,
              50.80505221911248
            ],
            [
              34.451923083559144,
              50.6938499497505
            ],
            [
              34.62766845545642,
              50.638149731574586
            ],
            [
              34.715541141405055,
              50.5265509995027
            ],
            [
              34.89128651330237,
              50.47065243477444
            ],
            [
              35.06703188519964,
              50.358656782513854
            ],
            [
              35.24277725709691,
              50.30255964548232
            ],
            [
              35.594268000891496,
              50.13387069850484
            ],
            [
              36.47299486037793,
              50.07750845768259
            ],
            [
              37.351721719864365,
              49.96458494692332
            ],
            [
              37.61533977771031,
              49.90802363066638
            ],
            [
              37.79108514960758,
              49.85139590999656
            ],
            [
              37.87895783555622,
              49.73794116532914
            ],
            [
              38.05470320745353,
              49.68111409687185
            ],
            [
              38.14257589340217,
              49.56726045832556
            ],
            [
              38.31832126529944,
              49.45314067452153
            ],
            [
              38.757684695042656,
              49.16667573414411
            ],
            [
              39.0213027528886,
              49.05162314145846
            ],
            [
              39.19704812478587,
              48.93630367642212
            ],
            [
              39.28492081073455,
              48.820717188246725
            ],
            [
              39.37279349668319,
              48.70486353013678
            ],
            [
              39.46066618263182,
              48.58874255932165
            ],
            [
              39.46066618263182,
              48.41405958945941
            ],
            [
              39.37279349668319,
              48.29726973896734
            ],
            [
              39.28492081073455,
              48.18021210823886
            ],
            [
              39.19704812478587,
              48.06288657301799
            ],
            [
              39.19704812478587,
              47.8863956878071
            ],
            [
              39.19704812478587,
              47.650135756933224
            ],
            [
              39.19704812478587,
              47.47223627667496
            ],
            [
              39.28492081073455,
              47.35330094283465
            ],
            [
              39.37279349668319,
              47.23409695425353
            ],
            [
              39.37279349668319,
              47.05478704872925
            ],
            [
              39.37279349668319,
              46.81476608338402
            ],
            [
              39.46066618263182,
              46.63404420751278
            ],
            [
              39.54853886858045,
              46.51322656412332
            ],
            [
              39.6364115545291,
              46.39213973299618
            ],
            [
              39.72428424047777,
              46.210004634257096
            ],
            [
              39.812156926426404,
              46.08824459142339
            ],
            [
              39.90002961237504,
              45.84391635690275
            ],
            [
              39.987902298323675,
              45.659962900548244
            ],
            [
              39.987902298323675,
              45.47540308797591
            ],
            [
              40.07577498427231,
              45.290236841783205
            ],
            [
              40.16364767022098,
              45.16645574319127
            ],
            [
              40.25152035616962,
              45.0424050854719
            ],
            [
              40.33939304211826,
              44.918084864372794
            ],
            [
              40.515138414015524,
              44.85582366761019
            ],
            [
              40.77875647186148,
              44.73109910454993
            ],
            [
              40.95450184375875,
              44.668635740367726
            ],
            [
              41.04237452970742,
              44.54350685439767
            ],
            [
              41.218119901604695,
              44.41810843898561
            ],
            [
              41.30599258755333,
              44.292440515517484
            ],
            [
              41.393865273501966,
              44.16650311060569
            ],
            [
              41.393865273501966,
              43.97709179669646
            ],
            [
              41.48173795945064,
              43.850480839199314
            ],
            [
              41.393865273501966,
              43.72360053503376
            ],
            [
              41.48173795945064,
              43.53277516580951
            ],
            [
              41.48173795945064,
              43.3413440749628
            ],
            [
              41.745356017296544,
              43.085160772889914
            ],
            [
              42.0089740751425,
              42.82790162959523
            ],
            [
              42.27259213298841,
              42.634251663127365
            ],
            [
              42.536210190834346,
              42.504815858765575
            ],
            [
              42.62408287678298,
              42.37511151261007
            ],
            [
              42.79982824868029,
              42.245138733581406
            ],
            [
              42.97557362057757,
              42.11489763634492
            ],
            [
              43.239191678423516,
              42.049676505810474
            ],
            [
              43.327064364372156,
              41.91903315890543
            ],
            [
              43.59068242221805,
              41.656942581512716
            ],
            [
              43.854300480064,
              41.39378108895916
            ],
            [
              44.11791853790995,
              41.195707898843764
            ],
            [
              44.20579122385859,
              41.06332508373307
            ],
            [
              44.55728196765317,
              40.59788358459383
            ],
            [
              44.73302733955044,
              40.3304513780413
            ],
            [
              44.908772711447746,
              40.19633618817989
            ],
            [
              44.996645397396385,
              40.06195521545988
            ],
            [
              45.17239076929366,
              39.85988588327191
            ],
            [
              45.26026345524229,
              39.72484140322788
            ],
            [
              45.34813614119093,
              39.58953191673551
            ],
            [
              45.4360088271396,
              39.453957659874476
            ],
            [
              45.52388151308824,
              39.318118875110265
            ],
            [
              45.611754199036874,
              39.11386525433247
            ],
            [
              45.69962688498551,
              38.977366252764696
            ],
            [
              45.96324494283146,
              38.77212353145097
            ],
            [
              46.051117628780084,
              38.63496596967062
            ],
            [
              46.13899031472872,
              38.4975454704871
            ],
            [
              46.314735686626044,
              38.35986232186442
            ],
            [
              46.490481058523315,
              38.290922345809186
            ],
            [
              46.66622643042062,
              38.08370926124148
            ],
            [
              46.92984448826653,
              37.87590725025844
            ],
            [
              47.36920791800975,
              37.73704592061615
            ],
            [
              47.54495328990707,
              37.59792364423879
            ],
            [
              47.80857134775297,
              37.45854075254469
            ],
            [
              47.98431671965023,
              37.3188975837365
            ],
            [
              48.160062091547545,
              37.24897850296437
            ],
            [
              48.24793477749618,
              37.10894556751892
            ],
            [
              48.335807463444816,
              36.968653230315624
            ],
            [
              48.42368014939349,
              36.82810185350317
            ],
            [
              48.51155283534213,
              36.687291806128435
            ],
            [
              48.77517089318804,
              36.40489721051718
            ],
            [
              48.950916265085354,
              36.050455788680864
            ],
            [
              49.12666163698262,
              35.9082299604956
            ],
            [
              49.21453432293125,
              35.76574803036511
            ],
            [
              49.390279694828564,
              35.623010419836184
            ],
            [
              49.478152380777196,
              35.48001755755386
            ],
            [
              49.653897752674474,
              35.336769879283004
            ],
            [
              49.741770438623114,
              35.19326782793077
            ],
            [
              49.91751581052043,
              35.04951185356758
            ],
            [
              50.00538849646905,
              34.905502413448616
            ],
            [
              50.09326118241769,
              34.761239972034446
            ],
            [
              50.09326118241769,
              34.54437296628014
            ],
            [
              50.00538849646905,
              34.326939393138346
            ],
            [
              50.00538849646905,
              34.108940911975985
            ],
            [
              50.00538849646905,
              33.89037921913984
            ],
            [
              50.00538849646905,
              33.5248628746309
            ],
            [
              50.09326118241769,
              33.157795139365554
            ],
            [
              50.09326118241769,
              32.93681337319372
            ],
            [
              50.18113386836637,
              32.56728130677582
            ],
            [
              50.269006554315,
              32.34482776502029
            ],
            [
              50.35687924026364,
              32.12182592980552
            ],
            [
              50.44475192621227,
              31.97285443557654
            ],
            [
              50.62049729810955,
              31.674185557402485
            ],
            [
              50.70836998405822,
              31.52448942096431
            ],
            [
              50.8841153559555,
              31.299494878241244
            ],
            [
              51.05986072785281,
              31.149199231122243
            ],
            [
              51.23560609975007,
              30.998664917807996
            ],
            [
              51.67496952949328,
              30.69688294726293
            ],
            [
              52.02646027328788,
              30.394154352335416
            ],
            [
              52.202205645185145,
              30.242436787238418
            ],
            [
              52.37795101708242,
              30.09048464118628
            ],
            [
              52.99305981872295,
              29.63322783267044
            ],
            [
              53.432423248466165,
              29.403816200042897
            ],
            [
              53.871786678209375,
              29.17388573395692
            ],
            [
              54.311150107952606,
              29.020311767420402
            ],
            [
              54.57476816579855,
              29.020311767420402
            ],
            [
              54.92625890959309,
              28.94343897228797
            ],
            [
              55.541367711233626,
              28.86650909698493
            ],
            [
              55.80498576907952,
              28.86650909698493
            ],
            [
              56.06860382692547,
              28.86650909698493
            ],
            [
              56.33222188477143,
              28.78952223791891
            ],
            [
              56.683712628565964,
              28.71247849198023
            ],
            [
              57.73818485994972,
              28.63537795654209
            ],
            [
              58.61691171943615,
              28.63537795654209
            ],
            [
              60.28649275246034,
              28.63537795654209
            ],
            [
              60.90160155410088,
              28.63537795654209
            ],
            [
              61.253092297895456,
              28.55822072946056
            ],
            [
              61.51671035574136,
              28.55822072946056
            ],
            [
              62.1318191573819,
              28.55822072946056
            ],
            [
              62.746927959022386,
              28.63537795654209
            ],
            [
              63.01054601686833,
              28.71247849198023
            ],
            [
              63.36203676066292,
              28.78952223791891
            ],
            [
              63.62565481850881,
              28.78952223791891
            ],
            [
              63.977145562303406,
              28.78952223791891
            ],
            [
              65.11949047963579,
              28.78952223791891
            ],
            [
              65.8224719672249,
              28.78952223791891
            ],
            [
              66.1739627110195,
              28.78952223791891
            ],
            [
              66.87694419860865,
              28.71247849198023
            ],
            [
              67.40418031430052,
              28.63537795654209
            ],
            [
              67.66779837214645,
              28.63537795654209
            ],
            [
              67.93141642999237,
              28.63537795654209
            ],
            [
              68.19503448783827,
              28.63537795654209
            ],
            [
              68.37077985973559,
              28.55822072946056
            ],
            [
              68.89801597542744,
              28.55822072946056
            ],
            [
              69.24950671922203,
              28.48100690907491
            ],
            [
              69.51312477706797,
              28.48100690907491
            ],
            [
              69.68887014896524,
              28.403736594207412
            ],
            [
              70.04036089275982,
              28.403736594207412
            ],
            [
              70.30397895060575,
              28.326409884163482
            ],
            [
              70.74334238034895,
              28.326409884163482
            ],
            [
              71.1827058100922,
              28.326409884163482
            ],
            [
              71.4463238679381,
              28.326409884163482
            ],
            [
              71.88568729768133,
              28.326409884163482
            ],
            [
              72.32505072742454,
              28.326409884163482
            ],
            [
              72.58866878527046,
              28.326409884163482
            ],
            [
              72.94015952906508,
              28.326409884163482
            ],
            [
              73.20377758691097,
              28.326409884163482
            ],
            [
              73.46739564475692,
              28.326409884163482
            ],
            [
              73.99463176044878,
              28.326409884163482
            ],
            [
              74.30058195700342,
              28.391390943686517
            ],
            [
              74.5422677214649,
              28.362408266960234
            ],
            [
              74.56421907509139,
              28.287455178668356
            ],
            [
              74.58620070086707,
              28.195518631107227
            ],
            [
              74.58618164062501,
              28.197925830357526
            ]
          ]
        ]
      }
    }
  ]
}