{
  "type": "FeatureCollection",
  "features": [
    {
      "type": "Feature",
      "properties": {
        "NAME": "Song",
        "name": "Song",
        "color": "#ef4444",
        "fill": "#ef4444",
        "fill-opacity": 0.5,
        "stroke": "#ef4444",
        "stroke-width": 2,
        "originalType": "polygon"
      },
      "geometry": {
        "type": "Polygon",
        "coordinates": [
          [
            [
              121.809836,
              32.068908
            ],
            [
              121.7659,
              32.106134
            ],
            [
              121.721963,
              32.124742
            ],
            [
              121.656059,
              32.161945
            ],
            [
              121.634091,
              32.217723
            ],
            [
              121.590154,
              32.254888
            ],
            [
              121.546218,
              32.292039
            ],
            [
              121.52425,
              32.329174
            ],
            [
              121.502282,
              32.366294
            ],
            [
              121.458345,
              32.403399
            ],
            [
              121.414409,
              32.421946
            ],
            [
              121.370473,
              32.459028
            ],
            [
              121.326536,
              32.496095
            ],
            [
              121.2826,
              32.533146
            ],
            [
              121.260632,
              32.570183
            ],
            [
              121.238664,
              32.625708
            ],
            [
              121.216695,
              32.662706
            ],
            [
              121.194727,
              32.699689
            ],
            [
              121.150791,
              32.736656
            ],
            [
              121.128823,
              32.773608
            ],
            [
              121.084886,
              32.829008
            ],
            [
              121.04095,
              32.865921
            ],
            [
              121.018982,
              32.90282
            ],
            [
              120.997014,
              32.939703
            ],
            [
              120.953077,
              32.97657
            ],
            [
              120.931109,
              33.031843
            ],
            [
              120.909141,
              33.068672
            ],
            [
              120.887173,
              33.123887
            ],
            [
              120.865205,
              33.197452
            ],
            [
              120.843237,
              33.234212
            ],
            [
              120.7993,
              33.270956
            ],
            [
              120.777332,
              33.307685
            ],
            [
              120.755364,
              33.344398
            ],
            [
              120.733396,
              33.399439
            ],
            [
              120.711427,
              33.436114
            ],
            [
              120.711427,
              33.491097
            ],
            [
              120.689459,
              33.546045
            ],
            [
              120.689459,
              33.600958
            ],
            [
              120.667491,
              33.637547
            ],
            [
              120.623555,
              33.674121
            ],
            [
              120.601587,
              33.710679
            ],
            [
              120.579618,
              33.765488
            ],
            [
              120.55765,
              33.802007
            ],
            [
              120.535682,
              33.838511
            ],
            [
              120.513714,
              33.874999
            ],
            [
              120.491746,
              33.911471
            ],
            [
              120.469778,
              33.947928
            ],
            [
              120.447809,
              33.98437
            ],
            [
              120.425841,
              34.020795
            ],
            [
              120.381905,
              34.039002
            ],
            [
              120.337969,
              34.075405
            ],
            [
              120.294032,
              34.0936
            ],
            [
              120.250096,
              34.129979
            ],
            [
              120.228128,
              34.166342
            ],
            [
              120.184191,
              34.184518
            ],
            [
              120.140255,
              34.20269
            ],
            [
              120.052382,
              34.220857
            ],
            [
              119.986478,
              34.220857
            ],
            [
              119.942541,
              34.20269
            ],
            [
              119.876637,
              34.20269
            ],
            [
              119.810732,
              34.184518
            ],
            [
              119.744828,
              34.184518
            ],
            [
              119.678923,
              34.184518
            ],
            [
              119.634987,
              34.166342
            ],
            [
              119.569083,
              34.148162
            ],
            [
              119.48121,
              34.148162
            ],
            [
              119.393337,
              34.129979
            ],
            [
              119.283496,
              34.129979
            ],
            [
              119.23956,
              34.148162
            ],
            [
              119.173655,
              34.148162
            ],
            [
              119.107751,
              34.148162
            ],
            [
              119.063815,
              34.129979
            ],
            [
              119.019878,
              34.111791
            ],
            [
              118.975942,
              34.0936
            ],
            [
              118.932006,
              34.075405
            ],
            [
              118.844133,
              34.057206
            ],
            [
              118.778228,
              34.057206
            ],
            [
              118.734292,
              34.039002
            ],
            [
              118.690356,
              34.020795
            ],
            [
              118.624451,
              34.002584
            ],
            [
              118.580515,
              33.98437
            ],
            [
              118.558547,
              33.947928
            ],
            [
              118.536579,
              33.911471
            ],
            [
              118.492642,
              33.874999
            ],
            [
              118.448706,
              33.856757
            ],
            [
              118.404769,
              33.838511
            ],
            [
              118.360833,
              33.820261
            ],
            [
              118.316897,
              33.802007
            ],
            [
              118.27296,
              33.783749
            ],
            [
              118.229024,
              33.765488
            ],
            [
              118.207056,
              33.728953
            ],
            [
              118.16312,
              33.710679
            ],
            [
              118.141151,
              33.655836
            ],
            [
              118.119183,
              33.619255
            ],
            [
              118.119183,
              33.564353
            ],
            [
              118.075247,
              33.527733
            ],
            [
              118.053279,
              33.491097
            ],
            [
              118.009342,
              33.472773
            ],
            [
              117.965406,
              33.454446
            ],
            [
              117.92147,
              33.436114
            ],
            [
              117.877533,
              33.417779
            ],
            [
              117.855565,
              33.381096
            ],
            [
              117.811629,
              33.344398
            ],
            [
              117.767693,
              33.326044
            ],
            [
              117.745724,
              33.289323
            ],
            [
              117.701788,
              33.252586
            ],
            [
              117.657852,
              33.215834
            ],
            [
              117.613915,
              33.197452
            ],
            [
              117.569979,
              33.160677
            ],
            [
              117.526043,
              33.142284
            ],
            [
              117.482106,
              33.123887
            ],
            [
              117.43817,
              33.105486
            ],
            [
              117.416202,
              33.068672
            ],
            [
              117.372265,
              33.031843
            ],
            [
              117.350297,
              32.994998
            ],
            [
              117.306361,
              32.97657
            ],
            [
              117.284393,
              32.939703
            ],
            [
              117.262425,
              32.90282
            ],
            [
              117.240456,
              32.865921
            ],
            [
              117.19652,
              32.847467
            ],
            [
              117.174552,
              32.810545
            ],
            [
              117.152584,
              32.773608
            ],
            [
              117.108647,
              32.718175
            ],
            [
              117.064711,
              32.699689
            ],
            [
              117.042743,
              32.662706
            ],
            [
              116.998807,
              32.625708
            ],
            [
              116.95487,
              32.588695
            ],
            [
              116.910934,
              32.551666
            ],
            [
              116.866997,
              32.514623
            ],
            [
              116.845029,
              32.477563
            ],
            [
              116.801093,
              32.459028
            ],
            [
              116.71322,
              32.440489
            ],
            [
              116.625348,
              32.421946
            ],
            [
              116.581411,
              32.403399
            ],
            [
              116.537475,
              32.384849
            ],
            [
              116.47157,
              32.366294
            ],
            [
              116.427634,
              32.329174
            ],
            [
              116.36173,
              32.329174
            ],
            [
              116.295825,
              32.310609
            ],
            [
              116.251889,
              32.292039
            ],
            [
              116.207952,
              32.273466
            ],
            [
              116.142048,
              32.273466
            ],
            [
              116.076143,
              32.254888
            ],
            [
              116.032207,
              32.236307
            ],
            [
              115.988271,
              32.217723
            ],
            [
              115.944334,
              32.199134
            ],
            [
              115.87843,
              32.180542
            ],
            [
              115.812525,
              32.180542
            ],
            [
              115.702684,
              32.161945
            ],
            [
              115.63678,
              32.143345
            ],
            [
              115.570875,
              32.124742
            ],
            [
              115.526939,
              32.106134
            ],
            [
              115.461035,
              32.087523
            ],
            [
              115.39513,
              32.087523
            ],
            [
              115.351194,
              32.068908
            ],
            [
              115.307257,
              32.050289
            ],
            [
              115.219385,
              32.050289
            ],
            [
              115.15348,
              32.031666
            ],
            [
              115.087576,
              32.031666
            ],
            [
              114.999703,
              32.013039
            ],
            [
              114.889862,
              32.013039
            ],
            [
              114.801989,
              31.994409
            ],
            [
              114.736085,
              31.975775
            ],
            [
              114.67018,
              31.975775
            ],
            [
              114.582308,
              31.975775
            ],
            [
              114.516403,
              31.975775
            ],
            [
              114.42853,
              31.957137
            ],
            [
              114.362626,
              31.957137
            ],
            [
              114.296721,
              31.957137
            ],
            [
              114.252785,
              31.938495
            ],
            [
              114.164912,
              31.938495
            ],
            [
              114.07704,
              31.938495
            ],
            [
              114.011135,
              31.938495
            ],
            [
              113.945231,
              31.91985
            ],
            [
              113.879326,
              31.91985
            ],
            [
              113.813422,
              31.91985
            ],
            [
              113.747517,
              31.91985
            ],
            [
              113.681613,
              31.938495
            ],
            [
              113.615708,
              31.938495
            ],
            [
              113.549804,
              31.938495
            ],
            [
              113.505867,
              31.957137
            ],
            [
              113.417995,
              31.975775
            ],
            [
              113.330122,
              31.994409
            ],
            [
              113.264217,
              32.013039
            ],
            [
              113.220281,
              32.031666
            ],
            [
              113.132408,
              32.031666
            ],
            [
              113.044536,
              32.050289
            ],
            [
              112.956663,
              32.050289
            ],
            [
              112.912727,
              32.068908
            ],
            [
              112.86879,
              32.087523
            ],
            [
              112.802886,
              32.106134
            ],
            [
              112.736981,
              32.143345
            ],
            [
              112.671077,
              32.161945
            ],
            [
              112.561236,
              32.180542
            ],
            [
              112.5173,
              32.199134
            ],
            [
              112.473363,
              32.217723
            ],
            [
              112.407459,
              32.217723
            ],
            [
              112.341554,
              32.217723
            ],
            [
              112.27565,
              32.217723
            ],
            [
              112.231713,
              32.199134
            ],
            [
              112.143841,
              32.199134
            ],
            [
              112.099904,
              32.217723
            ],
            [
              112.055968,
              32.236307
            ],
            [
              112.012032,
              32.217723
            ],
            [
              111.968095,
              32.199134
            ],
            [
              111.902191,
              32.180542
            ],
            [
              111.814318,
              32.161945
            ],
            [
              111.726445,
              32.161945
            ],
            [
              111.682509,
              32.143345
            ],
            [
              111.616605,
              32.124742
            ],
            [
              111.5507,
              32.106134
            ],
            [
              111.484795,
              32.106134
            ],
            [
              111.418891,
              32.106134
            ],
            [
              111.331018,
              32.106134
            ],
            [
              111.287082,
              32.087523
            ],
            [
              111.221177,
              32.087523
            ],
            [
              111.177241,
              32.068908
            ],
            [
              111.111337,
              32.068908
            ],
            [
              111.0674,
              32.050289
            ],
            [
              111.023464,
              32.031666
            ],
            [
              110.979528,
              32.013039
            ],
            [
              110.913623,
              32.013039
            ],
            [
              110.82575,
              32.013039
            ],
            [
              110.781814,
              31.994409
            ],
            [
              110.737878,
              31.975775
            ],
            [
              110.671973,
              31.975775
            ],
            [
              110.606069,
              31.975775
            ],
            [
              110.47426,
              31.975775
            ],
            [
              110.408355,
              31.975775
            ],
            [
              110.342451,
              31.975775
            ],
            [
              110.276546,
              31.975775
            ],
            [
              110.166705,
              31.975775
            ],
            [
              110.100801,
              31.975775
            ],
            [
              110.012928,
              31.975775
            ],
            [
              109.947023,
              31.957137
            ],
            [
              109.881119,
              31.957137
            ],
            [
              109.793246,
              31.938495
            ],
            [
              109.705374,
              31.938495
            ],
            [
              109.639469,
              31.938495
            ],
            [
              109.573565,
              31.938495
            ],
            [
              109.485692,
              31.91985
            ],
            [
              109.419787,
              31.91985
            ],
            [
              109.331915,
              31.91985
            ],
            [
              109.287978,
              31.901201
            ],
            [
              109.222074,
              31.901201
            ],
            [
              109.134201,
              31.901201
            ],
            [
              109.090265,
              31.882548
            ],
            [
              109.02436,
              31.882548
            ],
            [
              108.936488,
              31.882548
            ],
            [
              108.848615,
              31.863891
            ],
            [
              108.78271,
              31.863891
            ],
            [
              108.716806,
              31.84523
            ],
            [
              108.650901,
              31.84523
            ],
            [
              108.606965,
              31.826566
            ],
            [
              108.54106,
              31.826566
            ],
            [
              108.475156,
              31.826566
            ],
            [
              108.409251,
              31.826566
            ],
            [
              108.255474,
              31.826566
            ],
            [
              108.18957,
              31.826566
            ],
            [
              108.123665,
              31.807898
            ],
            [
              108.057761,
              31.807898
            ],
            [
              107.991856,
              31.807898
            ],
            [
              107.903984,
              31.807898
            ],
            [
              107.838079,
              31.807898
            ],
            [
              107.728238,
              31.826566
            ],
            [
              107.640365,
              31.826566
            ],
            [
              107.574461,
              31.826566
            ],
            [
              107.486588,
              31.84523
            ],
            [
              107.398716,
              31.84523
            ],
            [
              107.332811,
              31.84523
            ],
            [
              107.266907,
              31.84523
            ],
            [
              107.201002,
              31.84523
            ],
            [
              107.113129,
              31.84523
            ],
            [
              107.047225,
              31.84523
            ],
            [
              106.98132,
              31.863891
            ],
            [
              106.915416,
              31.882548
            ],
            [
              106.849511,
              31.882548
            ],
            [
              106.783607,
              31.882548
            ],
            [
              106.717702,
              31.882548
            ],
            [
              106.673766,
              31.901201
            ],
            [
              106.607861,
              31.901201
            ],
            [
              106.476052,
              31.901201
            ],
            [
              106.410148,
              31.901201
            ],
            [
              106.278339,
              31.901201
            ],
            [
              106.190466,
              31.901201
            ],
            [
              106.124562,
              31.901201
            ],
            [
              106.058657,
              31.882548
            ],
            [
              106.014721,
              31.863891
            ],
            [
              105.90488,
              31.863891
            ],
            [
              105.838975,
              31.863891
            ],
            [
              105.773071,
              31.84523
            ],
            [
              105.707166,
              31.84523
            ],
            [
              105.597326,
              31.826566
            ],
            [
              105.531421,
              31.826566
            ],
            [
              105.465516,
              31.826566
            ],
            [
              105.42158,
              31.863891
            ],
            [
              105.377644,
              31.882548
            ],
            [
              105.311739,
              31.901201
            ],
            [
              105.245835,
              31.901201
            ],
            [
              105.201898,
              31.91985
            ],
            [
              105.135994,
              31.91985
            ],
            [
              105.092058,
              31.938495
            ],
            [
              105.048121,
              31.957137
            ],
            [
              105.004185,
              31.975775
            ],
            [
              104.960249,
              31.994409
            ],
            [
              104.894344,
              31.994409
            ],
            [
              104.850408,
              32.013039
            ],
            [
              104.784503,
              32.031666
            ],
            [
              104.718599,
              32.031666
            ],
            [
              104.652694,
              32.050289
            ],
            [
              104.58679,
              32.068908
            ],
            [
              104.520885,
              32.068908
            ],
            [
              104.476949,
              32.087523
            ],
            [
              104.411044,
              32.087523
            ],
            [
              104.389076,
              32.124742
            ],
            [
              104.34514,
              32.161945
            ],
            [
              104.301203,
              32.199134
            ],
            [
              104.257267,
              32.236307
            ],
            [
              104.213331,
              32.254888
            ],
            [
              104.169394,
              32.273466
            ],
            [
              104.10349,
              32.292039
            ],
            [
              104.037585,
              32.310609
            ],
            [
              103.971681,
              32.329174
            ],
            [
              103.905776,
              32.347736
            ],
            [
              103.839872,
              32.347736
            ],
            [
              103.773967,
              32.347736
            ],
            [
              103.708063,
              32.366294
            ],
            [
              103.664126,
              32.384849
            ],
            [
              103.598222,
              32.384849
            ],
            [
              103.532317,
              32.403399
            ],
            [
              103.488381,
              32.421946
            ],
            [
              103.444445,
              32.440489
            ],
            [
              103.422477,
              32.477563
            ],
            [
              103.37854,
              32.514623
            ],
            [
              103.334604,
              32.551666
            ],
            [
              103.312636,
              32.588695
            ],
            [
              103.268699,
              32.607204
            ],
            [
              103.224763,
              32.625708
            ],
            [
              103.202795,
              32.662706
            ],
            [
              103.158858,
              32.6812
            ],
            [
              103.114922,
              32.699689
            ],
            [
              103.070986,
              32.718175
            ],
            [
              103.027049,
              32.736656
            ],
            [
              102.983113,
              32.755134
            ],
            [
              102.917209,
              32.773608
            ],
            [
              102.873272,
              32.792079
            ],
            [
              102.829336,
              32.810545
            ],
            [
              102.7854,
              32.829008
            ],
            [
              102.741463,
              32.847467
            ],
            [
              102.741463,
              32.792079
            ],
            [
              102.763431,
              32.755134
            ],
            [
              102.763431,
              32.699689
            ],
            [
              102.7854,
              32.662706
            ],
            [
              102.7854,
              32.607204
            ],
            [
              102.807368,
              32.570183
            ],
            [
              102.829336,
              32.533146
            ],
            [
              102.851304,
              32.496095
            ],
            [
              102.873272,
              32.459028
            ],
            [
              102.873272,
              32.403399
            ],
            [
              102.89524,
              32.366294
            ],
            [
              102.917209,
              32.329174
            ],
            [
              102.939177,
              32.292039
            ],
            [
              102.917209,
              32.254888
            ],
            [
              102.89524,
              32.199134
            ],
            [
              102.939177,
              32.161945
            ],
            [
              102.983113,
              32.124742
            ],
            [
              103.005081,
              32.087523
            ],
            [
              103.049018,
              32.050289
            ],
            [
              103.070986,
              32.013039
            ],
            [
              103.092954,
              31.975775
            ],
            [
              103.114922,
              31.938495
            ],
            [
              103.13689,
              31.901201
            ],
            [
              103.158858,
              31.863891
            ],
            [
              103.180827,
              31.826566
            ],
            [
              103.202795,
              31.789226
            ],
            [
              103.246731,
              31.751871
            ],
            [
              103.268699,
              31.714501
            ],
            [
              103.290668,
              31.677115
            ],
            [
              103.312636,
              31.639715
            ],
            [
              103.334604,
              31.6023
            ],
            [
              103.356572,
              31.564869
            ],
            [
              103.37854,
              31.508696
            ],
            [
              103.422477,
              31.489964
            ],
            [
              103.466413,
              31.471228
            ],
            [
              103.532317,
              31.433745
            ],
            [
              103.554286,
              31.396247
            ],
            [
              103.576254,
              31.358734
            ],
            [
              103.576254,
              31.302437
            ],
            [
              103.576254,
              31.246105
            ],
            [
              103.554286,
              31.208533
            ],
            [
              103.532317,
              31.152146
            ],
            [
              103.510349,
              31.114536
            ],
            [
              103.488381,
              31.076911
            ],
            [
              103.466413,
              31.039271
            ],
            [
              103.422477,
              31.001616
            ],
            [
              103.37854,
              30.963946
            ],
            [
              103.334604,
              30.945106
            ],
            [
              103.312636,
              30.907414
            ],
            [
              103.268699,
              30.888562
            ],
            [
              103.246731,
              30.850848
            ],
            [
              103.202795,
              30.813119
            ],
            [
              103.180827,
              30.775375
            ],
            [
              103.114922,
              30.737617
            ],
            [
              103.070986,
              30.699843
            ],
            [
              103.049018,
              30.662055
            ],
            [
              103.005081,
              30.624252
            ],
            [
              102.983113,
              30.586434
            ],
            [
              102.961145,
              30.548602
            ],
            [
              102.939177,
              30.510754
            ],
            [
              102.89524,
              30.472892
            ],
            [
              102.851304,
              30.435015
            ],
            [
              102.829336,
              30.397124
            ],
            [
              102.807368,
              30.359218
            ],
            [
              102.7854,
              30.321297
            ],
            [
              102.763431,
              30.283361
            ],
            [
              102.763431,
              30.22643
            ],
            [
              102.741463,
              30.169466
            ],
            [
              102.719495,
              30.131472
            ],
            [
              102.697527,
              30.074453
            ],
            [
              102.697527,
              30.017402
            ],
            [
              102.675559,
              29.979349
            ],
            [
              102.653591,
              29.941282
            ],
            [
              102.631622,
              29.884154
            ],
            [
              102.609654,
              29.826993
            ],
            [
              102.587686,
              29.788867
            ],
            [
              102.587686,
              29.731652
            ],
            [
              102.565718,
              29.69349
            ],
            [
              102.565718,
              29.63622
            ],
            [
              102.54375,
              29.598022
            ],
            [
              102.54375,
              29.521583
            ],
            [
              102.54375,
              29.464215
            ],
            [
              102.54375,
              29.406815
            ],
            [
              102.521782,
              29.349383
            ],
            [
              102.521782,
              29.272756
            ],
            [
              102.521782,
              29.215248
            ],
            [
              102.521782,
              29.157708
            ],
            [
              102.521782,
              29.042531
            ],
            [
              102.54375,
              28.946452
            ],
            [
              102.54375,
              28.888761
            ],
            [
              102.54375,
              28.831039
            ],
            [
              102.565718,
              28.773284
            ],
            [
              102.565718,
              28.676956
            ],
            [
              102.587686,
              28.619116
            ],
            [
              102.587686,
              28.503341
            ],
            [
              102.609654,
              28.445406
            ],
            [
              102.609654,
              28.387439
            ],
            [
              102.609654,
              28.32944
            ],
            [
              102.631622,
              28.290757
            ],
            [
              102.653591,
              28.232706
            ],
            [
              102.675559,
              28.174623
            ],
            [
              102.675559,
              28.116508
            ],
            [
              102.719495,
              28.077747
            ],
            [
              102.741463,
              28.01958
            ],
            [
              102.763431,
              27.980785
            ],
            [
              102.7854,
              27.941975
            ],
            [
              102.807368,
              27.903152
            ],
            [
              102.851304,
              27.883735
            ],
            [
              102.873272,
              27.844891
            ],
            [
              102.89524,
              27.806032
            ],
            [
              102.939177,
              27.786598
            ],
            [
              102.961145,
              27.747719
            ],
            [
              103.005081,
              27.728274
            ],
            [
              103.049018,
              27.708826
            ],
            [
              103.092954,
              27.669919
            ],
            [
              103.13689,
              27.630999
            ],
            [
              103.180827,
              27.611533
            ],
            [
              103.202795,
              27.572591
            ],
            [
              103.246731,
              27.533636
            ],
            [
              103.290668,
              27.514153
            ],
            [
              103.37854,
              27.475177
            ],
            [
              103.444445,
              27.436188
            ],
            [
              103.510349,
              27.416688
            ],
            [
              103.554286,
              27.397184
            ],
            [
              103.598222,
              27.377677
            ],
            [
              103.664126,
              27.358167
            ],
            [
              103.708063,
              27.338653
            ],
            [
              103.773967,
              27.338653
            ],
            [
              103.883808,
              27.319136
            ],
            [
              103.949713,
              27.299615
            ],
            [
              104.037585,
              27.299615
            ],
            [
              104.125458,
              27.280091
            ],
            [
              104.213331,
              27.280091
            ],
            [
              104.279235,
              27.260563
            ],
            [
              104.323172,
              27.241032
            ],
            [
              104.389076,
              27.241032
            ],
            [
              104.454981,
              27.241032
            ],
            [
              104.542853,
              27.241032
            ],
            [
              104.58679,
              27.221498
            ],
            [
              104.652694,
              27.20196
            ],
            [
              104.718599,
              27.20196
            ],
            [
              104.762535,
              27.182419
            ],
            [
              104.806471,
              27.162874
            ],
            [
              104.872376,
              27.162874
            ],
            [
              104.93828,
              27.143326
            ],
            [
              105.026153,
              27.123774
            ],
            [
              105.092058,
              27.104219
            ],
            [
              105.17993,
              27.084661
            ],
            [
              105.311739,
              27.065099
            ],
            [
              105.355676,
              27.045534
            ],
            [
              105.487485,
              27.025965
            ],
            [
              105.575357,
              27.025965
            ],
            [
              105.641262,
              27.025965
            ],
            [
              105.773071,
              27.025965
            ],
            [
              105.838975,
              27.025965
            ],
            [
              106.058657,
              27.045534
            ],
            [
              106.256371,
              27.045534
            ],
            [
              106.366212,
              27.045534
            ],
            [
              106.432116,
              27.045534
            ],
            [
              106.498021,
              27.025965
            ],
            [
              106.563925,
              27.025965
            ],
            [
              106.607861,
              27.006393
            ],
            [
              106.673766,
              27.006393
            ],
            [
              106.761639,
              27.006393
            ],
            [
              106.827543,
              27.006393
            ],
            [
              106.871479,
              26.986818
            ],
            [
              106.959352,
              26.967239
            ],
            [
              107.025257,
              26.967239
            ],
            [
              107.069193,
              26.947657
            ],
            [
              107.135098,
              26.947657
            ],
            [
              107.201002,
              26.928071
            ],
            [
              107.244938,
              26.908482
            ],
            [
              107.310843,
              26.908482
            ],
            [
              107.376747,
              26.88889
            ],
            [
              107.508556,
              26.849695
            ],
            [
              107.640365,
              26.810486
            ],
            [
              107.728238,
              26.790876
            ],
            [
              107.794143,
              26.790876
            ],
            [
              107.860047,
              26.771264
            ],
            [
              107.925952,
              26.771264
            ],
            [
              108.013824,
              26.771264
            ],
            [
              108.101697,
              26.771264
            ],
            [
              108.167602,
              26.771264
            ],
            [
              108.233506,
              26.771264
            ],
            [
              108.299411,
              26.771264
            ],
            [
              108.343347,
              26.790876
            ],
            [
              108.43122,
              26.810486
            ],
            [
              108.54106,
              26.810486
            ],
            [
              108.606965,
              26.810486
            ],
            [
              108.694838,
              26.830092
            ],
            [
              108.760742,
              26.830092
            ],
            [
              108.848615,
              26.830092
            ],
            [
              108.936488,
              26.830092
            ],
            [
              109.112233,
              26.849695
            ],
            [
              109.222074,
              26.849695
            ],
            [
              109.375851,
              26.830092
            ],
            [
              109.485692,
              26.830092
            ],
            [
              109.551596,
              26.830092
            ],
            [
              109.617501,
              26.830092
            ],
            [
              109.683405,
              26.830092
            ],
            [
              109.727342,
              26.810486
            ],
            [
              109.793246,
              26.790876
            ],
            [
              109.859151,
              26.790876
            ],
            [
              109.947023,
              26.771264
            ],
            [
              110.012928,
              26.751647
            ],
            [
              110.122769,
              26.732028
            ],
            [
              110.166705,
              26.712405
            ],
            [
              110.210642,
              26.673149
            ],
            [
              110.254578,
              26.653516
            ],
            [
              110.298514,
              26.614239
            ],
            [
              110.320482,
              26.57495
            ],
            [
              110.342451,
              26.535646
            ],
            [
              110.364419,
              26.476666
            ],
            [
              110.364419,
              26.417656
            ],
            [
              110.342451,
              26.378298
            ],
            [
              110.298514,
              26.319238
            ],
            [
              110.276546,
              26.279847
            ],
            [
              110.254578,
              26.240443
            ],
            [
              110.23261,
              26.201026
            ],
            [
              110.210642,
              26.161595
            ],
            [
              110.188673,
              26.122151
            ],
            [
              110.166705,
              26.082694
            ],
            [
              110.144737,
              26.043223
            ],
            [
              110.122769,
              26.003739
            ],
            [
              110.100801,
              25.964242
            ],
            [
              110.056864,
              25.904971
            ],
            [
              110.012928,
              25.865441
            ],
            [
              109.968992,
              25.80612
            ],
            [
              109.947023,
              25.766557
            ],
            [
              109.903087,
              25.74677
            ],
            [
              109.881119,
              25.707187
            ],
            [
              109.859151,
              25.667591
            ],
            [
              109.837183,
              25.627981
            ],
            [
              109.815214,
              25.588358
            ],
            [
              109.793246,
              25.548723
            ],
            [
              109.74931,
              25.509074
            ],
            [
              109.727342,
              25.469412
            ],
            [
              109.683405,
              25.429737
            ],
            [
              109.639469,
              25.390049
            ],
            [
              109.595533,
              25.330492
            ],
            [
              109.529628,
              25.270906
            ],
            [
              109.50766,
              25.231166
            ],
            [
              109.441756,
              25.191412
            ],
            [
              109.397819,
              25.151646
            ],
            [
              109.375851,
              25.111867
            ],
            [
              109.331915,
              25.072075
            ],
            [
              109.309946,
              25.03227
            ],
            [
              109.26601,
              25.012362
            ],
            [
              109.244042,
              24.972538
            ],
            [
              109.222074,
              24.932701
            ],
            [
              109.178137,
              24.89285
            ],
            [
              109.134201,
              24.852987
            ],
            [
              109.090265,
              24.813111
            ],
            [
              109.068297,
              24.773223
            ],
            [
              109.02436,
              24.733321
            ],
            [
              109.002392,
              24.693407
            ],
            [
              108.958456,
              24.653479
            ],
            [
              108.914519,
              24.593565
            ],
            [
              108.870583,
              24.553606
            ],
            [
              108.848615,
              24.513634
            ],
            [
              108.804679,
              24.493643
            ],
            [
              108.760742,
              24.473649
            ],
            [
              108.716806,
              24.433652
            ],
            [
              108.67287,
              24.393642
            ],
            [
              108.650901,
              24.353619
            ],
            [
              108.606965,
              24.313584
            ],
            [
              108.584997,
              24.273536
            ],
            [
              108.54106,
              24.233476
            ],
            [
              108.497124,
              24.193403
            ],
            [
              108.475156,
              24.153317
            ],
            [
              108.43122,
              24.133269
            ],
            [
              108.387283,
              24.093165
            ],
            [
              108.343347,
              24.053047
            ],
            [
              108.299411,
              24.012918
            ],
            [
              108.18957,
              23.912539
            ],
            [
              108.123665,
              23.852274
            ],
            [
              108.079729,
              23.791981
            ],
            [
              108.035793,
              23.771877
            ],
            [
              107.94792,
              23.69143
            ],
            [
              107.903984,
              23.651188
            ],
            [
              107.816111,
              23.590802
            ],
            [
              107.750206,
              23.55053
            ],
            [
              107.70627,
              23.510245
            ],
            [
              107.684302,
              23.469947
            ],
            [
              107.640365,
              23.449794
            ],
            [
              107.596429,
              23.409478
            ],
            [
              107.574461,
              23.36915
            ],
            [
              107.530525,
              23.348981
            ],
            [
              107.508556,
              23.308634
            ],
            [
              107.486588,
              23.268275
            ],
            [
              107.442652,
              23.248091
            ],
            [
              107.420684,
              23.207714
            ],
            [
              107.398716,
              23.167325
            ],
            [
              107.354779,
              23.126923
            ],
            [
              107.332811,
              23.086509
            ],
            [
              107.310843,
              23.046084
            ],
            [
              107.288875,
              23.005646
            ],
            [
              107.266907,
              22.965195
            ],
            [
              107.244938,
              22.904497
            ],
            [
              107.22297,
              22.864017
            ],
            [
              107.201002,
              22.823525
            ],
            [
              107.179034,
              22.78302
            ],
            [
              107.179034,
              22.722241
            ],
            [
              107.179034,
              22.661434
            ],
            [
              107.179034,
              22.600601
            ],
            [
              107.201002,
              22.560031
            ],
            [
              107.201002,
              22.499153
            ],
            [
              107.22297,
              22.458552
            ],
            [
              107.266907,
              22.41794
            ],
            [
              107.288875,
              22.377316
            ],
            [
              107.310843,
              22.316358
            ],
            [
              107.354779,
              22.235039
            ],
            [
              107.376747,
              22.194361
            ],
            [
              107.398716,
              22.153672
            ],
            [
              107.442652,
              22.112971
            ],
            [
              107.46462,
              22.072259
            ],
            [
              107.508556,
              22.031534
            ],
            [
              107.552493,
              21.990798
            ],
            [
              107.618397,
              21.970426
            ],
            [
              107.684302,
              21.950051
            ],
            [
              107.750206,
              21.950051
            ],
            [
              107.794143,
              21.929672
            ],
            [
              107.860047,
              21.888907
            ],
            [
              107.925952,
              21.888907
            ],
            [
              107.969888,
              21.86852
            ],
            [
              108.035793,
              21.84813
            ],
            [
              108.101697,
              21.84813
            ],
            [
              108.145633,
              21.827737
            ],
            [
              108.211538,
              21.827737
            ],
            [
              108.343347,
              21.72573
            ],
            [
              108.387283,
              21.705319
            ],
            [
              108.43122,
              21.66449
            ],
            [
              108.475156,
              21.623649
            ],
            [
              108.563029,
              21.623649
            ],
            [
              108.606965,
              21.603225
            ],
            [
              108.650901,
              21.582797
            ],
            [
              108.694838,
              21.562367
            ],
            [
              108.760742,
              21.562367
            ],
            [
              108.826647,
              21.541933
            ],
            [
              108.892551,
              21.541933
            ],
            [
              109.002392,
              21.541933
            ],
            [
              109.068297,
              21.541933
            ],
            [
              109.112233,
              21.521497
            ],
            [
              109.178137,
              21.521497
            ],
            [
              109.222074,
              21.501058
            ],
            [
              109.287978,
              21.501058
            ],
            [
              109.331915,
              21.480616
            ],
            [
              109.375851,
              21.439724
            ],
            [
              109.419787,
              21.419273
            ],
            [
              109.441756,
              21.378363
            ],
            [
              109.485692,
              21.357904
            ],
            [
              109.529628,
              21.316977
            ],
            [
              109.573565,
              21.276039
            ],
            [
              109.595533,
              21.235089
            ],
            [
              109.639469,
              21.194128
            ],
            [
              109.639469,
              21.132665
            ],
            [
              109.639469,
              21.071177
            ],
            [
              109.617501,
              21.009663
            ],
            [
              109.595533,
              20.927605
            ],
            [
              109.573565,
              20.82497
            ],
            [
              109.573565,
              20.763355
            ],
            [
              109.551596,
              20.722264
            ],
            [
              109.573565,
              20.660607
            ],
            [
              109.573565,
              20.598926
            ],
            [
              109.573565,
              20.537219
            ],
            [
              109.595533,
              20.475487
            ],
            [
              109.617501,
              20.434319
            ],
            [
              109.639469,
              20.39314
            ],
            [
              109.661437,
              20.351949
            ],
            [
              109.705374,
              20.33135
            ],
            [
              109.74931,
              20.290143
            ],
            [
              109.793246,
              20.269536
            ],
            [
              109.837183,
              20.248925
            ],
            [
              109.859151,
              20.187078
            ],
            [
              109.881119,
              20.145833
            ],
            [
              109.881119,
              20.083945
            ],
            [
              109.837183,
              20.063311
            ],
            [
              109.771278,
              20.063311
            ],
            [
              109.683405,
              20.042673
            ],
            [
              109.595533,
              20.042673
            ],
            [
              109.529628,
              20.022033
            ],
            [
              109.463724,
              20.00139
            ],
            [
              109.375851,
              20.00139
            ],
            [
              109.309946,
              19.980744
            ],
            [
              109.26601,
              19.960096
            ],
            [
              109.200106,
              19.898135
            ],
            [
              109.134201,
              19.856814
            ],
            [
              109.090265,
              19.836149
            ],
            [
              109.046328,
              19.815482
            ],
            [
              109.02436,
              19.77414
            ],
            [
              108.980424,
              19.753465
            ],
            [
              108.936488,
              19.712106
            ],
            [
              108.892551,
              19.670737
            ],
            [
              108.848615,
              19.629357
            ],
            [
              108.804679,
              19.587966
            ],
            [
              108.760742,
              19.567267
            ],
            [
              108.716806,
              19.505153
            ],
            [
              108.67287,
              19.484443
            ],
            [
              108.628933,
              19.443016
            ],
            [
              108.606965,
              19.380854
            ],
            [
              108.584997,
              19.3394
            ],
            [
              108.563029,
              19.297935
            ],
            [
              108.563029,
              19.235719
            ],
            [
              108.519092,
              19.25646
            ],
            [
              108.497124,
              19.297935
            ],
            [
              108.475156,
              19.25646
            ],
            [
              108.475156,
              19.194228
            ],
            [
              108.497124,
              19.131972
            ],
            [
              108.54106,
              19.048927
            ],
            [
              108.563029,
              19.00739
            ],
            [
              108.606965,
              18.9035
            ],
            [
              108.628933,
              18.861926
            ],
            [
              108.650901,
              18.820341
            ],
            [
              108.67287,
              18.778747
            ],
            [
              108.738774,
              18.716335
            ],
            [
              108.78271,
              18.674715
            ],
            [
              108.804679,
              18.612265
            ],
            [
              108.848615,
              18.591444
            ],
            [
              108.958456,
              18.528964
            ],
            [
              109.02436,
              18.508132
            ],
            [
              109.156169,
              18.445621
            ],
            [
              109.200106,
              18.403935
            ],
            [
              109.287978,
              18.320532
            ],
            [
              109.375851,
              18.237088
            ],
            [
              109.485692,
              18.17448
            ],
            [
              109.551596,
              18.17448
            ],
            [
              109.639469,
              18.17448
            ],
            [
              109.815214,
              18.17448
            ],
            [
              109.881119,
              18.17448
            ],
            [
              109.947023,
              18.17448
            ],
            [
              110.012928,
              18.17448
            ],
            [
              110.056864,
              18.195352
            ],
            [
              110.122769,
              18.237088
            ],
            [
              110.188673,
              18.257953
            ],
            [
              110.254578,
              18.257953
            ],
            [
              110.298514,
              18.278815
            ],
            [
              110.342451,
              18.299675
            ],
            [
              110.408355,
              18.320532
            ],
            [
              110.496228,
              18.320532
            ],
            [
              110.540164,
              18.362238
            ],
            [
              110.562132,
              18.403935
            ],
            [
              110.5841,
              18.445621
            ],
            [
              110.606069,
              18.487297
            ],
            [
              110.693941,
              18.549793
            ],
            [
              110.759846,
              18.633084
            ],
            [
              110.82575,
              18.695526
            ],
            [
              110.847719,
              18.737142
            ],
            [
              110.891655,
              18.778747
            ],
            [
              110.913623,
              18.820341
            ],
            [
              110.935591,
              18.861926
            ],
            [
              110.957559,
              18.9035
            ],
            [
              110.979528,
              18.945063
            ],
            [
              111.001496,
              19.00739
            ],
            [
              111.023464,
              19.069692
            ],
            [
              111.045432,
              19.111215
            ],
            [
              111.0674,
              19.152726
            ],
            [
              111.0674,
              19.214975
            ],
            [
              111.089368,
              19.25646
            ],
            [
              111.089368,
              19.380854
            ],
            [
              111.089368,
              19.443016
            ],
            [
              111.089368,
              19.505153
            ],
            [
              111.133305,
              19.546565
            ],
            [
              111.155273,
              19.587966
            ],
            [
              111.177241,
              19.629357
            ],
            [
              111.199209,
              19.670737
            ],
            [
              111.221177,
              19.732787
            ],
            [
              111.243146,
              19.77414
            ],
            [
              111.243146,
              19.856814
            ],
            [
              111.243146,
              19.939445
            ],
            [
              111.221177,
              19.980744
            ],
            [
              111.199209,
              20.042673
            ],
            [
              111.177241,
              20.125207
            ],
            [
              111.155273,
              20.166457
            ],
            [
              111.133305,
              20.207697
            ],
            [
              111.111337,
              20.248925
            ],
            [
              111.089368,
              20.290143
            ],
            [
              111.045432,
              20.33135
            ],
            [
              111.001496,
              20.39314
            ],
            [
              110.957559,
              20.434319
            ],
            [
              110.913623,
              20.454904
            ],
            [
              110.869687,
              20.496067
            ],
            [
              110.82575,
              20.537219
            ],
            [
              110.803782,
              20.578359
            ],
            [
              110.759846,
              20.598926
            ],
            [
              110.737878,
              20.64005
            ],
            [
              110.693941,
              20.681162
            ],
            [
              110.671973,
              20.722264
            ],
            [
              110.650005,
              20.763355
            ],
            [
              110.650005,
              20.82497
            ],
            [
              110.650005,
              20.886559
            ],
            [
              110.671973,
              20.927605
            ],
            [
              110.693941,
              20.96864
            ],
            [
              110.693941,
              21.030171
            ],
            [
              110.715909,
              21.071177
            ],
            [
              110.759846,
              21.112172
            ],
            [
              110.781814,
              21.153156
            ],
            [
              110.803782,
              21.194128
            ],
            [
              110.82575,
              21.235089
            ],
            [
              110.869687,
              21.255565
            ],
            [
              110.935591,
              21.276039
            ],
            [
              110.979528,
              21.296509
            ],
            [
              111.045432,
              21.316977
            ],
            [
              111.111337,
              21.316977
            ],
            [
              111.155273,
              21.337442
            ],
            [
              111.199209,
              21.357904
            ],
            [
              111.287082,
              21.378363
            ],
            [
              111.331018,
              21.39882
            ],
            [
              111.440859,
              21.439724
            ],
            [
              111.506764,
              21.460171
            ],
            [
              111.572668,
              21.460171
            ],
            [
              111.660541,
              21.460171
            ],
            [
              111.770382,
              21.460171
            ],
            [
              111.836286,
              21.460171
            ],
            [
              111.902191,
              21.460171
            ],
            [
              111.946127,
              21.480616
            ],
            [
              112.034,
              21.480616
            ],
            [
              112.099904,
              21.521497
            ],
            [
              112.143841,
              21.541933
            ],
            [
              112.231713,
              21.562367
            ],
            [
              112.297618,
              21.603225
            ],
            [
              112.363522,
              21.623649
            ],
            [
              112.407459,
              21.644071
            ],
            [
              112.451395,
              21.66449
            ],
            [
              112.5173,
              21.684906
            ],
            [
              112.605172,
              21.684906
            ],
            [
              112.693045,
              21.684906
            ],
            [
              112.758949,
              21.705319
            ],
            [
              112.802886,
              21.72573
            ],
            [
              112.846822,
              21.746137
            ],
            [
              112.890758,
              21.766541
            ],
            [
              112.956663,
              21.746137
            ],
            [
              113.000599,
              21.766541
            ],
            [
              113.066504,
              21.766541
            ],
            [
              113.176345,
              21.786943
            ],
            [
              113.242249,
              21.786943
            ],
            [
              113.374058,
              21.807342
            ],
            [
              113.439963,
              21.84813
            ],
            [
              113.505867,
              21.84813
            ],
            [
              113.571772,
              21.84813
            ],
            [
              113.659644,
              21.86852
            ],
            [
              113.813422,
              21.84813
            ],
            [
              113.879326,
              21.84813
            ],
            [
              113.967199,
              21.84813
            ],
            [
              114.099008,
              21.86852
            ],
            [
              114.142944,
              21.888907
            ],
            [
              114.186881,
              21.909291
            ],
            [
              114.274753,
              21.929672
            ],
            [
              114.31869,
              21.950051
            ],
            [
              114.384594,
              22.011168
            ],
            [
              114.42853,
              22.051898
            ],
            [
              114.472467,
              22.072259
            ],
            [
              114.516403,
              22.092616
            ],
            [
              114.582308,
              22.153672
            ],
            [
              114.648212,
              22.174018
            ],
            [
              114.692149,
              22.214701
            ],
            [
              114.736085,
              22.235039
            ],
            [
              114.780021,
              22.275704
            ],
            [
              114.823958,
              22.316358
            ],
            [
              114.845926,
              22.357
            ],
            [
              114.867894,
              22.39763
            ],
            [
              114.889862,
              22.458552
            ],
            [
              114.91183,
              22.499153
            ],
            [
              114.933798,
              22.539741
            ],
            [
              114.977735,
              22.580317
            ],
            [
              114.999703,
              22.620882
            ],
            [
              115.043639,
              22.64116
            ],
            [
              115.109544,
              22.661434
            ],
            [
              115.175448,
              22.681706
            ],
            [
              115.219385,
              22.701975
            ],
            [
              115.307257,
              22.701975
            ],
            [
              115.439066,
              22.701975
            ],
            [
              115.526939,
              22.701975
            ],
            [
              115.570875,
              22.722241
            ],
            [
              115.63678,
              22.722241
            ],
            [
              115.702684,
              22.722241
            ],
            [
              115.790557,
              22.722241
            ],
            [
              115.834493,
              22.742503
            ],
            [
              115.87843,
              22.762763
            ],
            [
              115.922366,
              22.78302
            ],
            [
              115.966302,
              22.803274
            ],
            [
              116.076143,
              22.803274
            ],
            [
              116.142048,
              22.843772
            ],
            [
              116.185984,
              22.864017
            ],
            [
              116.273857,
              22.864017
            ],
            [
              116.317793,
              22.884259
            ],
            [
              116.383698,
              22.904497
            ],
            [
              116.449602,
              22.904497
            ],
            [
              116.493539,
              22.924733
            ],
            [
              116.537475,
              22.944966
            ],
            [
              116.581411,
              22.965195
            ],
            [
              116.647316,
              22.965195
            ],
            [
              116.691252,
              22.985422
            ],
            [
              116.779125,
              23.005646
            ],
            [
              116.801093,
              23.046084
            ],
            [
              116.845029,
              23.066298
            ],
            [
              116.888966,
              23.106718
            ],
            [
              116.932902,
              23.126923
            ],
            [
              116.95487,
              23.167325
            ],
            [
              116.998807,
              23.207714
            ],
            [
              117.042743,
              23.227904
            ],
            [
              117.086679,
              23.268275
            ],
            [
              117.130616,
              23.308634
            ],
            [
              117.174552,
              23.328809
            ],
            [
              117.218488,
              23.348981
            ],
            [
              117.262425,
              23.389315
            ],
            [
              117.306361,
              23.429637
            ],
            [
              117.328329,
              23.469947
            ],
            [
              117.350297,
              23.510245
            ],
            [
              117.394234,
              23.530389
            ],
            [
              117.43817,
              23.570668
            ],
            [
              117.482106,
              23.610934
            ],
            [
              117.526043,
              23.631063
            ],
            [
              117.548011,
              23.671311
            ],
            [
              117.591947,
              23.69143
            ],
            [
              117.613915,
              23.73166
            ],
            [
              117.657852,
              23.771877
            ],
            [
              117.701788,
              23.812082
            ],
            [
              117.745724,
              23.852274
            ],
            [
              117.789661,
              23.892453
            ],
            [
              117.855565,
              23.932621
            ],
            [
              117.92147,
              23.992848
            ],
            [
              117.965406,
              24.032984
            ],
            [
              118.009342,
              24.073108
            ],
            [
              118.053279,
              24.153317
            ],
            [
              118.097215,
              24.213441
            ],
            [
              118.141151,
              24.253508
            ],
            [
              118.229024,
              24.313584
            ],
            [
              118.316897,
              24.393642
            ],
            [
              118.382801,
              24.453652
            ],
            [
              118.404769,
              24.493643
            ],
            [
              118.448706,
              24.533621
            ],
            [
              118.492642,
              24.553606
            ],
            [
              118.536579,
              24.573587
            ],
            [
              118.580515,
              24.593565
            ],
            [
              118.624451,
              24.633511
            ],
            [
              118.646419,
              24.693407
            ],
            [
              118.712324,
              24.713365
            ],
            [
              118.778228,
              24.733321
            ],
            [
              118.822165,
              24.753273
            ],
            [
              118.866101,
              24.793169
            ],
            [
              118.910037,
              24.813111
            ],
            [
              118.932006,
              24.852987
            ],
            [
              118.975942,
              24.89285
            ],
            [
              119.019878,
              24.912777
            ],
            [
              119.063815,
              24.932701
            ],
            [
              119.085783,
              24.972538
            ],
            [
              119.151687,
              25.091973
            ],
            [
              119.217592,
              25.131758
            ],
            [
              119.283496,
              25.191412
            ],
            [
              119.327433,
              25.211291
            ],
            [
              119.349401,
              25.251037
            ],
            [
              119.371369,
              25.290771
            ],
            [
              119.415305,
              25.330492
            ],
            [
              119.459242,
              25.3702
            ],
            [
              119.503178,
              25.390049
            ],
            [
              119.525146,
              25.429737
            ],
            [
              119.547114,
              25.469412
            ],
            [
              119.591051,
              25.509074
            ],
            [
              119.613019,
              25.548723
            ],
            [
              119.634987,
              25.588358
            ],
            [
              119.656955,
              25.627981
            ],
            [
              119.700892,
              25.667591
            ],
            [
              119.744828,
              25.68739
            ],
            [
              119.766796,
              25.72698
            ],
            [
              119.810732,
              25.74677
            ],
            [
              119.832701,
              25.78634
            ],
            [
              119.876637,
              25.825897
            ],
            [
              119.898605,
              25.865441
            ],
            [
              119.942541,
              25.904971
            ],
            [
              119.942541,
              25.964242
            ],
            [
              119.96451,
              26.003739
            ],
            [
              119.986478,
              26.06296
            ],
            [
              120.008446,
              26.102424
            ],
            [
              120.030414,
              26.141875
            ],
            [
              120.052382,
              26.201026
            ],
            [
              120.074351,
              26.240443
            ],
            [
              120.096319,
              26.279847
            ],
            [
              120.118287,
              26.319238
            ],
            [
              120.140255,
              26.397979
            ],
            [
              120.162223,
              26.437329
            ],
            [
              120.162223,
              26.496329
            ],
            [
              120.162223,
              26.5553
            ],
            [
              120.184191,
              26.594596
            ],
            [
              120.20616,
              26.633879
            ],
            [
              120.228128,
              26.673149
            ],
            [
              120.250096,
              26.712405
            ],
            [
              120.272064,
              26.751647
            ],
            [
              120.316,
              26.790876
            ],
            [
              120.337969,
              26.830092
            ],
            [
              120.381905,
              26.869294
            ],
            [
              120.403873,
              26.928071
            ],
            [
              120.447809,
              26.986818
            ],
            [
              120.491746,
              27.045534
            ],
            [
              120.535682,
              27.084661
            ],
            [
              120.55765,
              27.123774
            ],
            [
              120.579618,
              27.162874
            ],
            [
              120.623555,
              27.20196
            ],
            [
              120.645523,
              27.241032
            ],
            [
              120.689459,
              27.280091
            ],
            [
              120.711427,
              27.319136
            ],
            [
              120.733396,
              27.358167
            ],
            [
              120.777332,
              27.416688
            ],
            [
              120.7993,
              27.455684
            ],
            [
              120.843237,
              27.494667
            ],
            [
              120.865205,
              27.533636
            ],
            [
              120.887173,
              27.572591
            ],
            [
              120.931109,
              27.611533
            ],
            [
              120.953077,
              27.650461
            ],
            [
              121.018982,
              27.747719
            ],
            [
              121.04095,
              27.786598
            ],
            [
              121.084886,
              27.825463
            ],
            [
              121.106855,
              27.864315
            ],
            [
              121.150791,
              27.903152
            ],
            [
              121.172759,
              27.961382
            ],
            [
              121.216695,
              27.980785
            ],
            [
              121.260632,
              28.01958
            ],
            [
              121.304568,
              28.058362
            ],
            [
              121.348504,
              28.097129
            ],
            [
              121.370473,
              28.135883
            ],
            [
              121.480314,
              28.193987
            ],
            [
              121.546218,
              28.232706
            ],
            [
              121.568186,
              28.27141
            ],
            [
              121.612123,
              28.290757
            ],
            [
              121.678027,
              28.36811
            ],
            [
              121.699995,
              28.406765
            ],
            [
              121.7659,
              28.445406
            ],
            [
              121.831804,
              28.503341
            ],
            [
              121.853772,
              28.541947
            ],
            [
              121.875741,
              28.580539
            ],
            [
              121.897709,
              28.6384
            ],
            [
              121.919677,
              28.676956
            ],
            [
              121.963613,
              28.715498
            ],
            [
              121.985581,
              28.754026
            ],
            [
              122.029518,
              28.792539
            ],
            [
              122.051486,
              28.831039
            ],
            [
              122.11739,
              28.907995
            ],
            [
              122.161327,
              28.965675
            ],
            [
              122.205263,
              28.984894
            ],
            [
              122.205263,
              29.042531
            ],
            [
              122.227231,
              29.11933
            ],
            [
              122.2492,
              29.157708
            ],
            [
              122.2492,
              29.272756
            ],
            [
              122.271168,
              29.330232
            ],
            [
              122.271168,
              29.387675
            ],
            [
              122.271168,
              29.464215
            ],
            [
              122.293136,
              29.502464
            ],
            [
              122.315104,
              29.540698
            ],
            [
              122.337072,
              29.63622
            ],
            [
              122.35904,
              29.69349
            ],
            [
              122.381009,
              29.731652
            ],
            [
              122.402977,
              29.769799
            ],
            [
              122.424945,
              29.826993
            ],
            [
              122.446913,
              29.9032
            ],
            [
              122.468881,
              29.941282
            ],
            [
              122.490849,
              30.093463
            ],
            [
              122.512818,
              30.150471
            ],
            [
              122.512818,
              30.207446
            ],
            [
              122.490849,
              30.245411
            ],
            [
              122.490849,
              30.302331
            ],
            [
              122.490849,
              30.359218
            ],
            [
              122.512818,
              30.397124
            ],
            [
              122.556754,
              30.435015
            ],
            [
              122.578722,
              30.472892
            ],
            [
              122.60069,
              30.510754
            ],
            [
              122.622658,
              30.548602
            ],
            [
              122.644627,
              30.586434
            ],
            [
              122.666595,
              30.624252
            ],
            [
              122.666595,
              30.680951
            ],
            [
              122.666595,
              30.737617
            ],
            [
              122.666595,
              30.813119
            ],
            [
              122.644627,
              30.850848
            ],
            [
              122.622658,
              30.888562
            ],
            [
              122.60069,
              30.945106
            ],
            [
              122.60069,
              31.001616
            ],
            [
              122.578722,
              31.039271
            ],
            [
              122.534786,
              31.095725
            ],
            [
              122.490849,
              31.170945
            ],
            [
              122.424945,
              31.246105
            ],
            [
              122.402977,
              31.283663
            ],
            [
              122.381009,
              31.321206
            ],
            [
              122.35904,
              31.358734
            ],
            [
              122.337072,
              31.396247
            ],
            [
              122.315104,
              31.452488
            ],
            [
              122.293136,
              31.489964
            ],
            [
              122.271168,
              31.527424
            ],
            [
              122.2492,
              31.564869
            ],
            [
              122.227231,
              31.621009
            ],
            [
              122.183295,
              31.658417
            ],
            [
              122.139359,
              31.677115
            ],
            [
              122.11739,
              31.714501
            ],
            [
              122.073454,
              31.733188
            ],
            [
              122.051486,
              31.77055
            ],
            [
              122.00755,
              31.807898
            ],
            [
              121.963613,
              31.826566
            ],
            [
              121.919677,
              31.863891
            ],
            [
              121.875741,
              31.882548
            ],
            [
              121.853772,
              31.91985
            ],
            [
              121.831804,
              31.957137
            ],
            [
              121.809836,
              31.994409
            ],
            [
              121.787868,
              32.031666
            ],
            [
              121.82738,
              32.044172
            ],
            [
              121.809531,
              32.068613
            ],
            [
              121.809836,
              32.068908
            ]
          ]
        ]
      }
    },
    {
      "type": "Feature",
      "properties": {
        "NAME": "Goryeo",
        "name": "Goryeo",
        "color": "#ef4444",
        "fill": "#ef4444",
        "fill-opacity": 0.5,
        "stroke": "#ef4444",
        "stroke-width": 2,
        "originalType": "polygon"
      },
      "geometry": {
        "type": "Polygon",
        "coordinates": [
          [
            [
              126.099205,
              36.849008
            ],
            [
              126.088221,
              36.831419
            ],
            [
              126.088221,
              36.805029
            ],
            [
              126.077236,
              36.78743
            ],
            [
              126.077236,
              36.761024
            ],
            [
              126.077236,
              36.73461
            ],
            [
              126.077236,
              36.708186
            ],
            [
              126.088221,
              36.681753
            ],
            [
              126.099205,
              36.664126
            ],
            [
              126.121175,
              36.655311
            ],
            [
              126.143144,
              36.637678
            ],
            [
              126.154129,
              36.620041
            ],
            [
              126.176098,
              36.611221
            ],
            [
              126.198067,
              36.6024
            ],
            [
              126.220036,
              36.593578
            ],
            [
              126.231021,
              36.575931
            ],
            [
              126.242005,
              36.55828
            ],
            [
              126.25299,
              36.540625
            ],
            [
              126.263975,
              36.522966
            ],
            [
              126.274959,
              36.505302
            ],
            [
              126.285944,
              36.487635
            ],
            [
              126.296928,
              36.469964
            ],
            [
              126.307913,
              36.443449
            ],
            [
              126.329882,
              36.425768
            ],
            [
              126.340867,
              36.408083
            ],
            [
              126.351852,
              36.390393
            ],
            [
              126.362836,
              36.363852
            ],
            [
              126.373821,
              36.346152
            ],
            [
              126.384805,
              36.328449
            ],
            [
              126.406775,
              36.310741
            ],
            [
              126.417759,
              36.293029
            ],
            [
              126.439728,
              36.284172
            ],
            [
              126.450713,
              36.257594
            ],
            [
              126.461698,
              36.231007
            ],
            [
              126.472682,
              36.204411
            ],
            [
              126.483667,
              36.186676
            ],
            [
              126.494651,
              36.168936
            ],
            [
              126.505636,
              36.151192
            ],
            [
              126.505636,
              36.124569
            ],
            [
              126.505636,
              36.097937
            ],
            [
              126.505636,
              36.071296
            ],
            [
              126.483667,
              36.062414
            ],
            [
              126.472682,
              36.044646
            ],
            [
              126.461698,
              36.026874
            ],
            [
              126.450713,
              36.009098
            ],
            [
              126.439728,
              35.991318
            ],
            [
              126.439728,
              35.964641
            ],
            [
              126.439728,
              35.937955
            ],
            [
              126.439728,
              35.91126
            ],
            [
              126.439728,
              35.884555
            ],
            [
              126.439728,
              35.857842
            ],
            [
              126.439728,
              35.82221
            ],
            [
              126.439728,
              35.795476
            ],
            [
              126.428744,
              35.777648
            ],
            [
              126.428744,
              35.750899
            ],
            [
              126.428744,
              35.724141
            ],
            [
              126.439728,
              35.706297
            ],
            [
              126.439728,
              35.679523
            ],
            [
              126.439728,
              35.652741
            ],
            [
              126.417759,
              35.634881
            ],
            [
              126.406775,
              35.617017
            ],
            [
              126.39579,
              35.59915
            ],
            [
              126.384805,
              35.57234
            ],
            [
              126.384805,
              35.545522
            ],
            [
              126.384805,
              35.518695
            ],
            [
              126.39579,
              35.500805
            ],
            [
              126.39579,
              35.473963
            ],
            [
              126.39579,
              35.447112
            ],
            [
              126.39579,
              35.420252
            ],
            [
              126.384805,
              35.393383
            ],
            [
              126.351852,
              35.393383
            ],
            [
              126.329882,
              35.375466
            ],
            [
              126.307913,
              35.366505
            ],
            [
              126.285944,
              35.348582
            ],
            [
              126.263975,
              35.330654
            ],
            [
              126.263975,
              35.303755
            ],
            [
              126.25299,
              35.285818
            ],
            [
              126.25299,
              35.258904
            ],
            [
              126.242005,
              35.231982
            ],
            [
              126.242005,
              35.20505
            ],
            [
              126.231021,
              35.187091
            ],
            [
              126.220036,
              35.169127
            ],
            [
              126.209052,
              35.15116
            ],
            [
              126.187082,
              35.142175
            ],
            [
              126.165113,
              35.133189
            ],
            [
              126.154129,
              35.115213
            ],
            [
              126.132159,
              35.106224
            ],
            [
              126.099205,
              35.088243
            ],
            [
              126.077236,
              35.070258
            ],
            [
              126.055267,
              35.052269
            ],
            [
              126.044282,
              35.034276
            ],
            [
              126.022313,
              35.016279
            ],
            [
              126.011329,
              34.989276
            ],
            [
              126.011329,
              34.962264
            ],
            [
              126.000344,
              34.944251
            ],
            [
              126.000344,
              34.908213
            ],
            [
              126.000344,
              34.881175
            ],
            [
              126.000344,
              34.854127
            ],
            [
              126.000344,
              34.827071
            ],
            [
              126.000344,
              34.800006
            ],
            [
              126.000344,
              34.772931
            ],
            [
              126.000344,
              34.745848
            ],
            [
              126.011329,
              34.727788
            ],
            [
              126.022313,
              34.70069
            ],
            [
              126.022313,
              34.673583
            ],
            [
              126.033298,
              34.655507
            ],
            [
              126.033298,
              34.628386
            ],
            [
              126.033298,
              34.601255
            ],
            [
              126.033298,
              34.574116
            ],
            [
              126.033298,
              34.546968
            ],
            [
              126.033298,
              34.519811
            ],
            [
              126.033298,
              34.492645
            ],
            [
              126.044282,
              34.46547
            ],
            [
              126.044282,
              34.438287
            ],
            [
              126.044282,
              34.411094
            ],
            [
              126.044282,
              34.383893
            ],
            [
              126.055267,
              34.365754
            ],
            [
              126.066252,
              34.347611
            ],
            [
              126.088221,
              34.338538
            ],
            [
              126.11019,
              34.329464
            ],
            [
              126.154129,
              34.329464
            ],
            [
              126.176098,
              34.320389
            ],
            [
              126.209052,
              34.320389
            ],
            [
              126.231021,
              34.329464
            ],
            [
              126.263975,
              34.329464
            ],
            [
              126.307913,
              34.347611
            ],
            [
              126.340867,
              34.347611
            ],
            [
              126.373821,
              34.338538
            ],
            [
              126.417759,
              34.329464
            ],
            [
              126.439728,
              34.320389
            ],
            [
              126.461698,
              34.311313
            ],
            [
              126.483667,
              34.302236
            ],
            [
              126.505636,
              34.28408
            ],
            [
              126.527605,
              34.275
            ],
            [
              126.560559,
              34.275
            ],
            [
              126.582528,
              34.265919
            ],
            [
              126.615482,
              34.265919
            ],
            [
              126.648436,
              34.265919
            ],
            [
              126.692374,
              34.265919
            ],
            [
              126.714344,
              34.275
            ],
            [
              126.736313,
              34.28408
            ],
            [
              126.758282,
              34.293158
            ],
            [
              126.780251,
              34.302236
            ],
            [
              126.802221,
              34.311313
            ],
            [
              126.835174,
              34.311313
            ],
            [
              126.857144,
              34.320389
            ],
            [
              126.890097,
              34.320389
            ],
            [
              126.912067,
              34.329464
            ],
            [
              126.934036,
              34.338538
            ],
            [
              126.956005,
              34.347611
            ],
            [
              126.96699,
              34.365754
            ],
            [
              126.977974,
              34.383893
            ],
            [
              126.999944,
              34.392961
            ],
            [
              127.010928,
              34.411094
            ],
            [
              127.032897,
              34.420159
            ],
            [
              127.054867,
              34.429224
            ],
            [
              127.065851,
              34.447349
            ],
            [
              127.08782,
              34.45641
            ],
            [
              127.098805,
              34.47453
            ],
            [
              127.120774,
              34.492645
            ],
            [
              127.120774,
              34.519811
            ],
            [
              127.153728,
              34.519811
            ],
            [
              127.197667,
              34.519811
            ],
            [
              127.23062,
              34.519811
            ],
            [
              127.263574,
              34.519811
            ],
            [
              127.296528,
              34.519811
            ],
            [
              127.329482,
              34.519811
            ],
            [
              127.362436,
              34.528864
            ],
            [
              127.384405,
              34.537916
            ],
            [
              127.406374,
              34.546968
            ],
            [
              127.417359,
              34.565068
            ],
            [
              127.439328,
              34.574116
            ],
            [
              127.450313,
              34.59221
            ],
            [
              127.472282,
              34.601255
            ],
            [
              127.494251,
              34.6103
            ],
            [
              127.527205,
              34.6103
            ],
            [
              127.571143,
              34.6103
            ],
            [
              127.604097,
              34.6103
            ],
            [
              127.637051,
              34.601255
            ],
            [
              127.670005,
              34.601255
            ],
            [
              127.702959,
              34.601255
            ],
            [
              127.735912,
              34.601255
            ],
            [
              127.746897,
              34.619343
            ],
            [
              127.768866,
              34.628386
            ],
            [
              127.790836,
              34.637427
            ],
            [
              127.80182,
              34.655507
            ],
            [
              127.812805,
              34.673583
            ],
            [
              127.823789,
              34.691655
            ],
            [
              127.834774,
              34.709724
            ],
            [
              127.856743,
              34.727788
            ],
            [
              127.878712,
              34.745848
            ],
            [
              127.911666,
              34.745848
            ],
            [
              127.933635,
              34.754877
            ],
            [
              127.955605,
              34.763905
            ],
            [
              127.977574,
              34.772931
            ],
            [
              127.999543,
              34.781957
            ],
            [
              128.021512,
              34.790982
            ],
            [
              128.043482,
              34.809028
            ],
            [
              128.054466,
              34.827071
            ],
            [
              128.076435,
              34.836091
            ],
            [
              128.08742,
              34.854127
            ],
            [
              128.098405,
              34.87216
            ],
            [
              128.109389,
              34.890189
            ],
            [
              128.131358,
              34.899201
            ],
            [
              128.153328,
              34.908213
            ],
            [
              128.175297,
              34.917224
            ],
            [
              128.197266,
              34.926234
            ],
            [
              128.219235,
              34.935243
            ],
            [
              128.252189,
              34.935243
            ],
            [
              128.285143,
              34.935243
            ],
            [
              128.307112,
              34.926234
            ],
            [
              128.329081,
              34.908213
            ],
            [
              128.362035,
              34.899201
            ],
            [
              128.384004,
              34.890189
            ],
            [
              128.405974,
              34.87216
            ],
            [
              128.427943,
              34.863144
            ],
            [
              128.449912,
              34.854127
            ],
            [
              128.482866,
              34.854127
            ],
            [
              128.504835,
              34.845109
            ],
            [
              128.537789,
              34.845109
            ],
            [
              128.570743,
              34.845109
            ],
            [
              128.603697,
              34.845109
            ],
            [
              128.625666,
              34.854127
            ],
            [
              128.65862,
              34.863144
            ],
            [
              128.680589,
              34.87216
            ],
            [
              128.702558,
              34.890189
            ],
            [
              128.713543,
              34.908213
            ],
            [
              128.746497,
              34.926234
            ],
            [
              128.757481,
              34.944251
            ],
            [
              128.768466,
              34.962264
            ],
            [
              128.77945,
              34.980273
            ],
            [
              128.790435,
              34.998278
            ],
            [
              128.812404,
              35.016279
            ],
            [
              128.823389,
              35.034276
            ],
            [
              128.845358,
              35.043273
            ],
            [
              128.867327,
              35.052269
            ],
            [
              128.889297,
              35.061264
            ],
            [
              128.911266,
              35.070258
            ],
            [
              128.94422,
              35.079251
            ],
            [
              128.977173,
              35.079251
            ],
            [
              128.999143,
              35.088243
            ],
            [
              129.021112,
              35.097234
            ],
            [
              129.043081,
              35.106224
            ],
            [
              129.06505,
              35.115213
            ],
            [
              129.076035,
              35.133189
            ],
            [
              129.08702,
              35.15116
            ],
            [
              129.08702,
              35.178109
            ],
            [
              129.098004,
              35.196071
            ],
            [
              129.119973,
              35.214028
            ],
            [
              129.141943,
              35.231982
            ],
            [
              129.163912,
              35.240957
            ],
            [
              129.196866,
              35.240957
            ],
            [
              129.22982,
              35.249931
            ],
            [
              129.262773,
              35.249931
            ],
            [
              129.295727,
              35.249931
            ],
            [
              129.317696,
              35.258904
            ],
            [
              129.339666,
              35.267876
            ],
            [
              129.361635,
              35.276848
            ],
            [
              129.372619,
              35.294787
            ],
            [
              129.383604,
              35.312723
            ],
            [
              129.394589,
              35.330654
            ],
            [
              129.405573,
              35.348582
            ],
            [
              129.416558,
              35.375466
            ],
            [
              129.427543,
              35.402341
            ],
            [
              129.460496,
              35.420252
            ],
            [
              129.482466,
              35.429207
            ],
            [
              129.49345,
              35.447112
            ],
            [
              129.504435,
              35.465014
            ],
            [
              129.526404,
              35.482912
            ],
            [
              129.537389,
              35.509751
            ],
            [
              129.548373,
              35.527639
            ],
            [
              129.548373,
              35.554463
            ],
            [
              129.548373,
              35.590214
            ],
            [
              129.548373,
              35.62595
            ],
            [
              129.548373,
              35.652741
            ],
            [
              129.548373,
              35.679523
            ],
            [
              129.537389,
              35.697373
            ],
            [
              129.537389,
              35.724141
            ],
            [
              129.537389,
              35.750899
            ],
            [
              129.537389,
              35.777648
            ],
            [
              129.537389,
              35.804388
            ],
            [
              129.537389,
              35.83112
            ],
            [
              129.537389,
              35.857842
            ],
            [
              129.537389,
              35.884555
            ],
            [
              129.548373,
              35.902359
            ],
            [
              129.559358,
              35.929057
            ],
            [
              129.559358,
              35.955747
            ],
            [
              129.559358,
              35.982427
            ],
            [
              129.559358,
              36.009098
            ],
            [
              129.559358,
              36.03576
            ],
            [
              129.559358,
              36.062414
            ],
            [
              129.548373,
              36.089058
            ],
            [
              129.515419,
              36.089058
            ],
            [
              129.482466,
              36.089058
            ],
            [
              129.482466,
              36.106815
            ],
            [
              129.482466,
              36.133445
            ],
            [
              129.482466,
              36.160065
            ],
            [
              129.482466,
              36.186676
            ],
            [
              129.482466,
              36.213278
            ],
            [
              129.482466,
              36.239871
            ],
            [
              129.471481,
              36.257594
            ],
            [
              129.460496,
              36.275314
            ],
            [
              129.460496,
              36.301886
            ],
            [
              129.460496,
              36.328449
            ],
            [
              129.460496,
              36.355002
            ],
            [
              129.460496,
              36.381547
            ],
            [
              129.449512,
              36.399238
            ],
            [
              129.449512,
              36.425768
            ],
            [
              129.438527,
              36.452289
            ],
            [
              129.438527,
              36.4788
            ],
            [
              129.438527,
              36.505302
            ],
            [
              129.438527,
              36.531796
            ],
            [
              129.438527,
              36.55828
            ],
            [
              129.438527,
              36.584755
            ],
            [
              129.438527,
              36.611221
            ],
            [
              129.449512,
              36.62886
            ],
            [
              129.449512,
              36.655311
            ],
            [
              129.460496,
              36.67294
            ],
            [
              129.460496,
              36.699376
            ],
            [
              129.460496,
              36.725803
            ],
            [
              129.471481,
              36.752221
            ],
            [
              129.471481,
              36.778629
            ],
            [
              129.471481,
              36.805029
            ],
            [
              129.471481,
              36.831419
            ],
            [
              129.471481,
              36.8578
            ],
            [
              129.482466,
              36.875383
            ],
            [
              129.471481,
              36.892961
            ],
            [
              129.471481,
              36.919321
            ],
            [
              129.471481,
              36.945672
            ],
            [
              129.471481,
              36.980792
            ],
            [
              129.460496,
              37.007122
            ],
            [
              129.449512,
              37.042214
            ],
            [
              129.449512,
              37.068523
            ],
            [
              129.438527,
              37.086056
            ],
            [
              129.427543,
              37.11235
            ],
            [
              129.427543,
              37.138634
            ],
            [
              129.416558,
              37.156151
            ],
            [
              129.405573,
              37.173665
            ],
            [
              129.394589,
              37.191174
            ],
            [
              129.394589,
              37.217431
            ],
            [
              129.383604,
              37.23493
            ],
            [
              129.372619,
              37.252426
            ],
            [
              129.361635,
              37.269917
            ],
            [
              129.35065,
              37.287404
            ],
            [
              129.339666,
              37.304887
            ],
            [
              129.339666,
              37.331104
            ],
            [
              129.328681,
              37.348577
            ],
            [
              129.317696,
              37.366046
            ],
            [
              129.306712,
              37.383511
            ],
            [
              129.295727,
              37.400972
            ],
            [
              129.284743,
              37.418428
            ],
            [
              129.273758,
              37.462052
            ],
            [
              129.262773,
              37.479495
            ],
            [
              129.251789,
              37.496933
            ],
            [
              129.240804,
              37.514367
            ],
            [
              129.22982,
              37.549224
            ],
            [
              129.218835,
              37.584064
            ],
            [
              129.20785,
              37.601478
            ],
            [
              129.185881,
              37.618888
            ],
            [
              129.163912,
              37.636293
            ],
            [
              129.152927,
              37.653695
            ],
            [
              129.130958,
              37.662395
            ],
            [
              129.119973,
              37.67979
            ],
            [
              129.098004,
              37.688486
            ],
            [
              129.08702,
              37.705876
            ],
            [
              129.06505,
              37.723261
            ],
            [
              129.043081,
              37.731952
            ],
            [
              129.021112,
              37.749332
            ],
            [
              129.010127,
              37.766707
            ],
            [
              128.988158,
              37.775393
            ],
            [
              128.977173,
              37.792762
            ],
            [
              128.966189,
              37.810127
            ],
            [
              128.955204,
              37.827488
            ],
            [
              128.94422,
              37.844845
            ],
            [
              128.933235,
              37.862198
            ],
            [
              128.92225,
              37.879546
            ],
            [
              128.900281,
              37.896891
            ],
            [
              128.889297,
              37.914231
            ],
            [
              128.878312,
              37.931568
            ],
            [
              128.867327,
              37.9489
            ],
            [
              128.856343,
              37.966228
            ],
            [
              128.845358,
              37.983552
            ],
            [
              128.823389,
              37.992213
            ],
            [
              128.812404,
              38.009531
            ],
            [
              128.790435,
              38.026845
            ],
            [
              128.768466,
              38.0355
            ],
            [
              128.746497,
              38.052808
            ],
            [
              128.735512,
              38.070112
            ],
            [
              128.713543,
              38.087411
            ],
            [
              128.702558,
              38.104707
            ],
            [
              128.680589,
              38.113353
            ],
            [
              128.669604,
              38.130642
            ],
            [
              128.647635,
              38.139285
            ],
            [
              128.636651,
              38.156569
            ],
            [
              128.625666,
              38.173848
            ],
            [
              128.614681,
              38.191123
            ],
            [
              128.603697,
              38.208394
            ],
            [
              128.592712,
              38.225661
            ],
            [
              128.581727,
              38.242923
            ],
            [
              128.581727,
              38.26881
            ],
            [
              128.570743,
              38.286062
            ],
            [
              128.559758,
              38.303311
            ],
            [
              128.548774,
              38.320555
            ],
            [
              128.537789,
              38.337795
            ],
            [
              128.526804,
              38.355031
            ],
            [
              128.504835,
              38.363648
            ],
            [
              128.493851,
              38.380878
            ],
            [
              128.482866,
              38.398103
            ],
            [
              128.482866,
              38.423934
            ],
            [
              128.471881,
              38.44115
            ],
            [
              128.460897,
              38.466966
            ],
            [
              128.449912,
              38.492772
            ],
            [
              128.438928,
              38.509971
            ],
            [
              128.438928,
              38.535762
            ],
            [
              128.427943,
              38.552951
            ],
            [
              128.427943,
              38.578727
            ],
            [
              128.416958,
              38.595905
            ],
            [
              128.405974,
              38.61308
            ],
            [
              128.394989,
              38.63025
            ],
            [
              128.384004,
              38.664579
            ],
            [
              128.37302,
              38.698891
            ],
            [
              128.362035,
              38.716041
            ],
            [
              128.351051,
              38.733186
            ],
            [
              128.340066,
              38.750328
            ],
            [
              128.329081,
              38.767465
            ],
            [
              128.296128,
              38.767465
            ],
            [
              128.263174,
              38.767465
            ],
            [
              128.241205,
              38.776033
            ],
            [
              128.219235,
              38.784599
            ],
            [
              128.208251,
              38.801728
            ],
            [
              128.186282,
              38.818853
            ],
            [
              128.175297,
              38.835974
            ],
            [
              128.164312,
              38.853091
            ],
            [
              128.153328,
              38.870204
            ],
            [
              128.131358,
              38.878759
            ],
            [
              128.109389,
              38.895865
            ],
            [
              128.08742,
              38.904417
            ],
            [
              128.065451,
              38.912968
            ],
            [
              128.054466,
              38.930066
            ],
            [
              128.032497,
              38.94716
            ],
            [
              128.021512,
              38.96425
            ],
            [
              127.999543,
              38.972794
            ],
            [
              127.988559,
              38.989878
            ],
            [
              127.977574,
              39.006958
            ],
            [
              127.966589,
              39.024033
            ],
            [
              127.94462,
              39.041105
            ],
            [
              127.933635,
              39.058172
            ],
            [
              127.922651,
              39.075236
            ],
            [
              127.900682,
              39.083766
            ],
            [
              127.889697,
              39.100823
            ],
            [
              127.867728,
              39.10935
            ],
            [
              127.845759,
              39.117876
            ],
            [
              127.823789,
              39.126401
            ],
            [
              127.80182,
              39.134925
            ],
            [
              127.779851,
              39.143448
            ],
            [
              127.757882,
              39.15197
            ],
            [
              127.735912,
              39.16049
            ],
            [
              127.702959,
              39.16049
            ],
            [
              127.680989,
              39.16901
            ],
            [
              127.65902,
              39.177529
            ],
            [
              127.637051,
              39.186047
            ],
            [
              127.615082,
              39.194563
            ],
            [
              127.593113,
              39.203079
            ],
            [
              127.560159,
              39.203079
            ],
            [
              127.538189,
              39.211594
            ],
            [
              127.505236,
              39.220107
            ],
            [
              127.461297,
              39.220107
            ],
            [
              127.428343,
              39.22862
            ],
            [
              127.406374,
              39.245642
            ],
            [
              127.406374,
              39.271167
            ],
            [
              127.406374,
              39.296683
            ],
            [
              127.428343,
              39.288179
            ],
            [
              127.417359,
              39.271167
            ],
            [
              127.384405,
              39.271167
            ],
            [
              127.417359,
              39.279674
            ],
            [
              127.428343,
              39.296683
            ],
            [
              127.417359,
              39.313689
            ],
            [
              127.417359,
              39.339189
            ],
            [
              127.439328,
              39.356184
            ],
            [
              127.450313,
              39.373176
            ],
            [
              127.461297,
              39.390162
            ],
            [
              127.483266,
              39.407145
            ],
            [
              127.494251,
              39.424124
            ],
            [
              127.505236,
              39.441098
            ],
            [
              127.494251,
              39.466552
            ],
            [
              127.483266,
              39.483517
            ],
            [
              127.472282,
              39.500477
            ],
            [
              127.461297,
              39.517433
            ],
            [
              127.450313,
              39.534384
            ],
            [
              127.439328,
              39.551332
            ],
            [
              127.439328,
              39.576746
            ],
            [
              127.439328,
              39.60215
            ],
            [
              127.439328,
              39.627545
            ],
            [
              127.450313,
              39.64447
            ],
            [
              127.450313,
              39.669849
            ],
            [
              127.450313,
              39.69522
            ],
            [
              127.450313,
              39.720581
            ],
            [
              127.450313,
              39.745932
            ],
            [
              127.450313,
              39.771274
            ],
            [
              127.450313,
              39.796607
            ],
            [
              127.450313,
              39.821931
            ],
            [
              127.439328,
              39.838808
            ],
            [
              127.417359,
              39.847245
            ],
            [
              127.384405,
              39.847245
            ],
            [
              127.351451,
              39.847245
            ],
            [
              127.318497,
              39.838808
            ],
            [
              127.285543,
              39.838808
            ],
            [
              127.25259,
              39.838808
            ],
            [
              127.23062,
              39.83037
            ],
            [
              127.208651,
              39.821931
            ],
            [
              127.197667,
              39.805049
            ],
            [
              127.164713,
              39.805049
            ],
            [
              127.142743,
              39.796607
            ],
            [
              127.120774,
              39.788164
            ],
            [
              127.08782,
              39.788164
            ],
            [
              127.054867,
              39.788164
            ],
            [
              127.021913,
              39.77972
            ],
            [
              126.988959,
              39.771274
            ],
            [
              126.956005,
              39.771274
            ],
            [
              126.934036,
              39.77972
            ],
            [
              126.912067,
              39.788164
            ],
            [
              126.901082,
              39.805049
            ],
            [
              126.890097,
              39.821931
            ],
            [
              126.879113,
              39.838808
            ],
            [
              126.868128,
              39.855681
            ],
            [
              126.857144,
              39.87255
            ],
            [
              126.835174,
              39.889415
            ],
            [
              126.82419,
              39.906275
            ],
            [
              126.82419,
              39.931558
            ],
            [
              126.813205,
              39.948409
            ],
            [
              126.802221,
              39.965255
            ],
            [
              126.791236,
              39.982097
            ],
            [
              126.780251,
              40.007352
            ],
            [
              126.769267,
              40.024183
            ],
            [
              126.758282,
              40.041011
            ],
            [
              126.747298,
              40.057834
            ],
            [
              126.725328,
              40.074653
            ],
            [
              126.714344,
              40.091468
            ],
            [
              126.703359,
              40.108279
            ],
            [
              126.68139,
              40.116683
            ],
            [
              126.648436,
              40.125086
            ],
            [
              126.626467,
              40.133487
            ],
            [
              126.604498,
              40.141888
            ],
            [
              126.582528,
              40.150288
            ],
            [
              126.549575,
              40.150288
            ],
            [
              126.516621,
              40.150288
            ],
            [
              126.494651,
              40.158686
            ],
            [
              126.461698,
              40.158686
            ],
            [
              126.428744,
              40.158686
            ],
            [
              126.39579,
              40.167084
            ],
            [
              126.362836,
              40.167084
            ],
            [
              126.329882,
              40.167084
            ],
            [
              126.307913,
              40.175481
            ],
            [
              126.274959,
              40.175481
            ],
            [
              126.242005,
              40.175481
            ],
            [
              126.209052,
              40.183876
            ],
            [
              126.176098,
              40.183876
            ],
            [
              126.154129,
              40.192271
            ],
            [
              126.121175,
              40.192271
            ],
            [
              126.099205,
              40.200664
            ],
            [
              126.066252,
              40.200664
            ],
            [
              126.044282,
              40.209057
            ],
            [
              126.011329,
              40.209057
            ],
            [
              125.989359,
              40.217448
            ],
            [
              125.96739,
              40.225838
            ],
            [
              125.934436,
              40.225838
            ],
            [
              125.901482,
              40.225838
            ],
            [
              125.879513,
              40.234228
            ],
            [
              125.857544,
              40.242616
            ],
            [
              125.846559,
              40.259389
            ],
            [
              125.835575,
              40.276158
            ],
            [
              125.835575,
              40.301305
            ],
            [
              125.813606,
              40.309684
            ],
            [
              125.802621,
              40.326441
            ],
            [
              125.780652,
              40.334818
            ],
            [
              125.747698,
              40.334818
            ],
            [
              125.725729,
              40.343194
            ],
            [
              125.692775,
              40.343194
            ],
            [
              125.670806,
              40.351569
            ],
            [
              125.648836,
              40.359942
            ],
            [
              125.626867,
              40.368315
            ],
            [
              125.604898,
              40.376687
            ],
            [
              125.571944,
              40.385057
            ],
            [
              125.53899,
              40.385057
            ],
            [
              125.506036,
              40.385057
            ],
            [
              125.473083,
              40.385057
            ],
            [
              125.451113,
              40.376687
            ],
            [
              125.407175,
              40.376687
            ],
            [
              125.374221,
              40.376687
            ],
            [
              125.352252,
              40.368315
            ],
            [
              125.330283,
              40.359942
            ],
            [
              125.297329,
              40.359942
            ],
            [
              125.27536,
              40.351569
            ],
            [
              125.25339,
              40.343194
            ],
            [
              125.220437,
              40.334818
            ],
            [
              125.198467,
              40.326441
            ],
            [
              125.165514,
              40.326441
            ],
            [
              125.143544,
              40.318063
            ],
            [
              125.121575,
              40.309684
            ],
            [
              125.099606,
              40.301305
            ],
            [
              125.077637,
              40.292924
            ],
            [
              125.055667,
              40.284542
            ],
            [
              125.033698,
              40.276158
            ],
            [
              125.022714,
              40.259389
            ],
            [
              125.000744,
              40.251003
            ],
            [
              124.98976,
              40.234228
            ],
            [
              124.967791,
              40.225838
            ],
            [
              124.945821,
              40.217448
            ],
            [
              124.912868,
              40.217448
            ],
            [
              124.879914,
              40.217448
            ],
            [
              124.857944,
              40.225838
            ],
            [
              124.824991,
              40.225838
            ],
            [
              124.792037,
              40.225838
            ],
            [
              124.759083,
              40.225838
            ],
            [
              124.726129,
              40.225838
            ],
            [
              124.70416,
              40.217448
            ],
            [
              124.682191,
              40.209057
            ],
            [
              124.660221,
              40.200664
            ],
            [
              124.638252,
              40.192271
            ],
            [
              124.627268,
              40.175481
            ],
            [
              124.605298,
              40.167084
            ],
            [
              124.594314,
              40.150288
            ],
            [
              124.583329,
              40.133487
            ],
            [
              124.583329,
              40.108279
            ],
            [
              124.583329,
              40.083061
            ],
            [
              124.572345,
              40.066244
            ],
            [
              124.550375,
              40.049423
            ],
            [
              124.528406,
              40.041011
            ],
            [
              124.517422,
              40.024183
            ],
            [
              124.506437,
              40.007352
            ],
            [
              124.506437,
              39.982097
            ],
            [
              124.495452,
              39.965255
            ],
            [
              124.484468,
              39.948409
            ],
            [
              124.473483,
              39.931558
            ],
            [
              124.473483,
              39.906275
            ],
            [
              124.484468,
              39.889415
            ],
            [
              124.484468,
              39.864116
            ],
            [
              124.495452,
              39.847245
            ],
            [
              124.506437,
              39.83037
            ],
            [
              124.517422,
              39.813491
            ],
            [
              124.528406,
              39.796607
            ],
            [
              124.539391,
              39.77972
            ],
            [
              124.56136,
              39.771274
            ],
            [
              124.572345,
              39.754381
            ],
            [
              124.583329,
              39.737483
            ],
            [
              124.605298,
              39.729032
            ],
            [
              124.616283,
              39.712128
            ],
            [
              124.638252,
              39.703674
            ],
            [
              124.660221,
              39.686764
            ],
            [
              124.693175,
              39.678307
            ],
            [
              124.715145,
              39.669849
            ],
            [
              124.748098,
              39.661391
            ],
            [
              124.770068,
              39.652931
            ],
            [
              124.803021,
              39.652931
            ],
            [
              124.814006,
              39.636008
            ],
            [
              124.835975,
              39.627545
            ],
            [
              124.84696,
              39.610616
            ],
            [
              124.868929,
              39.60215
            ],
            [
              124.901883,
              39.60215
            ],
            [
              124.934837,
              39.60215
            ],
            [
              124.967791,
              39.60215
            ],
            [
              124.98976,
              39.610616
            ],
            [
              125.000744,
              39.627545
            ],
            [
              125.022714,
              39.636008
            ],
            [
              125.044683,
              39.627545
            ],
            [
              125.055667,
              39.610616
            ],
            [
              125.077637,
              39.60215
            ],
            [
              125.099606,
              39.593683
            ],
            [
              125.121575,
              39.585215
            ],
            [
              125.143544,
              39.576746
            ],
            [
              125.176498,
              39.576746
            ],
            [
              125.198467,
              39.568275
            ],
            [
              125.231421,
              39.559804
            ],
            [
              125.264375,
              39.559804
            ],
            [
              125.286344,
              39.551332
            ],
            [
              125.319298,
              39.551332
            ],
            [
              125.330283,
              39.534384
            ],
            [
              125.341267,
              39.517433
            ],
            [
              125.341267,
              39.491997
            ],
            [
              125.341267,
              39.466552
            ],
            [
              125.330283,
              39.449584
            ],
            [
              125.319298,
              39.432612
            ],
            [
              125.319298,
              39.407145
            ],
            [
              125.319298,
              39.38167
            ],
            [
              125.330283,
              39.364681
            ],
            [
              125.341267,
              39.347687
            ],
            [
              125.363237,
              39.339189
            ],
            [
              125.374221,
              39.32219
            ],
            [
              125.385206,
              39.305187
            ],
            [
              125.407175,
              39.288179
            ],
            [
              125.407175,
              39.26266
            ],
            [
              125.407175,
              39.237131
            ],
            [
              125.407175,
              39.211594
            ],
            [
              125.407175,
              39.186047
            ],
            [
              125.385206,
              39.177529
            ],
            [
              125.363237,
              39.16901
            ],
            [
              125.341267,
              39.16049
            ],
            [
              125.319298,
              39.15197
            ],
            [
              125.297329,
              39.143448
            ],
            [
              125.286344,
              39.126401
            ],
            [
              125.27536,
              39.10935
            ],
            [
              125.264375,
              39.092295
            ],
            [
              125.264375,
              39.066705
            ],
            [
              125.25339,
              39.049639
            ],
            [
              125.242406,
              39.03257
            ],
            [
              125.231421,
              39.015496
            ],
            [
              125.220437,
              38.998418
            ],
            [
              125.209452,
              38.981336
            ],
            [
              125.209452,
              38.955706
            ],
            [
              125.198467,
              38.938614
            ],
            [
              125.187483,
              38.921517
            ],
            [
              125.176498,
              38.904417
            ],
            [
              125.165514,
              38.887312
            ],
            [
              125.143544,
              38.878759
            ],
            [
              125.121575,
              38.861648
            ],
            [
              125.110591,
              38.844533
            ],
            [
              125.099606,
              38.827414
            ],
            [
              125.088621,
              38.810291
            ],
            [
              125.077637,
              38.793164
            ],
            [
              125.088621,
              38.776033
            ],
            [
              125.110591,
              38.758897
            ],
            [
              125.13256,
              38.750328
            ],
            [
              125.165514,
              38.741758
            ],
            [
              125.187483,
              38.733186
            ],
            [
              125.198467,
              38.750328
            ],
            [
              125.198467,
              38.776033
            ],
            [
              125.209452,
              38.793164
            ],
            [
              125.220437,
              38.767465
            ],
            [
              125.242406,
              38.758897
            ],
            [
              125.25339,
              38.741758
            ],
            [
              125.27536,
              38.724614
            ],
            [
              125.286344,
              38.707466
            ],
            [
              125.297329,
              38.690314
            ],
            [
              125.297329,
              38.664579
            ],
            [
              125.286344,
              38.647417
            ],
            [
              125.27536,
              38.63025
            ],
            [
              125.25339,
              38.621666
            ],
            [
              125.220437,
              38.61308
            ],
            [
              125.187483,
              38.61308
            ],
            [
              125.154529,
              38.61308
            ],
            [
              125.121575,
              38.61308
            ],
            [
              125.099606,
              38.595905
            ],
            [
              125.066652,
              38.595905
            ],
            [
              125.044683,
              38.587317
            ],
            [
              125.011729,
              38.578727
            ],
            [
              124.98976,
              38.570136
            ],
            [
              124.967791,
              38.578727
            ],
            [
              124.956806,
              38.561544
            ],
            [
              124.934837,
              38.552951
            ],
            [
              124.923852,
              38.535762
            ],
            [
              124.912868,
              38.518569
            ],
            [
              124.901883,
              38.501372
            ],
            [
              124.901883,
              38.475569
            ],
            [
              124.901883,
              38.449756
            ],
            [
              124.901883,
              38.423934
            ],
            [
              124.890898,
              38.406715
            ],
            [
              124.879914,
              38.389491
            ],
            [
              124.857944,
              38.380878
            ],
            [
              124.835975,
              38.372263
            ],
            [
              124.824991,
              38.355031
            ],
            [
              124.814006,
              38.337795
            ],
            [
              124.803021,
              38.320555
            ],
            [
              124.803021,
              38.294687
            ],
            [
              124.792037,
              38.277436
            ],
            [
              124.781052,
              38.260182
            ],
            [
              124.781052,
              38.234292
            ],
            [
              124.770068,
              38.217028
            ],
            [
              124.781052,
              38.182486
            ],
            [
              124.781052,
              38.156569
            ],
            [
              124.792037,
              38.139285
            ],
            [
              124.803021,
              38.121998
            ],
            [
              124.824991,
              38.113353
            ],
            [
              124.857944,
              38.113353
            ],
            [
              124.879914,
              38.104707
            ],
            [
              124.912868,
              38.104707
            ],
            [
              124.934837,
              38.096059
            ],
            [
              124.967791,
              38.096059
            ],
            [
              124.978775,
              38.113353
            ],
            [
              124.967791,
              38.096059
            ],
            [
              124.956806,
              38.078762
            ],
            [
              124.956806,
              38.052808
            ],
            [
              124.967791,
              38.0355
            ],
            [
              124.967791,
              38.009531
            ],
            [
              124.978775,
              37.992213
            ],
            [
              124.978775,
              37.966228
            ],
            [
              124.98976,
              37.9489
            ],
            [
              125.011729,
              37.931568
            ],
            [
              125.033698,
              37.9229
            ],
            [
              125.044683,
              37.905561
            ],
            [
              125.055667,
              37.888219
            ],
            [
              125.077637,
              37.879546
            ],
            [
              125.088621,
              37.862198
            ],
            [
              125.110591,
              37.853522
            ],
            [
              125.13256,
              37.844845
            ],
            [
              125.154529,
              37.827488
            ],
            [
              125.187483,
              37.810127
            ],
            [
              125.209452,
              37.801445
            ],
            [
              125.231421,
              37.792762
            ],
            [
              125.264375,
              37.784078
            ],
            [
              125.297329,
              37.784078
            ],
            [
              125.319298,
              37.775393
            ],
            [
              125.352252,
              37.775393
            ],
            [
              125.385206,
              37.775393
            ],
            [
              125.41816,
              37.775393
            ],
            [
              125.440129,
              37.784078
            ],
            [
              125.484067,
              37.784078
            ],
            [
              125.517021,
              37.784078
            ],
            [
              125.53899,
              37.792762
            ],
            [
              125.571944,
              37.801445
            ],
            [
              125.593913,
              37.810127
            ],
            [
              125.615883,
              37.818808
            ],
            [
              125.637852,
              37.827488
            ],
            [
              125.659821,
              37.836167
            ],
            [
              125.68179,
              37.853522
            ],
            [
              125.703759,
              37.862198
            ],
            [
              125.714744,
              37.879546
            ],
            [
              125.736713,
              37.888219
            ],
            [
              125.758683,
              37.896891
            ],
            [
              125.780652,
              37.905561
            ],
            [
              125.813606,
              37.914231
            ],
            [
              125.846559,
              37.914231
            ],
            [
              125.835575,
              37.896891
            ],
            [
              125.846559,
              37.879546
            ],
            [
              125.857544,
              37.862198
            ],
            [
              125.868529,
              37.836167
            ],
            [
              125.879513,
              37.818808
            ],
            [
              125.890498,
              37.801445
            ],
            [
              125.912467,
              37.784078
            ],
            [
              125.934436,
              37.775393
            ],
            [
              125.956406,
              37.766707
            ],
            [
              125.978375,
              37.75802
            ],
            [
              126.000344,
              37.749332
            ],
            [
              126.033298,
              37.749332
            ],
            [
              126.044282,
              37.731952
            ],
            [
              126.055267,
              37.714569
            ],
            [
              126.066252,
              37.697182
            ],
            [
              126.088221,
              37.688486
            ],
            [
              126.11019,
              37.67979
            ],
            [
              126.132159,
              37.671093
            ],
            [
              126.165113,
              37.671093
            ],
            [
              126.198067,
              37.671093
            ],
            [
              126.231021,
              37.671093
            ],
            [
              126.263975,
              37.662395
            ],
            [
              126.274959,
              37.644995
            ],
            [
              126.285944,
              37.618888
            ],
            [
              126.307913,
              37.610183
            ],
            [
              126.318898,
              37.592771
            ],
            [
              126.329882,
              37.566646
            ],
            [
              126.329882,
              37.540511
            ],
            [
              126.329882,
              37.514367
            ],
            [
              126.329882,
              37.488214
            ],
            [
              126.351852,
              37.479495
            ],
            [
              126.362836,
              37.462052
            ],
            [
              126.384805,
              37.45333
            ],
            [
              126.406775,
              37.444606
            ],
            [
              126.417759,
              37.427155
            ],
            [
              126.428744,
              37.409701
            ],
            [
              126.439728,
              37.392242
            ],
            [
              126.439728,
              37.366046
            ],
            [
              126.450713,
              37.348577
            ],
            [
              126.461698,
              37.322366
            ],
            [
              126.461698,
              37.296146
            ],
            [
              126.472682,
              37.278661
            ],
            [
              126.483667,
              37.261172
            ],
            [
              126.494651,
              37.243679
            ],
            [
              126.505636,
              37.226181
            ],
            [
              126.516621,
              37.20868
            ],
            [
              126.527605,
              37.191174
            ],
            [
              126.53859,
              37.173665
            ],
            [
              126.549575,
              37.156151
            ],
            [
              126.53859,
              37.129873
            ],
            [
              126.527605,
              37.11235
            ],
            [
              126.505636,
              37.094822
            ],
            [
              126.483667,
              37.086056
            ],
            [
              126.461698,
              37.07729
            ],
            [
              126.439728,
              37.068523
            ],
            [
              126.417759,
              37.059754
            ],
            [
              126.39579,
              37.050985
            ],
            [
              126.373821,
              37.042214
            ],
            [
              126.351852,
              37.033443
            ],
            [
              126.318898,
              37.033443
            ],
            [
              126.296928,
              37.02467
            ],
            [
              126.274959,
              37.015897
            ],
            [
              126.25299,
              37.007122
            ],
            [
              126.25299,
              36.980792
            ],
            [
              126.242005,
              36.963234
            ],
            [
              126.231021,
              36.945672
            ],
            [
              126.220036,
              36.928106
            ],
            [
              126.198067,
              36.919321
            ],
            [
              126.187082,
              36.901749
            ],
            [
              126.165113,
              36.892961
            ],
            [
              126.154129,
              36.875383
            ],
            [
              126.143144,
              36.8578
            ],
            [
              126.121175,
              36.849008
            ],
            [
              126.121175,
              36.849008
            ],
            [
              126.099205,
              36.849008
            ]
          ]
        ]
      }
    },
    {
      "type": "Feature",
      "properties": {
        "NAME": "Jin",
        "name": "Jin",
        "color": "#ef4444",
        "fill": "#ef4444",
        "fill-opacity": 0.5,
        "stroke": "#ef4444",
        "stroke-width": 2,
        "originalType": "polyline"
      },
      "geometry": {
        "type": "Polygon",
        "coordinates": [
          [
            [
              122.645344,
              37.076546
            ],
            [
              122.623376,
              37.111594
            ],
            [
              122.623376,
              37.164135
            ],
            [
              122.601408,
              37.216639
            ],
            [
              122.623376,
              37.251622
            ],
            [
              122.667312,
              37.286588
            ],
            [
              122.68928,
              37.321538
            ],
            [
              122.733217,
              37.356472
            ],
            [
              122.755185,
              37.408843
            ],
            [
              122.755185,
              37.461177
            ],
            [
              122.711249,
              37.496046
            ],
            [
              122.667312,
              37.513474
            ],
            [
              122.57944,
              37.530898
            ],
            [
              122.513535,
              37.530898
            ],
            [
              122.447631,
              37.530898
            ],
            [
              122.381726,
              37.548318
            ],
            [
              122.293853,
              37.548318
            ],
            [
              122.227949,
              37.548318
            ],
            [
              122.162044,
              37.548318
            ],
            [
              122.09614,
              37.565735
            ],
            [
              122.052204,
              37.583147
            ],
            [
              121.986299,
              37.583147
            ],
            [
              121.920394,
              37.583147
            ],
            [
              121.876458,
              37.565735
            ],
            [
              121.832522,
              37.548318
            ],
            [
              121.766617,
              37.548318
            ],
            [
              121.700713,
              37.548318
            ],
            [
              121.634808,
              37.548318
            ],
            [
              121.590872,
              37.565735
            ],
            [
              121.524967,
              37.565735
            ],
            [
              121.481031,
              37.583147
            ],
            [
              121.459063,
              37.635358
            ],
            [
              121.415127,
              37.652754
            ],
            [
              121.349222,
              37.687534
            ],
            [
              121.305286,
              37.704917
            ],
            [
              121.239381,
              37.722297
            ],
            [
              121.173477,
              37.739672
            ],
            [
              121.151508,
              37.774411
            ],
            [
              121.107572,
              37.791774
            ],
            [
              121.063636,
              37.809133
            ],
            [
              121.019699,
              37.843839
            ],
            [
              120.975763,
              37.861186
            ],
            [
              120.931827,
              37.878528
            ],
            [
              120.88789,
              37.895867
            ],
            [
              120.88789,
              37.947859
            ],
            [
              120.865922,
              37.982499
            ],
            [
              120.821986,
              37.999813
            ],
            [
              120.77805,
              38.017123
            ],
            [
              120.712145,
              38.034429
            ],
            [
              120.690177,
              38.069029
            ],
            [
              120.668209,
              38.103613
            ],
            [
              120.5364,
              38.051731
            ],
            [
              120.492463,
              38.017123
            ],
            [
              120.448527,
              37.982499
            ],
            [
              120.382622,
              37.965181
            ],
            [
              120.338686,
              37.930532
            ],
            [
              120.338686,
              37.878528
            ],
            [
              120.316718,
              37.843839
            ],
            [
              120.29475,
              37.809133
            ],
            [
              120.250813,
              37.774411
            ],
            [
              120.184909,
              37.739672
            ],
            [
              120.140973,
              37.722297
            ],
            [
              120.097036,
              37.687534
            ],
            [
              120.0531,
              37.670146
            ],
            [
              120.031132,
              37.635358
            ],
            [
              120.009164,
              37.600555
            ],
            [
              119.987195,
              37.565735
            ],
            [
              119.965227,
              37.513474
            ],
            [
              119.921291,
              37.496046
            ],
            [
              119.899323,
              37.461177
            ],
            [
              119.877355,
              37.426291
            ],
            [
              119.81145,
              37.373933
            ],
            [
              119.745546,
              37.373933
            ],
            [
              119.723577,
              37.339007
            ],
            [
              119.701609,
              37.286588
            ],
            [
              119.657673,
              37.269107
            ],
            [
              119.613736,
              37.251622
            ],
            [
              119.547832,
              37.286588
            ],
            [
              119.503896,
              37.304065
            ],
            [
              119.459959,
              37.321538
            ],
            [
              119.416023,
              37.339007
            ],
            [
              119.350118,
              37.356472
            ],
            [
              119.306182,
              37.39139
            ],
            [
              119.152405,
              37.408843
            ],
            [
              119.108469,
              37.426291
            ],
            [
              119.0865,
              37.461177
            ],
            [
              119.064532,
              37.496046
            ],
            [
              119.0865,
              37.548318
            ],
            [
              119.108469,
              37.583147
            ],
            [
              119.174373,
              37.600555
            ],
            [
              119.262246,
              37.617959
            ],
            [
              119.306182,
              37.635358
            ],
            [
              119.32815,
              37.687534
            ],
            [
              119.306182,
              37.757043
            ],
            [
              119.284214,
              37.809133
            ],
            [
              119.262246,
              37.843839
            ],
            [
              119.284214,
              37.895867
            ],
            [
              119.306182,
              37.930532
            ],
            [
              119.284214,
              37.965181
            ],
            [
              119.262246,
              37.999813
            ],
            [
              119.218309,
              38.017123
            ],
            [
              119.174373,
              38.034429
            ],
            [
              119.130437,
              38.069029
            ],
            [
              119.0865,
              38.086323
            ],
            [
              119.042564,
              38.120898
            ],
            [
              118.998628,
              38.155457
            ],
            [
              118.954691,
              38.17273
            ],
            [
              118.888787,
              38.189999
            ],
            [
              118.822882,
              38.207265
            ],
            [
              118.756978,
              38.207265
            ],
            [
              118.713041,
              38.189999
            ],
            [
              118.647137,
              38.189999
            ],
            [
              118.537296,
              38.189999
            ],
            [
              118.49336,
              38.207265
            ],
            [
              118.383519,
              38.207265
            ],
            [
              118.295646,
              38.207265
            ],
            [
              118.25171,
              38.224526
            ],
            [
              118.207774,
              38.259035
            ],
            [
              118.163837,
              38.276284
            ],
            [
              118.097933,
              38.293529
            ],
            [
              118.053996,
              38.310769
            ],
            [
              118.01006,
              38.328006
            ],
            [
              117.966124,
              38.362466
            ],
            [
              117.922187,
              38.39691
            ],
            [
              117.878251,
              38.431338
            ],
            [
              117.834315,
              38.465749
            ],
            [
              117.790378,
              38.482949
            ],
            [
              117.76841,
              38.517336
            ],
            [
              117.746442,
              38.551706
            ],
            [
              117.724474,
              38.603231
            ],
            [
              117.702506,
              38.63756
            ],
            [
              117.680537,
              38.671873
            ],
            [
              117.702506,
              38.706169
            ],
            [
              117.724474,
              38.740449
            ],
            [
              117.746442,
              38.774712
            ],
            [
              117.790378,
              38.826077
            ],
            [
              117.834315,
              38.860299
            ],
            [
              117.856283,
              38.894505
            ],
            [
              117.856283,
              38.945783
            ],
            [
              117.878251,
              38.979948
            ],
            [
              117.900219,
              39.014096
            ],
            [
              117.922187,
              39.048228
            ],
            [
              117.922187,
              39.099394
            ],
            [
              117.944155,
              39.133485
            ],
            [
              117.944155,
              39.18459
            ],
            [
              117.988092,
              39.201616
            ],
            [
              118.032028,
              39.167559
            ],
            [
              118.053996,
              39.133485
            ],
            [
              118.097933,
              39.099394
            ],
            [
              118.119901,
              39.065287
            ],
            [
              118.141869,
              39.031164
            ],
            [
              118.185805,
              39.014096
            ],
            [
              118.229742,
              38.997024
            ],
            [
              118.273678,
              38.979948
            ],
            [
              118.339583,
              38.979948
            ],
            [
              118.383519,
              38.962867
            ],
            [
              118.449423,
              38.945783
            ],
            [
              118.515328,
              38.928694
            ],
            [
              118.581232,
              38.928694
            ],
            [
              118.647137,
              38.928694
            ],
            [
              118.669105,
              38.979948
            ],
            [
              118.691073,
              39.014096
            ],
            [
              118.73501,
              39.031164
            ],
            [
              118.778946,
              39.048228
            ],
            [
              118.822882,
              39.065287
            ],
            [
              118.888787,
              39.065287
            ],
            [
              118.954691,
              39.082343
            ],
            [
              118.998628,
              39.099394
            ],
            [
              119.042564,
              39.116442
            ],
            [
              119.0865,
              39.133485
            ],
            [
              119.130437,
              39.150524
            ],
            [
              119.152405,
              39.18459
            ],
            [
              119.174373,
              39.218639
            ],
            [
              119.196341,
              39.252672
            ],
            [
              119.218309,
              39.286688
            ],
            [
              119.218309,
              39.337682
            ],
            [
              119.196341,
              39.388638
            ],
            [
              119.174373,
              39.422588
            ],
            [
              119.130437,
              39.456522
            ],
            [
              119.0865,
              39.473482
            ],
            [
              119.020596,
              39.507391
            ],
            [
              118.954691,
              39.541283
            ],
            [
              118.910755,
              39.575159
            ],
            [
              118.84485,
              39.592091
            ],
            [
              118.800914,
              39.609018
            ],
            [
              118.73501,
              39.625942
            ],
            [
              118.669105,
              39.625942
            ],
            [
              118.603201,
              39.625942
            ],
            [
              118.559264,
              39.642861
            ],
            [
              118.471392,
              39.659776
            ],
            [
              118.383519,
              39.659776
            ],
            [
              118.229742,
              39.676687
            ],
            [
              118.141869,
              39.693594
            ],
            [
              118.01006,
              39.710497
            ],
            [
              117.900219,
              39.74429
            ],
            [
              117.812346,
              39.74429
            ],
            [
              117.680537,
              39.76118
            ],
            [
              117.636601,
              39.778066
            ],
            [
              117.570697,
              39.778066
            ],
            [
              117.504792,
              39.794948
            ],
            [
              117.372983,
              39.811826
            ],
            [
              117.307078,
              39.8287
            ],
            [
              117.241174,
              39.845569
            ],
            [
              117.153301,
              39.862435
            ],
            [
              117.087397,
              39.879296
            ],
            [
              117.021492,
              39.896153
            ],
            [
              116.977556,
              39.913006
            ],
            [
              116.889683,
              39.929855
            ],
            [
              116.757874,
              39.9467
            ],
            [
              116.604097,
              39.980377
            ],
            [
              116.45032,
              40.014037
            ],
            [
              116.362447,
              40.014037
            ],
            [
              116.296543,
              40.030861
            ],
            [
              116.230638,
              40.030861
            ],
            [
              116.164734,
              40.047681
            ],
            [
              116.054893,
              40.064497
            ],
            [
              115.901116,
              40.081308
            ],
            [
              115.835211,
              40.081308
            ],
            [
              115.747338,
              40.098116
            ],
            [
              115.703402,
              40.114919
            ],
            [
              115.637497,
              40.131718
            ],
            [
              115.549625,
              40.131718
            ],
            [
              115.395848,
              40.131718
            ],
            [
              115.307975,
              40.131718
            ],
            [
              115.13223,
              40.114919
            ],
            [
              114.934516,
              40.098116
            ],
            [
              114.912548,
              40.148513
            ],
            [
              114.846643,
              40.165304
            ],
            [
              114.780739,
              40.18209
            ],
            [
              114.561057,
              40.215651
            ],
            [
              114.473184,
              40.232425
            ],
            [
              114.40728,
              40.232425
            ],
            [
              114.319407,
              40.249195
            ],
            [
              114.209566,
              40.249195
            ],
            [
              114.143662,
              40.265961
            ],
            [
              114.077757,
              40.265961
            ],
            [
              113.967916,
              40.265961
            ],
            [
              113.902012,
              40.265961
            ],
            [
              113.836107,
              40.265961
            ],
            [
              113.726267,
              40.265961
            ],
            [
              113.660362,
              40.265961
            ],
            [
              113.572489,
              40.265961
            ],
            [
              113.506585,
              40.265961
            ],
            [
              113.44068,
              40.265961
            ],
            [
              113.396744,
              40.265961
            ],
            [
              113.352808,
              40.249195
            ],
            [
              113.308871,
              40.232425
            ],
            [
              113.264935,
              40.198873
            ],
            [
              113.220999,
              40.165304
            ],
            [
              113.177062,
              40.148513
            ],
            [
              113.111158,
              40.114919
            ],
            [
              113.067221,
              40.098116
            ],
            [
              113.001317,
              40.064497
            ],
            [
              112.957381,
              40.030861
            ],
            [
              112.913444,
              40.014037
            ],
            [
              112.869508,
              39.997209
            ],
            [
              112.84754,
              39.96354
            ],
            [
              112.781635,
              39.913006
            ],
            [
              112.715731,
              39.862435
            ],
            [
              112.671794,
              39.845569
            ],
            [
              112.649826,
              39.811826
            ],
            [
              112.60589,
              39.778066
            ],
            [
              112.518017,
              39.727395
            ],
            [
              112.474081,
              39.710497
            ],
            [
              112.430144,
              39.676687
            ],
            [
              112.386208,
              39.659776
            ],
            [
              112.342272,
              39.625942
            ],
            [
              112.298335,
              39.609018
            ],
            [
              112.276367,
              39.575159
            ],
            [
              112.232431,
              39.558223
            ],
            [
              112.210463,
              39.524339
            ],
            [
              112.166526,
              39.507391
            ],
            [
              112.12259,
              39.490439
            ],
            [
              112.078654,
              39.473482
            ],
            [
              112.034717,
              39.439557
            ],
            [
              111.990781,
              39.422588
            ],
            [
              111.946845,
              39.388638
            ],
            [
              111.902908,
              39.354671
            ],
            [
              111.858972,
              39.320688
            ],
            [
              111.815036,
              39.30369
            ],
            [
              111.771099,
              39.269682
            ],
            [
              111.727163,
              39.252672
            ],
            [
              111.683227,
              39.235658
            ],
            [
              111.507481,
              39.201616
            ],
            [
              111.309768,
              39.18459
            ],
            [
              111.090086,
              39.133485
            ],
            [
              111.024181,
              39.133485
            ],
            [
              110.958277,
              39.133485
            ],
            [
              110.892372,
              39.116442
            ],
            [
              110.738595,
              39.116442
            ],
            [
              110.628754,
              39.116442
            ],
            [
              110.496945,
              39.116442
            ],
            [
              110.431041,
              39.116442
            ],
            [
              110.277264,
              39.133485
            ],
            [
              110.211359,
              39.133485
            ],
            [
              110.167423,
              39.150524
            ],
            [
              110.101518,
              39.150524
            ],
            [
              110.035614,
              39.150524
            ],
            [
              109.947741,
              39.167559
            ],
            [
              109.8379,
              39.167559
            ],
            [
              109.793964,
              39.18459
            ],
            [
              109.728059,
              39.18459
            ],
            [
              109.640187,
              39.18459
            ],
            [
              109.574282,
              39.201616
            ],
            [
              109.464441,
              39.201616
            ],
            [
              109.398537,
              39.201616
            ],
            [
              109.310664,
              39.201616
            ],
            [
              109.24476,
              39.201616
            ],
            [
              109.178855,
              39.201616
            ],
            [
              109.069014,
              39.201616
            ],
            [
              108.981141,
              39.201616
            ],
            [
              108.915237,
              39.201616
            ],
            [
              108.827364,
              39.201616
            ],
            [
              108.76146,
              39.201616
            ],
            [
              108.695555,
              39.201616
            ],
            [
              108.629651,
              39.201616
            ],
            [
              108.475874,
              39.201616
            ],
            [
              108.322096,
              39.201616
            ],
            [
              108.212255,
              39.18459
            ],
            [
              108.102415,
              39.18459
            ],
            [
              108.03651,
              39.18459
            ],
            [
              107.970606,
              39.201616
            ],
            [
              107.882733,
              39.201616
            ],
            [
              107.772892,
              39.218639
            ],
            [
              107.728956,
              39.235658
            ],
            [
              107.663051,
              39.235658
            ],
            [
              107.531242,
              39.269682
            ],
            [
              107.465338,
              39.269682
            ],
            [
              107.421401,
              39.286688
            ],
            [
              107.355497,
              39.286688
            ],
            [
              107.20172,
              39.30369
            ],
            [
              106.916133,
              39.30369
            ],
            [
              106.850229,
              39.286688
            ],
            [
              106.762356,
              39.286688
            ],
            [
              106.71842,
              39.269682
            ],
            [
              106.542674,
              39.269682
            ],
            [
              106.410865,
              39.252672
            ],
            [
              106.366929,
              39.235658
            ],
            [
              106.344961,
              39.201616
            ],
            [
              106.322993,
              39.167559
            ],
            [
              106.301025,
              39.133485
            ],
            [
              106.257088,
              39.099394
            ],
            [
              106.213152,
              39.014096
            ],
            [
              106.169216,
              38.945783
            ],
            [
              106.125279,
              38.911602
            ],
            [
              106.081343,
              38.877404
            ],
            [
              106.037407,
              38.84319
            ],
            [
              105.99347,
              38.808959
            ],
            [
              105.949534,
              38.791838
            ],
            [
              105.927566,
              38.757583
            ],
            [
              105.905597,
              38.723311
            ],
            [
              105.883629,
              38.689023
            ],
            [
              105.861661,
              38.654718
            ],
            [
              105.839693,
              38.58606
            ],
            [
              105.839693,
              38.534523
            ],
            [
              105.817725,
              38.500144
            ],
            [
              105.795757,
              38.465749
            ],
            [
              105.773788,
              38.431338
            ],
            [
              105.75182,
              38.362466
            ],
            [
              105.729852,
              38.310769
            ],
            [
              105.707884,
              38.259035
            ],
            [
              105.685916,
              38.207265
            ],
            [
              105.663948,
              38.17273
            ],
            [
              105.641979,
              38.103613
            ],
            [
              105.620011,
              38.069029
            ],
            [
              105.598043,
              38.034429
            ],
            [
              105.554107,
              37.999813
            ],
            [
              105.51017,
              37.965181
            ],
            [
              105.488202,
              37.930532
            ],
            [
              105.466234,
              37.895867
            ],
            [
              105.444266,
              37.861186
            ],
            [
              105.378361,
              37.809133
            ],
            [
              105.334425,
              37.757043
            ],
            [
              105.312457,
              37.722297
            ],
            [
              105.268521,
              37.687534
            ],
            [
              105.136711,
              37.652754
            ],
            [
              105.048839,
              37.635358
            ],
            [
              104.982934,
              37.635358
            ],
            [
              104.91703,
              37.617959
            ],
            [
              104.807189,
              37.600555
            ],
            [
              104.763253,
              37.583147
            ],
            [
              104.697348,
              37.565735
            ],
            [
              104.653412,
              37.548318
            ],
            [
              104.587507,
              37.530898
            ],
            [
              104.521603,
              37.530898
            ],
            [
              104.455698,
              37.513474
            ],
            [
              104.389794,
              37.496046
            ],
            [
              104.323889,
              37.496046
            ],
            [
              104.236016,
              37.496046
            ],
            [
              104.170112,
              37.496046
            ],
            [
              104.126176,
              37.478613
            ],
            [
              104.060271,
              37.478613
            ],
            [
              103.994367,
              37.478613
            ],
            [
              103.906494,
              37.461177
            ],
            [
              103.840589,
              37.461177
            ],
            [
              103.796653,
              37.443736
            ],
            [
              103.686812,
              37.443736
            ],
            [
              103.46713,
              37.426291
            ],
            [
              103.313353,
              37.408843
            ],
            [
              103.093672,
              37.39139
            ],
            [
              102.983831,
              37.373933
            ],
            [
              102.917926,
              37.373933
            ],
            [
              102.764149,
              37.356472
            ],
            [
              102.654308,
              37.339007
            ],
            [
              102.588404,
              37.339007
            ],
            [
              102.522499,
              37.321538
            ],
            [
              102.39069,
              37.304065
            ],
            [
              102.258881,
              37.286588
            ],
            [
              102.14904,
              37.269107
            ],
            [
              102.039199,
              37.269107
            ],
            [
              101.951327,
              37.251622
            ],
            [
              101.863454,
              37.251622
            ],
            [
              101.797549,
              37.251622
            ],
            [
              101.731645,
              37.251622
            ],
            [
              101.621804,
              37.234132
            ],
            [
              101.489995,
              37.216639
            ],
            [
              101.42409,
              37.216639
            ],
            [
              101.380154,
              37.199142
            ],
            [
              101.292281,
              37.164135
            ],
            [
              101.204409,
              37.146625
            ],
            [
              101.138504,
              37.129111
            ],
            [
              101.0726,
              37.076546
            ],
            [
              101.028663,
              37.059016
            ],
            [
              100.984727,
              37.023944
            ],
            [
              100.962759,
              36.971306
            ],
            [
              100.940791,
              36.936194
            ],
            [
              100.918823,
              36.883495
            ],
            [
              100.918823,
              36.83076
            ],
            [
              100.918823,
              36.76039
            ],
            [
              100.896854,
              36.72518
            ],
            [
              100.896854,
              36.672336
            ],
            [
              100.896854,
              36.619455
            ],
            [
              100.896854,
              36.566538
            ],
            [
              100.874886,
              36.513585
            ],
            [
              100.874886,
              36.460596
            ],
            [
              100.896854,
              36.425249
            ],
            [
              100.896854,
              36.372199
            ],
            [
              100.896854,
              36.319113
            ],
            [
              100.918823,
              36.283702
            ],
            [
              100.940791,
              36.248275
            ],
            [
              100.962759,
              36.212832
            ],
            [
              100.984727,
              36.177373
            ],
            [
              101.006695,
              36.141898
            ],
            [
              101.028663,
              36.106407
            ],
            [
              101.0726,
              36.088656
            ],
            [
              101.094568,
              36.035377
            ],
            [
              101.116536,
              35.999838
            ],
            [
              101.138504,
              35.964282
            ],
            [
              101.160472,
              35.91092
            ],
            [
              101.182441,
              35.857521
            ],
            [
              101.204409,
              35.821901
            ],
            [
              101.248345,
              35.786266
            ],
            [
              101.270313,
              35.732783
            ],
            [
              101.31425,
              35.697108
            ],
            [
              101.336218,
              35.661417
            ],
            [
              101.380154,
              35.62571
            ],
            [
              101.402122,
              35.589987
            ],
            [
              101.42409,
              35.554248
            ],
            [
              101.42409,
              35.500609
            ],
            [
              101.446059,
              35.46483
            ],
            [
              101.468027,
              35.429035
            ],
            [
              101.489995,
              35.393225
            ],
            [
              101.511963,
              35.357398
            ],
            [
              101.5559,
              35.321555
            ],
            [
              101.577868,
              35.285697
            ],
            [
              101.599836,
              35.249823
            ],
            [
              101.643772,
              35.213933
            ],
            [
              101.66574,
              35.160067
            ],
            [
              101.709677,
              35.106167
            ],
            [
              101.731645,
              35.070213
            ],
            [
              101.753613,
              35.034244
            ],
            [
              101.797549,
              34.998258
            ],
            [
              101.819518,
              34.92624
            ],
            [
              101.841486,
              34.890207
            ],
            [
              101.863454,
              34.800056
            ],
            [
              101.885422,
              34.763968
            ],
            [
              101.90739,
              34.709806
            ],
            [
              101.951327,
              34.619458
            ],
            [
              101.973295,
              34.565201
            ],
            [
              101.995263,
              34.51091
            ],
            [
              102.017231,
              34.456583
            ],
            [
              102.039199,
              34.420345
            ],
            [
              102.061167,
              34.365959
            ],
            [
              102.083136,
              34.329682
            ],
            [
              102.105104,
              34.293389
            ],
            [
              102.127072,
              34.238921
            ],
            [
              102.127072,
              34.184417
            ],
            [
              102.14904,
              34.148061
            ],
            [
              102.14904,
              34.093499
            ],
            [
              102.171008,
              34.057104
            ],
            [
              102.171008,
              34.002483
            ],
            [
              102.192976,
              33.96605
            ],
            [
              102.214945,
              33.929601
            ],
            [
              102.236913,
              33.874897
            ],
            [
              102.258881,
              33.838409
            ],
            [
              102.280849,
              33.801905
            ],
            [
              102.302817,
              33.747121
            ],
            [
              102.324786,
              33.710578
            ],
            [
              102.346754,
              33.67402
            ],
            [
              102.39069,
              33.637446
            ],
            [
              102.434626,
              33.600856
            ],
            [
              102.456595,
              33.564252
            ],
            [
              102.478563,
              33.527631
            ],
            [
              102.500531,
              33.490995
            ],
            [
              102.522499,
              33.454344
            ],
            [
              102.566435,
              33.436012
            ],
            [
              102.588404,
              33.399338
            ],
            [
              102.610372,
              33.362647
            ],
            [
              102.63234,
              33.325942
            ],
            [
              102.654308,
              33.289221
            ],
            [
              102.676276,
              33.252484
            ],
            [
              102.720213,
              33.215732
            ],
            [
              102.764149,
              33.19735
            ],
            [
              102.830053,
              33.160575
            ],
            [
              102.87399,
              33.123784
            ],
            [
              102.895958,
              33.086978
            ],
            [
              102.917926,
              33.050157
            ],
            [
              102.917926,
              32.994896
            ],
            [
              102.917926,
              32.9396
            ],
            [
              102.939894,
              32.902717
            ],
            [
              102.961862,
              32.865819
            ],
            [
              102.983831,
              32.828905
            ],
            [
              103.005799,
              32.791976
            ],
            [
              103.027767,
              32.755032
            ],
            [
              103.049735,
              32.718072
            ],
            [
              103.093672,
              32.699586
            ],
            [
              103.181544,
              32.644106
            ],
            [
              103.225481,
              32.625606
            ],
            [
              103.269417,
              32.607101
            ],
            [
              103.313353,
              32.588592
            ],
            [
              103.401226,
              32.51452
            ],
            [
              103.445162,
              32.47746
            ],
            [
              103.533035,
              32.403296
            ],
            [
              103.576971,
              32.384746
            ],
            [
              103.598939,
              32.347633
            ],
            [
              103.642876,
              32.329071
            ],
            [
              103.70878,
              32.310505
            ],
            [
              103.774685,
              32.310505
            ],
            [
              103.928462,
              32.291936
            ],
            [
              103.994367,
              32.291936
            ],
            [
              104.038303,
              32.273362
            ],
            [
              104.104207,
              32.254785
            ],
            [
              104.19208,
              32.236204
            ],
            [
              104.257985,
              32.236204
            ],
            [
              104.301921,
              32.217619
            ],
            [
              104.345857,
              32.180438
            ],
            [
              104.411762,
              32.161842
            ],
            [
              104.477666,
              32.143242
            ],
            [
              104.521603,
              32.124638
            ],
            [
              104.587507,
              32.087419
            ],
            [
              104.653412,
              32.068804
            ],
            [
              104.741284,
              32.050185
            ],
            [
              104.807189,
              32.031562
            ],
            [
              104.960966,
              32.012936
            ],
            [
              105.026871,
              32.012936
            ],
            [
              105.070807,
              31.994305
            ],
            [
              105.114743,
              31.975671
            ],
            [
              105.15868,
              31.957033
            ],
            [
              105.224584,
              31.938392
            ],
            [
              105.290489,
              31.938392
            ],
            [
              105.334425,
              31.919746
            ],
            [
              105.51017,
              31.919746
            ],
            [
              105.663948,
              31.901097
            ],
            [
              105.729852,
              31.901097
            ],
            [
              105.773788,
              31.863787
            ],
            [
              105.905597,
              31.863787
            ],
            [
              105.971502,
              31.863787
            ],
            [
              106.037407,
              31.863787
            ],
            [
              106.147247,
              31.882444
            ],
            [
              106.191184,
              31.863787
            ],
            [
              106.322993,
              31.863787
            ],
            [
              106.410865,
              31.863787
            ],
            [
              106.498738,
              31.863787
            ],
            [
              106.71842,
              31.863787
            ],
            [
              106.850229,
              31.863787
            ],
            [
              106.982038,
              31.863787
            ],
            [
              107.091879,
              31.863787
            ],
            [
              107.157783,
              31.863787
            ],
            [
              107.223688,
              31.863787
            ],
            [
              107.289592,
              31.863787
            ],
            [
              107.355497,
              31.863787
            ],
            [
              107.443369,
              31.863787
            ],
            [
              107.531242,
              31.863787
            ],
            [
              107.728956,
              31.863787
            ],
            [
              107.772892,
              31.845127
            ],
            [
              107.860765,
              31.826462
            ],
            [
              107.926669,
              31.807794
            ],
            [
              108.014542,
              31.789122
            ],
            [
              108.058478,
              31.807794
            ],
            [
              108.168319,
              31.807794
            ],
            [
              108.234224,
              31.807794
            ],
            [
              108.322096,
              31.807794
            ],
            [
              108.388001,
              31.807794
            ],
            [
              108.475874,
              31.826462
            ],
            [
              108.563746,
              31.826462
            ],
            [
              108.651619,
              31.826462
            ],
            [
              108.849332,
              31.826462
            ],
            [
              109.00311,
              31.826462
            ],
            [
              109.288696,
              31.863787
            ],
            [
              109.3546,
              31.863787
            ],
            [
              109.486409,
              31.882444
            ],
            [
              109.552314,
              31.901097
            ],
            [
              109.618218,
              31.901097
            ],
            [
              109.728059,
              31.919746
            ],
            [
              109.815932,
              31.919746
            ],
            [
              109.947741,
              31.938392
            ],
            [
              110.013646,
              31.938392
            ],
            [
              110.123486,
              31.957033
            ],
            [
              110.211359,
              31.975671
            ],
            [
              110.299232,
              31.994305
            ],
            [
              110.431041,
              31.994305
            ],
            [
              110.518913,
              32.012936
            ],
            [
              110.606786,
              32.012936
            ],
            [
              110.650723,
              32.031562
            ],
            [
              110.716627,
              32.050185
            ],
            [
              110.782532,
              32.050185
            ],
            [
              110.826468,
              32.068804
            ],
            [
              110.892372,
              32.087419
            ],
            [
              110.958277,
              32.124638
            ],
            [
              111.068118,
              32.161842
            ],
            [
              111.112054,
              32.180438
            ],
            [
              111.177959,
              32.180438
            ],
            [
              111.221895,
              32.199031
            ],
            [
              111.287799,
              32.199031
            ],
            [
              111.353704,
              32.199031
            ],
            [
              111.441577,
              32.199031
            ],
            [
              111.507481,
              32.199031
            ],
            [
              111.595354,
              32.199031
            ],
            [
              111.683227,
              32.180438
            ],
            [
              111.749131,
              32.180438
            ],
            [
              111.815036,
              32.180438
            ],
            [
              111.88094,
              32.180438
            ],
            [
              112.012749,
              32.180438
            ],
            [
              112.078654,
              32.180438
            ],
            [
              112.144558,
              32.180438
            ],
            [
              112.210463,
              32.199031
            ],
            [
              112.452113,
              32.217619
            ],
            [
              112.627858,
              32.236204
            ],
            [
              112.693762,
              32.236204
            ],
            [
              112.825571,
              32.236204
            ],
            [
              113.111158,
              32.199031
            ],
            [
              113.177062,
              32.161842
            ],
            [
              113.220999,
              32.143242
            ],
            [
              113.264935,
              32.124638
            ],
            [
              113.308871,
              32.106031
            ],
            [
              113.352808,
              32.087419
            ],
            [
              113.418712,
              32.068804
            ],
            [
              113.462648,
              32.050185
            ],
            [
              113.528553,
              32.031562
            ],
            [
              113.572489,
              31.994305
            ],
            [
              113.704298,
              31.994305
            ],
            [
              113.770203,
              31.994305
            ],
            [
              113.814139,
              31.975671
            ],
            [
              113.945948,
              31.975671
            ],
            [
              114.033821,
              31.975671
            ],
            [
              114.121694,
              31.957033
            ],
            [
              114.209566,
              31.957033
            ],
            [
              114.275471,
              31.975671
            ],
            [
              114.341375,
              31.994305
            ],
            [
              114.40728,
              31.994305
            ],
            [
              114.539089,
              32.012936
            ],
            [
              114.64893,
              32.012936
            ],
            [
              114.758771,
              32.012936
            ],
            [
              114.846643,
              32.031562
            ],
            [
              114.956484,
              32.050185
            ],
            [
              115.110261,
              32.068804
            ],
            [
              115.24207,
              32.087419
            ],
            [
              115.307975,
              32.106031
            ],
            [
              115.373879,
              32.124638
            ],
            [
              115.48372,
              32.143242
            ],
            [
              115.527657,
              32.161842
            ],
            [
              115.637497,
              32.199031
            ],
            [
              115.703402,
              32.199031
            ],
            [
              115.791275,
              32.217619
            ],
            [
              115.879147,
              32.236204
            ],
            [
              115.945052,
              32.254785
            ],
            [
              116.054893,
              32.273362
            ],
            [
              116.142765,
              32.273362
            ],
            [
              116.252606,
              32.310505
            ],
            [
              116.318511,
              32.310505
            ],
            [
              116.362447,
              32.329071
            ],
            [
              116.428352,
              32.347633
            ],
            [
              116.516224,
              32.366191
            ],
            [
              116.560161,
              32.384746
            ],
            [
              116.604097,
              32.421843
            ],
            [
              116.648033,
              32.440386
            ],
            [
              116.69197,
              32.47746
            ],
            [
              116.713938,
              32.51452
            ],
            [
              116.779842,
              32.551564
            ],
            [
              116.845747,
              32.588592
            ],
            [
              116.889683,
              32.607101
            ],
            [
              116.911651,
              32.644106
            ],
            [
              116.955588,
              32.662604
            ],
            [
              116.999524,
              32.681097
            ],
            [
              117.04346,
              32.699586
            ],
            [
              117.087397,
              32.718072
            ],
            [
              117.109365,
              32.755032
            ],
            [
              117.153301,
              32.773506
            ],
            [
              117.175269,
              32.810443
            ],
            [
              117.197238,
              32.847364
            ],
            [
              117.241174,
              32.865819
            ],
            [
              117.263142,
              32.902717
            ],
            [
              117.307078,
              32.9396
            ],
            [
              117.351015,
              32.958036
            ],
            [
              117.372983,
              32.994896
            ],
            [
              117.438888,
              33.031741
            ],
            [
              117.460856,
              33.06857
            ],
            [
              117.504792,
              33.105383
            ],
            [
              117.52676,
              33.160575
            ],
            [
              117.570697,
              33.215732
            ],
            [
              117.614633,
              33.252484
            ],
            [
              117.636601,
              33.289221
            ],
            [
              117.680537,
              33.325942
            ],
            [
              117.702506,
              33.362647
            ],
            [
              117.746442,
              33.380994
            ],
            [
              117.790378,
              33.399338
            ],
            [
              117.834315,
              33.417677
            ],
            [
              117.878251,
              33.436012
            ],
            [
              117.922187,
              33.454344
            ],
            [
              117.966124,
              33.490995
            ],
            [
              118.01006,
              33.509315
            ],
            [
              118.053996,
              33.527631
            ],
            [
              118.075964,
              33.564252
            ],
            [
              118.075964,
              33.637446
            ],
            [
              118.097933,
              33.67402
            ],
            [
              118.119901,
              33.728851
            ],
            [
              118.163837,
              33.747121
            ],
            [
              118.207774,
              33.765386
            ],
            [
              118.25171,
              33.783648
            ],
            [
              118.317614,
              33.820159
            ],
            [
              118.383519,
              33.856655
            ],
            [
              118.427455,
              33.874897
            ],
            [
              118.49336,
              33.874897
            ],
            [
              118.581232,
              33.893136
            ],
            [
              118.691073,
              33.91137
            ],
            [
              118.713041,
              33.947827
            ],
            [
              118.713041,
              34.002483
            ],
            [
              118.778946,
              34.038901
            ],
            [
              118.888787,
              34.057104
            ],
            [
              118.954691,
              34.057104
            ],
            [
              119.0865,
              34.093499
            ],
            [
              119.152405,
              34.11169
            ],
            [
              119.196341,
              34.129878
            ],
            [
              119.284214,
              34.148061
            ],
            [
              119.32815,
              34.166241
            ],
            [
              119.394055,
              34.184417
            ],
            [
              119.481927,
              34.202589
            ],
            [
              119.547832,
              34.202589
            ],
            [
              119.613736,
              34.202589
            ],
            [
              119.701609,
              34.202589
            ],
            [
              119.767514,
              34.202589
            ],
            [
              119.833418,
              34.202589
            ],
            [
              119.899323,
              34.202589
            ],
            [
              120.009164,
              34.184417
            ],
            [
              120.075068,
              34.202589
            ],
            [
              120.119004,
              34.220757
            ],
            [
              120.119004,
              34.275237
            ],
            [
              120.162941,
              34.293389
            ],
            [
              120.140973,
              34.329682
            ],
            [
              120.097036,
              34.347822
            ],
            [
              120.0531,
              34.384091
            ],
            [
              120.009164,
              34.40222
            ],
            [
              119.965227,
              34.420345
            ],
            [
              119.921291,
              34.438466
            ],
            [
              119.833418,
              34.492805
            ],
            [
              119.789482,
              34.51091
            ],
            [
              119.745546,
              34.547108
            ],
            [
              119.679641,
              34.583291
            ],
            [
              119.635705,
              34.601376
            ],
            [
              119.591768,
              34.637535
            ],
            [
              119.547832,
              34.655609
            ],
            [
              119.503896,
              34.691744
            ],
            [
              119.459959,
              34.727864
            ],
            [
              119.437991,
              34.763968
            ],
            [
              119.372087,
              34.818094
            ],
            [
              119.350118,
              34.854159
            ],
            [
              119.306182,
              34.872185
            ],
            [
              119.284214,
              34.908226
            ],
            [
              119.284214,
              34.962257
            ],
            [
              119.306182,
              35.016253
            ],
            [
              119.32815,
              35.05223
            ],
            [
              119.372087,
              35.106167
            ],
            [
              119.394055,
              35.160067
            ],
            [
              119.394055,
              35.23188
            ],
            [
              119.394055,
              35.285697
            ],
            [
              119.416023,
              35.339479
            ],
            [
              119.437991,
              35.393225
            ],
            [
              119.481927,
              35.429035
            ],
            [
              119.525864,
              35.446935
            ],
            [
              119.5698,
              35.46483
            ],
            [
              119.613736,
              35.482722
            ],
            [
              119.657673,
              35.500609
            ],
            [
              119.701609,
              35.536372
            ],
            [
              119.745546,
              35.554248
            ],
            [
              119.789482,
              35.589987
            ],
            [
              119.81145,
              35.643565
            ],
            [
              119.833418,
              35.679264
            ],
            [
              119.877355,
              35.714948
            ],
            [
              119.899323,
              35.750615
            ],
            [
              119.943259,
              35.786266
            ],
            [
              119.987195,
              35.804086
            ],
            [
              120.009164,
              35.839713
            ],
            [
              120.097036,
              35.893124
            ],
            [
              120.140973,
              35.928711
            ],
            [
              120.184909,
              35.946499
            ],
            [
              120.228845,
              35.964282
            ],
            [
              120.272782,
              35.999838
            ],
            [
              120.316718,
              36.035377
            ],
            [
              120.360654,
              36.0709
            ],
            [
              120.404591,
              36.088656
            ],
            [
              120.448527,
              36.106407
            ],
            [
              120.580336,
              36.177373
            ],
            [
              120.624272,
              36.212832
            ],
            [
              120.668209,
              36.230556
            ],
            [
              120.712145,
              36.265991
            ],
            [
              120.756081,
              36.30141
            ],
            [
              120.843954,
              36.354508
            ],
            [
              120.909859,
              36.389887
            ],
            [
              120.953795,
              36.425249
            ],
            [
              120.997731,
              36.442924
            ],
            [
              121.041668,
              36.478263
            ],
            [
              121.107572,
              36.495926
            ],
            [
              121.12954,
              36.53124
            ],
            [
              121.151508,
              36.566538
            ],
            [
              121.195445,
              36.584181
            ],
            [
              121.239381,
              36.619455
            ],
            [
              121.283318,
              36.637086
            ],
            [
              121.305286,
              36.672336
            ],
            [
              121.393158,
              36.707569
            ],
            [
              121.437095,
              36.72518
            ],
            [
              121.524967,
              36.76039
            ],
            [
              121.590872,
              36.76039
            ],
            [
              121.700713,
              36.72518
            ],
            [
              121.788585,
              36.672336
            ],
            [
              121.898426,
              36.619455
            ],
            [
              121.964331,
              36.619455
            ],
            [
              122.008267,
              36.637086
            ],
            [
              122.074172,
              36.654713
            ],
            [
              122.140076,
              36.707569
            ],
            [
              122.205981,
              36.742787
            ],
            [
              122.249917,
              36.777988
            ],
            [
              122.293853,
              36.813173
            ],
            [
              122.33779,
              36.83076
            ],
            [
              122.381726,
              36.865921
            ],
            [
              122.403694,
              36.901065
            ],
            [
              122.447631,
              36.918632
            ],
            [
              122.491567,
              36.936194
            ],
            [
              122.601408,
              36.953752
            ],
            [
              122.667312,
              36.971306
            ],
            [
              122.667312,
              37.023944
            ],
            [
              122.667312,
              37.059016
            ],
            [
              122.645344,
              37.076546
            ]
          ]
        ]
      }
    },
    {
      "type": "Feature",
      "properties": {
        "NAME": "Mongol Empire",
        "name": "Mongol Empire",
        "color": "#ef4444",
        "fill": "#ef4444",
        "fill-opacity": 0.5,
        "stroke": "#ef4444",
        "stroke-width": 2,
        "originalType": "polyline"
      },
      "geometry": {
        "type": "Polygon",
        "coordinates": [
          [
            [
              84.29671960913262,
              38.34703295841089
            ],
            [
              84.37047935905818,
              38.49706006967903
            ],
            [
              84.54622473095549,
              38.565803632155664
            ],
            [
              84.80984278880145,
              38.565803632155664
            ],
            [
              85.16133353259599,
              38.49706006967903
            ],
            [
              85.51282427639056,
              38.49706006967903
            ],
            [
              85.68856964828788,
              38.428250844996285
            ],
            [
              85.86431502018516,
              38.49706006967903
            ],
            [
              86.12793307803108,
              38.49706006967903
            ],
            [
              86.30367844992837,
              38.565803632155664
            ],
            [
              86.47942382182568,
              38.63448149622177
            ],
            [
              86.65516919372295,
              38.84012054209353
            ],
            [
              86.83091456562022,
              38.976884102058285
            ],
            [
              86.91878725156886,
              39.11338403440007
            ],
            [
              87.09453262346618,
              39.249620074053794
            ],
            [
              87.27027799536343,
              39.385591962440444
            ],
            [
              87.44602336726076,
              39.45347877086923
            ],
            [
              87.62176873915803,
              39.385591962440444
            ],
            [
              87.7975141110553,
              39.31763905306409
            ],
            [
              87.97325948295261,
              39.249620074053794
            ],
            [
              88.14900485484988,
              39.11338403440007
            ],
            [
              88.32475022674718,
              39.04516703840096
            ],
            [
              88.50049559864445,
              38.976884102058285
            ],
            [
              88.67624097054173,
              38.908535258708056
            ],
            [
              88.85198634243905,
              38.84012054209353
            ],
            [
              89.02773171433633,
              38.7030936260854
            ],
            [
              89.29134977218226,
              38.63448149622177
            ],
            [
              89.46709514407954,
              38.565803632155664
            ],
            [
              89.73071320192547,
              38.49706006967903
            ],
            [
              89.99433125977141,
              38.49706006967903
            ],
            [
              90.34582200356597,
              38.49706006967903
            ],
            [
              90.52156737546325,
              38.565803632155664
            ],
            [
              91.04880349115514,
              38.63448149622177
            ],
            [
              91.2245488630524,
              38.7030936260854
            ],
            [
              91.40029423494968,
              38.77163998636593
            ],
            [
              91.57603960684699,
              38.84012054209353
            ],
            [
              92.0154030365902,
              38.77163998636593
            ],
            [
              92.3668937803848,
              38.77163998636593
            ],
            [
              92.63051183823073,
              38.77163998636593
            ],
            [
              93.06987526797391,
              39.04516703840096
            ],
            [
              93.24562063987122,
              39.181535057125835
            ],
            [
              93.4213660117685,
              39.385591962440444
            ],
            [
              93.59711138366582,
              39.45347877086923
            ],
            [
              93.86072944151171,
              39.45347877086923
            ],
            [
              94.30009287125493,
              39.45347877086923
            ],
            [
              94.56371092910088,
              39.45347877086923
            ],
            [
              94.91520167289545,
              39.45347877086923
            ],
            [
              95.09094704479273,
              39.385591962440444
            ],
            [
              95.26669241669005,
              39.31763905306409
            ],
            [
              95.44243778858733,
              39.249620074053794
            ],
            [
              95.7939285323819,
              39.181535057125835
            ],
            [
              95.96967390427918,
              39.04516703840096
            ],
            [
              96.23329196212512,
              38.976884102058285
            ],
            [
              96.40903733402239,
              38.908535258708056
            ],
            [
              96.58478270591966,
              38.77163998636593
            ],
            [
              96.76052807781699,
              38.7030936260854
            ],
            [
              96.93627344971424,
              38.565803632155664
            ],
            [
              97.11201882161156,
              38.49706006967903
            ],
            [
              97.37563687945747,
              38.35937599472502
            ],
            [
              97.72712762325203,
              38.29043555589689
            ],
            [
              97.90287299514935,
              38.22142956595845
            ],
            [
              98.16649105299527,
              38.15235806277202
            ],
            [
              98.51798179678983,
              38.08322108461661
            ],
            [
              98.95734522653306,
              38.08322108461661
            ],
            [
              99.22096328437895,
              38.014018670188534
            ],
            [
              99.39670865627629,
              37.944750858602504
            ],
            [
              99.66032671412222,
              37.73655543833467
            ],
            [
              99.8360720860195,
              37.66702643765793
            ],
            [
              100.01181745791676,
              37.527772892101645
            ],
            [
              100.18756282981404,
              37.3882589006738
            ],
            [
              100.36330820171136,
              37.318404344250716
            ],
            [
              100.53905357360865,
              37.248484805002875
            ],
            [
              100.80267163145457,
              37.248484805002875
            ],
            [
              101.06628968930049,
              37.248484805002875
            ],
            [
              101.32990774714645,
              37.318404344250716
            ],
            [
              101.59352580499237,
              37.318404344250716
            ],
            [
              101.85714386283827,
              37.318404344250716
            ],
            [
              102.1207619206842,
              37.318404344250716
            ],
            [
              102.4722526644788,
              37.318404344250716
            ],
            [
              102.82374340827333,
              37.248484805002875
            ],
            [
              103.08736146611935,
              37.248484805002875
            ],
            [
              103.35097952396524,
              37.248484805002875
            ],
            [
              103.61459758181114,
              37.318404344250716
            ],
            [
              103.8782156396571,
              37.318404344250716
            ],
            [
              104.0539610115544,
              37.3882589006738
            ],
            [
              104.31757906940031,
              37.3882589006738
            ],
            [
              104.49332444129759,
              37.458048430929516
            ],
            [
              104.75694249914353,
              37.527772892101645
            ],
            [
              104.93268787104083,
              37.597432241699686
            ],
            [
              105.1084332429381,
              37.66702643765793
            ],
            [
              105.19630592888674,
              37.806019202511465
            ],
            [
              105.19630592888674,
              38.014018670188534
            ],
            [
              105.28417861483537,
              38.15235806277202
            ],
            [
              105.45992398673266,
              38.22142956595845
            ],
            [
              105.54779667268133,
              38.35937599472502
            ],
            [
              105.72354204457864,
              38.428250844996285
            ],
            [
              105.81141473052728,
              38.565803632155664
            ],
            [
              105.98716010242455,
              38.63448149622177
            ],
            [
              106.07503278837318,
              38.77163998636593
            ],
            [
              106.07503278837318,
              38.976884102058285
            ],
            [
              106.25077816027046,
              39.04516703840096
            ],
            [
              106.51439621811639,
              39.11338403440007
            ],
            [
              106.77801427596236,
              39.181535057125835
            ],
            [
              107.04163233380825,
              39.181535057125835
            ],
            [
              107.3052503916542,
              39.249620074053794
            ],
            [
              107.74461382139742,
              39.249620074053794
            ],
            [
              108.00823187924333,
              39.249620074053794
            ],
            [
              108.62334068088387,
              39.181535057125835
            ],
            [
              108.88695873872976,
              39.181535057125835
            ],
            [
              109.15057679657572,
              39.181535057125835
            ],
            [
              109.41419485442167,
              39.11338403440007
            ],
            [
              109.67781291226756,
              39.11338403440007
            ],
            [
              110.46866708580535,
              39.11338403440007
            ],
            [
              110.73228514365127,
              39.11338403440007
            ],
            [
              110.99590320149726,
              39.11338403440007
            ],
            [
              111.17164857339453,
              39.04516703840096
            ],
            [
              111.43526663124044,
              39.04516703840096
            ],
            [
              111.69888468908637,
              39.11338403440007
            ],
            [
              111.8746300609837,
              39.181535057125835
            ],
            [
              112.05037543288097,
              39.249620074053794
            ],
            [
              112.22612080477825,
              39.31763905306409
            ],
            [
              112.4018661766755,
              39.385591962440444
            ],
            [
              112.57761154857283,
              39.45347877086923
            ],
            [
              112.75335692047013,
              39.521299447438736
            ],
            [
              112.92910229236739,
              39.58905396163819
            ],
            [
              113.01697497831604,
              39.72436438288286
            ],
            [
              113.1927203502133,
              39.85940979850107
            ],
            [
              113.1927203502133,
              40.06148053554241
            ],
            [
              113.36846572211059,
              40.12870470020549
            ],
            [
              113.45633840805927,
              40.26295374575543
            ],
            [
              113.7199564659052,
              40.26295374575543
            ],
            [
              113.98357452375112,
              40.26295374575543
            ],
            [
              114.24719258159703,
              40.19586244579364
            ],
            [
              114.59868332539163,
              40.19586244579364
            ],
            [
              114.86230138323754,
              40.19586244579364
            ],
            [
              115.30166481298075,
              40.12870470020549
            ],
            [
              115.56528287082672,
              40.12870470020549
            ],
            [
              115.741028242724,
              40.06148053554241
            ],
            [
              116.00464630056993,
              40.06148053554241
            ],
            [
              116.26826435841589,
              40.06148053554241
            ],
            [
              116.44400973031314,
              39.99418997874772
            ],
            [
              117.05911853195364,
              39.99418997874772
            ],
            [
              117.41060927574823,
              39.99418997874772
            ],
            [
              117.67422733359413,
              39.926833057157396
            ],
            [
              118.02571807738876,
              39.85940979850107
            ],
            [
              118.20146344928604,
              39.79192023090298
            ],
            [
              118.46508150713191,
              39.79192023090298
            ],
            [
              118.64082687902925,
              39.72436438288286
            ],
            [
              118.81657225092651,
              39.656742283356756
            ],
            [
              118.99231762282382,
              39.58905396163819
            ],
            [
              119.25593568066972,
              39.656742283356756
            ],
            [
              119.431681052567,
              39.72436438288286
            ],
            [
              119.60742642446431,
              39.79192023090298
            ],
            [
              119.69529911041295,
              39.926833057157396
            ],
            [
              119.87104448231027,
              40.06148053554241
            ],
            [
              119.9589171682589,
              40.19586244579364
            ],
            [
              120.13466254015619,
              40.26295374575543
            ],
            [
              120.31040791205344,
              40.329978573930326
            ],
            [
              120.5740259698994,
              40.329978573930326
            ],
            [
              120.74977134179669,
              40.396936904547594
            ],
            [
              120.92551671369397,
              40.530653971971134
            ],
            [
              121.10126208559124,
              40.59741265917743
            ],
            [
              121.27700745748854,
              40.7307302194773
            ],
            [
              121.3648801434372,
              40.86378120398151
            ],
            [
              121.5406255153345,
              40.93020667288087
            ],
            [
              121.71637088723175,
              40.99656542968017
            ],
            [
              122.0678616310263,
              40.99656542968017
            ],
            [
              122.24360700292362,
              40.93020667288087
            ],
            [
              122.33147968887226,
              40.797289045285396
            ],
            [
              122.24360700292362,
              40.664104749624435
            ],
            [
              122.15573431697499,
              40.530653971971134
            ],
            [
              122.0678616310263,
              40.396936904547594
            ],
            [
              121.97998894507766,
              40.26295374575543
            ],
            [
              121.89211625912903,
              40.12870470020549
            ],
            [
              121.71637088723175,
              40.06148053554241
            ],
            [
              121.5406255153345,
              39.926833057157396
            ],
            [
              121.45275282938582,
              39.79192023090298
            ],
            [
              121.3648801434372,
              39.656742283356756
            ],
            [
              121.3648801434372,
              39.45347877086923
            ],
            [
              121.27700745748854,
              39.31763905306409
            ],
            [
              121.18913477153987,
              39.181535057125835
            ],
            [
              121.10126208559124,
              39.04516703840096
            ],
            [
              121.27700745748854,
              38.976884102058285
            ],
            [
              121.45275282938582,
              38.908535258708056
            ],
            [
              121.62849820128314,
              38.976884102058285
            ],
            [
              121.89211625912903,
              38.976884102058285
            ],
            [
              122.0678616310263,
              39.04516703840096
            ],
            [
              122.24360700292362,
              39.11338403440007
            ],
            [
              122.41935237482093,
              39.181535057125835
            ],
            [
              122.68297043266683,
              39.249620074053794
            ],
            [
              123.12233386241004,
              39.249620074053794
            ],
            [
              123.29807923430737,
              39.385591962440444
            ],
            [
              123.47382460620464,
              39.45347877086923
            ],
            [
              123.56169729215328,
              39.58905396163819
            ],
            [
              123.73744266405056,
              39.656742283356756
            ],
            [
              123.91318803594785,
              39.79192023090298
            ],
            [
              124.08893340784513,
              39.85940979850107
            ],
            [
              124.1768060937938,
              39.99418997874772
            ],
            [
              124.35255146569108,
              40.06148053554241
            ],
            [
              124.4404241516397,
              40.19586244579364
            ],
            [
              124.61616952353698,
              40.26295374575543
            ],
            [
              124.7919148954343,
              40.329978573930326
            ],
            [
              124.96766026733158,
              40.396936904547594
            ],
            [
              125.23127832517751,
              40.396936904547594
            ],
            [
              125.49489638302343,
              40.396936904547594
            ],
            [
              125.846387126818,
              40.396936904547594
            ],
            [
              126.11000518466393,
              40.329978573930326
            ],
            [
              126.37362324250985,
              40.329978573930326
            ],
            [
              126.63724130035581,
              40.329978573930326
            ],
            [
              126.81298667225312,
              40.26295374575543
            ],
            [
              126.90085935820174,
              40.12870470020549
            ],
            [
              127.07660473009902,
              40.06148053554241
            ],
            [
              127.25235010199627,
              39.99418997874772
            ],
            [
              127.4280954738936,
              39.926833057157396
            ],
            [
              127.60384084579087,
              39.79192023090298
            ],
            [
              127.86745890363682,
              39.79192023090298
            ],
            [
              128.21894964743137,
              39.79192023090298
            ],
            [
              128.39469501932868,
              39.85940979850107
            ],
            [
              128.570440391226,
              39.926833057157396
            ],
            [
              128.65831307717463,
              40.06148053554241
            ],
            [
              128.74618576312326,
              40.19586244579364
            ],
            [
              128.74618576312326,
              40.396936904547594
            ],
            [
              128.83405844907188,
              40.59741265917743
            ],
            [
              128.92193113502054,
              40.797289045285396
            ],
            [
              129.00980382096915,
              40.93020667288087
            ],
            [
              129.0976765069178,
              41.06285745245661
            ],
            [
              129.1855491928665,
              41.26133290310881
            ],
            [
              129.36129456476377,
              41.39331581521486
            ],
            [
              129.53703993666105,
              41.45920699466449
            ],
            [
              129.80065799450696,
              41.52503129720597
            ],
            [
              130.15214873830155,
              41.65647919628378
            ],
            [
              130.2400214242502,
              41.787659365599495
            ],
            [
              130.32789411019886,
              41.918571664222775
            ],
            [
              130.4157667961475,
              42.1144375608048
            ],
            [
              130.5036394820961,
              42.244679604684634
            ],
            [
              130.59151216804477,
              42.374653330771544
            ],
            [
              130.67938485399338,
              42.50435862437978
            ],
            [
              130.85513022589066,
              42.569110574736854
            ],
            [
              130.94300291183936,
              42.69841301714991
            ],
            [
              131.2066209696853,
              42.69841301714991
            ],
            [
              131.38236634158258,
              42.76296348411067
            ],
            [
              131.55811171347983,
              42.82744676543495
            ],
            [
              131.82172977132578,
              42.82744676543495
            ],
            [
              132.1732205151204,
              42.82744676543495
            ],
            [
              132.52471125891492,
              42.82744676543495
            ],
            [
              132.78832931676087,
              42.82744676543495
            ],
            [
              133.13982006055545,
              42.82744676543495
            ],
            [
              133.31556543245273,
              42.89186284945981
            ],
            [
              133.49131080434998,
              42.95621172487444
            ],
            [
              133.66705617624729,
              43.08470780638422
            ],
            [
              133.84280154814462,
              43.14885499160905
            ],
            [
              134.01854692004187,
              43.21293492648111
            ],
            [
              134.1064196059905,
              43.34089300725069
            ],
            [
              134.2821649778878,
              43.404771135054325
            ],
            [
              134.72152840763104,
              43.46858197631526
            ],
            [
              134.8972737795283,
              43.53232552284599
            ],
            [
              134.98514646547696,
              43.65961070067603
            ],
            [
              135.1608918373742,
              43.72315231730628
            ],
            [
              135.33663720927152,
              43.85003357186803
            ],
            [
              135.51238258116885,
              43.97664547993026
            ],
            [
              135.6881279530661,
              44.10298799631077
            ],
            [
              135.77600063901477,
              44.229061081168744
            ],
            [
              135.86387332496338,
              44.35486469997188
            ],
            [
              135.95174601091202,
              44.48039882346378
            ],
            [
              136.1274913828093,
              44.605663427630866
            ],
            [
              136.1274913828093,
              44.793054945431635
            ],
            [
              136.21536406875796,
              44.91764568033803
            ],
            [
              136.3032367547066,
              45.04196685268593
            ],
            [
              136.4789821266039,
              45.22794318098587
            ],
            [
              136.6547274985012,
              45.474968184396495
            ],
            [
              136.74260018444983,
              45.65952942356106
            ],
            [
              136.9183455563471,
              45.90466787161188
            ],
            [
              137.09409092824438,
              46.02683293473546
            ],
            [
              137.26983630014172,
              46.08781444222961
            ],
            [
              137.35770898609036,
              46.20957543554745
            ],
            [
              137.53345435798764,
              46.33106710540563
            ],
            [
              137.70919972988492,
              46.452289502476475
            ],
            [
              137.88494510178217,
              46.57324268214666
            ],
            [
              137.97281778773083,
              46.69392670448431
            ],
            [
              138.06069047367947,
              46.81434163420576
            ],
            [
              138.32430853152542,
              46.874448210822145
            ],
            [
              138.58792658937134,
              47.05436449770839
            ],
            [
              138.76367196126859,
              47.173972583866124
            ],
            [
              138.85154464721725,
              47.29331188209473
            ],
            [
              138.93941733316592,
              47.41238247985627
            ],
            [
              139.11516270506323,
              47.47181704461151
            ],
            [
              139.20303539101187,
              47.59048476538957
            ],
            [
              139.29090807696048,
              47.70888402375319
            ],
            [
              139.37878076290914,
              47.82701492259612
            ],
            [
              139.5545261348064,
              47.944877569146996
            ],
            [
              139.5545261348064,
              48.12116881106811
            ],
            [
              139.64239882075503,
              48.238361324167435
            ],
            [
              139.81814419265234,
              48.4136479268954
            ],
            [
              139.90601687860104,
              48.58833231298681
            ],
            [
              139.99388956454968,
              48.70445422735493
            ],
            [
              140.0817622504983,
              48.82030882852123
            ],
            [
              140.16963493644695,
              48.99358983139821
            ],
            [
              140.25750762239556,
              49.10877678291495
            ],
            [
              140.3453803083442,
              49.33835045460513
            ],
            [
              140.43325299429281,
              49.509831132585106
            ],
            [
              140.52112568024148,
              49.68071279281738
            ],
            [
              140.52112568024148,
              49.9076242025254
            ],
            [
              140.60899836619015,
              50.02068139044172
            ],
            [
              140.69687105213876,
              50.13347314371456
            ],
            [
              140.78474373808746,
              50.24599964944897
            ],
            [
              140.78474373808746,
              50.414292487201024
            ],
            [
              140.8726164240361,
              50.526156716597214
            ],
            [
              140.96048910998474,
              50.63775638191667
            ],
            [
              140.96048910998474,
              50.80466026796509
            ],
            [
              140.78474373808746,
              50.86016283710008
            ],
            [
              140.8726164240361,
              51.026274735427705
            ],
            [
              140.8726164240361,
              51.19179348578076
            ],
            [
              140.78474373808746,
              51.35671982976055
            ],
            [
              140.78474373808746,
              51.52105452598374
            ],
            [
              140.78474373808746,
              51.684798349849395
            ],
            [
              140.78474373808746,
              51.84795209330699
            ],
            [
              140.8726164240361,
              51.956393831643794
            ],
            [
              140.96048910998474,
              52.0645739143907
            ],
            [
              141.04836179593337,
              52.17249258816531
            ],
            [
              141.04836179593337,
              52.33388100414668
            ],
            [
              140.96048910998474,
              52.44114725483245
            ],
            [
              140.96048910998474,
              52.60155823440366
            ],
            [
              140.8726164240361,
              52.70817367067401
            ],
            [
              140.60899836619015,
              52.70817367067401
            ],
            [
              140.43325299429281,
              52.654898452266515
            ],
            [
              140.25750762239556,
              52.60155823440366
            ],
            [
              140.16963493644695,
              52.49468266842568
            ],
            [
              139.99388956454968,
              52.387546710829454
            ],
            [
              139.7302715067037,
              52.28015010270353
            ],
            [
              139.5545261348064,
              52.17249258816531
            ],
            [
              139.46665344885776,
              52.0645739143907
            ],
            [
              139.37878076290914,
              51.956393831643794
            ],
            [
              139.29090807696048,
              51.84795209330699
            ],
            [
              139.29090807696048,
              51.684798349849395
            ],
            [
              139.20303539101187,
              51.57570141431953
            ],
            [
              139.11516270506323,
              51.4663419850276
            ],
            [
              139.0272900191146,
              51.35671982976055
            ],
            [
              138.85154464721725,
              51.19179348578076
            ],
            [
              138.76367196126859,
              51.081513521272946
            ],
            [
              138.67579927531997,
              50.97097004411
            ],
            [
              138.58792658937134,
              50.86016283710008
            ],
            [
              138.41218121747406,
              50.80466026796509
            ],
            [
              138.32430853152542,
              50.69345706644577
            ],
            [
              138.14856315962814,
              50.58198960714215
            ],
            [
              137.79707241583353,
              50.35826109840737
            ],
            [
              137.62132704393625,
              50.189769540686775
            ],
            [
              137.445581672039,
              50.077110434800616
            ],
            [
              137.18196361419302,
              49.9076242025254
            ],
            [
              137.00621824229572,
              49.73754033048752
            ],
            [
              136.83047287039844,
              49.68071279281738
            ],
            [
              136.56685481255258,
              49.62381876166328
            ],
            [
              136.4789821266039,
              49.509831132585106
            ],
            [
              136.21536406875796,
              49.39557727299767
            ],
            [
              135.95174601091202,
              49.28105701647761
            ],
            [
              135.77600063901477,
              49.223696938416275
            ],
            [
              135.51238258116885,
              49.10877678291495
            ],
            [
              135.1608918373742,
              48.99358983139821
            ],
            [
              134.80940109357968,
              48.93589625924204
            ],
            [
              134.63365572168243,
              48.87813593110745
            ],
            [
              134.3700376638364,
              48.82030882852123
            ],
            [
              134.1064196059905,
              48.82030882852123
            ],
            [
              133.75492886219595,
              48.82030882852123
            ],
            [
              132.96407468865817,
              48.82030882852123
            ],
            [
              132.61258394486353,
              48.76241493326074
            ],
            [
              132.34896588701764,
              48.76241493326074
            ],
            [
              132.08534782917172,
              48.76241493326074
            ],
            [
              131.90960245727442,
              48.70445422735493
            ],
            [
              131.64598439942847,
              48.70445422735493
            ],
            [
              131.4702390275312,
              48.646426693085246
            ],
            [
              131.11874828373666,
              48.646426693085246
            ],
            [
              130.94300291183936,
              48.58833231298681
            ],
            [
              130.67938485399338,
              48.58833231298681
            ],
            [
              130.4157667961475,
              48.58833231298681
            ],
            [
              129.97640336640424,
              48.58833231298681
            ],
            [
              129.44916725071243,
              48.58833231298681
            ],
            [
              129.00980382096915,
              48.53017106984938
            ],
            [
              128.74618576312326,
              48.53017106984938
            ],
            [
              128.48256770527732,
              48.53017106984938
            ],
            [
              127.86745890363682,
              48.53017106984938
            ],
            [
              126.81298667225312,
              48.53017106984938
            ],
            [
              126.11000518466393,
              48.53017106984938
            ],
            [
              125.846387126818,
              48.53017106984938
            ],
            [
              125.40702369707479,
              48.53017106984938
            ],
            [
              125.14340563922887,
              48.58833231298681
            ],
            [
              124.52829683758836,
              48.646426693085246
            ],
            [
              124.08893340784513,
              48.70445422735493
            ],
            [
              123.91318803594785,
              48.76241493326074
            ],
            [
              123.56169729215328,
              48.76241493326074
            ],
            [
              123.29807923430737,
              48.82030882852123
            ],
            [
              122.68297043266683,
              48.99358983139821
            ],
            [
              122.33147968887226,
              49.05121666629875
            ],
            [
              122.0678616310263,
              49.16627020046568
            ],
            [
              121.80424357318041,
              49.16627020046568
            ],
            [
              121.5406255153345,
              49.223696938416275
            ],
            [
              121.3648801434372,
              49.28105701647761
            ],
            [
              121.0133893996426,
              49.509831132585106
            ],
            [
              120.74977134179669,
              49.62381876166328
            ],
            [
              120.66189865584806,
              49.73754033048752
            ],
            [
              120.48615328395074,
              49.850996013113345
            ],
            [
              120.31040791205344,
              49.96418598736438
            ],
            [
              120.31040791205344,
              50.13347314371456
            ],
            [
              120.31040791205344,
              50.35826109840737
            ],
            [
              120.2225352261048,
              50.58198960714215
            ],
            [
              120.13466254015619,
              50.69345706644577
            ],
            [
              120.04678985420752,
              50.80466026796509
            ],
            [
              119.9589171682589,
              50.91559942027703
            ],
            [
              119.78317179636163,
              51.081513521272946
            ],
            [
              119.51955373851567,
              51.30181015821702
            ],
            [
              119.51955373851567,
              51.4663419850276
            ],
            [
              119.431681052567,
              51.63028267916393
            ],
            [
              119.34380836661838,
              51.793633027084354
            ],
            [
              119.25593568066972,
              51.90220568471512
            ],
            [
              119.1680629947211,
              52.01051656462583
            ],
            [
              119.08019030877246,
              52.17249258816531
            ],
            [
              118.99231762282382,
              52.33388100414668
            ],
            [
              118.90444493687518,
              52.44114725483245
            ],
            [
              118.81657225092651,
              52.60155823440366
            ],
            [
              118.64082687902925,
              52.761383922828706
            ],
            [
              118.55295419308057,
              52.867609662108386
            ],
            [
              118.46508150713191,
              52.973575939385555
            ],
            [
              118.28933613523465,
              53.079283026836855
            ],
            [
              118.11359076333737,
              53.1847311995064
            ],
            [
              117.84997270549144,
              53.28992073527692
            ],
            [
              117.67422733359413,
              53.34241860193242
            ],
            [
              117.41060927574823,
              53.447220709522774
            ],
            [
              117.23486390385095,
              53.499525021671346
            ],
            [
              116.97124584600502,
              53.55176488715047
            ],
            [
              116.79550047410768,
              53.65605142240667
            ],
            [
              116.44400973031314,
              53.70809816475943
            ],
            [
              116.26826435841589,
              53.76008060559232
            ],
            [
              116.09251898651856,
              53.81199878161167
            ],
            [
              115.741028242724,
              53.81199878161167
            ],
            [
              115.38953749892944,
              53.86385272968965
            ],
            [
              115.21379212703214,
              53.915642486863405
            ],
            [
              114.68655601134027,
              53.96736809033409
            ],
            [
              114.42293795349433,
              54.019029577466114
            ],
            [
              114.24719258159703,
              54.070626985786156
            ],
            [
              114.07144720969973,
              54.12216035298237
            ],
            [
              113.89570183780248,
              54.17362971690345
            ],
            [
              113.7199564659052,
              54.225035115557866
            ],
            [
              113.5442110940079,
              54.27637658711292
            ],
            [
              113.1927203502133,
              54.32765416989385
            ],
            [
              113.01697497831604,
              54.430017823219266
            ],
            [
              112.84122960641876,
              54.481103971196525
            ],
            [
              112.66548423452146,
              54.53212638526344
            ],
            [
              112.31399349072689,
              54.58308510452234
            ],
            [
              112.05037543288097,
              54.58308510452234
            ],
            [
              111.96250274693233,
              54.481103971196525
            ],
            [
              112.22612080477825,
              54.37886790238308
            ],
            [
              112.22612080477825,
              54.17362971690345
            ],
            [
              112.22612080477825,
              54.019029577466114
            ],
            [
              112.13824811882961,
              54.12216035298237
            ],
            [
              112.05037543288097,
              54.225035115557866
            ],
            [
              111.96250274693233,
              54.32765416989385
            ],
            [
              111.78675737503504,
              54.37886790238308
            ],
            [
              111.69888468908637,
              54.481103971196525
            ],
            [
              111.6110120031377,
              54.58308510452234
            ],
            [
              111.52313931718908,
              54.735579486761964
            ],
            [
              111.52313931718908,
              54.887502037990366
            ],
            [
              111.43526663124044,
              55.038853838366485
            ],
            [
              111.34739394529181,
              55.239770293412256
            ],
            [
              111.25952125934316,
              55.3897946089009
            ],
            [
              111.17164857339453,
              55.63857554688665
            ],
            [
              110.99590320149726,
              55.73764804552155
            ],
            [
              110.64441245770263,
              55.78709020493096
            ],
            [
              110.11717634201082,
              55.88578655729996
            ],
            [
              109.85355828416485,
              55.935040836002194
            ],
            [
              109.58994022631893,
              55.98423257376295
            ],
            [
              109.32632216847301,
              56.033361813779756
            ],
            [
              109.15057679657572,
              56.1314329740159
            ],
            [
              108.9748314246784,
              56.18037498127233
            ],
            [
              108.79908605278112,
              56.27807206860575
            ],
            [
              108.62334068088387,
              56.37552021255698
            ],
            [
              108.44759530898659,
              56.47271976629283
            ],
            [
              108.27184993708927,
              56.52122643273249
            ],
            [
              107.9203591932947,
              56.569671084944616
            ],
            [
              107.48099576355152,
              56.569671084944616
            ],
            [
              107.12950501975689,
              56.569671084944616
            ],
            [
              106.86588696191097,
              56.569671084944616
            ],
            [
              106.07503278837318,
              56.569671084944616
            ],
            [
              105.81141473052728,
              56.569671084944616
            ],
            [
              105.45992398673266,
              56.569671084944616
            ],
            [
              105.19630592888674,
              56.569671084944616
            ],
            [
              104.93268787104083,
              56.569671084944616
            ],
            [
              104.40545175534895,
              56.52122643273249
            ],
            [
              104.14183369750303,
              56.52122643273249
            ],
            [
              103.7024702677598,
              56.47271976629283
            ],
            [
              103.43885220991388,
              56.47271976629283
            ],
            [
              103.17523415206796,
              56.47271976629283
            ],
            [
              102.82374340827333,
              56.47271976629283
            ],
            [
              102.64799803637608,
              56.42415104105188
            ],
            [
              102.38437997853018,
              56.42415104105188
            ],
            [
              101.85714386283827,
              56.37552021255698
            ],
            [
              101.59352580499237,
              56.37552021255698
            ],
            [
              100.97841700335185,
              56.326827236477556
            ],
            [
              100.71479894550593,
              56.326827236477556
            ],
            [
              100.27543551576272,
              56.326827236477556
            ],
            [
              99.92394477196812,
              56.326827236477556
            ],
            [
              99.39670865627629,
              56.326827236477556
            ],
            [
              99.0452179124817,
              56.326827236477556
            ],
            [
              98.69372716868716,
              56.326827236477556
            ],
            [
              98.43010911084116,
              56.326827236477556
            ],
            [
              98.07861836704662,
              56.37552021255698
            ],
            [
              97.37563687945747,
              56.42415104105188
            ],
            [
              96.8484007637656,
              56.42415104105188
            ],
            [
              96.58478270591966,
              56.42415104105188
            ],
            [
              96.32116464807375,
              56.42415104105188
            ],
            [
              96.0575465902278,
              56.42415104105188
            ],
            [
              95.7939285323819,
              56.42415104105188
            ],
            [
              95.53031047453594,
              56.42415104105188
            ],
            [
              95.35456510263866,
              56.47271976629283
            ],
            [
              94.73945630099816,
              56.47271976629283
            ],
            [
              94.47583824315224,
              56.47271976629283
            ],
            [
              94.21222018530631,
              56.47271976629283
            ],
            [
              93.86072944151171,
              56.47271976629283
            ],
            [
              93.59711138366582,
              56.47271976629283
            ],
            [
              93.15774795392255,
              56.42415104105188
            ],
            [
              92.80625721012801,
              56.42415104105188
            ],
            [
              92.3668937803848,
              56.42415104105188
            ],
            [
              92.0154030365902,
              56.42415104105188
            ],
            [
              91.75178497874428,
              56.42415104105188
            ],
            [
              91.31242154900104,
              56.42415104105188
            ],
            [
              90.96093080520649,
              56.42415104105188
            ],
            [
              90.34582200356597,
              56.42415104105188
            ],
            [
              89.90645857382275,
              56.42415104105188
            ],
            [
              89.55496783002818,
              56.42415104105188
            ],
            [
              89.02773171433633,
              56.42415104105188
            ],
            [
              88.67624097054173,
              56.42415104105188
            ],
            [
              87.7975141110553,
              56.42415104105188
            ],
            [
              86.74304187967158,
              56.37552021255698
            ],
            [
              85.42495159044195,
              56.27807206860575
            ],
            [
              84.28260667310954,
              56.229254664857336
            ],
            [
              83.93111592931501,
              56.18037498127233
            ],
            [
              83.57962518552044,
              56.18037498127233
            ],
            [
              82.26153489629077,
              56.1314329740159
            ],
            [
              81.20706266490701,
              56.033361813779756
            ],
            [
              80.67982654921516,
              56.033361813779756
            ],
            [
              80.5040811773179,
              55.98423257376295
            ],
            [
              79.97684506162601,
              55.88578655729996
            ],
            [
              79.71322700378009,
              55.78709020493096
            ],
            [
              79.44960894593414,
              55.73764804552155
            ],
            [
              79.09811820213957,
              55.73764804552155
            ],
            [
              78.65875477239639,
              55.78709020493096
            ],
            [
              78.30726402860181,
              55.78709020493096
            ],
            [
              77.86790059885858,
              55.78709020493096
            ],
            [
              77.42853716911537,
              55.83646969458856
            ],
            [
              77.16491911126943,
              55.88578655729996
            ],
            [
              76.98917373937216,
              55.935040836002194
            ],
            [
              76.7255556815262,
              55.98423257376295
            ],
            [
              76.46193762368026,
              55.98423257376295
            ],
            [
              76.11044687988571,
              55.98423257376295
            ],
            [
              75.6710834501425,
              55.98423257376295
            ],
            [
              75.40746539229656,
              55.98423257376295
            ],
            [
              75.23172002039928,
              56.033361813779756
            ],
            [
              74.96810196255333,
              56.033361813779756
            ],
            [
              74.52873853281012,
              55.98423257376295
            ],
            [
              74.2651204749642,
              55.98423257376295
            ],
            [
              74.0893751030669,
              55.935040836002194
            ],
            [
              73.82575704522095,
              55.935040836002194
            ],
            [
              73.47426630142641,
              55.935040836002194
            ],
            [
              73.21064824358047,
              55.935040836002194
            ],
            [
              72.85915749978588,
              55.935040836002194
            ],
            [
              72.59553944193998,
              55.935040836002194
            ],
            [
              72.33192138409403,
              55.88578655729996
            ],
            [
              72.06830332624808,
              55.88578655729996
            ],
            [
              71.71681258245354,
              55.83646969458856
            ],
            [
              71.36532183865896,
              55.78709020493096
            ],
            [
              71.10170378081301,
              55.78709020493096
            ],
            [
              70.8380857229671,
              55.78709020493096
            ],
            [
              70.66234035106979,
              55.73764804552155
            ],
            [
              70.39872229322388,
              55.68814317368692
            ],
            [
              70.22297692132656,
              55.63857554688665
            ],
            [
              69.95935886348067,
              55.58894512271425
            ],
            [
              69.51999543373745,
              55.53925185889774
            ],
            [
              68.9927593180456,
              55.48949571330068
            ],
            [
              68.81701394614828,
              55.43967664392279
            ],
            [
              68.641268574251,
              55.3897946089009
            ],
            [
              68.37765051640505,
              55.33984956650967
            ],
            [
              68.20190514450779,
              55.289841475162504
            ],
            [
              68.02615977261047,
              55.239770293412256
            ],
            [
              67.6746690288159,
              55.038853838366485
            ],
            [
              67.58679634286726,
              54.93801600119109
            ],
            [
              67.49892365691863,
              54.836924657930325
            ],
            [
              67.32317828502136,
              54.78628382085645
            ],
            [
              67.23530559907272,
              54.684811615788846
            ],
            [
              66.79594216932946,
              54.53212638526344
            ],
            [
              66.44445142553491,
              54.430017823219266
            ],
            [
              66.09296068174034,
              54.27637658711292
            ],
            [
              65.91721530984303,
              54.225035115557866
            ],
            [
              65.74146993794575,
              54.12216035298237
            ],
            [
              65.56572456604849,
              54.070626985786156
            ],
            [
              65.38997919415117,
              54.019029577466114
            ],
            [
              65.2142338222539,
              53.96736809033409
            ],
            [
              64.95061576440796,
              53.86385272968965
            ],
            [
              64.77487039251068,
              53.81199878161167
            ],
            [
              64.59912502061341,
              53.76008060559232
            ],
            [
              64.4233796487161,
              53.65605142240667
            ],
            [
              64.15976159087016,
              53.55176488715047
            ],
            [
              63.89614353302424,
              53.499525021671346
            ],
            [
              63.80827084707561,
              53.394851914840764
            ],
            [
              63.6325254751783,
              53.34241860193242
            ],
            [
              63.45678010328103,
              53.23735827952629
            ],
            [
              63.28103473138372,
              53.13203946021787
            ],
            [
              63.19316204543508,
              53.02646186471604
            ],
            [
              63.0174166735378,
              52.973575939385555
            ],
            [
              62.92954398758918,
              52.867609662108386
            ],
            [
              62.75379861569186,
              52.814529242117096
            ],
            [
              62.57805324379459,
              52.70817367067401
            ],
            [
              62.40230787189728,
              52.654898452266515
            ],
            [
              62.22656250000001,
              52.54815298406749
            ],
            [
              62.05081712810273,
              52.49468266842568
            ],
            [
              61.87507175620543,
              52.44114725483245
            ],
            [
              61.61145369835952,
              52.33388100414668
            ],
            [
              61.17209026861631,
              52.226353974609495
            ],
            [
              60.996344896718995,
              52.17249258816531
            ],
            [
              60.820599524821716,
              52.0645739143907
            ],
            [
              60.46910878102713,
              51.956393831643794
            ],
            [
              60.29336340912986,
              51.90220568471512
            ],
            [
              59.853999979386614,
              51.793633027084354
            ],
            [
              59.5903819215407,
              51.73924845591075
            ],
            [
              59.414636549643426,
              51.684798349849395
            ],
            [
              59.15101849179749,
              51.63028267916393
            ],
            [
              58.975273119900166,
              51.52105452598374
            ],
            [
              58.71165506205427,
              51.411563762526335
            ],
            [
              58.53590969015699,
              51.30181015821702
            ],
            [
              58.36016431825968,
              51.411563762526335
            ],
            [
              58.27229163231104,
              51.73924845591075
            ],
            [
              58.27229163231104,
              51.90220568471512
            ],
            [
              58.18441894636241,
              52.01051656462583
            ],
            [
              58.09654626041373,
              52.11856591186377
            ],
            [
              57.92080088851647,
              52.17249258816531
            ],
            [
              57.745055516619196,
              52.226353974609495
            ],
            [
              57.393564772824604,
              52.226353974609495
            ],
            [
              57.129946714978665,
              52.17249258816531
            ],
            [
              56.954201343081394,
              52.11856591186377
            ],
            [
              56.866328657132755,
              52.226353974609495
            ],
            [
              56.77845597118412,
              52.11856591186377
            ],
            [
              56.16334716954359,
              51.90220568471512
            ],
            [
              55.28462031005716,
              51.793633027084354
            ],
            [
              53.43929390513565,
              51.52105452598374
            ],
            [
              52.73631241754648,
              51.35671982976055
            ],
            [
              52.384821673751944,
              51.30181015821702
            ],
            [
              52.20907630185463,
              51.19179348578076
            ],
            [
              52.03333092995735,
              51.13668642890141
            ],
            [
              51.94545824400872,
              51.026274735427705
            ],
            [
              51.681840186162766,
              51.026274735427705
            ],
            [
              51.5060948142655,
              50.97097004411
            ],
            [
              51.330349442368195,
              51.026274735427705
            ],
            [
              51.06673138452228,
              51.026274735427705
            ],
            [
              50.71524064072769,
              50.97097004411
            ],
            [
              50.451622582881754,
              50.91559942027703
            ],
            [
              49.92438646718991,
              50.80466026796509
            ],
            [
              49.48502303744668,
              50.63775638191667
            ],
            [
              49.309277665549374,
              50.526156716597214
            ],
            [
              49.1335322936521,
              50.414292487201024
            ],
            [
              48.95778692175484,
              50.35826109840737
            ],
            [
              48.430550806062925,
              50.24599964944897
            ],
            [
              48.07906006226839,
              50.189769540686775
            ],
            [
              46.49735171519279,
              49.96418598736438
            ],
            [
              45.882242913552304,
              49.9076242025254
            ],
            [
              45.44287948380908,
              49.850996013113345
            ],
            [
              45.267134111911766,
              49.79430139654921
            ],
            [
              44.56415262432265,
              49.4527374920967
            ],
            [
              44.036916508630746,
              49.16627020046568
            ],
            [
              43.33393502104164,
              48.87813593110745
            ],
            [
              42.806698905349776,
              48.58833231298681
            ],
            [
              42.54308084750383,
              48.35528599394049
            ],
            [
              42.367335475606566,
              48.29685713167182
            ],
            [
              42.19159010370925,
              48.12116881106811
            ],
            [
              42.015844731811974,
              48.0037083324992
            ],
            [
              41.8400993599147,
              47.88597977053782
            ],
            [
              41.75222667396603,
              47.70888402375319
            ],
            [
              41.31286324422281,
              47.41238247985627
            ],
            [
              41.13711787232554,
              47.29331188209473
            ],
            [
              41.0492451863769,
              47.05436449770839
            ],
            [
              40.96137250042826,
              46.93448754064256
            ],
            [
              40.785627128530955,
              46.69392670448431
            ],
            [
              40.69775444258232,
              46.57324268214666
            ],
            [
              40.69775444258232,
              46.39171195968791
            ],
            [
              40.52200907068501,
              46.08781444222961
            ],
            [
              40.34626369878774,
              45.72091508620684
            ],
            [
              40.258391012839105,
              45.59807638777469
            ],
            [
              40.170518326890466,
              45.35159045438168
            ],
            [
              40.082645640941834,
              45.22794318098587
            ],
            [
              40.082645640941834,
              45.04196685268593
            ],
            [
              39.99477295499316,
              44.91764568033803
            ],
            [
              39.99477295499316,
              44.730658493669765
            ],
            [
              40.082645640941834,
              44.54306481675986
            ],
            [
              40.258391012839105,
              44.16605821996239
            ],
            [
              40.34626369878774,
              43.85003357186803
            ],
            [
              40.52200907068501,
              43.596001766801095
            ],
            [
              40.69775444258232,
              43.34089300725069
            ],
            [
              40.785627128530955,
              43.21293492648111
            ],
            [
              40.87349981447959,
              43.08470780638422
            ],
            [
              40.96137250042826,
              42.95621172487444
            ],
            [
              41.0492451863769,
              42.76296348411067
            ],
            [
              41.22499055827418,
              42.569110574736854
            ],
            [
              41.48860861612012,
              42.1144375608048
            ],
            [
              41.75222667396603,
              41.787659365599495
            ],
            [
              41.927972045863335,
              41.59078870392619
            ],
            [
              42.19159010370925,
              41.32735777814301
            ],
            [
              42.54308084750383,
              41.06285745245661
            ],
            [
              42.806698905349776,
              40.86378120398151
            ],
            [
              42.98244427724705,
              40.664104749624435
            ],
            [
              43.24606233509299,
              40.396936904547594
            ],
            [
              43.421807706990265,
              40.26295374575543
            ],
            [
              43.509680392938904,
              40.12870470020549
            ],
            [
              43.77329845078485,
              39.926833057157396
            ],
            [
              43.94904382268212,
              39.79192023090298
            ],
            [
              44.12478919457942,
              39.58905396163819
            ],
            [
              44.3005345664767,
              39.521299447438736
            ],
            [
              44.38840725242534,
              39.385591962440444
            ],
            [
              44.47627993837401,
              39.249620074053794
            ],
            [
              44.56415262432265,
              39.11338403440007
            ],
            [
              44.652025310271284,
              38.976884102058285
            ],
            [
              44.73989799621992,
              38.84012054209353
            ],
            [
              44.827770682168556,
              38.7030936260854
            ],
            [
              45.44287948380908,
              38.35937599472502
            ],
            [
              45.882242913552304,
              38.22142956595845
            ],
            [
              46.05798828544957,
              38.15235806277202
            ],
            [
              46.321606343295514,
              38.08322108461661
            ],
            [
              46.49735171519279,
              37.87541768939221
            ],
            [
              46.58522440114143,
              37.597432241699686
            ],
            [
              46.67309708709007,
              37.3882589006738
            ],
            [
              46.84884245898738,
              36.96815770158569
            ],
            [
              46.84884245898738,
              36.686794451790824
            ],
            [
              46.93671514493602,
              36.54572519901576
            ],
            [
              47.02458783088464,
              36.26281335243992
            ],
            [
              47.112460516833316,
              36.04995434660944
            ],
            [
              47.112460516833316,
              35.83651818375785
            ],
            [
              47.112460516833316,
              35.62250626878466
            ],
            [
              47.112460516833316,
              35.40792004246667
            ],
            [
              47.02458783088464,
              35.19276098162652
            ],
            [
              46.93671514493602,
              35.04900411201391
            ],
            [
              46.760969773038745,
              34.97703059929782
            ],
            [
              46.67309708709007,
              34.83289370722215
            ],
            [
              46.58522440114143,
              34.68850405045466
            ],
            [
              46.58522440114143,
              34.47144667328036
            ],
            [
              46.58522440114143,
              34.25382328163037
            ],
            [
              46.49735171519279,
              34.10842739208431
            ],
            [
              46.40947902924415,
              33.962781187268064
            ],
            [
              46.23373365734688,
              33.74384366050011
            ],
            [
              46.14586097139821,
              33.59757392275081
            ],
            [
              45.79437022760362,
              33.15727591690352
            ],
            [
              45.61862485570636,
              32.93629284626785
            ],
            [
              45.267134111911766,
              32.71475624587301
            ],
            [
              45.091388740014494,
              32.566758615797866
            ],
            [
              45.091388740014494,
              32.34430378178906
            ],
            [
              45.17926142596313,
              32.195695829433376
            ],
            [
              45.267134111911766,
              31.972328309173772
            ],
            [
              45.44287948380908,
              31.598839308980743
            ],
            [
              45.61862485570636,
              31.37402347022754
            ],
            [
              45.706497541655,
              31.223846557461655
            ],
            [
              45.882242913552304,
              31.073430652788954
            ],
            [
              45.97011559950094,
              30.92277641418223
            ],
            [
              46.23373365734688,
              30.77188450724279
            ],
            [
              46.49735171519279,
              30.696349638237038
            ],
            [
              46.67309708709007,
              30.62075560521023
            ],
            [
              46.93671514493602,
              30.62075560521023
            ],
            [
              47.200333202781955,
              30.54510249351235
            ],
            [
              47.63969663252517,
              30.469390388971906
            ],
            [
              47.991187376319765,
              30.393619377896258
            ],
            [
              48.25480543416566,
              30.393619377896258
            ],
            [
              48.430550806062925,
              30.241900983764275
            ],
            [
              48.694168863908885,
              30.16595377571895
            ],
            [
              48.869914235806185,
              30.08994801116098
            ],
            [
              49.1335322936521,
              29.937761167807892
            ],
            [
              49.309277665549374,
              29.86158026786409
            ],
            [
              49.48502303744668,
              29.632688738165886
            ],
            [
              49.92438646718991,
              29.326689510411974
            ],
            [
              50.18800452503581,
              29.25004558451327
            ],
            [
              50.27587721098448,
              29.096585446267348
            ],
            [
              50.451622582881754,
              29.01976942336417
            ],
            [
              51.154604070470924,
              29.25004558451327
            ],
            [
              51.5060948142655,
              29.40327588200219
            ],
            [
              52.472694359700576,
              29.632688738165886
            ],
            [
              52.82418510349511,
              29.785341169110684
            ],
            [
              53.35142121918702,
              30.013883778795456
            ],
            [
              53.70291196298155,
              30.16595377571895
            ],
            [
              53.87865733487886,
              30.3177895470718
            ],
            [
              54.05440270677617,
              30.393619377896258
            ],
            [
              54.230148078673444,
              30.469390388971906
            ],
            [
              54.40589345057072,
              30.62075560521023
            ],
            [
              54.58163882246799,
              30.77188450724279
            ],
            [
              54.66951150841666,
              30.92277641418223
            ],
            [
              54.7573841943653,
              31.073430652788954
            ],
            [
              54.84525688031393,
              31.298964928658545
            ],
            [
              54.93312956626261,
              31.44902210111233
            ],
            [
              55.10887493815988,
              31.598839308980743
            ],
            [
              55.28462031005716,
              31.7484159133162
            ],
            [
              55.54823836790311,
              31.972328309173772
            ],
            [
              55.89972911169768,
              32.27003022880017
            ],
            [
              56.07547448359495,
              32.41851641349588
            ],
            [
              56.25121985549223,
              32.566758615797866
            ],
            [
              56.60271059928681,
              32.86250872139386
            ],
            [
              56.954201343081394,
              33.230813605052134
            ],
            [
              57.305692086875965,
              33.52434583604468
            ],
            [
              57.65718283067055,
              33.962781187268064
            ],
            [
              57.83292820256783,
              34.25382328163037
            ],
            [
              57.92080088851647,
              34.47144667328036
            ],
            [
              58.0086735744651,
              34.61621458356975
            ],
            [
              58.27229163231104,
              34.68850405045466
            ],
            [
              58.44803700420835,
              34.83289370722215
            ],
            [
              58.62378237610562,
              34.904993778271844
            ],
            [
              59.15101849179749,
              34.97703059929782
            ],
            [
              59.50250923559206,
              34.97703059929782
            ],
            [
              59.853999979386614,
              35.1209142585851
            ],
            [
              60.02974535128392,
              35.19276098162652
            ],
            [
              60.46910878102713,
              35.33626392982913
            ],
            [
              60.996344896718995,
              35.479512506525936
            ],
            [
              61.259962954564934,
              35.55104126686408
            ],
            [
              61.435708326462205,
              35.62250626878466
            ],
            [
              61.61145369835952,
              35.69390745803692
            ],
            [
              61.78719907025679,
              35.76524478081512
            ],
            [
              62.13868981405138,
              35.83651818375785
            ],
            [
              62.314435185948646,
              35.97887301890873
            ],
            [
              62.49018055784595,
              36.120971545458374
            ],
            [
              62.665925929743224,
              36.191924564305246
            ],
            [
              62.84167130164054,
              36.26281335243992
            ],
            [
              63.28103473138372,
              36.475093832055144
            ],
            [
              63.45678010328103,
              36.54572519901576
            ],
            [
              63.544652789229666,
              36.686794451790824
            ],
            [
              63.89614353302424,
              36.82760541131213
            ],
            [
              64.07188890492152,
              36.96815770158569
            ],
            [
              64.24763427681883,
              37.038336730150036
            ],
            [
              64.4233796487161,
              37.17850032670012
            ],
            [
              64.59912502061341,
              37.248484805002875
            ],
            [
              64.86274307845932,
              37.458048430929516
            ],
            [
              65.2142338222539,
              37.66702643765793
            ],
            [
              65.38997919415117,
              37.806019202511465
            ],
            [
              65.56572456604849,
              37.87541768939221
            ],
            [
              66.09296068174034,
              38.08322108461661
            ],
            [
              66.35657873958628,
              38.22142956595845
            ],
            [
              66.53232411148356,
              38.29043555589689
            ],
            [
              66.88381485527813,
              38.35937599472502
            ],
            [
              67.32317828502136,
              38.49706006967903
            ],
            [
              67.6746690288159,
              38.63448149622177
            ],
            [
              67.93828708666184,
              38.7030936260854
            ],
            [
              68.20190514450779,
              38.77163998636593
            ],
            [
              68.81701394614828,
              38.908535258708056
            ],
            [
              69.16850468994286,
              39.04516703840096
            ],
            [
              69.51999543373745,
              39.11338403440007
            ],
            [
              69.95935886348067,
              39.181535057125835
            ],
            [
              70.39872229322388,
              39.249620074053794
            ],
            [
              70.57446766512115,
              39.31763905306409
            ],
            [
              70.8380857229671,
              39.249620074053794
            ],
            [
              71.10170378081301,
              39.249620074053794
            ],
            [
              71.54106721055622,
              39.181535057125835
            ],
            [
              72.15617601219677,
              39.11338403440007
            ],
            [
              72.41979407004266,
              39.04516703840096
            ],
            [
              72.59553944193998,
              38.908535258708056
            ],
            [
              72.77128481383724,
              38.77163998636593
            ],
            [
              73.03490287168319,
              38.565803632155664
            ],
            [
              73.2985209295291,
              38.49706006967903
            ],
            [
              73.47426630142641,
              38.428250844996285
            ],
            [
              73.65001167332368,
              38.35937599472502
            ],
            [
              73.91362973116964,
              38.22142956595845
            ],
            [
              74.0893751030669,
              38.15235806277202
            ],
            [
              74.35299316091285,
              38.08322108461661
            ],
            [
              74.52873853281012,
              38.014018670188534
            ],
            [
              74.8802292766047,
              37.944750858602504
            ],
            [
              75.14384733445064,
              37.87541768939221
            ],
            [
              75.6710834501425,
              37.806019202511465
            ],
            [
              75.93470150798841,
              37.806019202511465
            ],
            [
              76.37406493773163,
              37.73655543833467
            ],
            [
              76.90130105342351,
              37.66702643765793
            ],
            [
              77.16491911126943,
              37.66702643765793
            ],
            [
              77.51640985506401,
              37.597432241699686
            ],
            [
              77.69215522696128,
              37.527772892101645
            ],
            [
              77.95577328480722,
              37.527772892101645
            ],
            [
              78.1315186567045,
              37.458048430929516
            ],
            [
              78.48300940049909,
              37.458048430929516
            ],
            [
              78.83450014429366,
              37.527772892101645
            ],
            [
              79.09811820213957,
              37.527772892101645
            ],
            [
              79.27386357403688,
              37.597432241699686
            ],
            [
              79.53748163188283,
              37.597432241699686
            ],
            [
              79.71322700378009,
              37.66702643765793
            ],
            [
              79.88897237567737,
              37.73655543833467
            ],
            [
              80.15259043352332,
              37.73655543833467
            ],
            [
              80.3283358054206,
              37.806019202511465
            ],
            [
              80.59195386326654,
              37.806019202511465
            ],
            [
              80.85557192111244,
              37.806019202511465
            ],
            [
              81.11918997895839,
              37.806019202511465
            ],
            [
              81.38280803680435,
              37.806019202511465
            ],
            [
              81.55855340870161,
              37.87541768939221
            ],
            [
              81.73429878059888,
              37.944750858602504
            ],
            [
              82.17366221034213,
              38.014018670188534
            ],
            [
              82.43728026818803,
              38.014018670188534
            ],
            [
              82.61302564008531,
              38.08322108461661
            ],
            [
              82.87664369793126,
              38.15235806277202
            ],
            [
              83.05238906982858,
              38.22142956595845
            ],
            [
              83.31600712767447,
              38.22142956595845
            ],
            [
              83.57962518552044,
              38.22142956595845
            ],
            [
              83.84324324336633,
              38.22142956595845
            ],
            [
              84.10686130121228,
              38.22142956595845
            ],
            [
              84.19372586623517,
              38.24682560084383
            ],
            [
              84.23762633110681,
              38.253305798592244
            ],
            [
              84.27195159905548,
              38.255462282024425
            ],
            [
              84.29666579197855,
              38.348130514052485
            ],
            [
              84.29671960913262,
              38.34703295841089
            ]
          ]
        ]
      }
    }
  ]
}