{
  "type": "FeatureCollection",
  "features": [
    {
      "type": "Feature",
      "properties": {
        "NAME": "Goryeo",
        "name": "Goryeo",
        "color": "#ef4444",
        "fill": "#ef4444",
        "fill-opacity": 0.5,
        "stroke": "#ef4444",
        "stroke-width": 2,
        "originalType": "polygon"
      },
      "geometry": {
        "type": "Polygon",
        "coordinates": [
          [
            [
              126.099205,
              36.849008
            ],
            [
              126.088221,
              36.831419
            ],
            [
              126.088221,
              36.805029
            ],
            [
              126.077236,
              36.78743
            ],
            [
              126.077236,
              36.761024
            ],
            [
              126.077236,
              36.73461
            ],
            [
              126.077236,
              36.708186
            ],
            [
              126.088221,
              36.681753
            ],
            [
              126.099205,
              36.664126
            ],
            [
              126.121175,
              36.655311
            ],
            [
              126.143144,
              36.637678
            ],
            [
              126.154129,
              36.620041
            ],
            [
              126.176098,
              36.611221
            ],
            [
              126.198067,
              36.6024
            ],
            [
              126.220036,
              36.593578
            ],
            [
              126.231021,
              36.575931
            ],
            [
              126.242005,
              36.55828
            ],
            [
              126.25299,
              36.540625
            ],
            [
              126.263975,
              36.522966
            ],
            [
              126.274959,
              36.505302
            ],
            [
              126.285944,
              36.487635
            ],
            [
              126.296928,
              36.469964
            ],
            [
              126.307913,
              36.443449
            ],
            [
              126.329882,
              36.425768
            ],
            [
              126.340867,
              36.408083
            ],
            [
              126.351852,
              36.390393
            ],
            [
              126.362836,
              36.363852
            ],
            [
              126.373821,
              36.346152
            ],
            [
              126.384805,
              36.328449
            ],
            [
              126.406775,
              36.310741
            ],
            [
              126.417759,
              36.293029
            ],
            [
              126.439728,
              36.284172
            ],
            [
              126.450713,
              36.257594
            ],
            [
              126.461698,
              36.231007
            ],
            [
              126.472682,
              36.204411
            ],
            [
              126.483667,
              36.186676
            ],
            [
              126.494651,
              36.168936
            ],
            [
              126.505636,
              36.151192
            ],
            [
              126.505636,
              36.124569
            ],
            [
              126.505636,
              36.097937
            ],
            [
              126.505636,
              36.071296
            ],
            [
              126.483667,
              36.062414
            ],
            [
              126.472682,
              36.044646
            ],
            [
              126.461698,
              36.026874
            ],
            [
              126.450713,
              36.009098
            ],
            [
              126.439728,
              35.991318
            ],
            [
              126.439728,
              35.964641
            ],
            [
              126.439728,
              35.937955
            ],
            [
              126.439728,
              35.91126
            ],
            [
              126.439728,
              35.884555
            ],
            [
              126.439728,
              35.857842
            ],
            [
              126.439728,
              35.82221
            ],
            [
              126.439728,
              35.795476
            ],
            [
              126.428744,
              35.777648
            ],
            [
              126.428744,
              35.750899
            ],
            [
              126.428744,
              35.724141
            ],
            [
              126.439728,
              35.706297
            ],
            [
              126.439728,
              35.679523
            ],
            [
              126.439728,
              35.652741
            ],
            [
              126.417759,
              35.634881
            ],
            [
              126.406775,
              35.617017
            ],
            [
              126.39579,
              35.59915
            ],
            [
              126.384805,
              35.57234
            ],
            [
              126.384805,
              35.545522
            ],
            [
              126.384805,
              35.518695
            ],
            [
              126.39579,
              35.500805
            ],
            [
              126.39579,
              35.473963
            ],
            [
              126.39579,
              35.447112
            ],
            [
              126.39579,
              35.420252
            ],
            [
              126.384805,
              35.393383
            ],
            [
              126.351852,
              35.393383
            ],
            [
              126.329882,
              35.375466
            ],
            [
              126.307913,
              35.366505
            ],
            [
              126.285944,
              35.348582
            ],
            [
              126.263975,
              35.330654
            ],
            [
              126.263975,
              35.303755
            ],
            [
              126.25299,
              35.285818
            ],
            [
              126.25299,
              35.258904
            ],
            [
              126.242005,
              35.231982
            ],
            [
              126.242005,
              35.20505
            ],
            [
              126.231021,
              35.187091
            ],
            [
              126.220036,
              35.169127
            ],
            [
              126.209052,
              35.15116
            ],
            [
              126.187082,
              35.142175
            ],
            [
              126.165113,
              35.133189
            ],
            [
              126.154129,
              35.115213
            ],
            [
              126.132159,
              35.106224
            ],
            [
              126.099205,
              35.088243
            ],
            [
              126.077236,
              35.070258
            ],
            [
              126.055267,
              35.052269
            ],
            [
              126.044282,
              35.034276
            ],
            [
              126.022313,
              35.016279
            ],
            [
              126.011329,
              34.989276
            ],
            [
              126.011329,
              34.962264
            ],
            [
              126.000344,
              34.944251
            ],
            [
              126.000344,
              34.908213
            ],
            [
              126.000344,
              34.881175
            ],
            [
              126.000344,
              34.854127
            ],
            [
              126.000344,
              34.827071
            ],
            [
              126.000344,
              34.800006
            ],
            [
              126.000344,
              34.772931
            ],
            [
              126.000344,
              34.745848
            ],
            [
              126.011329,
              34.727788
            ],
            [
              126.022313,
              34.70069
            ],
            [
              126.022313,
              34.673583
            ],
            [
              126.033298,
              34.655507
            ],
            [
              126.033298,
              34.628386
            ],
            [
              126.033298,
              34.601255
            ],
            [
              126.033298,
              34.574116
            ],
            [
              126.033298,
              34.546968
            ],
            [
              126.033298,
              34.519811
            ],
            [
              126.033298,
              34.492645
            ],
            [
              126.044282,
              34.46547
            ],
            [
              126.044282,
              34.438287
            ],
            [
              126.044282,
              34.411094
            ],
            [
              126.044282,
              34.383893
            ],
            [
              126.055267,
              34.365754
            ],
            [
              126.066252,
              34.347611
            ],
            [
              126.088221,
              34.338538
            ],
            [
              126.11019,
              34.329464
            ],
            [
              126.154129,
              34.329464
            ],
            [
              126.176098,
              34.320389
            ],
            [
              126.209052,
              34.320389
            ],
            [
              126.231021,
              34.329464
            ],
            [
              126.263975,
              34.329464
            ],
            [
              126.307913,
              34.347611
            ],
            [
              126.340867,
              34.347611
            ],
            [
              126.373821,
              34.338538
            ],
            [
              126.417759,
              34.329464
            ],
            [
              126.439728,
              34.320389
            ],
            [
              126.461698,
              34.311313
            ],
            [
              126.483667,
              34.302236
            ],
            [
              126.505636,
              34.28408
            ],
            [
              126.527605,
              34.275
            ],
            [
              126.560559,
              34.275
            ],
            [
              126.582528,
              34.265919
            ],
            [
              126.615482,
              34.265919
            ],
            [
              126.648436,
              34.265919
            ],
            [
              126.692374,
              34.265919
            ],
            [
              126.714344,
              34.275
            ],
            [
              126.736313,
              34.28408
            ],
            [
              126.758282,
              34.293158
            ],
            [
              126.780251,
              34.302236
            ],
            [
              126.802221,
              34.311313
            ],
            [
              126.835174,
              34.311313
            ],
            [
              126.857144,
              34.320389
            ],
            [
              126.890097,
              34.320389
            ],
            [
              126.912067,
              34.329464
            ],
            [
              126.934036,
              34.338538
            ],
            [
              126.956005,
              34.347611
            ],
            [
              126.96699,
              34.365754
            ],
            [
              126.977974,
              34.383893
            ],
            [
              126.999944,
              34.392961
            ],
            [
              127.010928,
              34.411094
            ],
            [
              127.032897,
              34.420159
            ],
            [
              127.054867,
              34.429224
            ],
            [
              127.065851,
              34.447349
            ],
            [
              127.08782,
              34.45641
            ],
            [
              127.098805,
              34.47453
            ],
            [
              127.120774,
              34.492645
            ],
            [
              127.120774,
              34.519811
            ],
            [
              127.153728,
              34.519811
            ],
            [
              127.197667,
              34.519811
            ],
            [
              127.23062,
              34.519811
            ],
            [
              127.263574,
              34.519811
            ],
            [
              127.296528,
              34.519811
            ],
            [
              127.329482,
              34.519811
            ],
            [
              127.362436,
              34.528864
            ],
            [
              127.384405,
              34.537916
            ],
            [
              127.406374,
              34.546968
            ],
            [
              127.417359,
              34.565068
            ],
            [
              127.439328,
              34.574116
            ],
            [
              127.450313,
              34.59221
            ],
            [
              127.472282,
              34.601255
            ],
            [
              127.494251,
              34.6103
            ],
            [
              127.527205,
              34.6103
            ],
            [
              127.571143,
              34.6103
            ],
            [
              127.604097,
              34.6103
            ],
            [
              127.637051,
              34.601255
            ],
            [
              127.670005,
              34.601255
            ],
            [
              127.702959,
              34.601255
            ],
            [
              127.735912,
              34.601255
            ],
            [
              127.746897,
              34.619343
            ],
            [
              127.768866,
              34.628386
            ],
            [
              127.790836,
              34.637427
            ],
            [
              127.80182,
              34.655507
            ],
            [
              127.812805,
              34.673583
            ],
            [
              127.823789,
              34.691655
            ],
            [
              127.834774,
              34.709724
            ],
            [
              127.856743,
              34.727788
            ],
            [
              127.878712,
              34.745848
            ],
            [
              127.911666,
              34.745848
            ],
            [
              127.933635,
              34.754877
            ],
            [
              127.955605,
              34.763905
            ],
            [
              127.977574,
              34.772931
            ],
            [
              127.999543,
              34.781957
            ],
            [
              128.021512,
              34.790982
            ],
            [
              128.043482,
              34.809028
            ],
            [
              128.054466,
              34.827071
            ],
            [
              128.076435,
              34.836091
            ],
            [
              128.08742,
              34.854127
            ],
            [
              128.098405,
              34.87216
            ],
            [
              128.109389,
              34.890189
            ],
            [
              128.131358,
              34.899201
            ],
            [
              128.153328,
              34.908213
            ],
            [
              128.175297,
              34.917224
            ],
            [
              128.197266,
              34.926234
            ],
            [
              128.219235,
              34.935243
            ],
            [
              128.252189,
              34.935243
            ],
            [
              128.285143,
              34.935243
            ],
            [
              128.307112,
              34.926234
            ],
            [
              128.329081,
              34.908213
            ],
            [
              128.362035,
              34.899201
            ],
            [
              128.384004,
              34.890189
            ],
            [
              128.405974,
              34.87216
            ],
            [
              128.427943,
              34.863144
            ],
            [
              128.449912,
              34.854127
            ],
            [
              128.482866,
              34.854127
            ],
            [
              128.504835,
              34.845109
            ],
            [
              128.537789,
              34.845109
            ],
            [
              128.570743,
              34.845109
            ],
            [
              128.603697,
              34.845109
            ],
            [
              128.625666,
              34.854127
            ],
            [
              128.65862,
              34.863144
            ],
            [
              128.680589,
              34.87216
            ],
            [
              128.702558,
              34.890189
            ],
            [
              128.713543,
              34.908213
            ],
            [
              128.746497,
              34.926234
            ],
            [
              128.757481,
              34.944251
            ],
            [
              128.768466,
              34.962264
            ],
            [
              128.77945,
              34.980273
            ],
            [
              128.790435,
              34.998278
            ],
            [
              128.812404,
              35.016279
            ],
            [
              128.823389,
              35.034276
            ],
            [
              128.845358,
              35.043273
            ],
            [
              128.867327,
              35.052269
            ],
            [
              128.889297,
              35.061264
            ],
            [
              128.911266,
              35.070258
            ],
            [
              128.94422,
              35.079251
            ],
            [
              128.977173,
              35.079251
            ],
            [
              128.999143,
              35.088243
            ],
            [
              129.021112,
              35.097234
            ],
            [
              129.043081,
              35.106224
            ],
            [
              129.06505,
              35.115213
            ],
            [
              129.076035,
              35.133189
            ],
            [
              129.08702,
              35.15116
            ],
            [
              129.08702,
              35.178109
            ],
            [
              129.098004,
              35.196071
            ],
            [
              129.119973,
              35.214028
            ],
            [
              129.141943,
              35.231982
            ],
            [
              129.163912,
              35.240957
            ],
            [
              129.196866,
              35.240957
            ],
            [
              129.22982,
              35.249931
            ],
            [
              129.262773,
              35.249931
            ],
            [
              129.295727,
              35.249931
            ],
            [
              129.317696,
              35.258904
            ],
            [
              129.339666,
              35.267876
            ],
            [
              129.361635,
              35.276848
            ],
            [
              129.372619,
              35.294787
            ],
            [
              129.383604,
              35.312723
            ],
            [
              129.394589,
              35.330654
            ],
            [
              129.405573,
              35.348582
            ],
            [
              129.416558,
              35.375466
            ],
            [
              129.427543,
              35.402341
            ],
            [
              129.460496,
              35.420252
            ],
            [
              129.482466,
              35.429207
            ],
            [
              129.49345,
              35.447112
            ],
            [
              129.504435,
              35.465014
            ],
            [
              129.526404,
              35.482912
            ],
            [
              129.537389,
              35.509751
            ],
            [
              129.548373,
              35.527639
            ],
            [
              129.548373,
              35.554463
            ],
            [
              129.548373,
              35.590214
            ],
            [
              129.548373,
              35.62595
            ],
            [
              129.548373,
              35.652741
            ],
            [
              129.548373,
              35.679523
            ],
            [
              129.537389,
              35.697373
            ],
            [
              129.537389,
              35.724141
            ],
            [
              129.537389,
              35.750899
            ],
            [
              129.537389,
              35.777648
            ],
            [
              129.537389,
              35.804388
            ],
            [
              129.537389,
              35.83112
            ],
            [
              129.537389,
              35.857842
            ],
            [
              129.537389,
              35.884555
            ],
            [
              129.548373,
              35.902359
            ],
            [
              129.559358,
              35.929057
            ],
            [
              129.559358,
              35.955747
            ],
            [
              129.559358,
              35.982427
            ],
            [
              129.559358,
              36.009098
            ],
            [
              129.559358,
              36.03576
            ],
            [
              129.559358,
              36.062414
            ],
            [
              129.548373,
              36.089058
            ],
            [
              129.515419,
              36.089058
            ],
            [
              129.482466,
              36.089058
            ],
            [
              129.482466,
              36.106815
            ],
            [
              129.482466,
              36.133445
            ],
            [
              129.482466,
              36.160065
            ],
            [
              129.482466,
              36.186676
            ],
            [
              129.482466,
              36.213278
            ],
            [
              129.482466,
              36.239871
            ],
            [
              129.471481,
              36.257594
            ],
            [
              129.460496,
              36.275314
            ],
            [
              129.460496,
              36.301886
            ],
            [
              129.460496,
              36.328449
            ],
            [
              129.460496,
              36.355002
            ],
            [
              129.460496,
              36.381547
            ],
            [
              129.449512,
              36.399238
            ],
            [
              129.449512,
              36.425768
            ],
            [
              129.438527,
              36.452289
            ],
            [
              129.438527,
              36.4788
            ],
            [
              129.438527,
              36.505302
            ],
            [
              129.438527,
              36.531796
            ],
            [
              129.438527,
              36.55828
            ],
            [
              129.438527,
              36.584755
            ],
            [
              129.438527,
              36.611221
            ],
            [
              129.449512,
              36.62886
            ],
            [
              129.449512,
              36.655311
            ],
            [
              129.460496,
              36.67294
            ],
            [
              129.460496,
              36.699376
            ],
            [
              129.460496,
              36.725803
            ],
            [
              129.471481,
              36.752221
            ],
            [
              129.471481,
              36.778629
            ],
            [
              129.471481,
              36.805029
            ],
            [
              129.471481,
              36.831419
            ],
            [
              129.471481,
              36.8578
            ],
            [
              129.482466,
              36.875383
            ],
            [
              129.471481,
              36.892961
            ],
            [
              129.471481,
              36.919321
            ],
            [
              129.471481,
              36.945672
            ],
            [
              129.471481,
              36.980792
            ],
            [
              129.460496,
              37.007122
            ],
            [
              129.449512,
              37.042214
            ],
            [
              129.449512,
              37.068523
            ],
            [
              129.438527,
              37.086056
            ],
            [
              129.427543,
              37.11235
            ],
            [
              129.427543,
              37.138634
            ],
            [
              129.416558,
              37.156151
            ],
            [
              129.405573,
              37.173665
            ],
            [
              129.394589,
              37.191174
            ],
            [
              129.394589,
              37.217431
            ],
            [
              129.383604,
              37.23493
            ],
            [
              129.372619,
              37.252426
            ],
            [
              129.361635,
              37.269917
            ],
            [
              129.35065,
              37.287404
            ],
            [
              129.339666,
              37.304887
            ],
            [
              129.339666,
              37.331104
            ],
            [
              129.328681,
              37.348577
            ],
            [
              129.317696,
              37.366046
            ],
            [
              129.306712,
              37.383511
            ],
            [
              129.295727,
              37.400972
            ],
            [
              129.284743,
              37.418428
            ],
            [
              129.273758,
              37.462052
            ],
            [
              129.262773,
              37.479495
            ],
            [
              129.251789,
              37.496933
            ],
            [
              129.240804,
              37.514367
            ],
            [
              129.22982,
              37.549224
            ],
            [
              129.218835,
              37.584064
            ],
            [
              129.20785,
              37.601478
            ],
            [
              129.185881,
              37.618888
            ],
            [
              129.163912,
              37.636293
            ],
            [
              129.152927,
              37.653695
            ],
            [
              129.130958,
              37.662395
            ],
            [
              129.119973,
              37.67979
            ],
            [
              129.098004,
              37.688486
            ],
            [
              129.08702,
              37.705876
            ],
            [
              129.06505,
              37.723261
            ],
            [
              129.043081,
              37.731952
            ],
            [
              129.021112,
              37.749332
            ],
            [
              129.010127,
              37.766707
            ],
            [
              128.988158,
              37.775393
            ],
            [
              128.977173,
              37.792762
            ],
            [
              128.966189,
              37.810127
            ],
            [
              128.955204,
              37.827488
            ],
            [
              128.94422,
              37.844845
            ],
            [
              128.933235,
              37.862198
            ],
            [
              128.92225,
              37.879546
            ],
            [
              128.900281,
              37.896891
            ],
            [
              128.889297,
              37.914231
            ],
            [
              128.878312,
              37.931568
            ],
            [
              128.867327,
              37.9489
            ],
            [
              128.856343,
              37.966228
            ],
            [
              128.845358,
              37.983552
            ],
            [
              128.823389,
              37.992213
            ],
            [
              128.812404,
              38.009531
            ],
            [
              128.790435,
              38.026845
            ],
            [
              128.768466,
              38.0355
            ],
            [
              128.746497,
              38.052808
            ],
            [
              128.735512,
              38.070112
            ],
            [
              128.713543,
              38.087411
            ],
            [
              128.702558,
              38.104707
            ],
            [
              128.680589,
              38.113353
            ],
            [
              128.669604,
              38.130642
            ],
            [
              128.647635,
              38.139285
            ],
            [
              128.636651,
              38.156569
            ],
            [
              128.625666,
              38.173848
            ],
            [
              128.614681,
              38.191123
            ],
            [
              128.603697,
              38.208394
            ],
            [
              128.592712,
              38.225661
            ],
            [
              128.581727,
              38.242923
            ],
            [
              128.581727,
              38.26881
            ],
            [
              128.570743,
              38.286062
            ],
            [
              128.559758,
              38.303311
            ],
            [
              128.548774,
              38.320555
            ],
            [
              128.537789,
              38.337795
            ],
            [
              128.526804,
              38.355031
            ],
            [
              128.504835,
              38.363648
            ],
            [
              128.493851,
              38.380878
            ],
            [
              128.482866,
              38.398103
            ],
            [
              128.482866,
              38.423934
            ],
            [
              128.471881,
              38.44115
            ],
            [
              128.460897,
              38.466966
            ],
            [
              128.449912,
              38.492772
            ],
            [
              128.438928,
              38.509971
            ],
            [
              128.438928,
              38.535762
            ],
            [
              128.427943,
              38.552951
            ],
            [
              128.427943,
              38.578727
            ],
            [
              128.416958,
              38.595905
            ],
            [
              128.405974,
              38.61308
            ],
            [
              128.394989,
              38.63025
            ],
            [
              128.384004,
              38.664579
            ],
            [
              128.37302,
              38.698891
            ],
            [
              128.362035,
              38.716041
            ],
            [
              128.351051,
              38.733186
            ],
            [
              128.340066,
              38.750328
            ],
            [
              128.329081,
              38.767465
            ],
            [
              128.296128,
              38.767465
            ],
            [
              128.263174,
              38.767465
            ],
            [
              128.241205,
              38.776033
            ],
            [
              128.219235,
              38.784599
            ],
            [
              128.208251,
              38.801728
            ],
            [
              128.186282,
              38.818853
            ],
            [
              128.175297,
              38.835974
            ],
            [
              128.164312,
              38.853091
            ],
            [
              128.153328,
              38.870204
            ],
            [
              128.131358,
              38.878759
            ],
            [
              128.109389,
              38.895865
            ],
            [
              128.08742,
              38.904417
            ],
            [
              128.065451,
              38.912968
            ],
            [
              128.054466,
              38.930066
            ],
            [
              128.032497,
              38.94716
            ],
            [
              128.021512,
              38.96425
            ],
            [
              127.999543,
              38.972794
            ],
            [
              127.988559,
              38.989878
            ],
            [
              127.977574,
              39.006958
            ],
            [
              127.966589,
              39.024033
            ],
            [
              127.94462,
              39.041105
            ],
            [
              127.933635,
              39.058172
            ],
            [
              127.922651,
              39.075236
            ],
            [
              127.900682,
              39.083766
            ],
            [
              127.889697,
              39.100823
            ],
            [
              127.867728,
              39.10935
            ],
            [
              127.845759,
              39.117876
            ],
            [
              127.823789,
              39.126401
            ],
            [
              127.80182,
              39.134925
            ],
            [
              127.779851,
              39.143448
            ],
            [
              127.757882,
              39.15197
            ],
            [
              127.735912,
              39.16049
            ],
            [
              127.702959,
              39.16049
            ],
            [
              127.680989,
              39.16901
            ],
            [
              127.65902,
              39.177529
            ],
            [
              127.637051,
              39.186047
            ],
            [
              127.615082,
              39.194563
            ],
            [
              127.593113,
              39.203079
            ],
            [
              127.560159,
              39.203079
            ],
            [
              127.538189,
              39.211594
            ],
            [
              127.505236,
              39.220107
            ],
            [
              127.461297,
              39.220107
            ],
            [
              127.428343,
              39.22862
            ],
            [
              127.406374,
              39.245642
            ],
            [
              127.406374,
              39.271167
            ],
            [
              127.406374,
              39.296683
            ],
            [
              127.428343,
              39.288179
            ],
            [
              127.417359,
              39.271167
            ],
            [
              127.384405,
              39.271167
            ],
            [
              127.417359,
              39.279674
            ],
            [
              127.428343,
              39.296683
            ],
            [
              127.417359,
              39.313689
            ],
            [
              127.417359,
              39.339189
            ],
            [
              127.439328,
              39.356184
            ],
            [
              127.450313,
              39.373176
            ],
            [
              127.461297,
              39.390162
            ],
            [
              127.483266,
              39.407145
            ],
            [
              127.494251,
              39.424124
            ],
            [
              127.505236,
              39.441098
            ],
            [
              127.494251,
              39.466552
            ],
            [
              127.483266,
              39.483517
            ],
            [
              127.472282,
              39.500477
            ],
            [
              127.461297,
              39.517433
            ],
            [
              127.450313,
              39.534384
            ],
            [
              127.439328,
              39.551332
            ],
            [
              127.439328,
              39.576746
            ],
            [
              127.439328,
              39.60215
            ],
            [
              127.439328,
              39.627545
            ],
            [
              127.450313,
              39.64447
            ],
            [
              127.450313,
              39.669849
            ],
            [
              127.450313,
              39.69522
            ],
            [
              127.450313,
              39.720581
            ],
            [
              127.450313,
              39.745932
            ],
            [
              127.450313,
              39.771274
            ],
            [
              127.450313,
              39.796607
            ],
            [
              127.450313,
              39.821931
            ],
            [
              127.439328,
              39.838808
            ],
            [
              127.417359,
              39.847245
            ],
            [
              127.384405,
              39.847245
            ],
            [
              127.351451,
              39.847245
            ],
            [
              127.318497,
              39.838808
            ],
            [
              127.285543,
              39.838808
            ],
            [
              127.25259,
              39.838808
            ],
            [
              127.23062,
              39.83037
            ],
            [
              127.208651,
              39.821931
            ],
            [
              127.197667,
              39.805049
            ],
            [
              127.164713,
              39.805049
            ],
            [
              127.142743,
              39.796607
            ],
            [
              127.120774,
              39.788164
            ],
            [
              127.08782,
              39.788164
            ],
            [
              127.054867,
              39.788164
            ],
            [
              127.021913,
              39.77972
            ],
            [
              126.988959,
              39.771274
            ],
            [
              126.956005,
              39.771274
            ],
            [
              126.934036,
              39.77972
            ],
            [
              126.912067,
              39.788164
            ],
            [
              126.901082,
              39.805049
            ],
            [
              126.890097,
              39.821931
            ],
            [
              126.879113,
              39.838808
            ],
            [
              126.868128,
              39.855681
            ],
            [
              126.857144,
              39.87255
            ],
            [
              126.835174,
              39.889415
            ],
            [
              126.82419,
              39.906275
            ],
            [
              126.82419,
              39.931558
            ],
            [
              126.813205,
              39.948409
            ],
            [
              126.802221,
              39.965255
            ],
            [
              126.791236,
              39.982097
            ],
            [
              126.780251,
              40.007352
            ],
            [
              126.769267,
              40.024183
            ],
            [
              126.758282,
              40.041011
            ],
            [
              126.747298,
              40.057834
            ],
            [
              126.725328,
              40.074653
            ],
            [
              126.714344,
              40.091468
            ],
            [
              126.703359,
              40.108279
            ],
            [
              126.68139,
              40.116683
            ],
            [
              126.648436,
              40.125086
            ],
            [
              126.626467,
              40.133487
            ],
            [
              126.604498,
              40.141888
            ],
            [
              126.582528,
              40.150288
            ],
            [
              126.549575,
              40.150288
            ],
            [
              126.516621,
              40.150288
            ],
            [
              126.494651,
              40.158686
            ],
            [
              126.461698,
              40.158686
            ],
            [
              126.428744,
              40.158686
            ],
            [
              126.39579,
              40.167084
            ],
            [
              126.362836,
              40.167084
            ],
            [
              126.329882,
              40.167084
            ],
            [
              126.307913,
              40.175481
            ],
            [
              126.274959,
              40.175481
            ],
            [
              126.242005,
              40.175481
            ],
            [
              126.209052,
              40.183876
            ],
            [
              126.176098,
              40.183876
            ],
            [
              126.154129,
              40.192271
            ],
            [
              126.121175,
              40.192271
            ],
            [
              126.099205,
              40.200664
            ],
            [
              126.066252,
              40.200664
            ],
            [
              126.044282,
              40.209057
            ],
            [
              126.011329,
              40.209057
            ],
            [
              125.989359,
              40.217448
            ],
            [
              125.96739,
              40.225838
            ],
            [
              125.934436,
              40.225838
            ],
            [
              125.901482,
              40.225838
            ],
            [
              125.879513,
              40.234228
            ],
            [
              125.857544,
              40.242616
            ],
            [
              125.846559,
              40.259389
            ],
            [
              125.835575,
              40.276158
            ],
            [
              125.835575,
              40.301305
            ],
            [
              125.813606,
              40.309684
            ],
            [
              125.802621,
              40.326441
            ],
            [
              125.780652,
              40.334818
            ],
            [
              125.747698,
              40.334818
            ],
            [
              125.725729,
              40.343194
            ],
            [
              125.692775,
              40.343194
            ],
            [
              125.670806,
              40.351569
            ],
            [
              125.648836,
              40.359942
            ],
            [
              125.626867,
              40.368315
            ],
            [
              125.604898,
              40.376687
            ],
            [
              125.571944,
              40.385057
            ],
            [
              125.53899,
              40.385057
            ],
            [
              125.506036,
              40.385057
            ],
            [
              125.473083,
              40.385057
            ],
            [
              125.451113,
              40.376687
            ],
            [
              125.407175,
              40.376687
            ],
            [
              125.374221,
              40.376687
            ],
            [
              125.352252,
              40.368315
            ],
            [
              125.330283,
              40.359942
            ],
            [
              125.297329,
              40.359942
            ],
            [
              125.27536,
              40.351569
            ],
            [
              125.25339,
              40.343194
            ],
            [
              125.220437,
              40.334818
            ],
            [
              125.198467,
              40.326441
            ],
            [
              125.165514,
              40.326441
            ],
            [
              125.143544,
              40.318063
            ],
            [
              125.121575,
              40.309684
            ],
            [
              125.099606,
              40.301305
            ],
            [
              125.077637,
              40.292924
            ],
            [
              125.055667,
              40.284542
            ],
            [
              125.033698,
              40.276158
            ],
            [
              125.022714,
              40.259389
            ],
            [
              125.000744,
              40.251003
            ],
            [
              124.98976,
              40.234228
            ],
            [
              124.967791,
              40.225838
            ],
            [
              124.945821,
              40.217448
            ],
            [
              124.912868,
              40.217448
            ],
            [
              124.879914,
              40.217448
            ],
            [
              124.857944,
              40.225838
            ],
            [
              124.824991,
              40.225838
            ],
            [
              124.792037,
              40.225838
            ],
            [
              124.759083,
              40.225838
            ],
            [
              124.726129,
              40.225838
            ],
            [
              124.70416,
              40.217448
            ],
            [
              124.682191,
              40.209057
            ],
            [
              124.660221,
              40.200664
            ],
            [
              124.638252,
              40.192271
            ],
            [
              124.627268,
              40.175481
            ],
            [
              124.605298,
              40.167084
            ],
            [
              124.594314,
              40.150288
            ],
            [
              124.583329,
              40.133487
            ],
            [
              124.583329,
              40.108279
            ],
            [
              124.583329,
              40.083061
            ],
            [
              124.572345,
              40.066244
            ],
            [
              124.550375,
              40.049423
            ],
            [
              124.528406,
              40.041011
            ],
            [
              124.517422,
              40.024183
            ],
            [
              124.506437,
              40.007352
            ],
            [
              124.506437,
              39.982097
            ],
            [
              124.495452,
              39.965255
            ],
            [
              124.484468,
              39.948409
            ],
            [
              124.473483,
              39.931558
            ],
            [
              124.473483,
              39.906275
            ],
            [
              124.484468,
              39.889415
            ],
            [
              124.484468,
              39.864116
            ],
            [
              124.495452,
              39.847245
            ],
            [
              124.506437,
              39.83037
            ],
            [
              124.517422,
              39.813491
            ],
            [
              124.528406,
              39.796607
            ],
            [
              124.539391,
              39.77972
            ],
            [
              124.56136,
              39.771274
            ],
            [
              124.572345,
              39.754381
            ],
            [
              124.583329,
              39.737483
            ],
            [
              124.605298,
              39.729032
            ],
            [
              124.616283,
              39.712128
            ],
            [
              124.638252,
              39.703674
            ],
            [
              124.660221,
              39.686764
            ],
            [
              124.693175,
              39.678307
            ],
            [
              124.715145,
              39.669849
            ],
            [
              124.748098,
              39.661391
            ],
            [
              124.770068,
              39.652931
            ],
            [
              124.803021,
              39.652931
            ],
            [
              124.814006,
              39.636008
            ],
            [
              124.835975,
              39.627545
            ],
            [
              124.84696,
              39.610616
            ],
            [
              124.868929,
              39.60215
            ],
            [
              124.901883,
              39.60215
            ],
            [
              124.934837,
              39.60215
            ],
            [
              124.967791,
              39.60215
            ],
            [
              124.98976,
              39.610616
            ],
            [
              125.000744,
              39.627545
            ],
            [
              125.022714,
              39.636008
            ],
            [
              125.044683,
              39.627545
            ],
            [
              125.055667,
              39.610616
            ],
            [
              125.077637,
              39.60215
            ],
            [
              125.099606,
              39.593683
            ],
            [
              125.121575,
              39.585215
            ],
            [
              125.143544,
              39.576746
            ],
            [
              125.176498,
              39.576746
            ],
            [
              125.198467,
              39.568275
            ],
            [
              125.231421,
              39.559804
            ],
            [
              125.264375,
              39.559804
            ],
            [
              125.286344,
              39.551332
            ],
            [
              125.319298,
              39.551332
            ],
            [
              125.330283,
              39.534384
            ],
            [
              125.341267,
              39.517433
            ],
            [
              125.341267,
              39.491997
            ],
            [
              125.341267,
              39.466552
            ],
            [
              125.330283,
              39.449584
            ],
            [
              125.319298,
              39.432612
            ],
            [
              125.319298,
              39.407145
            ],
            [
              125.319298,
              39.38167
            ],
            [
              125.330283,
              39.364681
            ],
            [
              125.341267,
              39.347687
            ],
            [
              125.363237,
              39.339189
            ],
            [
              125.374221,
              39.32219
            ],
            [
              125.385206,
              39.305187
            ],
            [
              125.407175,
              39.288179
            ],
            [
              125.407175,
              39.26266
            ],
            [
              125.407175,
              39.237131
            ],
            [
              125.407175,
              39.211594
            ],
            [
              125.407175,
              39.186047
            ],
            [
              125.385206,
              39.177529
            ],
            [
              125.363237,
              39.16901
            ],
            [
              125.341267,
              39.16049
            ],
            [
              125.319298,
              39.15197
            ],
            [
              125.297329,
              39.143448
            ],
            [
              125.286344,
              39.126401
            ],
            [
              125.27536,
              39.10935
            ],
            [
              125.264375,
              39.092295
            ],
            [
              125.264375,
              39.066705
            ],
            [
              125.25339,
              39.049639
            ],
            [
              125.242406,
              39.03257
            ],
            [
              125.231421,
              39.015496
            ],
            [
              125.220437,
              38.998418
            ],
            [
              125.209452,
              38.981336
            ],
            [
              125.209452,
              38.955706
            ],
            [
              125.198467,
              38.938614
            ],
            [
              125.187483,
              38.921517
            ],
            [
              125.176498,
              38.904417
            ],
            [
              125.165514,
              38.887312
            ],
            [
              125.143544,
              38.878759
            ],
            [
              125.121575,
              38.861648
            ],
            [
              125.110591,
              38.844533
            ],
            [
              125.099606,
              38.827414
            ],
            [
              125.088621,
              38.810291
            ],
            [
              125.077637,
              38.793164
            ],
            [
              125.088621,
              38.776033
            ],
            [
              125.110591,
              38.758897
            ],
            [
              125.13256,
              38.750328
            ],
            [
              125.165514,
              38.741758
            ],
            [
              125.187483,
              38.733186
            ],
            [
              125.198467,
              38.750328
            ],
            [
              125.198467,
              38.776033
            ],
            [
              125.209452,
              38.793164
            ],
            [
              125.220437,
              38.767465
            ],
            [
              125.242406,
              38.758897
            ],
            [
              125.25339,
              38.741758
            ],
            [
              125.27536,
              38.724614
            ],
            [
              125.286344,
              38.707466
            ],
            [
              125.297329,
              38.690314
            ],
            [
              125.297329,
              38.664579
            ],
            [
              125.286344,
              38.647417
            ],
            [
              125.27536,
              38.63025
            ],
            [
              125.25339,
              38.621666
            ],
            [
              125.220437,
              38.61308
            ],
            [
              125.187483,
              38.61308
            ],
            [
              125.154529,
              38.61308
            ],
            [
              125.121575,
              38.61308
            ],
            [
              125.099606,
              38.595905
            ],
            [
              125.066652,
              38.595905
            ],
            [
              125.044683,
              38.587317
            ],
            [
              125.011729,
              38.578727
            ],
            [
              124.98976,
              38.570136
            ],
            [
              124.967791,
              38.578727
            ],
            [
              124.956806,
              38.561544
            ],
            [
              124.934837,
              38.552951
            ],
            [
              124.923852,
              38.535762
            ],
            [
              124.912868,
              38.518569
            ],
            [
              124.901883,
              38.501372
            ],
            [
              124.901883,
              38.475569
            ],
            [
              124.901883,
              38.449756
            ],
            [
              124.901883,
              38.423934
            ],
            [
              124.890898,
              38.406715
            ],
            [
              124.879914,
              38.389491
            ],
            [
              124.857944,
              38.380878
            ],
            [
              124.835975,
              38.372263
            ],
            [
              124.824991,
              38.355031
            ],
            [
              124.814006,
              38.337795
            ],
            [
              124.803021,
              38.320555
            ],
            [
              124.803021,
              38.294687
            ],
            [
              124.792037,
              38.277436
            ],
            [
              124.781052,
              38.260182
            ],
            [
              124.781052,
              38.234292
            ],
            [
              124.770068,
              38.217028
            ],
            [
              124.781052,
              38.182486
            ],
            [
              124.781052,
              38.156569
            ],
            [
              124.792037,
              38.139285
            ],
            [
              124.803021,
              38.121998
            ],
            [
              124.824991,
              38.113353
            ],
            [
              124.857944,
              38.113353
            ],
            [
              124.879914,
              38.104707
            ],
            [
              124.912868,
              38.104707
            ],
            [
              124.934837,
              38.096059
            ],
            [
              124.967791,
              38.096059
            ],
            [
              124.978775,
              38.113353
            ],
            [
              124.967791,
              38.096059
            ],
            [
              124.956806,
              38.078762
            ],
            [
              124.956806,
              38.052808
            ],
            [
              124.967791,
              38.0355
            ],
            [
              124.967791,
              38.009531
            ],
            [
              124.978775,
              37.992213
            ],
            [
              124.978775,
              37.966228
            ],
            [
              124.98976,
              37.9489
            ],
            [
              125.011729,
              37.931568
            ],
            [
              125.033698,
              37.9229
            ],
            [
              125.044683,
              37.905561
            ],
            [
              125.055667,
              37.888219
            ],
            [
              125.077637,
              37.879546
            ],
            [
              125.088621,
              37.862198
            ],
            [
              125.110591,
              37.853522
            ],
            [
              125.13256,
              37.844845
            ],
            [
              125.154529,
              37.827488
            ],
            [
              125.187483,
              37.810127
            ],
            [
              125.209452,
              37.801445
            ],
            [
              125.231421,
              37.792762
            ],
            [
              125.264375,
              37.784078
            ],
            [
              125.297329,
              37.784078
            ],
            [
              125.319298,
              37.775393
            ],
            [
              125.352252,
              37.775393
            ],
            [
              125.385206,
              37.775393
            ],
            [
              125.41816,
              37.775393
            ],
            [
              125.440129,
              37.784078
            ],
            [
              125.484067,
              37.784078
            ],
            [
              125.517021,
              37.784078
            ],
            [
              125.53899,
              37.792762
            ],
            [
              125.571944,
              37.801445
            ],
            [
              125.593913,
              37.810127
            ],
            [
              125.615883,
              37.818808
            ],
            [
              125.637852,
              37.827488
            ],
            [
              125.659821,
              37.836167
            ],
            [
              125.68179,
              37.853522
            ],
            [
              125.703759,
              37.862198
            ],
            [
              125.714744,
              37.879546
            ],
            [
              125.736713,
              37.888219
            ],
            [
              125.758683,
              37.896891
            ],
            [
              125.780652,
              37.905561
            ],
            [
              125.813606,
              37.914231
            ],
            [
              125.846559,
              37.914231
            ],
            [
              125.835575,
              37.896891
            ],
            [
              125.846559,
              37.879546
            ],
            [
              125.857544,
              37.862198
            ],
            [
              125.868529,
              37.836167
            ],
            [
              125.879513,
              37.818808
            ],
            [
              125.890498,
              37.801445
            ],
            [
              125.912467,
              37.784078
            ],
            [
              125.934436,
              37.775393
            ],
            [
              125.956406,
              37.766707
            ],
            [
              125.978375,
              37.75802
            ],
            [
              126.000344,
              37.749332
            ],
            [
              126.033298,
              37.749332
            ],
            [
              126.044282,
              37.731952
            ],
            [
              126.055267,
              37.714569
            ],
            [
              126.066252,
              37.697182
            ],
            [
              126.088221,
              37.688486
            ],
            [
              126.11019,
              37.67979
            ],
            [
              126.132159,
              37.671093
            ],
            [
              126.165113,
              37.671093
            ],
            [
              126.198067,
              37.671093
            ],
            [
              126.231021,
              37.671093
            ],
            [
              126.263975,
              37.662395
            ],
            [
              126.274959,
              37.644995
            ],
            [
              126.285944,
              37.618888
            ],
            [
              126.307913,
              37.610183
            ],
            [
              126.318898,
              37.592771
            ],
            [
              126.329882,
              37.566646
            ],
            [
              126.329882,
              37.540511
            ],
            [
              126.329882,
              37.514367
            ],
            [
              126.329882,
              37.488214
            ],
            [
              126.351852,
              37.479495
            ],
            [
              126.362836,
              37.462052
            ],
            [
              126.384805,
              37.45333
            ],
            [
              126.406775,
              37.444606
            ],
            [
              126.417759,
              37.427155
            ],
            [
              126.428744,
              37.409701
            ],
            [
              126.439728,
              37.392242
            ],
            [
              126.439728,
              37.366046
            ],
            [
              126.450713,
              37.348577
            ],
            [
              126.461698,
              37.322366
            ],
            [
              126.461698,
              37.296146
            ],
            [
              126.472682,
              37.278661
            ],
            [
              126.483667,
              37.261172
            ],
            [
              126.494651,
              37.243679
            ],
            [
              126.505636,
              37.226181
            ],
            [
              126.516621,
              37.20868
            ],
            [
              126.527605,
              37.191174
            ],
            [
              126.53859,
              37.173665
            ],
            [
              126.549575,
              37.156151
            ],
            [
              126.53859,
              37.129873
            ],
            [
              126.527605,
              37.11235
            ],
            [
              126.505636,
              37.094822
            ],
            [
              126.483667,
              37.086056
            ],
            [
              126.461698,
              37.07729
            ],
            [
              126.439728,
              37.068523
            ],
            [
              126.417759,
              37.059754
            ],
            [
              126.39579,
              37.050985
            ],
            [
              126.373821,
              37.042214
            ],
            [
              126.351852,
              37.033443
            ],
            [
              126.318898,
              37.033443
            ],
            [
              126.296928,
              37.02467
            ],
            [
              126.274959,
              37.015897
            ],
            [
              126.25299,
              37.007122
            ],
            [
              126.25299,
              36.980792
            ],
            [
              126.242005,
              36.963234
            ],
            [
              126.231021,
              36.945672
            ],
            [
              126.220036,
              36.928106
            ],
            [
              126.198067,
              36.919321
            ],
            [
              126.187082,
              36.901749
            ],
            [
              126.165113,
              36.892961
            ],
            [
              126.154129,
              36.875383
            ],
            [
              126.143144,
              36.8578
            ],
            [
              126.121175,
              36.849008
            ],
            [
              126.121175,
              36.849008
            ],
            [
              126.099205,
              36.849008
            ]
          ]
        ]
      }
    },
    {
      "type": "Feature",
      "properties": {
        "NAME": "Yuan",
        "name": "Yuan",
        "color": "#ef4444",
        "fill": "#ef4444",
        "fill-opacity": 0.5,
        "stroke": "#ef4444",
        "stroke-width": 2,
        "originalType": "polyline"
      },
      "geometry": {
        "type": "Polygon",
        "coordinates": [
          [
            [
              120.742901,
              33.963296
            ],
            [
              120.655028,
              34.18167
            ],
            [
              120.567155,
              34.326939
            ],
            [
              120.479283,
              34.471958
            ],
            [
              120.39141,
              34.616725
            ],
            [
              120.303537,
              34.76124
            ],
            [
              120.303537,
              34.977539
            ],
            [
              120.303537,
              35.193268
            ],
            [
              120.39141,
              35.33677
            ],
            [
              120.479283,
              35.551546
            ],
            [
              120.567155,
              35.694411
            ],
            [
              120.655028,
              35.837021
            ],
            [
              120.655028,
              36.050456
            ],
            [
              120.742901,
              36.263313
            ],
            [
              120.830773,
              36.404897
            ],
            [
              121.006519,
              36.546223
            ],
            [
              121.358009,
              36.546223
            ],
            [
              121.533755,
              36.61679
            ],
            [
              121.797373,
              36.687292
            ],
            [
              121.973118,
              36.757729
            ],
            [
              122.060991,
              36.89841
            ],
            [
              122.324609,
              36.968653
            ],
            [
              122.588227,
              37.038832
            ],
            [
              122.851845,
              37.178994
            ],
            [
              123.027591,
              37.248979
            ],
            [
              122.851845,
              37.388752
            ],
            [
              122.6761,
              37.528265
            ],
            [
              122.500354,
              37.597924
            ],
            [
              122.324609,
              37.737046
            ],
            [
              122.148864,
              37.806509
            ],
            [
              121.973118,
              37.875907
            ],
            [
              121.7095,
              37.875907
            ],
            [
              121.182264,
              38.014507
            ],
            [
              121.006519,
              38.083709
            ],
            [
              120.742901,
              38.083709
            ],
            [
              120.567155,
              38.014507
            ],
            [
              120.39141,
              37.94524
            ],
            [
              120.215665,
              37.875907
            ],
            [
              119.952047,
              37.875907
            ],
            [
              119.512683,
              38.014507
            ],
            [
              119.336938,
              38.083709
            ],
            [
              119.161192,
              38.152846
            ],
            [
              118.985447,
              38.221917
            ],
            [
              118.897574,
              38.359862
            ],
            [
              118.897574,
              38.566289
            ],
            [
              118.809702,
              38.703578
            ],
            [
              118.721829,
              38.840604
            ],
            [
              118.546084,
              38.977366
            ],
            [
              118.633956,
              39.113865
            ],
            [
              118.633956,
              39.318119
            ],
            [
              118.721829,
              39.453958
            ],
            [
              118.809702,
              39.589532
            ],
            [
              118.897574,
              39.724841
            ],
            [
              118.985447,
              39.859886
            ],
            [
              119.161192,
              39.994665
            ],
            [
              119.336938,
              40.129179
            ],
            [
              119.688428,
              40.263427
            ],
            [
              119.864174,
              40.330451
            ],
            [
              120.039919,
              40.397409
            ],
            [
              120.215665,
              40.464301
            ],
            [
              120.655028,
              40.531125
            ],
            [
              120.918646,
              40.531125
            ],
            [
              121.094391,
              40.597884
            ],
            [
              121.270137,
              40.7312
            ],
            [
              121.445882,
              40.797759
            ],
            [
              121.621628,
              40.86425
            ],
            [
              121.7095,
              40.7312
            ],
            [
              121.797373,
              40.597884
            ],
            [
              121.797373,
              40.397409
            ],
            [
              121.7095,
              40.263427
            ],
            [
              121.621628,
              40.061955
            ],
            [
              121.533755,
              39.927309
            ],
            [
              121.358009,
              39.792397
            ],
            [
              121.270137,
              39.65722
            ],
            [
              121.358009,
              39.521778
            ],
            [
              121.445882,
              39.386071
            ],
            [
              121.7095,
              39.386071
            ],
            [
              121.885246,
              39.318119
            ],
            [
              122.060991,
              39.386071
            ],
            [
              122.236736,
              39.453958
            ],
            [
              122.412482,
              39.521778
            ],
            [
              122.588227,
              39.589532
            ],
            [
              122.763972,
              39.65722
            ],
            [
              123.027591,
              39.65722
            ],
            [
              123.203336,
              39.724841
            ],
            [
              123.291209,
              39.859886
            ],
            [
              123.466954,
              39.927309
            ],
            [
              123.554827,
              40.061955
            ],
            [
              123.818445,
              40.061955
            ],
            [
              123.99419,
              40.129179
            ],
            [
              124.169935,
              40.061955
            ],
            [
              124.433553,
              40.061955
            ],
            [
              124.697172,
              40.129179
            ],
            [
              124.872917,
              40.196336
            ],
            [
              125.048662,
              40.330451
            ],
            [
              125.224408,
              40.397409
            ],
            [
              125.488026,
              40.397409
            ],
            [
              125.663771,
              40.464301
            ],
            [
              126.103135,
              40.464301
            ],
            [
              126.366753,
              40.464301
            ],
            [
              126.542498,
              40.397409
            ],
            [
              126.718243,
              40.330451
            ],
            [
              126.893989,
              40.263427
            ],
            [
              127.069734,
              40.196336
            ],
            [
              127.157607,
              40.061955
            ],
            [
              127.333352,
              39.994665
            ],
            [
              127.509098,
              39.859886
            ],
            [
              127.772716,
              39.859886
            ],
            [
              127.948461,
              39.927309
            ],
            [
              128.124206,
              40.129179
            ],
            [
              128.299952,
              40.196336
            ],
            [
              128.475697,
              40.263427
            ],
            [
              128.739315,
              40.330451
            ],
            [
              128.91506,
              40.397409
            ],
            [
              129.090806,
              40.531125
            ],
            [
              129.266551,
              40.597884
            ],
            [
              129.442297,
              40.664575
            ],
            [
              129.618042,
              40.797759
            ],
            [
              129.705915,
              40.930675
            ],
            [
              129.705915,
              41.12955
            ],
            [
              129.705915,
              41.327824
            ],
            [
              129.793787,
              41.459672
            ],
            [
              129.88166,
              41.591253
            ],
            [
              130.057405,
              41.788122
            ],
            [
              130.233151,
              41.853611
            ],
            [
              130.321023,
              41.984388
            ],
            [
              130.496769,
              42.049677
            ],
            [
              130.584642,
              42.180052
            ],
            [
              130.672514,
              42.310159
            ],
            [
              130.760387,
              42.439997
            ],
            [
              130.84826,
              42.569567
            ],
            [
              130.936132,
              42.698869
            ],
            [
              131.024005,
              42.827902
            ],
            [
              131.287623,
              42.827902
            ],
            [
              131.551241,
              42.827902
            ],
            [
              131.726986,
              42.956666
            ],
            [
              131.902732,
              43.020947
            ],
            [
              132.517841,
              42.956666
            ],
            [
              132.781459,
              42.956666
            ],
            [
              132.957204,
              42.827902
            ],
            [
              133.132949,
              42.763419
            ],
            [
              133.396567,
              42.763419
            ],
            [
              133.572313,
              42.827902
            ],
            [
              133.835931,
              42.892317
            ],
            [
              134.011676,
              42.956666
            ],
            [
              134.187422,
              43.085161
            ],
            [
              134.363167,
              43.213387
            ],
            [
              134.538912,
              43.277399
            ],
            [
              134.714658,
              43.405222
            ],
            [
              134.80253,
              43.532775
            ],
            [
              134.890403,
              43.660059
            ],
            [
              135.066148,
              43.723601
            ],
            [
              135.154021,
              43.850481
            ],
            [
              135.241894,
              43.977092
            ],
            [
              135.329767,
              44.103433
            ],
            [
              135.417639,
              44.229505
            ],
            [
              135.593385,
              44.355308
            ],
            [
              135.681257,
              44.480841
            ],
            [
              135.76913,
              44.606105
            ],
            [
              135.857003,
              44.731099
            ],
            [
              135.944875,
              44.855824
            ],
            [
              136.032748,
              44.980279
            ],
            [
              136.120621,
              45.104464
            ],
            [
              136.296366,
              45.22838
            ],
            [
              136.472111,
              45.352026
            ],
            [
              136.647857,
              45.413748
            ],
            [
              136.823602,
              45.53699
            ],
            [
              136.999348,
              45.59851
            ],
            [
              137.262966,
              45.721348
            ],
            [
              137.350838,
              45.843916
            ],
            [
              137.526584,
              45.905099
            ],
            [
              137.702329,
              45.966215
            ],
            [
              137.878074,
              46.027264
            ],
            [
              138.05382,
              46.149158
            ],
            [
              138.141693,
              46.270784
            ],
            [
              138.229565,
              46.452717
            ],
            [
              138.317438,
              46.573669
            ],
            [
              138.405311,
              46.694352
            ],
            [
              138.581056,
              46.814766
            ],
            [
              138.756801,
              46.994883
            ],
            [
              138.844674,
              47.174394
            ],
            [
              138.932547,
              47.293733
            ],
            [
              139.020419,
              47.412802
            ],
            [
              139.284037,
              47.531603
            ],
            [
              139.635528,
              47.7684
            ],
            [
              139.811274,
              47.886396
            ],
            [
              139.899146,
              48.004123
            ],
            [
              139.899146,
              48.180212
            ],
            [
              139.987019,
              48.29727
            ],
            [
              140.074892,
              48.41406
            ],
            [
              140.162764,
              48.530582
            ],
            [
              140.250637,
              48.646836
            ],
            [
              140.33851,
              48.762824
            ],
            [
              140.426382,
              48.878544
            ],
            [
              140.514255,
              48.993997
            ],
            [
              140.602128,
              49.109183
            ],
            [
              140.602128,
              49.338755
            ],
            [
              140.602128,
              49.510234
            ],
            [
              140.69,
              49.681114
            ],
            [
              140.69,
              49.851396
            ],
            [
              140.777873,
              49.964585
            ],
            [
              140.865746,
              50.190167
            ],
            [
              140.953618,
              50.30256
            ],
            [
              141.041491,
              50.470652
            ],
            [
              141.129364,
              50.582383
            ],
            [
              141.129364,
              50.749484
            ],
            [
              141.217237,
              50.860554
            ],
            [
              141.305109,
              50.971361
            ],
            [
              141.305109,
              51.137076
            ],
            [
              141.392982,
              51.247223
            ],
            [
              141.392982,
              51.411951
            ],
            [
              141.392982,
              51.576087
            ],
            [
              141.305109,
              51.685183
            ],
            [
              141.217237,
              51.794017
            ],
            [
              141.305109,
              51.902588
            ],
            [
              141.305109,
              52.064955
            ],
            [
              141.392982,
              52.226734
            ],
            [
              141.480855,
              52.387925
            ],
            [
              141.568727,
              52.49506
            ],
            [
              141.568727,
              52.655275
            ],
            [
              141.6566,
              52.761759
            ],
            [
              141.6566,
              52.920999
            ],
            [
              141.6566,
              53.079656
            ],
            [
              141.6566,
              53.237729
            ],
            [
              141.480855,
              53.290291
            ],
            [
              141.305109,
              53.395222
            ],
            [
              141.129364,
              53.499894
            ],
            [
              141.041491,
              53.604308
            ],
            [
              140.865746,
              53.708465
            ],
            [
              140.69,
              53.760447
            ],
            [
              140.514255,
              53.812365
            ],
            [
              140.33851,
              53.864218
            ],
            [
              140.250637,
              53.967733
            ],
            [
              140.162764,
              54.070991
            ],
            [
              139.987019,
              54.122524
            ],
            [
              139.811274,
              54.225398
            ],
            [
              139.547655,
              54.225398
            ],
            [
              138.932547,
              54.276739
            ],
            [
              138.668929,
              54.276739
            ],
            [
              138.405311,
              54.276739
            ],
            [
              137.965947,
              54.276739
            ],
            [
              137.526584,
              54.276739
            ],
            [
              137.08722,
              54.225398
            ],
            [
              136.911475,
              54.173993
            ],
            [
              136.647857,
              54.173993
            ],
            [
              136.384239,
              54.276739
            ],
            [
              135.944875,
              54.328016
            ],
            [
              135.76913,
              54.430379
            ],
            [
              135.681257,
              54.532486
            ],
            [
              135.76913,
              54.634339
            ],
            [
              135.681257,
              54.735938
            ],
            [
              135.593385,
              54.837282
            ],
            [
              135.329767,
              54.837282
            ],
            [
              135.154021,
              54.887859
            ],
            [
              134.80253,
              54.887859
            ],
            [
              134.538912,
              54.887859
            ],
            [
              134.187422,
              54.887859
            ],
            [
              133.923804,
              54.887859
            ],
            [
              133.660186,
              54.887859
            ],
            [
              133.396567,
              54.887859
            ],
            [
              133.045077,
              54.887859
            ],
            [
              132.693586,
              54.938372
            ],
            [
              131.639114,
              55.039209
            ],
            [
              131.375496,
              55.039209
            ],
            [
              131.375496,
              55.18999
            ],
            [
              131.463368,
              55.290195
            ],
            [
              131.551241,
              55.440028
            ],
            [
              131.639114,
              55.539603
            ],
            [
              131.726986,
              55.638926
            ],
            [
              131.551241,
              55.688493
            ],
            [
              131.375496,
              55.737997
            ],
            [
              131.111878,
              55.787439
            ],
            [
              130.760387,
              55.737997
            ],
            [
              130.408896,
              55.737997
            ],
            [
              129.969533,
              55.688493
            ],
            [
              129.266551,
              55.638926
            ],
            [
              128.56357,
              55.539603
            ],
            [
              128.212079,
              55.539603
            ],
            [
              127.948461,
              55.539603
            ],
            [
              127.684843,
              55.539603
            ],
            [
              127.421225,
              55.489847
            ],
            [
              126.893989,
              55.489847
            ],
            [
              125.575898,
              55.390147
            ],
            [
              124.96079,
              55.340202
            ],
            [
              124.697172,
              55.290195
            ],
            [
              124.257808,
              55.18999
            ],
            [
              123.906317,
              55.139793
            ],
            [
              123.379081,
              55.039209
            ],
            [
              123.203336,
              54.988822
            ],
            [
              123.027591,
              54.938372
            ],
            [
              122.6761,
              54.938372
            ],
            [
              122.324609,
              54.938372
            ],
            [
              121.973118,
              54.988822
            ],
            [
              121.445882,
              54.988822
            ],
            [
              121.006519,
              54.988822
            ],
            [
              120.742901,
              54.988822
            ],
            [
              120.567155,
              54.938372
            ],
            [
              119.952047,
              54.887859
            ],
            [
              119.688428,
              54.887859
            ],
            [
              119.07332,
              54.887859
            ],
            [
              118.809702,
              54.887859
            ],
            [
              118.282465,
              54.887859
            ],
            [
              117.667357,
              54.837282
            ],
            [
              116.876503,
              54.68517
            ],
            [
              116.437139,
              54.634339
            ],
            [
              115.909903,
              54.583445
            ],
            [
              115.646285,
              54.532486
            ],
            [
              115.119049,
              54.379229
            ],
            [
              114.943303,
              54.276739
            ],
            [
              114.591813,
              54.173993
            ],
            [
              114.416067,
              54.122524
            ],
            [
              114.152449,
              54.019394
            ],
            [
              113.713086,
              53.916008
            ],
            [
              113.361595,
              53.708465
            ],
            [
              113.010104,
              53.604308
            ],
            [
              112.482868,
              53.44759
            ],
            [
              111.867759,
              53.290291
            ],
            [
              111.428396,
              53.185103
            ],
            [
              111.076905,
              53.132412
            ],
            [
              110.90116,
              53.079656
            ],
            [
              110.637542,
              53.079656
            ],
            [
              110.461796,
              53.026835
            ],
            [
              110.461796,
              53.290291
            ],
            [
              110.461796,
              53.44759
            ],
            [
              110.461796,
              53.604308
            ],
            [
              110.373924,
              53.864218
            ],
            [
              110.373924,
              54.019394
            ],
            [
              110.286051,
              54.122524
            ],
            [
              110.198178,
              54.276739
            ],
            [
              110.110306,
              54.481464
            ],
            [
              110.022433,
              54.634339
            ],
            [
              109.93456,
              54.786641
            ],
            [
              109.846688,
              54.887859
            ],
            [
              109.758815,
              54.988822
            ],
            [
              109.758815,
              55.139793
            ],
            [
              109.670942,
              55.240124
            ],
            [
              109.495197,
              55.290195
            ],
            [
              109.407324,
              55.390147
            ],
            [
              109.231579,
              55.489847
            ],
            [
              109.143706,
              55.589296
            ],
            [
              109.055833,
              55.688493
            ],
            [
              108.880088,
              55.787439
            ],
            [
              108.704343,
              55.886134
            ],
            [
              108.61647,
              55.98458
            ],
            [
              108.440725,
              56.033708
            ],
            [
              108.352852,
              56.131779
            ],
            [
              108.177107,
              56.18072
            ],
            [
              108.089234,
              56.278416
            ],
            [
              108.001361,
              56.375864
            ],
            [
              107.825616,
              56.424494
            ],
            [
              107.737743,
              56.521569
            ],
            [
              107.561998,
              56.618395
            ],
            [
              107.210507,
              56.76317
            ],
            [
              107.034762,
              56.859378
            ],
            [
              106.859016,
              56.955339
            ],
            [
              106.595398,
              56.955339
            ],
            [
              106.419653,
              57.003227
            ],
            [
              105.980289,
              57.003227
            ],
            [
              105.628799,
              57.003227
            ],
            [
              105.365181,
              57.003227
            ],
            [
              105.189435,
              57.051054
            ],
            [
              104.837945,
              57.051054
            ],
            [
              104.310708,
              57.098819
            ],
            [
              103.959218,
              57.146523
            ],
            [
              103.6956,
              57.241746
            ],
            [
              103.519854,
              57.289265
            ],
            [
              103.080491,
              57.38412
            ],
            [
              102.816873,
              57.431456
            ],
            [
              102.465382,
              57.47873
            ],
            [
              102.026019,
              57.525944
            ],
            [
              101.235164,
              57.573096
            ],
            [
              100.356438,
              57.667218
            ],
            [
              100.092819,
              57.667218
            ],
            [
              99.829201,
              57.714188
            ],
            [
              99.565583,
              57.714188
            ],
            [
              98.950475,
              57.761096
            ],
            [
              98.423238,
              57.807944
            ],
            [
              97.983875,
              57.807944
            ],
            [
              97.456639,
              57.807944
            ],
            [
              97.105148,
              57.807944
            ],
            [
              96.84153,
              57.807944
            ],
            [
              96.314294,
              57.807944
            ],
            [
              96.138549,
              57.761096
            ],
            [
              95.787058,
              57.761096
            ],
            [
              95.347694,
              57.761096
            ],
            [
              94.820458,
              57.761096
            ],
            [
              94.293222,
              57.761096
            ],
            [
              93.853859,
              57.761096
            ],
            [
              92.975132,
              57.807944
            ],
            [
              92.096405,
              57.948123
            ],
            [
              91.481296,
              58.041273
            ],
            [
              91.041933,
              58.134181
            ],
            [
              90.514697,
              58.226846
            ],
            [
              90.163206,
              58.273089
            ],
            [
              89.811715,
              58.319271
            ],
            [
              89.372352,
              58.319271
            ],
            [
              88.845116,
              58.319271
            ],
            [
              88.405752,
              58.273089
            ],
            [
              87.878516,
              58.226846
            ],
            [
              87.527025,
              58.134181
            ],
            [
              87.175535,
              58.087757
            ],
            [
              86.824044,
              58.041273
            ],
            [
              86.648299,
              57.994729
            ],
            [
              85.945317,
              57.901458
            ],
            [
              85.06659,
              57.807944
            ],
            [
              84.363609,
              57.761096
            ],
            [
              83.836373,
              57.714188
            ],
            [
              83.484882,
              57.714188
            ],
            [
              83.309136,
              57.667218
            ],
            [
              82.957646,
              57.620188
            ],
            [
              82.518282,
              57.525944
            ],
            [
              82.342537,
              57.47873
            ],
            [
              81.991046,
              57.336723
            ],
            [
              81.903173,
              57.241746
            ],
            [
              81.727428,
              57.194165
            ],
            [
              81.551683,
              57.146523
            ],
            [
              81.375937,
              57.098819
            ],
            [
              81.200192,
              57.051054
            ],
            [
              81.024447,
              57.003227
            ],
            [
              80.848701,
              56.955339
            ],
            [
              80.672956,
              56.90739
            ],
            [
              80.497211,
              56.859378
            ],
            [
              80.233592,
              56.811305
            ],
            [
              79.882102,
              56.714974
            ],
            [
              79.706356,
              56.666715
            ],
            [
              79.530611,
              56.618395
            ],
            [
              79.266993,
              56.570013
            ],
            [
              78.915502,
              56.473062
            ],
            [
              78.300393,
              56.473062
            ],
            [
              77.333794,
              56.473062
            ],
            [
              77.070176,
              56.473062
            ],
            [
              76.806558,
              56.473062
            ],
            [
              76.455067,
              56.473062
            ],
            [
              76.015704,
              56.521569
            ],
            [
              75.488467,
              56.570013
            ],
            [
              75.136977,
              56.618395
            ],
            [
              74.609741,
              56.666715
            ],
            [
              74.433995,
              56.714974
            ],
            [
              73.994632,
              56.76317
            ],
            [
              73.731014,
              56.811305
            ],
            [
              73.115905,
              56.859378
            ],
            [
              72.412923,
              56.859378
            ],
            [
              71.97356,
              56.955339
            ],
            [
              71.446324,
              56.955339
            ],
            [
              71.094833,
              56.955339
            ],
            [
              70.831215,
              56.955339
            ],
            [
              70.391852,
              57.003227
            ],
            [
              70.040361,
              57.051054
            ],
            [
              69.513125,
              57.098819
            ],
            [
              68.985889,
              57.194165
            ],
            [
              68.546525,
              57.194165
            ],
            [
              68.195034,
              57.241746
            ],
            [
              67.579926,
              57.336723
            ],
            [
              66.876944,
              57.38412
            ],
            [
              66.261835,
              57.431456
            ],
            [
              65.910345,
              57.431456
            ],
            [
              65.646727,
              57.47873
            ],
            [
              65.383109,
              57.47873
            ],
            [
              65.207363,
              57.525944
            ],
            [
              64.768,
              57.573096
            ],
            [
              63.8014,
              57.761096
            ],
            [
              63.274164,
              57.854731
            ],
            [
              62.746928,
              57.948123
            ],
            [
              62.395437,
              58.041273
            ],
            [
              60.901602,
              57.948123
            ],
            [
              60.110747,
              57.901458
            ],
            [
              59.759257,
              57.854731
            ],
            [
              59.495639,
              57.854731
            ],
            [
              59.056275,
              57.854731
            ],
            [
              58.792657,
              57.807944
            ],
            [
              58.265421,
              57.761096
            ],
            [
              57.650312,
              57.667218
            ],
            [
              57.123076,
              57.620188
            ],
            [
              56.244349,
              57.573096
            ],
            [
              55.189877,
              57.573096
            ],
            [
              54.662641,
              57.573096
            ],
            [
              54.31115,
              57.573096
            ],
            [
              54.135405,
              57.620188
            ],
            [
              53.696041,
              57.667218
            ],
            [
              53.256678,
              57.761096
            ],
            [
              52.817314,
              57.761096
            ],
            [
              52.202206,
              57.854731
            ],
            [
              51.850715,
              57.901458
            ],
            [
              51.587097,
              57.901458
            ],
            [
              51.411351,
              57.948123
            ],
            [
              51.059861,
              57.994729
            ],
            [
              50.620497,
              58.041273
            ],
            [
              50.181134,
              58.087757
            ],
            [
              49.566025,
              58.180544
            ],
            [
              49.302407,
              58.226846
            ],
            [
              48.950916,
              58.273089
            ],
            [
              48.775171,
              58.319271
            ],
            [
              48.511553,
              58.319271
            ],
            [
              47.720699,
              58.365393
            ],
            [
              47.10559,
              58.411454
            ],
            [
              46.666226,
              58.457456
            ],
            [
              46.314736,
              58.503397
            ],
            [
              45.875372,
              58.5951
            ],
            [
              45.699627,
              58.640861
            ],
            [
              45.084518,
              58.732205
            ],
            [
              44.733027,
              58.823309
            ],
            [
              44.117919,
              58.959517
            ],
            [
              43.590682,
              59.004801
            ],
            [
              43.414937,
              59.050025
            ],
            [
              42.799828,
              59.050025
            ],
            [
              42.624083,
              59.09519
            ],
            [
              42.448338,
              59.140295
            ],
            [
              42.008974,
              59.185341
            ],
            [
              41.833229,
              59.230328
            ],
            [
              41.569611,
              59.275255
            ],
            [
              41.130247,
              59.275255
            ],
            [
              40.778756,
              59.275255
            ],
            [
              40.427266,
              59.275255
            ],
            [
              40.163648,
              59.275255
            ],
            [
              39.548539,
              59.275255
            ],
            [
              39.197048,
              59.275255
            ],
            [
              38.93343,
              59.275255
            ],
            [
              38.757685,
              59.230328
            ],
            [
              38.494067,
              59.185341
            ],
            [
              38.230449,
              59.185341
            ],
            [
              37.966831,
              59.09519
            ],
            [
              37.703212,
              59.09519
            ],
            [
              37.527467,
              59.050025
            ],
            [
              37.351722,
              59.004801
            ],
            [
              37.175976,
              58.959517
            ],
            [
              37.000231,
              58.914174
            ],
            [
              36.736613,
              58.823309
            ],
            [
              36.385122,
              58.777787
            ],
            [
              36.209377,
              58.732205
            ],
            [
              35.682141,
              58.686563
            ],
            [
              35.418523,
              58.640861
            ],
            [
              35.418523,
              58.503397
            ],
            [
              35.33065,
              58.365393
            ],
            [
              35.242777,
              58.226846
            ],
            [
              35.154905,
              58.134181
            ],
            [
              34.979159,
              58.041273
            ],
            [
              34.715541,
              57.901458
            ],
            [
              34.539796,
              57.807944
            ],
            [
              34.451923,
              57.714188
            ],
            [
              34.276178,
              57.667218
            ],
            [
              34.188305,
              57.525944
            ],
            [
              34.100432,
              57.38412
            ],
            [
              33.924687,
              57.289265
            ],
            [
              33.748942,
              57.194165
            ],
            [
              33.573196,
              57.098819
            ],
            [
              33.397451,
              57.051054
            ],
            [
              33.309578,
              56.955339
            ],
            [
              33.133833,
              56.859378
            ],
            [
              32.958087,
              56.76317
            ],
            [
              32.870215,
              56.666715
            ],
            [
              32.782342,
              56.570013
            ],
            [
              32.958087,
              56.473062
            ],
            [
              33.221705,
              56.229599
            ],
            [
              33.573196,
              56.033708
            ],
            [
              33.836814,
              55.886134
            ],
            [
              33.836814,
              55.737997
            ],
            [
              33.924687,
              55.638926
            ],
            [
              33.924687,
              55.489847
            ],
            [
              33.924687,
              55.340202
            ],
            [
              34.01256,
              55.139793
            ],
            [
              34.100432,
              54.938372
            ],
            [
              34.100432,
              54.786641
            ],
            [
              34.188305,
              54.634339
            ],
            [
              34.188305,
              54.430379
            ],
            [
              34.01256,
              54.328016
            ],
            [
              33.924687,
              54.225398
            ],
            [
              33.748942,
              54.122524
            ],
            [
              33.573196,
              53.967733
            ],
            [
              33.397451,
              53.812365
            ],
            [
              33.397451,
              53.656419
            ],
            [
              33.309578,
              53.44759
            ],
            [
              33.221705,
              53.342789
            ],
            [
              33.133833,
              53.237729
            ],
            [
              33.04596,
              53.132412
            ],
            [
              32.870215,
              52.973949
            ],
            [
              32.870215,
              52.814904
            ],
            [
              32.958087,
              52.655275
            ],
            [
              32.958087,
              52.49506
            ],
            [
              33.04596,
              52.387925
            ],
            [
              33.04596,
              52.226734
            ],
            [
              33.04596,
              52.064955
            ],
            [
              33.133833,
              51.956776
            ],
            [
              33.221705,
              51.848335
            ],
            [
              33.221705,
              51.685183
            ],
            [
              33.397451,
              51.630668
            ],
            [
              33.485324,
              51.52144
            ],
            [
              33.573196,
              51.411951
            ],
            [
              33.748942,
              51.192182
            ],
            [
              33.924687,
              51.137076
            ],
            [
              34.01256,
              51.026665
            ],
            [
              34.188305,
              50.91599
            ],
            [
              34.36405,
              50.805052
            ],
            [
              34.451923,
              50.69385
            ],
            [
              34.627668,
              50.63815
            ],
            [
              34.715541,
              50.526551
            ],
            [
              34.891287,
              50.470652
            ],
            [
              35.067032,
              50.358657
            ],
            [
              35.242777,
              50.30256
            ],
            [
              35.594268,
              50.133871
            ],
            [
              36.472995,
              50.077508
            ],
            [
              37.351722,
              49.964585
            ],
            [
              37.61534,
              49.908024
            ],
            [
              37.791085,
              49.851396
            ],
            [
              37.878958,
              49.737941
            ],
            [
              38.054703,
              49.681114
            ],
            [
              38.142576,
              49.56726
            ],
            [
              38.318321,
              49.453141
            ],
            [
              38.757685,
              49.166676
            ],
            [
              39.021303,
              49.051623
            ],
            [
              39.197048,
              48.936304
            ],
            [
              39.284921,
              48.820717
            ],
            [
              39.372793,
              48.704864
            ],
            [
              39.460666,
              48.588743
            ],
            [
              39.460666,
              48.41406
            ],
            [
              39.372793,
              48.29727
            ],
            [
              39.284921,
              48.180212
            ],
            [
              39.197048,
              48.062887
            ],
            [
              39.197048,
              47.886396
            ],
            [
              39.197048,
              47.650136
            ],
            [
              39.197048,
              47.472236
            ],
            [
              39.284921,
              47.353301
            ],
            [
              39.372793,
              47.234097
            ],
            [
              39.372793,
              47.054787
            ],
            [
              39.372793,
              46.814766
            ],
            [
              39.460666,
              46.634044
            ],
            [
              39.548539,
              46.513227
            ],
            [
              39.636412,
              46.39214
            ],
            [
              39.724284,
              46.210005
            ],
            [
              39.812157,
              46.088245
            ],
            [
              39.90003,
              45.843916
            ],
            [
              39.987902,
              45.659963
            ],
            [
              39.987902,
              45.475403
            ],
            [
              40.075775,
              45.290237
            ],
            [
              40.163648,
              45.166456
            ],
            [
              40.25152,
              45.042405
            ],
            [
              40.339393,
              44.918085
            ],
            [
              40.515138,
              44.855824
            ],
            [
              40.778756,
              44.731099
            ],
            [
              40.954502,
              44.668636
            ],
            [
              41.042375,
              44.543507
            ],
            [
              41.21812,
              44.418108
            ],
            [
              41.305993,
              44.292441
            ],
            [
              41.393865,
              44.166503
            ],
            [
              41.393865,
              43.977092
            ],
            [
              41.481738,
              43.850481
            ],
            [
              41.393865,
              43.723601
            ],
            [
              41.481738,
              43.532775
            ],
            [
              41.481738,
              43.341344
            ],
            [
              41.745356,
              43.085161
            ],
            [
              42.008974,
              42.827902
            ],
            [
              42.272592,
              42.634252
            ],
            [
              42.53621,
              42.504816
            ],
            [
              42.624083,
              42.375112
            ],
            [
              42.799828,
              42.245139
            ],
            [
              42.975574,
              42.114898
            ],
            [
              43.239192,
              42.049677
            ],
            [
              43.327064,
              41.919033
            ],
            [
              43.590682,
              41.656943
            ],
            [
              43.8543,
              41.393781
            ],
            [
              44.117919,
              41.195708
            ],
            [
              44.205791,
              41.063325
            ],
            [
              44.557282,
              40.597884
            ],
            [
              44.733027,
              40.330451
            ],
            [
              44.908773,
              40.196336
            ],
            [
              44.996645,
              40.061955
            ],
            [
              45.172391,
              39.859886
            ],
            [
              45.260263,
              39.724841
            ],
            [
              45.348136,
              39.589532
            ],
            [
              45.436009,
              39.453958
            ],
            [
              45.523882,
              39.318119
            ],
            [
              45.611754,
              39.113865
            ],
            [
              45.699627,
              38.977366
            ],
            [
              45.963245,
              38.772124
            ],
            [
              46.051118,
              38.634966
            ],
            [
              46.13899,
              38.497545
            ],
            [
              46.314736,
              38.359862
            ],
            [
              46.490481,
              38.290922
            ],
            [
              46.666226,
              38.083709
            ],
            [
              46.929844,
              37.875907
            ],
            [
              47.369208,
              37.737046
            ],
            [
              47.544953,
              37.597924
            ],
            [
              47.808571,
              37.458541
            ],
            [
              47.984317,
              37.318898
            ],
            [
              48.160062,
              37.248979
            ],
            [
              48.247935,
              37.108946
            ],
            [
              48.335807,
              36.968653
            ],
            [
              48.42368,
              36.828102
            ],
            [
              48.511553,
              36.687292
            ],
            [
              48.775171,
              36.404897
            ],
            [
              48.950916,
              36.050456
            ],
            [
              49.126662,
              35.90823
            ],
            [
              49.214534,
              35.765748
            ],
            [
              49.39028,
              35.62301
            ],
            [
              49.478152,
              35.480018
            ],
            [
              49.653898,
              35.33677
            ],
            [
              49.74177,
              35.193268
            ],
            [
              49.917516,
              35.049512
            ],
            [
              50.005388,
              34.905502
            ],
            [
              50.093261,
              34.76124
            ],
            [
              50.093261,
              34.544373
            ],
            [
              50.005388,
              34.326939
            ],
            [
              50.005388,
              34.108941
            ],
            [
              50.005388,
              33.890379
            ],
            [
              50.005388,
              33.524863
            ],
            [
              50.093261,
              33.157795
            ],
            [
              50.093261,
              32.936813
            ],
            [
              50.181134,
              32.567281
            ],
            [
              50.269007,
              32.344828
            ],
            [
              50.356879,
              32.121826
            ],
            [
              50.444752,
              31.972854
            ],
            [
              50.620497,
              31.674186
            ],
            [
              50.70837,
              31.524489
            ],
            [
              50.884115,
              31.299495
            ],
            [
              51.059861,
              31.149199
            ],
            [
              51.235606,
              30.998665
            ],
            [
              51.67497,
              30.696883
            ],
            [
              52.02646,
              30.394154
            ],
            [
              52.202206,
              30.242437
            ],
            [
              52.377951,
              30.090485
            ],
            [
              52.99306,
              29.633228
            ],
            [
              53.432423,
              29.403816
            ],
            [
              53.871787,
              29.173886
            ],
            [
              54.31115,
              29.020312
            ],
            [
              54.574768,
              29.020312
            ],
            [
              54.926259,
              28.943439
            ],
            [
              55.541368,
              28.866509
            ],
            [
              55.804986,
              28.866509
            ],
            [
              56.068604,
              28.866509
            ],
            [
              56.332222,
              28.789522
            ],
            [
              56.683713,
              28.712478
            ],
            [
              57.738185,
              28.635378
            ],
            [
              58.616912,
              28.635378
            ],
            [
              60.286493,
              28.635378
            ],
            [
              60.901602,
              28.635378
            ],
            [
              61.253092,
              28.558221
            ],
            [
              61.51671,
              28.558221
            ],
            [
              62.131819,
              28.558221
            ],
            [
              62.746928,
              28.635378
            ],
            [
              63.010546,
              28.712478
            ],
            [
              63.362037,
              28.789522
            ],
            [
              63.625655,
              28.789522
            ],
            [
              63.977146,
              28.789522
            ],
            [
              65.11949,
              28.789522
            ],
            [
              65.822472,
              28.789522
            ],
            [
              66.173963,
              28.789522
            ],
            [
              66.876944,
              28.712478
            ],
            [
              67.40418,
              28.635378
            ],
            [
              67.667798,
              28.635378
            ],
            [
              67.931416,
              28.635378
            ],
            [
              68.195034,
              28.635378
            ],
            [
              68.37078,
              28.558221
            ],
            [
              68.898016,
              28.558221
            ],
            [
              69.249507,
              28.481007
            ],
            [
              69.513125,
              28.481007
            ],
            [
              69.68887,
              28.403737
            ],
            [
              70.040361,
              28.403737
            ],
            [
              70.303979,
              28.32641
            ],
            [
              70.743342,
              28.32641
            ],
            [
              71.182706,
              28.32641
            ],
            [
              71.446324,
              28.32641
            ],
            [
              71.885687,
              28.32641
            ],
            [
              72.325051,
              28.32641
            ],
            [
              72.588669,
              28.32641
            ],
            [
              72.94016,
              28.32641
            ],
            [
              73.203778,
              28.32641
            ],
            [
              73.467396,
              28.32641
            ],
            [
              73.994632,
              28.32641
            ],
            [
              74.521868,
              28.32641
            ],
            [
              74.697613,
              28.403737
            ],
            [
              74.697613,
              28.403737
            ],
            [
              120.742901,
              33.963296
            ]
          ]
        ]
      }
    },
    {
      "type": "Feature",
      "properties": {
        "NAME": "Yuan",
        "name": "Yuan",
        "color": "#ef4444",
        "fill": "#ef4444",
        "fill-opacity": 0.5,
        "stroke": "#ef4444",
        "stroke-width": 2,
        "originalType": "polyline"
      },
      "geometry": {
        "type": "Polygon",
        "coordinates": [
          [
            [
              73.906759,
              28.32641
            ],
            [
              73.994632,
              28.171588
            ],
            [
              74.082504,
              28.016541
            ],
            [
              74.25825,
              27.938934
            ],
            [
              74.609741,
              27.938934
            ],
            [
              74.785486,
              27.861271
            ],
            [
              75.049104,
              27.783552
            ],
            [
              75.400595,
              27.705778
            ],
            [
              75.664213,
              27.705778
            ],
            [
              75.839958,
              27.627948
            ],
            [
              76.015704,
              27.550063
            ],
            [
              76.279322,
              27.472123
            ],
            [
              76.455067,
              27.394127
            ],
            [
              76.630812,
              27.316077
            ],
            [
              76.806558,
              27.159811
            ],
            [
              76.982303,
              27.003326
            ],
            [
              77.070176,
              26.846623
            ],
            [
              77.245921,
              26.76819
            ],
            [
              77.333794,
              26.611161
            ],
            [
              77.509539,
              26.532566
            ],
            [
              77.685285,
              26.453917
            ],
            [
              77.86103,
              26.375214
            ],
            [
              78.124648,
              26.296458
            ],
            [
              78.388266,
              26.296458
            ],
            [
              78.564011,
              26.138784
            ],
            [
              78.915502,
              25.980897
            ],
            [
              79.17912,
              25.901874
            ],
            [
              79.530611,
              25.664488
            ],
            [
              79.706356,
              25.585253
            ],
            [
              79.882102,
              25.505967
            ],
            [
              80.057847,
              25.426628
            ],
            [
              80.233592,
              25.267793
            ],
            [
              80.409338,
              25.188297
            ],
            [
              80.585083,
              25.10875
            ],
            [
              80.848701,
              25.02915
            ],
            [
              81.200192,
              25.02915
            ],
            [
              81.551683,
              25.02915
            ],
            [
              81.727428,
              24.949499
            ],
            [
              81.991046,
              24.869797
            ],
            [
              82.342537,
              24.869797
            ],
            [
              82.606155,
              24.869797
            ],
            [
              82.869773,
              24.949499
            ],
            [
              83.133391,
              25.02915
            ],
            [
              83.397009,
              25.10875
            ],
            [
              83.572755,
              25.188297
            ],
            [
              83.7485,
              25.267793
            ],
            [
              83.924245,
              25.347236
            ],
            [
              84.363609,
              25.267793
            ],
            [
              84.715099,
              25.188297
            ],
            [
              84.978718,
              25.188297
            ],
            [
              85.330208,
              25.10875
            ],
            [
              85.681699,
              25.10875
            ],
            [
              85.857444,
              25.02915
            ],
            [
              86.121062,
              25.02915
            ],
            [
              86.38468,
              24.869797
            ],
            [
              86.648299,
              24.869797
            ],
            [
              86.824044,
              24.790043
            ],
            [
              86.999789,
              24.710238
            ],
            [
              87.263407,
              24.630382
            ],
            [
              87.439153,
              24.550474
            ],
            [
              87.790643,
              24.550474
            ],
            [
              88.405752,
              24.390507
            ],
            [
              88.845116,
              24.310447
            ],
            [
              89.020861,
              24.230336
            ],
            [
              89.372352,
              24.150175
            ],
            [
              89.63597,
              24.150175
            ],
            [
              89.899588,
              24.069964
            ],
            [
              90.251079,
              24.069964
            ],
            [
              90.778315,
              24.150175
            ],
            [
              91.041933,
              24.230336
            ],
            [
              91.393424,
              24.230336
            ],
            [
              91.569169,
              24.310447
            ],
            [
              91.92066,
              24.310447
            ],
            [
              92.184278,
              24.310447
            ],
            [
              92.447896,
              24.390507
            ],
            [
              92.711514,
              24.550474
            ],
            [
              93.063005,
              24.630382
            ],
            [
              93.23875,
              24.710238
            ],
            [
              93.502368,
              24.790043
            ],
            [
              93.765986,
              24.790043
            ],
            [
              94.029604,
              24.869797
            ],
            [
              94.117477,
              25.02915
            ],
            [
              94.293222,
              25.188297
            ],
            [
              94.381095,
              25.347236
            ],
            [
              94.55684,
              25.426628
            ],
            [
              94.644713,
              25.585253
            ],
            [
              94.732586,
              25.743669
            ],
            [
              94.908331,
              25.901874
            ],
            [
              94.996204,
              26.059867
            ],
            [
              95.171949,
              26.138784
            ],
            [
              95.611313,
              26.138784
            ],
            [
              96.138549,
              26.059867
            ],
            [
              96.490039,
              26.059867
            ],
            [
              97.017275,
              25.901874
            ],
            [
              97.368766,
              25.901874
            ],
            [
              97.544512,
              25.743669
            ],
            [
              97.720257,
              25.585253
            ],
            [
              97.80813,
              25.426628
            ],
            [
              97.896002,
              25.267793
            ],
            [
              97.983875,
              25.10875
            ],
            [
              98.071748,
              24.949499
            ],
            [
              98.15962,
              24.630382
            ],
            [
              98.247493,
              24.470516
            ],
            [
              98.335366,
              24.310447
            ],
            [
              98.335366,
              24.069964
            ],
            [
              98.423238,
              23.909391
            ],
            [
              98.423238,
              23.668158
            ],
            [
              98.511111,
              23.34582
            ],
            [
              98.511111,
              23.103551
            ],
            [
              98.598984,
              22.941795
            ],
            [
              98.598984,
              22.536561
            ],
            [
              98.686857,
              22.292847
            ],
            [
              98.774729,
              21.967233
            ],
            [
              98.774729,
              21.722531
            ],
            [
              98.774729,
              21.477412
            ],
            [
              98.774729,
              21.23188
            ],
            [
              98.862602,
              21.067964
            ],
            [
              98.862602,
              20.821752
            ],
            [
              98.862602,
              20.410504
            ],
            [
              98.950475,
              20.163225
            ],
            [
              99.038347,
              19.832911
            ],
            [
              99.12622,
              19.667495
            ],
            [
              99.214093,
              19.501908
            ],
            [
              99.301965,
              19.336152
            ],
            [
              99.389838,
              19.170227
            ],
            [
              99.477711,
              19.004134
            ],
            [
              99.565583,
              18.754685
            ],
            [
              99.565583,
              18.504867
            ],
            [
              99.653456,
              18.338118
            ],
            [
              99.741329,
              18.171209
            ],
            [
              99.829201,
              18.004139
            ],
            [
              99.917074,
              17.836911
            ],
            [
              100.004947,
              17.669526
            ],
            [
              100.180692,
              17.585775
            ],
            [
              100.268565,
              17.418157
            ],
            [
              100.620056,
              17.33429
            ],
            [
              100.795801,
              17.250384
            ],
            [
              101.059419,
              17.166441
            ],
            [
              101.235164,
              17.082459
            ],
            [
              101.498782,
              17.082459
            ],
            [
              101.762401,
              16.99844
            ],
            [
              102.026019,
              16.914382
            ],
            [
              102.289637,
              16.830288
            ],
            [
              102.465382,
              16.746156
            ],
            [
              102.641127,
              16.661987
            ],
            [
              102.816873,
              16.57778
            ],
            [
              103.080491,
              16.409258
            ],
            [
              103.256236,
              16.324941
            ],
            [
              103.431982,
              16.240589
            ],
            [
              103.607727,
              16.1562
            ],
            [
              104.398581,
              16.1562
            ],
            [
              105.189435,
              16.240589
            ],
            [
              105.540926,
              16.240589
            ],
            [
              105.76537104895628,
              16.24630653257662
            ],
            [
              73.906759,
              28.32641
            ]
          ]
        ]
      }
    },
    {
      "type": "Feature",
      "properties": {
        "NAME": "Yuan",
        "name": "Yuan",
        "color": "#ef4444",
        "fill": "#ef4444",
        "fill-opacity": 0.5,
        "stroke": "#ef4444",
        "stroke-width": 2,
        "originalType": "polyline"
      },
      "geometry": {
        "type": "Polygon",
        "coordinates": [
          [
            [
              120.74250388768834,
              33.961585263713125
            ],
            [
              120.75423816558444,
              33.69820816696164
            ],
            [
              120.7103018226101,
              33.58847094181064
            ],
            [
              120.66636547963579,
              33.22167210474209
            ],
            [
              120.7103018226101,
              32.92712068475866
            ],
            [
              120.75423816558444,
              32.81640999405376
            ],
            [
              120.79817450855874,
              32.742526117267396
            ],
            [
              120.79817450855874,
              32.63158535739469
            ],
            [
              120.84211085153306,
              32.5575483267432
            ],
            [
              120.9299835374817,
              32.48345016203162
            ],
            [
              121.01785622343031,
              32.446378177370164
            ],
            [
              121.10572890937898,
              32.409290936812596
            ],
            [
              121.14966525235327,
              32.335070725108345
            ],
            [
              121.23753793830195,
              32.29793777258473
            ],
            [
              121.32541062425061,
              32.22362622097269
            ],
            [
              121.41328331019923,
              32.18644764068384
            ],
            [
              121.5011559961479,
              32.14925386998848
            ],
            [
              121.58902868209654,
              32.11204491836003
            ],
            [
              121.76477405399382,
              32.07482079530135
            ],
            [
              121.89658308291678,
              32.07482079530135
            ],
            [
              122.02839211183972,
              32.07482079530135
            ],
            [
              122.1162647977884,
              32.0375815103448
            ],
            [
              122.1162647977884,
              31.925772779853762
            ],
            [
              122.20413748373704,
              31.85115799279121
            ],
            [
              122.24807382671133,
              31.776482789422467
            ],
            [
              122.29201016968568,
              31.664356874617564
            ],
            [
              122.33594651266,
              31.58953097290503
            ],
            [
              122.37988285563435,
              31.51464493006741
            ],
            [
              122.42381919860867,
              31.439698825794718
            ],
            [
              122.68743725645457,
              31.139315404779055
            ],
            [
              122.77530994240321,
              31.064070205311687
            ],
            [
              122.81924628537753,
              30.951090732076228
            ],
            [
              122.90711897132617,
              30.72473079089362
            ],
            [
              122.90711897132617,
              30.611350891393524
            ],
            [
              122.86318262835185,
              30.497838088951983
            ],
            [
              122.81924628537753,
              30.422089195603355
            ],
            [
              122.77530994240321,
              30.232459673587393
            ],
            [
              122.77530994240321,
              30.04246369167989
            ],
            [
              122.77530994240321,
              29.813986737844402
            ],
            [
              122.77530994240321,
              29.69955187846711
            ],
            [
              122.77530994240321,
              29.58498650635498
            ],
            [
              122.73137359942889,
              29.432030192738804
            ],
            [
              122.64350091348025,
              29.355465465259744
            ],
            [
              122.59956457050593,
              29.24051042303926
            ],
            [
              122.51169188455731,
              29.163801897884007
            ],
            [
              122.46775554158297,
              29.010212880458806
            ],
            [
              122.37988285563435,
              28.933332578717778
            ],
            [
              122.29201016968568,
              28.77940086912024
            ],
            [
              122.24807382671133,
              28.70234965468853
            ],
            [
              122.1162647977884,
              28.548076993742484
            ],
            [
              122.02839211183972,
              28.509473435020556
            ],
            [
              121.94051942589108,
              28.393578011899105
            ],
            [
              121.85264673994246,
              28.277555729187604
            ],
            [
              121.80871039696812,
              28.20013722968412
            ],
            [
              121.76477405399382,
              28.083904265327927
            ],
            [
              121.67690136804516,
              27.96754534657525
            ],
            [
              121.58902868209654,
              27.851060817359443
            ],
            [
              121.54509233912222,
              27.77333485190949
            ],
            [
              121.45721965317355,
              27.656641742863822
            ],
            [
              121.32541062425061,
              27.50085704296881
            ],
            [
              121.14966525235327,
              27.38387356016939
            ],
            [
              121.01785622343031,
              27.22770298308796
            ],
            [
              120.97391988045602,
              27.149535390893742
            ],
            [
              120.88604719450738,
              26.993036134700887
            ],
            [
              120.79817450855874,
              26.83631883573833
            ],
            [
              120.66636547963579,
              26.71863829421057
            ],
            [
              120.5784927936871,
              26.640116916003716
            ],
            [
              120.53455645071281,
              26.522233598503682
            ],
            [
              120.40274742178985,
              26.40422911347572
            ],
            [
              120.31487473584122,
              26.325492327334167
            ],
            [
              120.05125667799526,
              26.12841622762683
            ],
            [
              119.87551130609798,
              25.97051545725266
            ],
            [
              119.78763862014935,
              25.772841128440607
            ],
            [
              119.65582959122636,
              25.57483696245964
            ],
            [
              119.5240205623034,
              25.45587689665322
            ],
            [
              119.3922115333804,
              25.29708046920279
            ],
            [
              119.3043388474318,
              25.177846410810893
            ],
            [
              119.26040250445747,
              25.058495594625125
            ],
            [
              119.21646616148313,
              24.978863717827355
            ],
            [
              119.17252981850883,
              24.89918024852365
            ],
            [
              119.12859347553452,
              24.819445307507735
            ],
            [
              119.0846571325602,
              24.739659016049856
            ],
            [
              119.0846571325602,
              24.61988356323526
            ],
            [
              119.04072078958588,
              24.49999325886971
            ],
            [
              118.99678444661156,
              24.4200027878672
            ],
            [
              118.86497541768856,
              24.259869759123504
            ],
            [
              118.77710273173992,
              24.179727450100927
            ],
            [
              118.6892300457913,
              24.139637401567306
            ],
            [
              118.60135735984267,
              24.05941959484592
            ],
            [
              118.51348467389398,
              24.019291868102975
            ],
            [
              118.38167564497103,
              23.898833583634207
            ],
            [
              118.29380295902239,
              23.778262975455377
            ],
            [
              118.16199393009944,
              23.697820380031903
            ],
            [
              117.94231221522782,
              23.577063521694512
            ],
            [
              117.72263050035622,
              23.41588151738688
            ],
            [
              117.63475781440754,
              23.37555525613979
            ],
            [
              117.5029487854846,
              23.254502907667085
            ],
            [
              117.41507609953594,
              23.21412765758462
            ],
            [
              117.06358535574137,
              23.133340554613127
            ],
            [
              116.66815826897248,
              22.971620397198205
            ],
            [
              116.4924128970752,
              22.850203091117592
            ],
            [
              116.31666752517792,
              22.76919790326383
            ],
            [
              116.22879483922927,
              22.728677264132937
            ],
            [
              116.09698581030631,
              22.647599978979883
            ],
            [
              115.87730409543467,
              22.525894285441677
            ],
            [
              115.74549506651171,
              22.485301850627756
            ],
            [
              115.56974969461446,
              22.404081276766576
            ],
            [
              115.4379406656915,
              22.363453171559843
            ],
            [
              115.13038626487122,
              22.282161409411707
            ],
            [
              114.55921380620505,
              22.200822358376655
            ],
            [
              114.38346843430774,
              22.200822358376655
            ],
            [
              114.1637867194361,
              22.16013514216921
            ],
            [
              113.9001686615902,
              22.16013514216921
            ],
            [
              113.76835963266727,
              22.119436154968668
            ],
            [
              113.63655060374431,
              22.078725413911087
            ],
            [
              113.54867791779563,
              22.038002936161213
            ],
            [
              113.46080523184698,
              21.997268738912435
            ],
            [
              113.28505985994968,
              21.956522839386732
            ],
            [
              113.0653781450781,
              21.915765254834803
            ],
            [
              112.88963277318081,
              21.915765254834803
            ],
            [
              112.75782374425782,
              21.87499600253589
            ],
            [
              112.6699510583092,
              21.834215099797756
            ],
            [
              112.58207837236056,
              21.793422563956796
            ],
            [
              112.4502693434376,
              21.793422563956796
            ],
            [
              112.31846031451461,
              21.75261841237789
            ],
            [
              112.18665128559165,
              21.75261841237789
            ],
            [
              112.09877859964301,
              21.711802662454463
            ],
            [
              112.01090591369437,
              21.67097533160836
            ],
            [
              111.96696957072008,
              21.58928599697802
            ],
            [
              111.87909688477139,
              21.548424028179763
            ],
            [
              111.79122419882275,
              21.507550548430746
            ],
            [
              111.70335151287412,
              21.466665575294947
            ],
            [
              111.61547882692548,
              21.38486121926056
            ],
            [
              111.4836697980025,
              21.343941871631475
            ],
            [
              111.39579711205386,
              21.303011101154663
            ],
            [
              111.30792442610522,
              21.26206892553557
            ],
            [
              111.13217905420795,
              21.221115362507813
            ],
            [
              111.04430636825931,
              21.180150429833315
            ],
            [
              110.95643368231063,
              21.1391741453021
            ],
            [
              110.82462465338769,
              21.057187591970457
            ],
            [
              110.82462465338769,
              20.934123069416152
            ],
            [
              111.00037002528494,
              20.769879700241592
            ],
            [
              111.08824271123362,
              20.68769090899769
            ],
            [
              111.13217905420795,
              20.605457573031163
            ],
            [
              111.17611539718227,
              20.440857848748287
            ],
            [
              111.17611539718227,
              20.317292209862018
            ],
            [
              111.17611539718227,
              20.19362782491994
            ],
            [
              111.13217905420795,
              20.111130288358996
            ],
            [
              111.13217905420795,
              19.98730243361251
            ],
            [
              111.08824271123362,
              19.904696380475254
            ],
            [
              111.04430636825931,
              19.780706448545022
            ],
            [
              111.00037002528494,
              19.615236401334585
            ],
            [
              111.00037002528494,
              19.491021920456493
            ],
            [
              110.868560996362,
              19.20081806967368
            ],
            [
              110.868560996362,
              19.034756641778305
            ],
            [
              110.82462465338769,
              18.86852899662927
            ],
            [
              110.78068831041337,
              18.702136368396467
            ],
            [
              110.73675196743905,
              18.618878573158728
            ],
            [
              110.69281562446473,
              18.49391546680897
            ],
            [
              110.69281562446473,
              18.368861133263692
            ],
            [
              110.69281562446473,
              18.24371610208902
            ],
            [
              110.60494293851606,
              18.160235956205486
            ],
            [
              110.4731339095931,
              18.118480904965324
            ],
            [
              110.34132488067014,
              18.118480904965324
            ],
            [
              110.16557950877286,
              18.076715894578683
            ],
            [
              110.0777068228242,
              18.034940944867216
            ],
            [
              109.94589779390125,
              18.034940944867216
            ],
            [
              109.77015242200392,
              18.034940944867216
            ],
            [
              109.59440705010667,
              18.034940944867216
            ],
            [
              109.46259802118371,
              18.034940944867216
            ],
            [
              109.33078899226076,
              18.076715894578683
            ],
            [
              109.19897996333775,
              18.076715894578683
            ],
            [
              109.11110727738914,
              18.118480904965324
            ],
            [
              109.0232345914405,
              18.20198102850335
            ],
            [
              108.93536190549186,
              18.285441157218568
            ],
            [
              108.84748921954318,
              18.368861133263692
            ],
            [
              108.80355287656886,
              18.452240799207768
            ],
            [
              108.75961653359454,
              18.53557999803763
            ],
            [
              108.67174384764591,
              18.618878573158728
            ],
            [
              108.62780750467158,
              18.743749924869558
            ],
            [
              108.53993481872295,
              18.91010142340666
            ],
            [
              108.49599847574862,
              19.034756641778305
            ],
            [
              108.45206213277432,
              19.15931836280486
            ],
            [
              108.36418944682565,
              19.24230731122142
            ],
            [
              108.36418944682565,
              19.408159242394206
            ],
            [
              108.36418944682565,
              19.615236401334585
            ],
            [
              108.36418944682565,
              19.739354985434588
            ],
            [
              108.4081257898,
              19.86337716478401
            ],
            [
              108.45206213277432,
              19.946004809634882
            ],
            [
              108.49599847574862,
              20.028589233785013
            ],
            [
              108.58387116169727,
              20.0698651915566
            ],
            [
              108.67174384764591,
              20.152384505651266
            ],
            [
              108.80355287656886,
              20.27608169547001
            ],
            [
              108.8914255625175,
              20.358491752451652
            ],
            [
              108.93536190549186,
              20.48202436578665
            ],
            [
              109.0232345914405,
              20.564324246179325
            ],
            [
              109.11110727738914,
              20.68769090899769
            ],
            [
              109.06717093441482,
              20.85202380186493
            ],
            [
              109.06717093441482,
              21.01617735889076
            ],
            [
              109.0232345914405,
              21.180150429833315
            ],
            [
              108.8914255625175,
              21.303011101154663
            ],
            [
              108.80355287656886,
              21.425769126364674
            ],
            [
              108.67174384764591,
              21.466665575294947
            ],
            [
              108.49599847574862,
              21.466665575294947
            ],
            [
              108.14450773195406,
              21.38486121926056
            ],
            [
              107.74908064518516,
              21.26206892553557
            ],
            [
              107.52939893031356,
              21.221115362507813
            ],
            [
              107.4415262443649,
              21.180150429833315
            ],
            [
              107.35365355841627,
              21.098186526732388
            ],
            [
              107.22184452949331,
              21.01617735889076
            ],
            [
              106.91429012867303,
              20.85202380186493
            ],
            [
              106.82641744272439,
              20.81095734629453
            ],
            [
              106.78248109975009,
              20.728790881776515
            ],
            [
              106.69460841380143,
              20.605457573031163
            ],
            [
              106.60673572785275,
              20.523179837685365
            ],
            [
              106.56279938487846,
              20.440857848748287
            ],
            [
              106.47492669892982,
              20.358491752451652
            ],
            [
              106.38705401298118,
              20.27608169547001
            ],
            [
              106.34311767000686,
              20.19362782491994
            ],
            [
              106.29918132703254,
              20.111130288358996
            ],
            [
              106.21130864108389,
              20.0698651915566
            ],
            [
              106.16737229810954,
              19.98730243361251
            ],
            [
              106.12343595513525,
              19.904696380475254
            ],
            [
              106.12343595513525,
              19.739354985434588
            ],
            [
              106.12343595513525,
              19.615236401334585
            ],
            [
              106.16737229810954,
              19.491021920456493
            ],
            [
              106.16737229810954,
              19.366712052967372
            ],
            [
              106.12343595513525,
              19.24230731122142
            ],
            [
              106.12343595513525,
              19.117808209752255
            ],
            [
              106.16737229810954,
              19.034756641778305
            ],
            [
              106.21130864108389,
              18.95166351938438
            ],
            [
              106.21130864108389,
              18.826946258376008
            ],
            [
              106.25524498405822,
              18.702136368396467
            ],
            [
              106.25524498405822,
              18.577234373332534
            ],
            [
              106.25524498405822,
              18.452240799207768
            ],
            [
              106.25524498405822,
              18.3271561741741
            ],
            [
              106.29918132703254,
              18.24371610208902
            ],
            [
              106.29918132703254,
              18.118480904965324
            ],
            [
              106.34311767000686,
              18.034940944867216
            ],
            [
              106.38705401298118,
              17.95136130688591
            ],
            [
              106.47492669892982,
              17.867742150111237
            ],
            [
              106.56279938487846,
              17.742239666234035
            ],
            [
              106.65067207082713,
              17.700385918599345
            ],
            [
              106.78248109975009,
              17.57476619741038
            ],
            [
              107.04609915759599,
              17.449059181244813
            ],
            [
              107.13397184354463,
              17.40713753775427
            ],
            [
              107.22184452949331,
              17.323265414967086
            ],
            [
              107.30971721544195,
              17.239354979604784
            ],
            [
              107.4415262443649,
              17.07141982176393
            ],
            [
              107.5733352732879,
              16.9873954255922
            ],
            [
              107.66120795923652,
              16.90333336945643
            ],
            [
              107.70514430221084,
              16.8192338175066
            ],
            [
              107.79301698815948,
              16.735096934288855
            ],
            [
              107.88088967410812,
              16.650922884744464
            ],
            [
              107.92482601708244,
              16.56671183420823
            ],
            [
              108.01269870303108,
              16.524592485342637
            ],
            [
              108.10057138897974,
              16.4403262441793
            ],
            [
              108.18844407492837,
              16.398179393459905
            ],
            [
              108.23238041790269,
              16.313858335873768
            ],
            [
              108.23238041790269,
              16.187308672237904
            ],
            [
              108.27631676087701,
              16.102897089071238
            ],
            [
              108.18844407492837,
              16.018449589091798
            ],
            [
              108.05663504600541,
              16.018449589091798
            ],
            [
              107.92482601708244,
              16.018449589091798
            ],
            [
              107.79301698815948,
              16.018449589091798
            ],
            [
              107.66120795923652,
              16.018449589091798
            ],
            [
              107.4854625873392,
              16.018449589091798
            ],
            [
              107.35365355841627,
              16.060677818176824
            ],
            [
              107.22184452949331,
              16.060677818176824
            ],
            [
              107.13397184354463,
              16.102897089071238
            ],
            [
              107.04609915759599,
              16.145107380756457
            ],
            [
              106.91429012867303,
              16.145107380756457
            ],
            [
              106.78248109975009,
              16.145107380756457
            ],
            [
              106.60673572785275,
              16.145107380756457
            ],
            [
              106.47492669892982,
              16.145107380756457
            ],
            [
              106.34311767000686,
              16.145107380756457
            ],
            [
              106.21130864108389,
              16.145107380756457
            ],
            [
              106.07949961216093,
              16.145107380756457
            ],
            [
              106.00707699485058,
              16.153998969390646
            ],
            [
              105.94769058323797,
              16.187308672237904
            ],
            [
              105.90375424026365,
              16.271684170731053
            ],
            [
              105.85602787682498,
              16.274005150057224
            ],
            [
              105.7640361587225,
              16.24632375456176
            ],
            [
              120.74250388768834,
              33.961585263713125
            ]
          ]
        ]
      }
    }
  ]
}