{
  "type": "FeatureCollection",
  "features": [
    {
      "type": "Feature",
      "properties": {
        "NAME": "Western Xia",
        "name": "Western Xia",
        "color": "#ef4444",
        "fill": "#ef4444",
        "fill-opacity": 0.5,
        "stroke": "#ef4444",
        "stroke-width": 2,
        "originalType": "polygon",
        "CODE": "12"
      },
      "geometry": {
        "type": "Polygon",
        "coordinates": [
          [
            [
              98.282313,
              35.124402
            ],
            [
              98.368229,
              35.08883
            ],
            [
              98.500038,
              35.052868
            ],
            [
              98.609879,
              35.016891
            ],
            [
              98.873497,
              34.944889
            ],
            [
              99.027274,
              34.908865
            ],
            [
              99.115147,
              34.890846
            ],
            [
              99.159083,
              34.872824
            ],
            [
              99.224987,
              34.836768
            ],
            [
              99.290892,
              34.800696
            ],
            [
              99.334828,
              34.782654
            ],
            [
              99.400733,
              34.746558
            ],
            [
              99.466637,
              34.728505
            ],
            [
              99.576478,
              34.710447
            ],
            [
              99.664351,
              34.692385
            ],
            [
              99.752224,
              34.638177
            ],
            [
              99.840096,
              34.620099
            ],
            [
              99.927969,
              34.602018
            ],
            [
              99.993873,
              34.583932
            ],
            [
              100.081746,
              34.583932
            ],
            [
              100.213555,
              34.565843
            ],
            [
              100.301428,
              34.54775
            ],
            [
              100.389301,
              34.54775
            ],
            [
              100.499141,
              34.54775
            ],
            [
              100.587014,
              34.54775
            ],
            [
              100.652919,
              34.54775
            ],
            [
              100.718823,
              34.54775
            ],
            [
              100.784728,
              34.565843
            ],
            [
              100.850632,
              34.565843
            ],
            [
              101.004409,
              34.565843
            ],
            [
              101.070314,
              34.565843
            ],
            [
              101.136218,
              34.511552
            ],
            [
              101.202123,
              34.493447
            ],
            [
              101.268027,
              34.475338
            ],
            [
              101.311964,
              34.457225
            ],
            [
              101.377868,
              34.420988
            ],
            [
              101.421805,
              34.402863
            ],
            [
              101.465741,
              34.384734
            ],
            [
              101.509677,
              34.348466
            ],
            [
              101.575582,
              34.312181
            ],
            [
              101.641486,
              34.312181
            ],
            [
              101.685423,
              34.294033
            ],
            [
              101.729359,
              34.275881
            ],
            [
              101.773295,
              34.239565
            ],
            [
              101.817232,
              34.221401
            ],
            [
              101.883136,
              34.221401
            ],
            [
              101.949041,
              34.221401
            ],
            [
              102.014945,
              34.221401
            ],
            [
              102.08085,
              34.221401
            ],
            [
              102.146754,
              34.221401
            ],
            [
              102.212659,
              34.221401
            ],
            [
              102.278563,
              34.221401
            ],
            [
              102.344468,
              34.203233
            ],
            [
              102.388404,
              34.185061
            ],
            [
              102.454309,
              34.185061
            ],
            [
              102.498245,
              34.166886
            ],
            [
              102.542181,
              34.148706
            ],
            [
              102.586118,
              34.130523
            ],
            [
              102.630054,
              34.112336
            ],
            [
              102.695959,
              34.112336
            ],
            [
              102.761863,
              34.112336
            ],
            [
              102.827768,
              34.112336
            ],
            [
              102.893672,
              34.112336
            ],
            [
              102.937608,
              34.130523
            ],
            [
              102.981545,
              34.148706
            ],
            [
              103.025481,
              34.185061
            ],
            [
              103.091386,
              34.185061
            ],
            [
              103.135322,
              34.203233
            ],
            [
              103.223195,
              34.221401
            ],
            [
              103.289099,
              34.221401
            ],
            [
              103.333036,
              34.257725
            ],
            [
              103.376972,
              34.275881
            ],
            [
              103.442876,
              34.294033
            ],
            [
              103.508781,
              34.312181
            ],
            [
              103.552717,
              34.330325
            ],
            [
              103.618622,
              34.348466
            ],
            [
              103.684526,
              34.366602
            ],
            [
              103.706494,
              34.402863
            ],
            [
              103.772399,
              34.420988
            ],
            [
              103.816335,
              34.439108
            ],
            [
              103.904208,
              34.457225
            ],
            [
              103.970113,
              34.457225
            ],
            [
              104.014049,
              34.475338
            ],
            [
              104.079953,
              34.475338
            ],
            [
              104.145858,
              34.475338
            ],
            [
              104.211762,
              34.475338
            ],
            [
              104.277667,
              34.493447
            ],
            [
              104.321603,
              34.511552
            ],
            [
              104.36554,
              34.529653
            ],
            [
              104.47538,
              34.54775
            ],
            [
              104.541285,
              34.54775
            ],
            [
              104.585221,
              34.565843
            ],
            [
              104.651126,
              34.583932
            ],
            [
              104.738999,
              34.583932
            ],
            [
              104.782935,
              34.602018
            ],
            [
              104.848839,
              34.602018
            ],
            [
              104.914744,
              34.602018
            ],
            [
              105.002617,
              34.602018
            ],
            [
              105.068521,
              34.602018
            ],
            [
              105.134426,
              34.602018
            ],
            [
              105.20033,
              34.602018
            ],
            [
              105.266235,
              34.602018
            ],
            [
              105.332139,
              34.602018
            ],
            [
              105.398044,
              34.602018
            ],
            [
              105.44198,
              34.620099
            ],
            [
              105.529853,
              34.638177
            ],
            [
              105.595757,
              34.65625
            ],
            [
              105.68363,
              34.67432
            ],
            [
              105.727566,
              34.692385
            ],
            [
              105.771503,
              34.710447
            ],
            [
              105.793471,
              34.746558
            ],
            [
              105.837407,
              34.782654
            ],
            [
              105.881343,
              34.818734
            ],
            [
              105.92528,
              34.854798
            ],
            [
              105.969216,
              34.890846
            ],
            [
              106.013152,
              34.908865
            ],
            [
              106.035121,
              34.944889
            ],
            [
              106.079057,
              34.962896
            ],
            [
              106.101025,
              34.998897
            ],
            [
              106.122993,
              35.034882
            ],
            [
              106.16693,
              35.052868
            ],
            [
              106.232834,
              35.070851
            ],
            [
              106.276771,
              35.08883
            ],
            [
              106.320707,
              35.106804
            ],
            [
              106.364643,
              35.124775
            ],
            [
              106.430548,
              35.124775
            ],
            [
              106.496452,
              35.124775
            ],
            [
              106.562357,
              35.124775
            ],
            [
              106.606293,
              35.106804
            ],
            [
              106.672198,
              35.08883
            ],
            [
              106.716134,
              35.070851
            ],
            [
              106.76007,
              35.052868
            ],
            [
              106.825975,
              35.034882
            ],
            [
              106.891879,
              35.016891
            ],
            [
              106.957784,
              35.016891
            ],
            [
              107.00172,
              34.998897
            ],
            [
              107.045657,
              34.980898
            ],
            [
              107.089593,
              34.962896
            ],
            [
              107.133529,
              34.944889
            ],
            [
              107.177466,
              34.926879
            ],
            [
              107.221402,
              34.908865
            ],
            [
              107.287306,
              34.908865
            ],
            [
              107.353211,
              34.908865
            ],
            [
              107.419115,
              34.926879
            ],
            [
              107.48502,
              34.926879
            ],
            [
              107.528956,
              34.944889
            ],
            [
              107.594861,
              34.944889
            ],
            [
              107.660765,
              34.944889
            ],
            [
              107.704702,
              34.926879
            ],
            [
              107.770606,
              34.926879
            ],
            [
              107.814543,
              34.944889
            ],
            [
              107.858479,
              34.962896
            ],
            [
              107.902415,
              34.980898
            ],
            [
              107.946352,
              34.998897
            ],
            [
              107.96832,
              35.034882
            ],
            [
              108.012256,
              35.052868
            ],
            [
              108.056192,
              35.08883
            ],
            [
              108.100129,
              35.106804
            ],
            [
              108.144065,
              35.142742
            ],
            [
              108.188001,
              35.160705
            ],
            [
              108.231938,
              35.178663
            ],
            [
              108.253906,
              35.214569
            ],
            [
              108.275874,
              35.250459
            ],
            [
              108.297842,
              35.286333
            ],
            [
              108.31981,
              35.322191
            ],
            [
              108.31981,
              35.375949
            ],
            [
              108.363747,
              35.411767
            ],
            [
              108.385715,
              35.44757
            ],
            [
              108.429651,
              35.483356
            ],
            [
              108.451619,
              35.519127
            ],
            [
              108.495556,
              35.537006
            ],
            [
              108.517524,
              35.572753
            ],
            [
              108.539492,
              35.608484
            ],
            [
              108.56146,
              35.66205
            ],
            [
              108.583429,
              35.71558
            ],
            [
              108.605397,
              35.769075
            ],
            [
              108.605397,
              35.840345
            ],
            [
              108.627365,
              35.875956
            ],
            [
              108.627365,
              35.929342
            ],
            [
              108.649333,
              35.964913
            ],
            [
              108.671301,
              36.036007
            ],
            [
              108.693269,
              36.07153
            ],
            [
              108.693269,
              36.124784
            ],
            [
              108.715238,
              36.160267
            ],
            [
              108.737206,
              36.195734
            ],
            [
              108.759174,
              36.231185
            ],
            [
              108.781142,
              36.284331
            ],
            [
              108.80311,
              36.319741
            ],
            [
              108.825078,
              36.355135
            ],
            [
              108.847047,
              36.390514
            ],
            [
              108.869015,
              36.425876
            ],
            [
              108.912951,
              36.461222
            ],
            [
              108.934919,
              36.496552
            ],
            [
              108.978856,
              36.514211
            ],
            [
              109.000824,
              36.549517
            ],
            [
              109.04476,
              36.567164
            ],
            [
              109.088696,
              36.602446
            ],
            [
              109.110665,
              36.637711
            ],
            [
              109.132633,
              36.672961
            ],
            [
              109.176569,
              36.708194
            ],
            [
              109.198537,
              36.743411
            ],
            [
              109.242474,
              36.778612
            ],
            [
              109.264442,
              36.813797
            ],
            [
              109.28641,
              36.848966
            ],
            [
              109.308378,
              36.884118
            ],
            [
              109.330346,
              36.936817
            ],
            [
              109.352315,
              36.971929
            ],
            [
              109.396251,
              37.007025
            ],
            [
              109.440187,
              37.024567
            ],
            [
              109.484124,
              37.042104
            ],
            [
              109.52806,
              37.077168
            ],
            [
              109.571996,
              37.094694
            ],
            [
              109.593964,
              37.129733
            ],
            [
              109.637901,
              37.147246
            ],
            [
              109.681837,
              37.182261
            ],
            [
              109.725773,
              37.199762
            ],
            [
              109.76971,
              37.234753
            ],
            [
              109.813646,
              37.252242
            ],
            [
              109.857582,
              37.269727
            ],
            [
              109.901519,
              37.287208
            ],
            [
              109.945455,
              37.304685
            ],
            [
              109.989392,
              37.322158
            ],
            [
              110.033328,
              37.339627
            ],
            [
              110.077264,
              37.357092
            ],
            [
              110.121201,
              37.392009
            ],
            [
              110.165137,
              37.409462
            ],
            [
              110.231041,
              37.42691
            ],
            [
              110.296946,
              37.444355
            ],
            [
              110.340882,
              37.461795
            ],
            [
              110.384819,
              37.479232
            ],
            [
              110.450723,
              37.496664
            ],
            [
              110.494659,
              37.514092
            ],
            [
              110.538596,
              37.531516
            ],
            [
              110.582532,
              37.548936
            ],
            [
              110.648437,
              37.566352
            ],
            [
              110.692373,
              37.583764
            ],
            [
              110.758278,
              37.583764
            ],
            [
              110.802214,
              37.601172
            ],
            [
              110.84615,
              37.618576
            ],
            [
              110.912055,
              37.618576
            ],
            [
              110.999927,
              37.635976
            ],
            [
              111.065832,
              37.635976
            ],
            [
              111.109768,
              37.653371
            ],
            [
              111.197641,
              37.670763
            ],
            [
              111.263545,
              37.670763
            ],
            [
              111.351418,
              37.68815
            ],
            [
              111.395354,
              37.705534
            ],
            [
              111.351418,
              37.722913
            ],
            [
              111.32945,
              37.757659
            ],
            [
              111.285514,
              37.79239
            ],
            [
              111.241577,
              37.809748
            ],
            [
              111.197641,
              37.827103
            ],
            [
              111.153705,
              37.844454
            ],
            [
              111.109768,
              37.861801
            ],
            [
              111.065832,
              37.879143
            ],
            [
              110.999927,
              37.896482
            ],
            [
              110.955991,
              37.913816
            ],
            [
              110.912055,
              37.931147
            ],
            [
              110.868118,
              37.948473
            ],
            [
              110.802214,
              37.965795
            ],
            [
              110.736309,
              37.983113
            ],
            [
              110.670405,
              38.000427
            ],
            [
              110.626468,
              38.017737
            ],
            [
              110.582532,
              38.035043
            ],
            [
              110.538596,
              38.052345
            ],
            [
              110.494659,
              38.069643
            ],
            [
              110.450723,
              38.086936
            ],
            [
              110.406787,
              38.104226
            ],
            [
              110.340882,
              38.121511
            ],
            [
              110.296946,
              38.15607
            ],
            [
              110.231041,
              38.173343
            ],
            [
              110.165137,
              38.173343
            ],
            [
              110.121201,
              38.207877
            ],
            [
              110.077264,
              38.225138
            ],
            [
              110.033328,
              38.242395
            ],
            [
              109.967423,
              38.259647
            ],
            [
              109.901519,
              38.259647
            ],
            [
              109.835614,
              38.276896
            ],
            [
              109.76971,
              38.29414
            ],
            [
              109.725773,
              38.311381
            ],
            [
              109.659869,
              38.311381
            ],
            [
              109.615933,
              38.328617
            ],
            [
              109.550028,
              38.345849
            ],
            [
              109.506092,
              38.363077
            ],
            [
              109.462155,
              38.380301
            ],
            [
              109.396251,
              38.380301
            ],
            [
              109.352315,
              38.397521
            ],
            [
              109.308378,
              38.414737
            ],
            [
              109.264442,
              38.431948
            ],
            [
              109.220506,
              38.449156
            ],
            [
              109.132633,
              38.46636
            ],
            [
              109.066728,
              38.483559
            ],
            [
              108.978856,
              38.500754
            ],
            [
              108.912951,
              38.517945
            ],
            [
              108.869015,
              38.535132
            ],
            [
              108.825078,
              38.552315
            ],
            [
              108.781142,
              38.569494
            ],
            [
              108.693269,
              38.586669
            ],
            [
              108.649333,
              38.60384
            ],
            [
              108.583429,
              38.638169
            ],
            [
              108.56146,
              38.672481
            ],
            [
              108.539492,
              38.706777
            ],
            [
              108.539492,
              38.75819
            ],
            [
              108.517524,
              38.792445
            ],
            [
              108.517524,
              38.843797
            ],
            [
              108.517524,
              38.895112
            ],
            [
              108.517524,
              38.946389
            ],
            [
              108.539492,
              38.980553
            ],
            [
              108.539492,
              39.031769
            ],
            [
              108.56146,
              39.065892
            ],
            [
              108.56146,
              39.117046
            ],
            [
              108.583429,
              39.151128
            ],
            [
              108.583429,
              39.20222
            ],
            [
              108.583429,
              39.253275
            ],
            [
              108.605397,
              39.287291
            ],
            [
              108.605397,
              39.338284
            ],
            [
              108.627365,
              39.38924
            ],
            [
              108.605397,
              39.440159
            ],
            [
              108.583429,
              39.474084
            ],
            [
              108.56146,
              39.507992
            ],
            [
              108.517524,
              39.52494
            ],
            [
              108.495556,
              39.558824
            ],
            [
              108.451619,
              39.57576
            ],
            [
              108.407683,
              39.592691
            ],
            [
              108.363747,
              39.609619
            ],
            [
              108.31981,
              39.626542
            ],
            [
              108.275874,
              39.643461
            ],
            [
              108.231938,
              39.660376
            ],
            [
              108.188001,
              39.677287
            ],
            [
              108.144065,
              39.694194
            ],
            [
              108.100129,
              39.711096
            ],
            [
              108.056192,
              39.727995
            ],
            [
              108.012256,
              39.744889
            ],
            [
              107.96832,
              39.778665
            ],
            [
              107.924383,
              39.795547
            ],
            [
              107.902415,
              39.829298
            ],
            [
              107.858479,
              39.846168
            ],
            [
              107.848656,
              39.888664
            ],
            [
              107.837654,
              39.926592
            ],
            [
              107.836272,
              39.9466
            ],
            [
              107.839049,
              39.94449
            ],
            [
              107.829439,
              39.947648
            ],
            [
              107.837676,
              39.951859
            ],
            [
              107.841795,
              39.95607
            ],
            [
              107.82803,
              39.961341
            ],
            [
              107.833522,
              39.979238
            ],
            [
              107.833517,
              40.001335
            ],
            [
              107.834899,
              40.030784
            ],
            [
              107.834908,
              40.051811
            ],
            [
              107.848652,
              40.083332
            ],
            [
              107.867887,
              40.094884
            ],
            [
              107.888474,
              40.118
            ],
            [
              107.911828,
              40.137945
            ],
            [
              107.944785,
              40.149496
            ],
            [
              107.970885,
              40.173629
            ],
            [
              107.994222,
              40.195662
            ],
            [
              108.017573,
              40.223977
            ],
            [
              108.034053,
              40.242848
            ],
            [
              108.034224,
              40.266556
            ],
            [
              108.056192,
              40.300075
            ],
            [
              108.078161,
              40.333577
            ],
            [
              108.122097,
              40.367063
            ],
            [
              108.166033,
              40.41726
            ],
            [
              108.188001,
              40.450704
            ],
            [
              108.20997,
              40.484131
            ],
            [
              108.231938,
              40.517542
            ],
            [
              108.253906,
              40.550937
            ],
            [
              108.275874,
              40.584314
            ],
            [
              108.297842,
              40.634349
            ],
            [
              108.31981,
              40.667685
            ],
            [
              108.341779,
              40.701004
            ],
            [
              108.363747,
              40.734307
            ],
            [
              108.385715,
              40.78423
            ],
            [
              108.407683,
              40.817491
            ],
            [
              108.429651,
              40.850735
            ],
            [
              108.451619,
              40.883963
            ],
            [
              108.473588,
              40.917174
            ],
            [
              108.495556,
              40.950368
            ],
            [
              108.517524,
              40.983545
            ],
            [
              108.539492,
              41.016706
            ],
            [
              108.56146,
              41.04985
            ],
            [
              108.583429,
              41.082978
            ],
            [
              108.605397,
              41.116089
            ],
            [
              108.627365,
              41.149183
            ],
            [
              108.649333,
              41.198793
            ],
            [
              108.671301,
              41.231845
            ],
            [
              108.693269,
              41.264881
            ],
            [
              108.693269,
              41.314403
            ],
            [
              108.715238,
              41.347397
            ],
            [
              108.715238,
              41.396857
            ],
            [
              108.737206,
              41.429809
            ],
            [
              108.737206,
              41.495663
            ],
            [
              108.737206,
              41.54501
            ],
            [
              108.715238,
              41.594319
            ],
            [
              108.693269,
              41.627171
            ],
            [
              108.693269,
              41.676417
            ],
            [
              108.693269,
              41.725626
            ],
            [
              108.671301,
              41.758411
            ],
            [
              108.671301,
              41.807557
            ],
            [
              108.671301,
              41.856665
            ],
            [
              108.671301,
              41.905735
            ],
            [
              108.671301,
              41.954768
            ],
            [
              108.627365,
              41.971104
            ],
            [
              108.605397,
              42.003763
            ],
            [
              108.583429,
              42.036406
            ],
            [
              108.56146,
              42.069032
            ],
            [
              108.539492,
              42.101641
            ],
            [
              108.517524,
              42.134233
            ],
            [
              108.473588,
              42.150523
            ],
            [
              108.385715,
              42.150523
            ],
            [
              108.341779,
              42.166808
            ],
            [
              108.253906,
              42.166808
            ],
            [
              108.166033,
              42.166808
            ],
            [
              108.078161,
              42.166808
            ],
            [
              108.012256,
              42.166808
            ],
            [
              107.946352,
              42.150523
            ],
            [
              107.880447,
              42.150523
            ],
            [
              107.814543,
              42.134233
            ],
            [
              107.748638,
              42.134233
            ],
            [
              107.682733,
              42.134233
            ],
            [
              107.638797,
              42.117939
            ],
            [
              107.572893,
              42.117939
            ],
            [
              107.506988,
              42.101641
            ],
            [
              107.463052,
              42.085338
            ],
            [
              107.375179,
              42.085338
            ],
            [
              107.287306,
              42.069032
            ],
            [
              107.221402,
              42.069032
            ],
            [
              107.177466,
              42.052721
            ],
            [
              107.111561,
              42.036406
            ],
            [
              107.067625,
              42.020087
            ],
            [
              107.00172,
              42.003763
            ],
            [
              106.913847,
              42.003763
            ],
            [
              106.869911,
              41.987436
            ],
            [
              106.804007,
              41.987436
            ],
            [
              106.76007,
              41.971104
            ],
            [
              106.716134,
              41.954768
            ],
            [
              106.672198,
              41.938428
            ],
            [
              106.562357,
              41.938428
            ],
            [
              106.51842,
              41.922084
            ],
            [
              106.474484,
              41.905735
            ],
            [
              106.40858,
              41.905735
            ],
            [
              106.320707,
              41.905735
            ],
            [
              106.232834,
              41.905735
            ],
            [
              106.079057,
              41.905735
            ],
            [
              105.92528,
              41.905735
            ],
            [
              105.793471,
              41.922084
            ],
            [
              105.705598,
              41.922084
            ],
            [
              105.639694,
              41.922084
            ],
            [
              105.573789,
              41.922084
            ],
            [
              105.529853,
              41.938428
            ],
            [
              105.463948,
              41.922084
            ],
            [
              105.398044,
              41.905735
            ],
            [
              105.354107,
              41.889383
            ],
            [
              105.310171,
              41.873026
            ],
            [
              105.266235,
              41.8403
            ],
            [
              105.222298,
              41.82393
            ],
            [
              105.178362,
              41.791179
            ],
            [
              105.134426,
              41.774797
            ],
            [
              105.090489,
              41.74202
            ],
            [
              105.046553,
              41.709227
            ],
            [
              105.002617,
              41.692824
            ],
            [
              104.936712,
              41.660006
            ],
            [
              104.892776,
              41.627171
            ],
            [
              104.848839,
              41.610747
            ],
            [
              104.71703,
              41.56145
            ],
            [
              104.651126,
              41.54501
            ],
            [
              104.607189,
              41.528565
            ],
            [
              104.563253,
              41.512116
            ],
            [
              104.519317,
              41.495663
            ],
            [
              104.47538,
              41.462744
            ],
            [
              104.431444,
              41.446279
            ],
            [
              104.343571,
              41.429809
            ],
            [
              104.299635,
              41.413335
            ],
            [
              104.255699,
              41.396857
            ],
            [
              104.211762,
              41.380374
            ],
            [
              104.167826,
              41.363888
            ],
            [
              104.079953,
              41.363888
            ],
            [
              104.014049,
              41.363888
            ],
            [
              103.860272,
              41.363888
            ],
            [
              103.794367,
              41.347397
            ],
            [
              103.684526,
              41.330902
            ],
            [
              103.596654,
              41.330902
            ],
            [
              103.530749,
              41.330902
            ],
            [
              103.464845,
              41.330902
            ],
            [
              103.39894,
              41.347397
            ],
            [
              103.289099,
              41.347397
            ],
            [
              103.223195,
              41.347397
            ],
            [
              103.135322,
              41.363888
            ],
            [
              103.069417,
              41.363888
            ],
            [
              102.981545,
              41.363888
            ],
            [
              102.893672,
              41.380374
            ],
            [
              102.849736,
              41.396857
            ],
            [
              102.783831,
              41.396857
            ],
            [
              102.717927,
              41.413335
            ],
            [
              102.630054,
              41.429809
            ],
            [
              102.56415,
              41.429809
            ],
            [
              102.454309,
              41.446279
            ],
            [
              102.388404,
              41.446279
            ],
            [
              102.3225,
              41.446279
            ],
            [
              102.278563,
              41.462744
            ],
            [
              102.234627,
              41.479206
            ],
            [
              102.168722,
              41.479206
            ],
            [
              102.102818,
              41.479206
            ],
            [
              102.058882,
              41.495663
            ],
            [
              101.992977,
              41.512116
            ],
            [
              101.927073,
              41.512116
            ],
            [
              101.861168,
              41.512116
            ],
            [
              101.773295,
              41.512116
            ],
            [
              101.707391,
              41.528565
            ],
            [
              101.619518,
              41.54501
            ],
            [
              101.553614,
              41.54501
            ],
            [
              101.509677,
              41.56145
            ],
            [
              101.465741,
              41.577887
            ],
            [
              101.421805,
              41.594319
            ],
            [
              101.377868,
              41.610747
            ],
            [
              101.333932,
              41.64359
            ],
            [
              101.268027,
              41.676417
            ],
            [
              101.224091,
              41.709227
            ],
            [
              101.180155,
              41.74202
            ],
            [
              101.11425,
              41.774797
            ],
            [
              101.070314,
              41.807557
            ],
            [
              101.026378,
              41.8403
            ],
            [
              100.982441,
              41.856665
            ],
            [
              100.960473,
              41.889383
            ],
            [
              100.916537,
              41.922084
            ],
            [
              100.894569,
              41.954768
            ],
            [
              100.850632,
              41.987436
            ],
            [
              100.806696,
              42.020087
            ],
            [
              100.762759,
              42.036406
            ],
            [
              100.740791,
              42.069032
            ],
            [
              100.696855,
              42.085338
            ],
            [
              100.674887,
              42.117939
            ],
            [
              100.63095,
              42.134233
            ],
            [
              100.608982,
              42.166808
            ],
            [
              100.565046,
              42.18309
            ],
            [
              100.543078,
              42.21564
            ],
            [
              100.499141,
              42.231909
            ],
            [
              100.477173,
              42.264434
            ],
            [
              100.433237,
              42.296943
            ],
            [
              100.389301,
              42.329434
            ],
            [
              100.345364,
              42.361909
            ],
            [
              100.301428,
              42.37814
            ],
            [
              100.257492,
              42.394367
            ],
            [
              100.213555,
              42.426809
            ],
            [
              100.147651,
              42.443023
            ],
            [
              100.103714,
              42.459233
            ],
            [
              100.015842,
              42.475439
            ],
            [
              99.971905,
              42.491641
            ],
            [
              99.906001,
              42.507838
            ],
            [
              99.862064,
              42.524032
            ],
            [
              99.774192,
              42.540221
            ],
            [
              99.664351,
              42.556406
            ],
            [
              99.598446,
              42.556406
            ],
            [
              99.510574,
              42.572587
            ],
            [
              99.378765,
              42.588763
            ],
            [
              99.290892,
              42.604936
            ],
            [
              99.224987,
              42.621104
            ],
            [
              99.181051,
              42.637268
            ],
            [
              99.137115,
              42.653428
            ],
            [
              99.093178,
              42.669583
            ],
            [
              99.027274,
              42.685735
            ],
            [
              98.983338,
              42.701882
            ],
            [
              98.939401,
              42.718025
            ],
            [
              98.873497,
              42.734164
            ],
            [
              98.807592,
              42.734164
            ],
            [
              98.763656,
              42.750298
            ],
            [
              98.697751,
              42.766429
            ],
            [
              98.631847,
              42.766429
            ],
            [
              98.543974,
              42.782555
            ],
            [
              98.47807,
              42.782555
            ],
            [
              98.434133,
              42.798677
            ],
            [
              98.368229,
              42.814795
            ],
            [
              98.126579,
              42.830908
            ],
            [
              97.928865,
              42.847018
            ],
            [
              97.884929,
              42.863123
            ],
            [
              97.775088,
              42.895321
            ],
            [
              97.731152,
              42.911414
            ],
            [
              97.643279,
              42.911414
            ],
            [
              97.599343,
              42.927502
            ],
            [
              97.533438,
              42.927502
            ],
            [
              97.467534,
              42.927502
            ],
            [
              97.291788,
              42.927502
            ],
            [
              97.225884,
              42.927502
            ],
            [
              97.159979,
              42.927502
            ],
            [
              97.050138,
              42.911414
            ],
            [
              96.984234,
              42.911414
            ],
            [
              96.918329,
              42.911414
            ],
            [
              96.78652,
              42.911414
            ],
            [
              96.632743,
              42.895321
            ],
            [
              96.566839,
              42.895321
            ],
            [
              96.500934,
              42.895321
            ],
            [
              96.413062,
              42.895321
            ],
            [
              96.347157,
              42.895321
            ],
            [
              96.281252,
              42.895321
            ],
            [
              96.171412,
              42.895321
            ],
            [
              96.105507,
              42.879224
            ],
            [
              96.017634,
              42.879224
            ],
            [
              95.929762,
              42.879224
            ],
            [
              95.863857,
              42.879224
            ],
            [
              95.754016,
              42.863123
            ],
            [
              95.688112,
              42.863123
            ],
            [
              95.644176,
              42.847018
            ],
            [
              95.578271,
              42.847018
            ],
            [
              95.534335,
              42.830908
            ],
            [
              95.446462,
              42.830908
            ],
            [
              95.380557,
              42.814795
            ],
            [
              95.314653,
              42.814795
            ],
            [
              95.248748,
              42.814795
            ],
            [
              95.204812,
              42.798677
            ],
            [
              95.138908,
              42.798677
            ],
            [
              95.073003,
              42.798677
            ],
            [
              94.941194,
              42.782555
            ],
            [
              94.831353,
              42.782555
            ],
            [
              94.699544,
              42.782555
            ],
            [
              94.611671,
              42.782555
            ],
            [
              94.545767,
              42.798677
            ],
            [
              94.457894,
              42.798677
            ],
            [
              94.39199,
              42.798677
            ],
            [
              94.326085,
              42.814795
            ],
            [
              94.238213,
              42.814795
            ],
            [
              94.15034,
              42.814795
            ],
            [
              94.062467,
              42.814795
            ],
            [
              93.974594,
              42.830908
            ],
            [
              93.90869,
              42.830908
            ],
            [
              93.842785,
              42.830908
            ],
            [
              93.754913,
              42.830908
            ],
            [
              93.710976,
              42.847018
            ],
            [
              93.645072,
              42.863123
            ],
            [
              93.601136,
              42.879224
            ],
            [
              93.535231,
              42.895321
            ],
            [
              93.447358,
              42.895321
            ],
            [
              93.403422,
              42.911414
            ],
            [
              93.337518,
              42.911414
            ],
            [
              93.271613,
              42.927502
            ],
            [
              93.227677,
              42.943586
            ],
            [
              93.161772,
              42.943586
            ],
            [
              93.117836,
              42.975742
            ],
            [
              93.051931,
              42.975742
            ],
            [
              93.007995,
              42.991814
            ],
            [
              92.964059,
              43.007881
            ],
            [
              92.920122,
              43.023944
            ],
            [
              92.876186,
              43.040003
            ],
            [
              92.83225,
              43.056058
            ],
            [
              92.788313,
              43.072109
            ],
            [
              92.722409,
              43.088155
            ],
            [
              92.678472,
              43.104197
            ],
            [
              92.634536,
              43.088155
            ],
            [
              92.634536,
              43.040003
            ],
            [
              92.612568,
              43.007881
            ],
            [
              92.612568,
              42.959666
            ],
            [
              92.5906,
              42.927502
            ],
            [
              92.568632,
              42.879224
            ],
            [
              92.546663,
              42.830908
            ],
            [
              92.524695,
              42.798677
            ],
            [
              92.502727,
              42.766429
            ],
            [
              92.458791,
              42.734164
            ],
            [
              92.436822,
              42.701882
            ],
            [
              92.392886,
              42.685735
            ],
            [
              92.370918,
              42.653428
            ],
            [
              92.34895,
              42.621104
            ],
            [
              92.326982,
              42.588763
            ],
            [
              92.305013,
              42.556406
            ],
            [
              92.305013,
              42.507838
            ],
            [
              92.283045,
              42.459233
            ],
            [
              92.305013,
              42.426809
            ],
            [
              92.305013,
              42.37814
            ],
            [
              92.326982,
              42.345674
            ],
            [
              92.326982,
              42.296943
            ],
            [
              92.34895,
              42.264434
            ],
            [
              92.370918,
              42.21564
            ],
            [
              92.392886,
              42.166808
            ],
            [
              92.392886,
              42.117939
            ],
            [
              92.414854,
              42.069032
            ],
            [
              92.414854,
              42.020087
            ],
            [
              92.436822,
              41.987436
            ],
            [
              92.436822,
              41.938428
            ],
            [
              92.436822,
              41.889383
            ],
            [
              92.436822,
              41.8403
            ],
            [
              92.436822,
              41.791179
            ],
            [
              92.392886,
              41.774797
            ],
            [
              92.34895,
              41.74202
            ],
            [
              92.305013,
              41.709227
            ],
            [
              92.261077,
              41.692824
            ],
            [
              92.217141,
              41.660006
            ],
            [
              92.173204,
              41.610747
            ],
            [
              92.129268,
              41.577887
            ],
            [
              92.1073,
              41.54501
            ],
            [
              92.063364,
              41.528565
            ],
            [
              92.041395,
              41.495663
            ],
            [
              91.975491,
              41.446279
            ],
            [
              91.931555,
              41.413335
            ],
            [
              91.887618,
              41.380374
            ],
            [
              91.86565,
              41.347397
            ],
            [
              91.843682,
              41.314403
            ],
            [
              91.821714,
              41.264881
            ],
            [
              91.799746,
              41.231845
            ],
            [
              91.755809,
              41.198793
            ],
            [
              91.733841,
              41.149183
            ],
            [
              91.733841,
              41.099536
            ],
            [
              91.733841,
              41.04985
            ],
            [
              91.711873,
              41.016706
            ],
            [
              91.689905,
              40.983545
            ],
            [
              91.667936,
              40.950368
            ],
            [
              91.624,
              40.917174
            ],
            [
              91.580064,
              40.90057
            ],
            [
              91.536127,
              40.883963
            ],
            [
              91.492191,
              40.867351
            ],
            [
              91.426287,
              40.850735
            ],
            [
              91.38235,
              40.834115
            ],
            [
              91.338414,
              40.817491
            ],
            [
              91.074796,
              40.867351
            ],
            [
              90.964955,
              40.883963
            ],
            [
              90.855114,
              40.883963
            ],
            [
              90.723305,
              40.90057
            ],
            [
              90.679369,
              40.917174
            ],
            [
              90.613464,
              40.933773
            ],
            [
              90.54756,
              40.933773
            ],
            [
              90.481655,
              40.950368
            ],
            [
              90.415751,
              40.950368
            ],
            [
              90.349846,
              40.966959
            ],
            [
              90.283942,
              40.966959
            ],
            [
              90.218037,
              40.966959
            ],
            [
              90.152133,
              40.983545
            ],
            [
              90.086228,
              40.966959
            ],
            [
              89.998355,
              40.966959
            ],
            [
              89.954419,
              40.933773
            ],
            [
              89.910483,
              40.917174
            ],
            [
              89.888515,
              40.883963
            ],
            [
              89.844578,
              40.834115
            ],
            [
              89.82261,
              40.800862
            ],
            [
              89.800642,
              40.767593
            ],
            [
              89.778674,
              40.717658
            ],
            [
              89.756706,
              40.684347
            ],
            [
              89.756706,
              40.634349
            ],
            [
              89.734737,
              40.600997
            ],
            [
              89.712769,
              40.567627
            ],
            [
              89.712769,
              40.517542
            ],
            [
              89.690801,
              40.46742
            ],
            [
              89.690801,
              40.41726
            ],
            [
              89.690801,
              40.367063
            ],
            [
              89.690801,
              40.316828
            ],
            [
              89.690801,
              40.266556
            ],
            [
              89.690801,
              40.216246
            ],
            [
              89.690801,
              40.165899
            ],
            [
              89.690801,
              40.115515
            ],
            [
              89.690801,
              40.065093
            ],
            [
              89.690801,
              40.014634
            ],
            [
              89.690801,
              39.964138
            ],
            [
              89.712769,
              39.930453
            ],
            [
              89.712769,
              39.879894
            ],
            [
              89.734737,
              39.846168
            ],
            [
              89.734737,
              39.795547
            ],
            [
              89.756706,
              39.761779
            ],
            [
              89.778674,
              39.727995
            ],
            [
              89.800642,
              39.694194
            ],
            [
              89.82261,
              39.660376
            ],
            [
              89.844578,
              39.626542
            ],
            [
              89.866546,
              39.592691
            ],
            [
              89.888515,
              39.558824
            ],
            [
              89.910483,
              39.52494
            ],
            [
              89.954419,
              39.49104
            ],
            [
              89.976387,
              39.457123
            ],
            [
              89.998355,
              39.42319
            ],
            [
              90.042292,
              39.38924
            ],
            [
              90.06426,
              39.355274
            ],
            [
              90.108196,
              39.321291
            ],
            [
              90.152133,
              39.287291
            ],
            [
              90.174101,
              39.253275
            ],
            [
              90.218037,
              39.236261
            ],
            [
              90.261974,
              39.20222
            ],
            [
              90.30591,
              39.168163
            ],
            [
              90.327878,
              39.134089
            ],
            [
              90.371814,
              39.099999
            ],
            [
              90.415751,
              39.082948
            ],
            [
              90.459687,
              39.048833
            ],
            [
              90.503623,
              39.031769
            ],
            [
              90.525592,
              38.99763
            ],
            [
              90.569528,
              38.980553
            ],
            [
              90.591496,
              38.946389
            ],
            [
              90.679369,
              38.946389
            ],
            [
              90.745273,
              38.946389
            ],
            [
              90.833146,
              38.946389
            ],
            [
              90.877082,
              38.929301
            ],
            [
              90.942987,
              38.929301
            ],
            [
              91.008891,
              38.929301
            ],
            [
              91.074796,
              38.929301
            ],
            [
              91.1407,
              38.929301
            ],
            [
              91.184637,
              38.912208
            ],
            [
              91.250541,
              38.912208
            ],
            [
              91.338414,
              38.912208
            ],
            [
              91.404318,
              38.912208
            ],
            [
              91.470223,
              38.912208
            ],
            [
              91.536127,
              38.895112
            ],
            [
              91.624,
              38.860906
            ],
            [
              91.689905,
              38.843797
            ],
            [
              91.733841,
              38.809567
            ],
            [
              91.777777,
              38.792445
            ],
            [
              91.843682,
              38.75819
            ],
            [
              91.909586,
              38.741057
            ],
            [
              91.953523,
              38.723919
            ],
            [
              91.997459,
              38.706777
            ],
            [
              92.063364,
              38.672481
            ],
            [
              92.1073,
              38.655327
            ],
            [
              92.173204,
              38.621006
            ],
            [
              92.217141,
              38.60384
            ],
            [
              92.261077,
              38.586669
            ],
            [
              92.305013,
              38.569494
            ],
            [
              92.34895,
              38.552315
            ],
            [
              92.392886,
              38.517945
            ],
            [
              92.458791,
              38.449156
            ],
            [
              92.502727,
              38.414737
            ],
            [
              92.546663,
              38.380301
            ],
            [
              92.568632,
              38.345849
            ],
            [
              92.612568,
              38.29414
            ],
            [
              92.634536,
              38.259647
            ],
            [
              92.678472,
              38.207877
            ],
            [
              92.722409,
              38.173343
            ],
            [
              92.744377,
              38.138793
            ],
            [
              92.788313,
              38.104226
            ],
            [
              92.83225,
              38.069643
            ],
            [
              92.876186,
              38.052345
            ],
            [
              92.920122,
              38.017737
            ],
            [
              92.964059,
              37.983113
            ],
            [
              93.007995,
              37.948473
            ],
            [
              93.051931,
              37.931147
            ],
            [
              93.117836,
              37.931147
            ],
            [
              93.18374,
              37.931147
            ],
            [
              93.227677,
              37.948473
            ],
            [
              93.271613,
              37.965795
            ],
            [
              93.315549,
              37.983113
            ],
            [
              93.337518,
              38.017737
            ],
            [
              93.381454,
              38.035043
            ],
            [
              93.403422,
              38.069643
            ],
            [
              93.469327,
              38.086936
            ],
            [
              93.535231,
              38.086936
            ],
            [
              93.601136,
              38.086936
            ],
            [
              93.66704,
              38.104226
            ],
            [
              93.754913,
              38.104226
            ],
            [
              93.820817,
              38.104226
            ],
            [
              93.886722,
              38.086936
            ],
            [
              93.974594,
              38.069643
            ],
            [
              94.040499,
              38.069643
            ],
            [
              94.084435,
              38.052345
            ],
            [
              94.128372,
              38.035043
            ],
            [
              94.238213,
              38.000427
            ],
            [
              94.304117,
              37.983113
            ],
            [
              94.348053,
              37.965795
            ],
            [
              94.39199,
              37.931147
            ],
            [
              94.457894,
              37.913816
            ],
            [
              94.501831,
              37.896482
            ],
            [
              94.545767,
              37.879143
            ],
            [
              94.611671,
              37.844454
            ],
            [
              94.63364,
              37.809748
            ],
            [
              94.677576,
              37.79239
            ],
            [
              94.721512,
              37.757659
            ],
            [
              94.765449,
              37.740288
            ],
            [
              94.809385,
              37.722913
            ],
            [
              94.831353,
              37.68815
            ],
            [
              94.897258,
              37.653371
            ],
            [
              94.941194,
              37.635976
            ],
            [
              94.98513,
              37.618576
            ],
            [
              95.029067,
              37.601172
            ],
            [
              95.073003,
              37.583764
            ],
            [
              95.116939,
              37.566352
            ],
            [
              95.160876,
              37.531516
            ],
            [
              95.204812,
              37.514092
            ],
            [
              95.22678,
              37.479232
            ],
            [
              95.270717,
              37.461795
            ],
            [
              95.314653,
              37.444355
            ],
            [
              95.358589,
              37.409462
            ],
            [
              95.402526,
              37.374553
            ],
            [
              95.446462,
              37.339627
            ],
            [
              95.490398,
              37.322158
            ],
            [
              95.534335,
              37.269727
            ],
            [
              95.578271,
              37.234753
            ],
            [
              95.600239,
              37.199762
            ],
            [
              95.622207,
              37.164756
            ],
            [
              95.644176,
              37.129733
            ],
            [
              95.666144,
              37.094694
            ],
            [
              95.688112,
              37.059638
            ],
            [
              95.688112,
              37.007025
            ],
            [
              95.71008,
              36.971929
            ],
            [
              95.732048,
              36.936817
            ],
            [
              95.754016,
              36.901689
            ],
            [
              95.775985,
              36.831384
            ],
            [
              95.797953,
              36.796207
            ],
            [
              95.841889,
              36.725805
            ],
            [
              95.907794,
              36.655338
            ],
            [
              95.95173,
              36.620081
            ],
            [
              96.017634,
              36.602446
            ],
            [
              96.061571,
              36.584807
            ],
            [
              96.127475,
              36.567164
            ],
            [
              96.171412,
              36.549517
            ],
            [
              96.259284,
              36.531866
            ],
            [
              96.391093,
              36.496552
            ],
            [
              96.544871,
              36.461222
            ],
            [
              96.654711,
              36.443551
            ],
            [
              96.720616,
              36.425876
            ],
            [
              96.78652,
              36.425876
            ],
            [
              96.830457,
              36.408197
            ],
            [
              96.940298,
              36.390514
            ],
            [
              97.02817,
              36.390514
            ],
            [
              97.072107,
              36.372827
            ],
            [
              97.138011,
              36.372827
            ],
            [
              97.181948,
              36.355135
            ],
            [
              97.225884,
              36.302038
            ],
            [
              97.26982,
              36.284331
            ],
            [
              97.291788,
              36.248904
            ],
            [
              97.335725,
              36.195734
            ],
            [
              97.357693,
              36.160267
            ],
            [
              97.379661,
              36.124784
            ],
            [
              97.423597,
              36.07153
            ],
            [
              97.445566,
              36.036007
            ],
            [
              97.467534,
              36.000468
            ],
            [
              97.489502,
              35.964913
            ],
            [
              97.51147,
              35.929342
            ],
            [
              97.533438,
              35.893755
            ],
            [
              97.555406,
              35.858152
            ],
            [
              97.599343,
              35.804718
            ],
            [
              97.621311,
              35.769075
            ],
            [
              97.643279,
              35.733416
            ],
            [
              97.687215,
              35.697741
            ],
            [
              97.687215,
              35.644199
            ],
            [
              97.709184,
              35.608484
            ],
            [
              97.731152,
              35.572753
            ],
            [
              97.75312,
              35.537006
            ],
            [
              97.775088,
              35.501243
            ],
            [
              97.797056,
              35.465465
            ],
            [
              97.840993,
              35.44757
            ],
            [
              97.884929,
              35.411767
            ],
            [
              97.928865,
              35.39386
            ],
            [
              97.950834,
              35.358034
            ],
            [
              97.972802,
              35.322191
            ],
            [
              97.99477,
              35.286333
            ],
            [
              98.038706,
              35.250459
            ],
            [
              98.060674,
              35.214569
            ],
            [
              98.104611,
              35.196618
            ],
            [
              98.148547,
              35.160705
            ],
            [
              98.192483,
              35.142742
            ],
            [
              98.258388,
              35.142742
            ],
            [
              98.280356,
              35.124775
            ],
            [
              98.282313,
              35.124402
            ]
          ]
        ]
      }
    },
    {
      "type": "Feature",
      "properties": {
        "NAME": "Song",
        "name": "Song",
        "color": "#ef4444",
        "fill": "#ef4444",
        "fill-opacity": 0.5,
        "stroke": "#ef4444",
        "stroke-width": 2,
        "originalType": "polygon",
        "CODE": "11"
      },
      "geometry": {
        "type": "Polygon",
        "coordinates": [
          [
            [
              121.809836,
              32.068908
            ],
            [
              121.7659,
              32.106134
            ],
            [
              121.721963,
              32.124742
            ],
            [
              121.656059,
              32.161945
            ],
            [
              121.634091,
              32.217723
            ],
            [
              121.590154,
              32.254888
            ],
            [
              121.546218,
              32.292039
            ],
            [
              121.52425,
              32.329174
            ],
            [
              121.502282,
              32.366294
            ],
            [
              121.458345,
              32.403399
            ],
            [
              121.414409,
              32.421946
            ],
            [
              121.370473,
              32.459028
            ],
            [
              121.326536,
              32.496095
            ],
            [
              121.2826,
              32.533146
            ],
            [
              121.260632,
              32.570183
            ],
            [
              121.238664,
              32.625708
            ],
            [
              121.216695,
              32.662706
            ],
            [
              121.194727,
              32.699689
            ],
            [
              121.150791,
              32.736656
            ],
            [
              121.128823,
              32.773608
            ],
            [
              121.084886,
              32.829008
            ],
            [
              121.04095,
              32.865921
            ],
            [
              121.018982,
              32.90282
            ],
            [
              120.997014,
              32.939703
            ],
            [
              120.953077,
              32.97657
            ],
            [
              120.931109,
              33.031843
            ],
            [
              120.909141,
              33.068672
            ],
            [
              120.887173,
              33.123887
            ],
            [
              120.865205,
              33.197452
            ],
            [
              120.843237,
              33.234212
            ],
            [
              120.7993,
              33.270956
            ],
            [
              120.777332,
              33.307685
            ],
            [
              120.755364,
              33.344398
            ],
            [
              120.733396,
              33.399439
            ],
            [
              120.711427,
              33.436114
            ],
            [
              120.711427,
              33.491097
            ],
            [
              120.689459,
              33.546045
            ],
            [
              120.689459,
              33.600958
            ],
            [
              120.667491,
              33.637547
            ],
            [
              120.623555,
              33.674121
            ],
            [
              120.601587,
              33.710679
            ],
            [
              120.579618,
              33.765488
            ],
            [
              120.55765,
              33.802007
            ],
            [
              120.535682,
              33.838511
            ],
            [
              120.513714,
              33.874999
            ],
            [
              120.491746,
              33.911471
            ],
            [
              120.469778,
              33.947928
            ],
            [
              120.447809,
              33.98437
            ],
            [
              120.425841,
              34.020795
            ],
            [
              120.381905,
              34.039002
            ],
            [
              120.337969,
              34.075405
            ],
            [
              120.294032,
              34.0936
            ],
            [
              120.250096,
              34.129979
            ],
            [
              120.228128,
              34.166342
            ],
            [
              120.184191,
              34.184518
            ],
            [
              120.140255,
              34.20269
            ],
            [
              120.052382,
              34.220857
            ],
            [
              119.986478,
              34.220857
            ],
            [
              119.942541,
              34.20269
            ],
            [
              119.876637,
              34.20269
            ],
            [
              119.810732,
              34.184518
            ],
            [
              119.744828,
              34.184518
            ],
            [
              119.678923,
              34.184518
            ],
            [
              119.634987,
              34.166342
            ],
            [
              119.569083,
              34.148162
            ],
            [
              119.48121,
              34.148162
            ],
            [
              119.393337,
              34.129979
            ],
            [
              119.283496,
              34.129979
            ],
            [
              119.23956,
              34.148162
            ],
            [
              119.173655,
              34.148162
            ],
            [
              119.107751,
              34.148162
            ],
            [
              119.063815,
              34.129979
            ],
            [
              119.019878,
              34.111791
            ],
            [
              118.975942,
              34.0936
            ],
            [
              118.932006,
              34.075405
            ],
            [
              118.844133,
              34.057206
            ],
            [
              118.778228,
              34.057206
            ],
            [
              118.734292,
              34.039002
            ],
            [
              118.690356,
              34.020795
            ],
            [
              118.624451,
              34.002584
            ],
            [
              118.580515,
              33.98437
            ],
            [
              118.558547,
              33.947928
            ],
            [
              118.536579,
              33.911471
            ],
            [
              118.492642,
              33.874999
            ],
            [
              118.448706,
              33.856757
            ],
            [
              118.404769,
              33.838511
            ],
            [
              118.360833,
              33.820261
            ],
            [
              118.316897,
              33.802007
            ],
            [
              118.27296,
              33.783749
            ],
            [
              118.229024,
              33.765488
            ],
            [
              118.207056,
              33.728953
            ],
            [
              118.16312,
              33.710679
            ],
            [
              118.141151,
              33.655836
            ],
            [
              118.119183,
              33.619255
            ],
            [
              118.119183,
              33.564353
            ],
            [
              118.075247,
              33.527733
            ],
            [
              118.053279,
              33.491097
            ],
            [
              118.009342,
              33.472773
            ],
            [
              117.965406,
              33.454446
            ],
            [
              117.92147,
              33.436114
            ],
            [
              117.877533,
              33.417779
            ],
            [
              117.855565,
              33.381096
            ],
            [
              117.811629,
              33.344398
            ],
            [
              117.767693,
              33.326044
            ],
            [
              117.745724,
              33.289323
            ],
            [
              117.701788,
              33.252586
            ],
            [
              117.657852,
              33.215834
            ],
            [
              117.613915,
              33.197452
            ],
            [
              117.569979,
              33.160677
            ],
            [
              117.526043,
              33.142284
            ],
            [
              117.482106,
              33.123887
            ],
            [
              117.43817,
              33.105486
            ],
            [
              117.416202,
              33.068672
            ],
            [
              117.372265,
              33.031843
            ],
            [
              117.350297,
              32.994998
            ],
            [
              117.306361,
              32.97657
            ],
            [
              117.284393,
              32.939703
            ],
            [
              117.262425,
              32.90282
            ],
            [
              117.240456,
              32.865921
            ],
            [
              117.19652,
              32.847467
            ],
            [
              117.174552,
              32.810545
            ],
            [
              117.152584,
              32.773608
            ],
            [
              117.108647,
              32.718175
            ],
            [
              117.064711,
              32.699689
            ],
            [
              117.042743,
              32.662706
            ],
            [
              116.998807,
              32.625708
            ],
            [
              116.95487,
              32.588695
            ],
            [
              116.910934,
              32.551666
            ],
            [
              116.866997,
              32.514623
            ],
            [
              116.845029,
              32.477563
            ],
            [
              116.801093,
              32.459028
            ],
            [
              116.71322,
              32.440489
            ],
            [
              116.625348,
              32.421946
            ],
            [
              116.581411,
              32.403399
            ],
            [
              116.537475,
              32.384849
            ],
            [
              116.47157,
              32.366294
            ],
            [
              116.427634,
              32.329174
            ],
            [
              116.36173,
              32.329174
            ],
            [
              116.295825,
              32.310609
            ],
            [
              116.251889,
              32.292039
            ],
            [
              116.207952,
              32.273466
            ],
            [
              116.142048,
              32.273466
            ],
            [
              116.076143,
              32.254888
            ],
            [
              116.032207,
              32.236307
            ],
            [
              115.988271,
              32.217723
            ],
            [
              115.944334,
              32.199134
            ],
            [
              115.87843,
              32.180542
            ],
            [
              115.812525,
              32.180542
            ],
            [
              115.702684,
              32.161945
            ],
            [
              115.63678,
              32.143345
            ],
            [
              115.570875,
              32.124742
            ],
            [
              115.526939,
              32.106134
            ],
            [
              115.461035,
              32.087523
            ],
            [
              115.39513,
              32.087523
            ],
            [
              115.351194,
              32.068908
            ],
            [
              115.307257,
              32.050289
            ],
            [
              115.219385,
              32.050289
            ],
            [
              115.15348,
              32.031666
            ],
            [
              115.087576,
              32.031666
            ],
            [
              114.999703,
              32.013039
            ],
            [
              114.889862,
              32.013039
            ],
            [
              114.801989,
              31.994409
            ],
            [
              114.736085,
              31.975775
            ],
            [
              114.67018,
              31.975775
            ],
            [
              114.582308,
              31.975775
            ],
            [
              114.516403,
              31.975775
            ],
            [
              114.42853,
              31.957137
            ],
            [
              114.362626,
              31.957137
            ],
            [
              114.296721,
              31.957137
            ],
            [
              114.252785,
              31.938495
            ],
            [
              114.164912,
              31.938495
            ],
            [
              114.07704,
              31.938495
            ],
            [
              114.011135,
              31.938495
            ],
            [
              113.945231,
              31.91985
            ],
            [
              113.879326,
              31.91985
            ],
            [
              113.813422,
              31.91985
            ],
            [
              113.747517,
              31.91985
            ],
            [
              113.681613,
              31.938495
            ],
            [
              113.615708,
              31.938495
            ],
            [
              113.549804,
              31.938495
            ],
            [
              113.505867,
              31.957137
            ],
            [
              113.417995,
              31.975775
            ],
            [
              113.330122,
              31.994409
            ],
            [
              113.264217,
              32.013039
            ],
            [
              113.220281,
              32.031666
            ],
            [
              113.132408,
              32.031666
            ],
            [
              113.044536,
              32.050289
            ],
            [
              112.956663,
              32.050289
            ],
            [
              112.912727,
              32.068908
            ],
            [
              112.86879,
              32.087523
            ],
            [
              112.802886,
              32.106134
            ],
            [
              112.736981,
              32.143345
            ],
            [
              112.671077,
              32.161945
            ],
            [
              112.561236,
              32.180542
            ],
            [
              112.5173,
              32.199134
            ],
            [
              112.473363,
              32.217723
            ],
            [
              112.407459,
              32.217723
            ],
            [
              112.341554,
              32.217723
            ],
            [
              112.27565,
              32.217723
            ],
            [
              112.231713,
              32.199134
            ],
            [
              112.143841,
              32.199134
            ],
            [
              112.099904,
              32.217723
            ],
            [
              112.055968,
              32.236307
            ],
            [
              112.012032,
              32.217723
            ],
            [
              111.968095,
              32.199134
            ],
            [
              111.902191,
              32.180542
            ],
            [
              111.814318,
              32.161945
            ],
            [
              111.726445,
              32.161945
            ],
            [
              111.682509,
              32.143345
            ],
            [
              111.616605,
              32.124742
            ],
            [
              111.5507,
              32.106134
            ],
            [
              111.484795,
              32.106134
            ],
            [
              111.418891,
              32.106134
            ],
            [
              111.331018,
              32.106134
            ],
            [
              111.287082,
              32.087523
            ],
            [
              111.221177,
              32.087523
            ],
            [
              111.177241,
              32.068908
            ],
            [
              111.111337,
              32.068908
            ],
            [
              111.0674,
              32.050289
            ],
            [
              111.023464,
              32.031666
            ],
            [
              110.979528,
              32.013039
            ],
            [
              110.913623,
              32.013039
            ],
            [
              110.82575,
              32.013039
            ],
            [
              110.781814,
              31.994409
            ],
            [
              110.737878,
              31.975775
            ],
            [
              110.671973,
              31.975775
            ],
            [
              110.606069,
              31.975775
            ],
            [
              110.47426,
              31.975775
            ],
            [
              110.408355,
              31.975775
            ],
            [
              110.342451,
              31.975775
            ],
            [
              110.276546,
              31.975775
            ],
            [
              110.166705,
              31.975775
            ],
            [
              110.100801,
              31.975775
            ],
            [
              110.012928,
              31.975775
            ],
            [
              109.947023,
              31.957137
            ],
            [
              109.881119,
              31.957137
            ],
            [
              109.793246,
              31.938495
            ],
            [
              109.705374,
              31.938495
            ],
            [
              109.639469,
              31.938495
            ],
            [
              109.573565,
              31.938495
            ],
            [
              109.485692,
              31.91985
            ],
            [
              109.419787,
              31.91985
            ],
            [
              109.331915,
              31.91985
            ],
            [
              109.287978,
              31.901201
            ],
            [
              109.222074,
              31.901201
            ],
            [
              109.134201,
              31.901201
            ],
            [
              109.090265,
              31.882548
            ],
            [
              109.02436,
              31.882548
            ],
            [
              108.936488,
              31.882548
            ],
            [
              108.848615,
              31.863891
            ],
            [
              108.78271,
              31.863891
            ],
            [
              108.716806,
              31.84523
            ],
            [
              108.650901,
              31.84523
            ],
            [
              108.606965,
              31.826566
            ],
            [
              108.54106,
              31.826566
            ],
            [
              108.475156,
              31.826566
            ],
            [
              108.409251,
              31.826566
            ],
            [
              108.255474,
              31.826566
            ],
            [
              108.18957,
              31.826566
            ],
            [
              108.123665,
              31.807898
            ],
            [
              108.057761,
              31.807898
            ],
            [
              107.991856,
              31.807898
            ],
            [
              107.903984,
              31.807898
            ],
            [
              107.838079,
              31.807898
            ],
            [
              107.728238,
              31.826566
            ],
            [
              107.640365,
              31.826566
            ],
            [
              107.574461,
              31.826566
            ],
            [
              107.486588,
              31.84523
            ],
            [
              107.398716,
              31.84523
            ],
            [
              107.332811,
              31.84523
            ],
            [
              107.266907,
              31.84523
            ],
            [
              107.201002,
              31.84523
            ],
            [
              107.113129,
              31.84523
            ],
            [
              107.047225,
              31.84523
            ],
            [
              106.98132,
              31.863891
            ],
            [
              106.915416,
              31.882548
            ],
            [
              106.849511,
              31.882548
            ],
            [
              106.783607,
              31.882548
            ],
            [
              106.717702,
              31.882548
            ],
            [
              106.673766,
              31.901201
            ],
            [
              106.607861,
              31.901201
            ],
            [
              106.476052,
              31.901201
            ],
            [
              106.410148,
              31.901201
            ],
            [
              106.278339,
              31.901201
            ],
            [
              106.190466,
              31.901201
            ],
            [
              106.124562,
              31.901201
            ],
            [
              106.058657,
              31.882548
            ],
            [
              106.014721,
              31.863891
            ],
            [
              105.90488,
              31.863891
            ],
            [
              105.838975,
              31.863891
            ],
            [
              105.773071,
              31.84523
            ],
            [
              105.707166,
              31.84523
            ],
            [
              105.597326,
              31.826566
            ],
            [
              105.531421,
              31.826566
            ],
            [
              105.465516,
              31.826566
            ],
            [
              105.42158,
              31.863891
            ],
            [
              105.377644,
              31.882548
            ],
            [
              105.311739,
              31.901201
            ],
            [
              105.245835,
              31.901201
            ],
            [
              105.201898,
              31.91985
            ],
            [
              105.135994,
              31.91985
            ],
            [
              105.092058,
              31.938495
            ],
            [
              105.048121,
              31.957137
            ],
            [
              105.004185,
              31.975775
            ],
            [
              104.960249,
              31.994409
            ],
            [
              104.894344,
              31.994409
            ],
            [
              104.850408,
              32.013039
            ],
            [
              104.784503,
              32.031666
            ],
            [
              104.718599,
              32.031666
            ],
            [
              104.652694,
              32.050289
            ],
            [
              104.58679,
              32.068908
            ],
            [
              104.520885,
              32.068908
            ],
            [
              104.476949,
              32.087523
            ],
            [
              104.411044,
              32.087523
            ],
            [
              104.389076,
              32.124742
            ],
            [
              104.34514,
              32.161945
            ],
            [
              104.301203,
              32.199134
            ],
            [
              104.257267,
              32.236307
            ],
            [
              104.213331,
              32.254888
            ],
            [
              104.169394,
              32.273466
            ],
            [
              104.10349,
              32.292039
            ],
            [
              104.037585,
              32.310609
            ],
            [
              103.971681,
              32.329174
            ],
            [
              103.905776,
              32.347736
            ],
            [
              103.839872,
              32.347736
            ],
            [
              103.773967,
              32.347736
            ],
            [
              103.708063,
              32.366294
            ],
            [
              103.664126,
              32.384849
            ],
            [
              103.598222,
              32.384849
            ],
            [
              103.532317,
              32.403399
            ],
            [
              103.488381,
              32.421946
            ],
            [
              103.444445,
              32.440489
            ],
            [
              103.422477,
              32.477563
            ],
            [
              103.37854,
              32.514623
            ],
            [
              103.334604,
              32.551666
            ],
            [
              103.312636,
              32.588695
            ],
            [
              103.268699,
              32.607204
            ],
            [
              103.224763,
              32.625708
            ],
            [
              103.202795,
              32.662706
            ],
            [
              103.158858,
              32.6812
            ],
            [
              103.114922,
              32.699689
            ],
            [
              103.070986,
              32.718175
            ],
            [
              103.027049,
              32.736656
            ],
            [
              102.983113,
              32.755134
            ],
            [
              102.917209,
              32.773608
            ],
            [
              102.873272,
              32.792079
            ],
            [
              102.829336,
              32.810545
            ],
            [
              102.7854,
              32.829008
            ],
            [
              102.741463,
              32.847467
            ],
            [
              102.741463,
              32.792079
            ],
            [
              102.763431,
              32.755134
            ],
            [
              102.763431,
              32.699689
            ],
            [
              102.7854,
              32.662706
            ],
            [
              102.7854,
              32.607204
            ],
            [
              102.807368,
              32.570183
            ],
            [
              102.829336,
              32.533146
            ],
            [
              102.851304,
              32.496095
            ],
            [
              102.873272,
              32.459028
            ],
            [
              102.873272,
              32.403399
            ],
            [
              102.89524,
              32.366294
            ],
            [
              102.917209,
              32.329174
            ],
            [
              102.939177,
              32.292039
            ],
            [
              102.917209,
              32.254888
            ],
            [
              102.89524,
              32.199134
            ],
            [
              102.939177,
              32.161945
            ],
            [
              102.983113,
              32.124742
            ],
            [
              103.005081,
              32.087523
            ],
            [
              103.049018,
              32.050289
            ],
            [
              103.070986,
              32.013039
            ],
            [
              103.092954,
              31.975775
            ],
            [
              103.114922,
              31.938495
            ],
            [
              103.13689,
              31.901201
            ],
            [
              103.158858,
              31.863891
            ],
            [
              103.180827,
              31.826566
            ],
            [
              103.202795,
              31.789226
            ],
            [
              103.246731,
              31.751871
            ],
            [
              103.268699,
              31.714501
            ],
            [
              103.290668,
              31.677115
            ],
            [
              103.312636,
              31.639715
            ],
            [
              103.334604,
              31.6023
            ],
            [
              103.356572,
              31.564869
            ],
            [
              103.37854,
              31.508696
            ],
            [
              103.422477,
              31.489964
            ],
            [
              103.466413,
              31.471228
            ],
            [
              103.532317,
              31.433745
            ],
            [
              103.554286,
              31.396247
            ],
            [
              103.576254,
              31.358734
            ],
            [
              103.576254,
              31.302437
            ],
            [
              103.576254,
              31.246105
            ],
            [
              103.554286,
              31.208533
            ],
            [
              103.532317,
              31.152146
            ],
            [
              103.510349,
              31.114536
            ],
            [
              103.488381,
              31.076911
            ],
            [
              103.466413,
              31.039271
            ],
            [
              103.422477,
              31.001616
            ],
            [
              103.37854,
              30.963946
            ],
            [
              103.334604,
              30.945106
            ],
            [
              103.312636,
              30.907414
            ],
            [
              103.268699,
              30.888562
            ],
            [
              103.246731,
              30.850848
            ],
            [
              103.202795,
              30.813119
            ],
            [
              103.180827,
              30.775375
            ],
            [
              103.114922,
              30.737617
            ],
            [
              103.070986,
              30.699843
            ],
            [
              103.049018,
              30.662055
            ],
            [
              103.005081,
              30.624252
            ],
            [
              102.983113,
              30.586434
            ],
            [
              102.961145,
              30.548602
            ],
            [
              102.939177,
              30.510754
            ],
            [
              102.89524,
              30.472892
            ],
            [
              102.851304,
              30.435015
            ],
            [
              102.829336,
              30.397124
            ],
            [
              102.807368,
              30.359218
            ],
            [
              102.7854,
              30.321297
            ],
            [
              102.763431,
              30.283361
            ],
            [
              102.763431,
              30.22643
            ],
            [
              102.741463,
              30.169466
            ],
            [
              102.719495,
              30.131472
            ],
            [
              102.697527,
              30.074453
            ],
            [
              102.697527,
              30.017402
            ],
            [
              102.675559,
              29.979349
            ],
            [
              102.653591,
              29.941282
            ],
            [
              102.631622,
              29.884154
            ],
            [
              102.609654,
              29.826993
            ],
            [
              102.587686,
              29.788867
            ],
            [
              102.587686,
              29.731652
            ],
            [
              102.565718,
              29.69349
            ],
            [
              102.565718,
              29.63622
            ],
            [
              102.54375,
              29.598022
            ],
            [
              102.54375,
              29.521583
            ],
            [
              102.54375,
              29.464215
            ],
            [
              102.54375,
              29.406815
            ],
            [
              102.521782,
              29.349383
            ],
            [
              102.521782,
              29.272756
            ],
            [
              102.521782,
              29.215248
            ],
            [
              102.521782,
              29.157708
            ],
            [
              102.521782,
              29.042531
            ],
            [
              102.54375,
              28.946452
            ],
            [
              102.54375,
              28.888761
            ],
            [
              102.54375,
              28.831039
            ],
            [
              102.565718,
              28.773284
            ],
            [
              102.565718,
              28.676956
            ],
            [
              102.587686,
              28.619116
            ],
            [
              102.587686,
              28.503341
            ],
            [
              102.609654,
              28.445406
            ],
            [
              102.609654,
              28.387439
            ],
            [
              102.609654,
              28.32944
            ],
            [
              102.631622,
              28.290757
            ],
            [
              102.653591,
              28.232706
            ],
            [
              102.675559,
              28.174623
            ],
            [
              102.675559,
              28.116508
            ],
            [
              102.719495,
              28.077747
            ],
            [
              102.741463,
              28.01958
            ],
            [
              102.763431,
              27.980785
            ],
            [
              102.7854,
              27.941975
            ],
            [
              102.807368,
              27.903152
            ],
            [
              102.851304,
              27.883735
            ],
            [
              102.873272,
              27.844891
            ],
            [
              102.89524,
              27.806032
            ],
            [
              102.939177,
              27.786598
            ],
            [
              102.961145,
              27.747719
            ],
            [
              103.005081,
              27.728274
            ],
            [
              103.049018,
              27.708826
            ],
            [
              103.092954,
              27.669919
            ],
            [
              103.13689,
              27.630999
            ],
            [
              103.180827,
              27.611533
            ],
            [
              103.202795,
              27.572591
            ],
            [
              103.246731,
              27.533636
            ],
            [
              103.290668,
              27.514153
            ],
            [
              103.37854,
              27.475177
            ],
            [
              103.444445,
              27.436188
            ],
            [
              103.510349,
              27.416688
            ],
            [
              103.554286,
              27.397184
            ],
            [
              103.598222,
              27.377677
            ],
            [
              103.664126,
              27.358167
            ],
            [
              103.708063,
              27.338653
            ],
            [
              103.773967,
              27.338653
            ],
            [
              103.883808,
              27.319136
            ],
            [
              103.949713,
              27.299615
            ],
            [
              104.037585,
              27.299615
            ],
            [
              104.125458,
              27.280091
            ],
            [
              104.213331,
              27.280091
            ],
            [
              104.279235,
              27.260563
            ],
            [
              104.323172,
              27.241032
            ],
            [
              104.389076,
              27.241032
            ],
            [
              104.454981,
              27.241032
            ],
            [
              104.542853,
              27.241032
            ],
            [
              104.58679,
              27.221498
            ],
            [
              104.652694,
              27.20196
            ],
            [
              104.718599,
              27.20196
            ],
            [
              104.762535,
              27.182419
            ],
            [
              104.806471,
              27.162874
            ],
            [
              104.872376,
              27.162874
            ],
            [
              104.93828,
              27.143326
            ],
            [
              105.026153,
              27.123774
            ],
            [
              105.092058,
              27.104219
            ],
            [
              105.17993,
              27.084661
            ],
            [
              105.311739,
              27.065099
            ],
            [
              105.355676,
              27.045534
            ],
            [
              105.487485,
              27.025965
            ],
            [
              105.575357,
              27.025965
            ],
            [
              105.641262,
              27.025965
            ],
            [
              105.773071,
              27.025965
            ],
            [
              105.838975,
              27.025965
            ],
            [
              106.058657,
              27.045534
            ],
            [
              106.256371,
              27.045534
            ],
            [
              106.366212,
              27.045534
            ],
            [
              106.432116,
              27.045534
            ],
            [
              106.498021,
              27.025965
            ],
            [
              106.563925,
              27.025965
            ],
            [
              106.607861,
              27.006393
            ],
            [
              106.673766,
              27.006393
            ],
            [
              106.761639,
              27.006393
            ],
            [
              106.827543,
              27.006393
            ],
            [
              106.871479,
              26.986818
            ],
            [
              106.959352,
              26.967239
            ],
            [
              107.025257,
              26.967239
            ],
            [
              107.069193,
              26.947657
            ],
            [
              107.135098,
              26.947657
            ],
            [
              107.201002,
              26.928071
            ],
            [
              107.244938,
              26.908482
            ],
            [
              107.310843,
              26.908482
            ],
            [
              107.376747,
              26.88889
            ],
            [
              107.508556,
              26.849695
            ],
            [
              107.640365,
              26.810486
            ],
            [
              107.728238,
              26.790876
            ],
            [
              107.794143,
              26.790876
            ],
            [
              107.860047,
              26.771264
            ],
            [
              107.925952,
              26.771264
            ],
            [
              108.013824,
              26.771264
            ],
            [
              108.101697,
              26.771264
            ],
            [
              108.167602,
              26.771264
            ],
            [
              108.233506,
              26.771264
            ],
            [
              108.299411,
              26.771264
            ],
            [
              108.343347,
              26.790876
            ],
            [
              108.43122,
              26.810486
            ],
            [
              108.54106,
              26.810486
            ],
            [
              108.606965,
              26.810486
            ],
            [
              108.694838,
              26.830092
            ],
            [
              108.760742,
              26.830092
            ],
            [
              108.848615,
              26.830092
            ],
            [
              108.936488,
              26.830092
            ],
            [
              109.112233,
              26.849695
            ],
            [
              109.222074,
              26.849695
            ],
            [
              109.375851,
              26.830092
            ],
            [
              109.485692,
              26.830092
            ],
            [
              109.551596,
              26.830092
            ],
            [
              109.617501,
              26.830092
            ],
            [
              109.683405,
              26.830092
            ],
            [
              109.727342,
              26.810486
            ],
            [
              109.793246,
              26.790876
            ],
            [
              109.859151,
              26.790876
            ],
            [
              109.947023,
              26.771264
            ],
            [
              110.012928,
              26.751647
            ],
            [
              110.122769,
              26.732028
            ],
            [
              110.166705,
              26.712405
            ],
            [
              110.210642,
              26.673149
            ],
            [
              110.254578,
              26.653516
            ],
            [
              110.298514,
              26.614239
            ],
            [
              110.320482,
              26.57495
            ],
            [
              110.342451,
              26.535646
            ],
            [
              110.364419,
              26.476666
            ],
            [
              110.364419,
              26.417656
            ],
            [
              110.342451,
              26.378298
            ],
            [
              110.298514,
              26.319238
            ],
            [
              110.276546,
              26.279847
            ],
            [
              110.254578,
              26.240443
            ],
            [
              110.23261,
              26.201026
            ],
            [
              110.210642,
              26.161595
            ],
            [
              110.188673,
              26.122151
            ],
            [
              110.166705,
              26.082694
            ],
            [
              110.144737,
              26.043223
            ],
            [
              110.122769,
              26.003739
            ],
            [
              110.100801,
              25.964242
            ],
            [
              110.056864,
              25.904971
            ],
            [
              110.012928,
              25.865441
            ],
            [
              109.968992,
              25.80612
            ],
            [
              109.947023,
              25.766557
            ],
            [
              109.903087,
              25.74677
            ],
            [
              109.881119,
              25.707187
            ],
            [
              109.859151,
              25.667591
            ],
            [
              109.837183,
              25.627981
            ],
            [
              109.815214,
              25.588358
            ],
            [
              109.793246,
              25.548723
            ],
            [
              109.74931,
              25.509074
            ],
            [
              109.727342,
              25.469412
            ],
            [
              109.683405,
              25.429737
            ],
            [
              109.639469,
              25.390049
            ],
            [
              109.595533,
              25.330492
            ],
            [
              109.529628,
              25.270906
            ],
            [
              109.50766,
              25.231166
            ],
            [
              109.441756,
              25.191412
            ],
            [
              109.397819,
              25.151646
            ],
            [
              109.375851,
              25.111867
            ],
            [
              109.331915,
              25.072075
            ],
            [
              109.309946,
              25.03227
            ],
            [
              109.26601,
              25.012362
            ],
            [
              109.244042,
              24.972538
            ],
            [
              109.222074,
              24.932701
            ],
            [
              109.178137,
              24.89285
            ],
            [
              109.134201,
              24.852987
            ],
            [
              109.090265,
              24.813111
            ],
            [
              109.068297,
              24.773223
            ],
            [
              109.02436,
              24.733321
            ],
            [
              109.002392,
              24.693407
            ],
            [
              108.958456,
              24.653479
            ],
            [
              108.914519,
              24.593565
            ],
            [
              108.870583,
              24.553606
            ],
            [
              108.848615,
              24.513634
            ],
            [
              108.804679,
              24.493643
            ],
            [
              108.760742,
              24.473649
            ],
            [
              108.716806,
              24.433652
            ],
            [
              108.67287,
              24.393642
            ],
            [
              108.650901,
              24.353619
            ],
            [
              108.606965,
              24.313584
            ],
            [
              108.584997,
              24.273536
            ],
            [
              108.54106,
              24.233476
            ],
            [
              108.497124,
              24.193403
            ],
            [
              108.475156,
              24.153317
            ],
            [
              108.43122,
              24.133269
            ],
            [
              108.387283,
              24.093165
            ],
            [
              108.343347,
              24.053047
            ],
            [
              108.299411,
              24.012918
            ],
            [
              108.18957,
              23.912539
            ],
            [
              108.123665,
              23.852274
            ],
            [
              108.079729,
              23.791981
            ],
            [
              108.035793,
              23.771877
            ],
            [
              107.94792,
              23.69143
            ],
            [
              107.903984,
              23.651188
            ],
            [
              107.816111,
              23.590802
            ],
            [
              107.750206,
              23.55053
            ],
            [
              107.70627,
              23.510245
            ],
            [
              107.684302,
              23.469947
            ],
            [
              107.640365,
              23.449794
            ],
            [
              107.596429,
              23.409478
            ],
            [
              107.574461,
              23.36915
            ],
            [
              107.530525,
              23.348981
            ],
            [
              107.508556,
              23.308634
            ],
            [
              107.486588,
              23.268275
            ],
            [
              107.442652,
              23.248091
            ],
            [
              107.420684,
              23.207714
            ],
            [
              107.398716,
              23.167325
            ],
            [
              107.354779,
              23.126923
            ],
            [
              107.332811,
              23.086509
            ],
            [
              107.310843,
              23.046084
            ],
            [
              107.288875,
              23.005646
            ],
            [
              107.266907,
              22.965195
            ],
            [
              107.244938,
              22.904497
            ],
            [
              107.22297,
              22.864017
            ],
            [
              107.201002,
              22.823525
            ],
            [
              107.179034,
              22.78302
            ],
            [
              107.179034,
              22.722241
            ],
            [
              107.179034,
              22.661434
            ],
            [
              107.179034,
              22.600601
            ],
            [
              107.201002,
              22.560031
            ],
            [
              107.201002,
              22.499153
            ],
            [
              107.22297,
              22.458552
            ],
            [
              107.266907,
              22.41794
            ],
            [
              107.288875,
              22.377316
            ],
            [
              107.310843,
              22.316358
            ],
            [
              107.354779,
              22.235039
            ],
            [
              107.376747,
              22.194361
            ],
            [
              107.398716,
              22.153672
            ],
            [
              107.442652,
              22.112971
            ],
            [
              107.46462,
              22.072259
            ],
            [
              107.508556,
              22.031534
            ],
            [
              107.552493,
              21.990798
            ],
            [
              107.618397,
              21.970426
            ],
            [
              107.684302,
              21.950051
            ],
            [
              107.750206,
              21.950051
            ],
            [
              107.794143,
              21.929672
            ],
            [
              107.860047,
              21.888907
            ],
            [
              107.925952,
              21.888907
            ],
            [
              107.969888,
              21.86852
            ],
            [
              108.035793,
              21.84813
            ],
            [
              108.101697,
              21.84813
            ],
            [
              108.145633,
              21.827737
            ],
            [
              108.211538,
              21.827737
            ],
            [
              108.343347,
              21.72573
            ],
            [
              108.387283,
              21.705319
            ],
            [
              108.43122,
              21.66449
            ],
            [
              108.475156,
              21.623649
            ],
            [
              108.563029,
              21.623649
            ],
            [
              108.606965,
              21.603225
            ],
            [
              108.650901,
              21.582797
            ],
            [
              108.694838,
              21.562367
            ],
            [
              108.760742,
              21.562367
            ],
            [
              108.826647,
              21.541933
            ],
            [
              108.892551,
              21.541933
            ],
            [
              109.002392,
              21.541933
            ],
            [
              109.068297,
              21.541933
            ],
            [
              109.112233,
              21.521497
            ],
            [
              109.178137,
              21.521497
            ],
            [
              109.222074,
              21.501058
            ],
            [
              109.287978,
              21.501058
            ],
            [
              109.331915,
              21.480616
            ],
            [
              109.375851,
              21.439724
            ],
            [
              109.419787,
              21.419273
            ],
            [
              109.441756,
              21.378363
            ],
            [
              109.485692,
              21.357904
            ],
            [
              109.529628,
              21.316977
            ],
            [
              109.573565,
              21.276039
            ],
            [
              109.595533,
              21.235089
            ],
            [
              109.639469,
              21.194128
            ],
            [
              109.639469,
              21.132665
            ],
            [
              109.639469,
              21.071177
            ],
            [
              109.617501,
              21.009663
            ],
            [
              109.595533,
              20.927605
            ],
            [
              109.573565,
              20.82497
            ],
            [
              109.573565,
              20.763355
            ],
            [
              109.551596,
              20.722264
            ],
            [
              109.573565,
              20.660607
            ],
            [
              109.573565,
              20.598926
            ],
            [
              109.573565,
              20.537219
            ],
            [
              109.595533,
              20.475487
            ],
            [
              109.617501,
              20.434319
            ],
            [
              109.639469,
              20.39314
            ],
            [
              109.661437,
              20.351949
            ],
            [
              109.705374,
              20.33135
            ],
            [
              109.74931,
              20.290143
            ],
            [
              109.793246,
              20.269536
            ],
            [
              109.837183,
              20.248925
            ],
            [
              109.859151,
              20.187078
            ],
            [
              109.881119,
              20.145833
            ],
            [
              109.881119,
              20.083945
            ],
            [
              109.837183,
              20.063311
            ],
            [
              109.771278,
              20.063311
            ],
            [
              109.683405,
              20.042673
            ],
            [
              109.595533,
              20.042673
            ],
            [
              109.529628,
              20.022033
            ],
            [
              109.463724,
              20.00139
            ],
            [
              109.375851,
              20.00139
            ],
            [
              109.309946,
              19.980744
            ],
            [
              109.26601,
              19.960096
            ],
            [
              109.200106,
              19.898135
            ],
            [
              109.134201,
              19.856814
            ],
            [
              109.090265,
              19.836149
            ],
            [
              109.046328,
              19.815482
            ],
            [
              109.02436,
              19.77414
            ],
            [
              108.980424,
              19.753465
            ],
            [
              108.936488,
              19.712106
            ],
            [
              108.892551,
              19.670737
            ],
            [
              108.848615,
              19.629357
            ],
            [
              108.804679,
              19.587966
            ],
            [
              108.760742,
              19.567267
            ],
            [
              108.716806,
              19.505153
            ],
            [
              108.67287,
              19.484443
            ],
            [
              108.628933,
              19.443016
            ],
            [
              108.606965,
              19.380854
            ],
            [
              108.584997,
              19.3394
            ],
            [
              108.563029,
              19.297935
            ],
            [
              108.563029,
              19.235719
            ],
            [
              108.519092,
              19.25646
            ],
            [
              108.497124,
              19.297935
            ],
            [
              108.475156,
              19.25646
            ],
            [
              108.475156,
              19.194228
            ],
            [
              108.497124,
              19.131972
            ],
            [
              108.54106,
              19.048927
            ],
            [
              108.563029,
              19.00739
            ],
            [
              108.606965,
              18.9035
            ],
            [
              108.628933,
              18.861926
            ],
            [
              108.650901,
              18.820341
            ],
            [
              108.67287,
              18.778747
            ],
            [
              108.738774,
              18.716335
            ],
            [
              108.78271,
              18.674715
            ],
            [
              108.804679,
              18.612265
            ],
            [
              108.848615,
              18.591444
            ],
            [
              108.958456,
              18.528964
            ],
            [
              109.02436,
              18.508132
            ],
            [
              109.156169,
              18.445621
            ],
            [
              109.200106,
              18.403935
            ],
            [
              109.287978,
              18.320532
            ],
            [
              109.375851,
              18.237088
            ],
            [
              109.485692,
              18.17448
            ],
            [
              109.551596,
              18.17448
            ],
            [
              109.639469,
              18.17448
            ],
            [
              109.815214,
              18.17448
            ],
            [
              109.881119,
              18.17448
            ],
            [
              109.947023,
              18.17448
            ],
            [
              110.012928,
              18.17448
            ],
            [
              110.056864,
              18.195352
            ],
            [
              110.122769,
              18.237088
            ],
            [
              110.188673,
              18.257953
            ],
            [
              110.254578,
              18.257953
            ],
            [
              110.298514,
              18.278815
            ],
            [
              110.342451,
              18.299675
            ],
            [
              110.408355,
              18.320532
            ],
            [
              110.496228,
              18.320532
            ],
            [
              110.540164,
              18.362238
            ],
            [
              110.562132,
              18.403935
            ],
            [
              110.5841,
              18.445621
            ],
            [
              110.606069,
              18.487297
            ],
            [
              110.693941,
              18.549793
            ],
            [
              110.759846,
              18.633084
            ],
            [
              110.82575,
              18.695526
            ],
            [
              110.847719,
              18.737142
            ],
            [
              110.891655,
              18.778747
            ],
            [
              110.913623,
              18.820341
            ],
            [
              110.935591,
              18.861926
            ],
            [
              110.957559,
              18.9035
            ],
            [
              110.979528,
              18.945063
            ],
            [
              111.001496,
              19.00739
            ],
            [
              111.023464,
              19.069692
            ],
            [
              111.045432,
              19.111215
            ],
            [
              111.0674,
              19.152726
            ],
            [
              111.0674,
              19.214975
            ],
            [
              111.089368,
              19.25646
            ],
            [
              111.089368,
              19.380854
            ],
            [
              111.089368,
              19.443016
            ],
            [
              111.089368,
              19.505153
            ],
            [
              111.133305,
              19.546565
            ],
            [
              111.155273,
              19.587966
            ],
            [
              111.177241,
              19.629357
            ],
            [
              111.199209,
              19.670737
            ],
            [
              111.221177,
              19.732787
            ],
            [
              111.243146,
              19.77414
            ],
            [
              111.243146,
              19.856814
            ],
            [
              111.243146,
              19.939445
            ],
            [
              111.221177,
              19.980744
            ],
            [
              111.199209,
              20.042673
            ],
            [
              111.177241,
              20.125207
            ],
            [
              111.155273,
              20.166457
            ],
            [
              111.133305,
              20.207697
            ],
            [
              111.111337,
              20.248925
            ],
            [
              111.089368,
              20.290143
            ],
            [
              111.045432,
              20.33135
            ],
            [
              111.001496,
              20.39314
            ],
            [
              110.957559,
              20.434319
            ],
            [
              110.913623,
              20.454904
            ],
            [
              110.869687,
              20.496067
            ],
            [
              110.82575,
              20.537219
            ],
            [
              110.803782,
              20.578359
            ],
            [
              110.759846,
              20.598926
            ],
            [
              110.737878,
              20.64005
            ],
            [
              110.693941,
              20.681162
            ],
            [
              110.671973,
              20.722264
            ],
            [
              110.650005,
              20.763355
            ],
            [
              110.650005,
              20.82497
            ],
            [
              110.650005,
              20.886559
            ],
            [
              110.671973,
              20.927605
            ],
            [
              110.693941,
              20.96864
            ],
            [
              110.693941,
              21.030171
            ],
            [
              110.715909,
              21.071177
            ],
            [
              110.759846,
              21.112172
            ],
            [
              110.781814,
              21.153156
            ],
            [
              110.803782,
              21.194128
            ],
            [
              110.82575,
              21.235089
            ],
            [
              110.869687,
              21.255565
            ],
            [
              110.935591,
              21.276039
            ],
            [
              110.979528,
              21.296509
            ],
            [
              111.045432,
              21.316977
            ],
            [
              111.111337,
              21.316977
            ],
            [
              111.155273,
              21.337442
            ],
            [
              111.199209,
              21.357904
            ],
            [
              111.287082,
              21.378363
            ],
            [
              111.331018,
              21.39882
            ],
            [
              111.440859,
              21.439724
            ],
            [
              111.506764,
              21.460171
            ],
            [
              111.572668,
              21.460171
            ],
            [
              111.660541,
              21.460171
            ],
            [
              111.770382,
              21.460171
            ],
            [
              111.836286,
              21.460171
            ],
            [
              111.902191,
              21.460171
            ],
            [
              111.946127,
              21.480616
            ],
            [
              112.034,
              21.480616
            ],
            [
              112.099904,
              21.521497
            ],
            [
              112.143841,
              21.541933
            ],
            [
              112.231713,
              21.562367
            ],
            [
              112.297618,
              21.603225
            ],
            [
              112.363522,
              21.623649
            ],
            [
              112.407459,
              21.644071
            ],
            [
              112.451395,
              21.66449
            ],
            [
              112.5173,
              21.684906
            ],
            [
              112.605172,
              21.684906
            ],
            [
              112.693045,
              21.684906
            ],
            [
              112.758949,
              21.705319
            ],
            [
              112.802886,
              21.72573
            ],
            [
              112.846822,
              21.746137
            ],
            [
              112.890758,
              21.766541
            ],
            [
              112.956663,
              21.746137
            ],
            [
              113.000599,
              21.766541
            ],
            [
              113.066504,
              21.766541
            ],
            [
              113.176345,
              21.786943
            ],
            [
              113.242249,
              21.786943
            ],
            [
              113.374058,
              21.807342
            ],
            [
              113.439963,
              21.84813
            ],
            [
              113.505867,
              21.84813
            ],
            [
              113.571772,
              21.84813
            ],
            [
              113.659644,
              21.86852
            ],
            [
              113.813422,
              21.84813
            ],
            [
              113.879326,
              21.84813
            ],
            [
              113.967199,
              21.84813
            ],
            [
              114.099008,
              21.86852
            ],
            [
              114.142944,
              21.888907
            ],
            [
              114.186881,
              21.909291
            ],
            [
              114.274753,
              21.929672
            ],
            [
              114.31869,
              21.950051
            ],
            [
              114.384594,
              22.011168
            ],
            [
              114.42853,
              22.051898
            ],
            [
              114.472467,
              22.072259
            ],
            [
              114.516403,
              22.092616
            ],
            [
              114.582308,
              22.153672
            ],
            [
              114.648212,
              22.174018
            ],
            [
              114.692149,
              22.214701
            ],
            [
              114.736085,
              22.235039
            ],
            [
              114.780021,
              22.275704
            ],
            [
              114.823958,
              22.316358
            ],
            [
              114.845926,
              22.357
            ],
            [
              114.867894,
              22.39763
            ],
            [
              114.889862,
              22.458552
            ],
            [
              114.91183,
              22.499153
            ],
            [
              114.933798,
              22.539741
            ],
            [
              114.977735,
              22.580317
            ],
            [
              114.999703,
              22.620882
            ],
            [
              115.043639,
              22.64116
            ],
            [
              115.109544,
              22.661434
            ],
            [
              115.175448,
              22.681706
            ],
            [
              115.219385,
              22.701975
            ],
            [
              115.307257,
              22.701975
            ],
            [
              115.439066,
              22.701975
            ],
            [
              115.526939,
              22.701975
            ],
            [
              115.570875,
              22.722241
            ],
            [
              115.63678,
              22.722241
            ],
            [
              115.702684,
              22.722241
            ],
            [
              115.790557,
              22.722241
            ],
            [
              115.834493,
              22.742503
            ],
            [
              115.87843,
              22.762763
            ],
            [
              115.922366,
              22.78302
            ],
            [
              115.966302,
              22.803274
            ],
            [
              116.076143,
              22.803274
            ],
            [
              116.142048,
              22.843772
            ],
            [
              116.185984,
              22.864017
            ],
            [
              116.273857,
              22.864017
            ],
            [
              116.317793,
              22.884259
            ],
            [
              116.383698,
              22.904497
            ],
            [
              116.449602,
              22.904497
            ],
            [
              116.493539,
              22.924733
            ],
            [
              116.537475,
              22.944966
            ],
            [
              116.581411,
              22.965195
            ],
            [
              116.647316,
              22.965195
            ],
            [
              116.691252,
              22.985422
            ],
            [
              116.779125,
              23.005646
            ],
            [
              116.801093,
              23.046084
            ],
            [
              116.845029,
              23.066298
            ],
            [
              116.888966,
              23.106718
            ],
            [
              116.932902,
              23.126923
            ],
            [
              116.95487,
              23.167325
            ],
            [
              116.998807,
              23.207714
            ],
            [
              117.042743,
              23.227904
            ],
            [
              117.086679,
              23.268275
            ],
            [
              117.130616,
              23.308634
            ],
            [
              117.174552,
              23.328809
            ],
            [
              117.218488,
              23.348981
            ],
            [
              117.262425,
              23.389315
            ],
            [
              117.306361,
              23.429637
            ],
            [
              117.328329,
              23.469947
            ],
            [
              117.350297,
              23.510245
            ],
            [
              117.394234,
              23.530389
            ],
            [
              117.43817,
              23.570668
            ],
            [
              117.482106,
              23.610934
            ],
            [
              117.526043,
              23.631063
            ],
            [
              117.548011,
              23.671311
            ],
            [
              117.591947,
              23.69143
            ],
            [
              117.613915,
              23.73166
            ],
            [
              117.657852,
              23.771877
            ],
            [
              117.701788,
              23.812082
            ],
            [
              117.745724,
              23.852274
            ],
            [
              117.789661,
              23.892453
            ],
            [
              117.855565,
              23.932621
            ],
            [
              117.92147,
              23.992848
            ],
            [
              117.965406,
              24.032984
            ],
            [
              118.009342,
              24.073108
            ],
            [
              118.053279,
              24.153317
            ],
            [
              118.097215,
              24.213441
            ],
            [
              118.141151,
              24.253508
            ],
            [
              118.229024,
              24.313584
            ],
            [
              118.316897,
              24.393642
            ],
            [
              118.382801,
              24.453652
            ],
            [
              118.404769,
              24.493643
            ],
            [
              118.448706,
              24.533621
            ],
            [
              118.492642,
              24.553606
            ],
            [
              118.536579,
              24.573587
            ],
            [
              118.580515,
              24.593565
            ],
            [
              118.624451,
              24.633511
            ],
            [
              118.646419,
              24.693407
            ],
            [
              118.712324,
              24.713365
            ],
            [
              118.778228,
              24.733321
            ],
            [
              118.822165,
              24.753273
            ],
            [
              118.866101,
              24.793169
            ],
            [
              118.910037,
              24.813111
            ],
            [
              118.932006,
              24.852987
            ],
            [
              118.975942,
              24.89285
            ],
            [
              119.019878,
              24.912777
            ],
            [
              119.063815,
              24.932701
            ],
            [
              119.085783,
              24.972538
            ],
            [
              119.151687,
              25.091973
            ],
            [
              119.217592,
              25.131758
            ],
            [
              119.283496,
              25.191412
            ],
            [
              119.327433,
              25.211291
            ],
            [
              119.349401,
              25.251037
            ],
            [
              119.371369,
              25.290771
            ],
            [
              119.415305,
              25.330492
            ],
            [
              119.459242,
              25.3702
            ],
            [
              119.503178,
              25.390049
            ],
            [
              119.525146,
              25.429737
            ],
            [
              119.547114,
              25.469412
            ],
            [
              119.591051,
              25.509074
            ],
            [
              119.613019,
              25.548723
            ],
            [
              119.634987,
              25.588358
            ],
            [
              119.656955,
              25.627981
            ],
            [
              119.700892,
              25.667591
            ],
            [
              119.744828,
              25.68739
            ],
            [
              119.766796,
              25.72698
            ],
            [
              119.810732,
              25.74677
            ],
            [
              119.832701,
              25.78634
            ],
            [
              119.876637,
              25.825897
            ],
            [
              119.898605,
              25.865441
            ],
            [
              119.942541,
              25.904971
            ],
            [
              119.942541,
              25.964242
            ],
            [
              119.96451,
              26.003739
            ],
            [
              119.986478,
              26.06296
            ],
            [
              120.008446,
              26.102424
            ],
            [
              120.030414,
              26.141875
            ],
            [
              120.052382,
              26.201026
            ],
            [
              120.074351,
              26.240443
            ],
            [
              120.096319,
              26.279847
            ],
            [
              120.118287,
              26.319238
            ],
            [
              120.140255,
              26.397979
            ],
            [
              120.162223,
              26.437329
            ],
            [
              120.162223,
              26.496329
            ],
            [
              120.162223,
              26.5553
            ],
            [
              120.184191,
              26.594596
            ],
            [
              120.20616,
              26.633879
            ],
            [
              120.228128,
              26.673149
            ],
            [
              120.250096,
              26.712405
            ],
            [
              120.272064,
              26.751647
            ],
            [
              120.316,
              26.790876
            ],
            [
              120.337969,
              26.830092
            ],
            [
              120.381905,
              26.869294
            ],
            [
              120.403873,
              26.928071
            ],
            [
              120.447809,
              26.986818
            ],
            [
              120.491746,
              27.045534
            ],
            [
              120.535682,
              27.084661
            ],
            [
              120.55765,
              27.123774
            ],
            [
              120.579618,
              27.162874
            ],
            [
              120.623555,
              27.20196
            ],
            [
              120.645523,
              27.241032
            ],
            [
              120.689459,
              27.280091
            ],
            [
              120.711427,
              27.319136
            ],
            [
              120.733396,
              27.358167
            ],
            [
              120.777332,
              27.416688
            ],
            [
              120.7993,
              27.455684
            ],
            [
              120.843237,
              27.494667
            ],
            [
              120.865205,
              27.533636
            ],
            [
              120.887173,
              27.572591
            ],
            [
              120.931109,
              27.611533
            ],
            [
              120.953077,
              27.650461
            ],
            [
              121.018982,
              27.747719
            ],
            [
              121.04095,
              27.786598
            ],
            [
              121.084886,
              27.825463
            ],
            [
              121.106855,
              27.864315
            ],
            [
              121.150791,
              27.903152
            ],
            [
              121.172759,
              27.961382
            ],
            [
              121.216695,
              27.980785
            ],
            [
              121.260632,
              28.01958
            ],
            [
              121.304568,
              28.058362
            ],
            [
              121.348504,
              28.097129
            ],
            [
              121.370473,
              28.135883
            ],
            [
              121.480314,
              28.193987
            ],
            [
              121.546218,
              28.232706
            ],
            [
              121.568186,
              28.27141
            ],
            [
              121.612123,
              28.290757
            ],
            [
              121.678027,
              28.36811
            ],
            [
              121.699995,
              28.406765
            ],
            [
              121.7659,
              28.445406
            ],
            [
              121.831804,
              28.503341
            ],
            [
              121.853772,
              28.541947
            ],
            [
              121.875741,
              28.580539
            ],
            [
              121.897709,
              28.6384
            ],
            [
              121.919677,
              28.676956
            ],
            [
              121.963613,
              28.715498
            ],
            [
              121.985581,
              28.754026
            ],
            [
              122.029518,
              28.792539
            ],
            [
              122.051486,
              28.831039
            ],
            [
              122.11739,
              28.907995
            ],
            [
              122.161327,
              28.965675
            ],
            [
              122.205263,
              28.984894
            ],
            [
              122.205263,
              29.042531
            ],
            [
              122.227231,
              29.11933
            ],
            [
              122.2492,
              29.157708
            ],
            [
              122.2492,
              29.272756
            ],
            [
              122.271168,
              29.330232
            ],
            [
              122.271168,
              29.387675
            ],
            [
              122.271168,
              29.464215
            ],
            [
              122.293136,
              29.502464
            ],
            [
              122.315104,
              29.540698
            ],
            [
              122.337072,
              29.63622
            ],
            [
              122.35904,
              29.69349
            ],
            [
              122.381009,
              29.731652
            ],
            [
              122.402977,
              29.769799
            ],
            [
              122.424945,
              29.826993
            ],
            [
              122.446913,
              29.9032
            ],
            [
              122.468881,
              29.941282
            ],
            [
              122.490849,
              30.093463
            ],
            [
              122.512818,
              30.150471
            ],
            [
              122.512818,
              30.207446
            ],
            [
              122.490849,
              30.245411
            ],
            [
              122.490849,
              30.302331
            ],
            [
              122.490849,
              30.359218
            ],
            [
              122.512818,
              30.397124
            ],
            [
              122.556754,
              30.435015
            ],
            [
              122.578722,
              30.472892
            ],
            [
              122.60069,
              30.510754
            ],
            [
              122.622658,
              30.548602
            ],
            [
              122.644627,
              30.586434
            ],
            [
              122.666595,
              30.624252
            ],
            [
              122.666595,
              30.680951
            ],
            [
              122.666595,
              30.737617
            ],
            [
              122.666595,
              30.813119
            ],
            [
              122.644627,
              30.850848
            ],
            [
              122.622658,
              30.888562
            ],
            [
              122.60069,
              30.945106
            ],
            [
              122.60069,
              31.001616
            ],
            [
              122.578722,
              31.039271
            ],
            [
              122.534786,
              31.095725
            ],
            [
              122.490849,
              31.170945
            ],
            [
              122.424945,
              31.246105
            ],
            [
              122.402977,
              31.283663
            ],
            [
              122.381009,
              31.321206
            ],
            [
              122.35904,
              31.358734
            ],
            [
              122.337072,
              31.396247
            ],
            [
              122.315104,
              31.452488
            ],
            [
              122.293136,
              31.489964
            ],
            [
              122.271168,
              31.527424
            ],
            [
              122.2492,
              31.564869
            ],
            [
              122.227231,
              31.621009
            ],
            [
              122.183295,
              31.658417
            ],
            [
              122.139359,
              31.677115
            ],
            [
              122.11739,
              31.714501
            ],
            [
              122.073454,
              31.733188
            ],
            [
              122.051486,
              31.77055
            ],
            [
              122.00755,
              31.807898
            ],
            [
              121.963613,
              31.826566
            ],
            [
              121.919677,
              31.863891
            ],
            [
              121.875741,
              31.882548
            ],
            [
              121.853772,
              31.91985
            ],
            [
              121.831804,
              31.957137
            ],
            [
              121.809836,
              31.994409
            ],
            [
              121.787868,
              32.031666
            ],
            [
              121.82738,
              32.044172
            ],
            [
              121.809531,
              32.068613
            ],
            [
              121.809836,
              32.068908
            ]
          ]
        ]
      }
    },
    {
      "type": "Feature",
      "properties": {
        "NAME": "Goryeo",
        "name": "Goryeo",
        "color": "#ef4444",
        "fill": "#ef4444",
        "fill-opacity": 0.5,
        "stroke": "#ef4444",
        "stroke-width": 2,
        "originalType": "polygon",
        "CODE": "6"
      },
      "geometry": {
        "type": "Polygon",
        "coordinates": [
          [
            [
              126.099205,
              36.849008
            ],
            [
              126.088221,
              36.831419
            ],
            [
              126.088221,
              36.805029
            ],
            [
              126.077236,
              36.78743
            ],
            [
              126.077236,
              36.761024
            ],
            [
              126.077236,
              36.73461
            ],
            [
              126.077236,
              36.708186
            ],
            [
              126.088221,
              36.681753
            ],
            [
              126.099205,
              36.664126
            ],
            [
              126.121175,
              36.655311
            ],
            [
              126.143144,
              36.637678
            ],
            [
              126.154129,
              36.620041
            ],
            [
              126.176098,
              36.611221
            ],
            [
              126.198067,
              36.6024
            ],
            [
              126.220036,
              36.593578
            ],
            [
              126.231021,
              36.575931
            ],
            [
              126.242005,
              36.55828
            ],
            [
              126.25299,
              36.540625
            ],
            [
              126.263975,
              36.522966
            ],
            [
              126.274959,
              36.505302
            ],
            [
              126.285944,
              36.487635
            ],
            [
              126.296928,
              36.469964
            ],
            [
              126.307913,
              36.443449
            ],
            [
              126.329882,
              36.425768
            ],
            [
              126.340867,
              36.408083
            ],
            [
              126.351852,
              36.390393
            ],
            [
              126.362836,
              36.363852
            ],
            [
              126.373821,
              36.346152
            ],
            [
              126.384805,
              36.328449
            ],
            [
              126.406775,
              36.310741
            ],
            [
              126.417759,
              36.293029
            ],
            [
              126.439728,
              36.284172
            ],
            [
              126.450713,
              36.257594
            ],
            [
              126.461698,
              36.231007
            ],
            [
              126.472682,
              36.204411
            ],
            [
              126.483667,
              36.186676
            ],
            [
              126.494651,
              36.168936
            ],
            [
              126.505636,
              36.151192
            ],
            [
              126.505636,
              36.124569
            ],
            [
              126.505636,
              36.097937
            ],
            [
              126.505636,
              36.071296
            ],
            [
              126.483667,
              36.062414
            ],
            [
              126.472682,
              36.044646
            ],
            [
              126.461698,
              36.026874
            ],
            [
              126.450713,
              36.009098
            ],
            [
              126.439728,
              35.991318
            ],
            [
              126.439728,
              35.964641
            ],
            [
              126.439728,
              35.937955
            ],
            [
              126.439728,
              35.91126
            ],
            [
              126.439728,
              35.884555
            ],
            [
              126.439728,
              35.857842
            ],
            [
              126.439728,
              35.82221
            ],
            [
              126.439728,
              35.795476
            ],
            [
              126.428744,
              35.777648
            ],
            [
              126.428744,
              35.750899
            ],
            [
              126.428744,
              35.724141
            ],
            [
              126.439728,
              35.706297
            ],
            [
              126.439728,
              35.679523
            ],
            [
              126.439728,
              35.652741
            ],
            [
              126.417759,
              35.634881
            ],
            [
              126.406775,
              35.617017
            ],
            [
              126.39579,
              35.59915
            ],
            [
              126.384805,
              35.57234
            ],
            [
              126.384805,
              35.545522
            ],
            [
              126.384805,
              35.518695
            ],
            [
              126.39579,
              35.500805
            ],
            [
              126.39579,
              35.473963
            ],
            [
              126.39579,
              35.447112
            ],
            [
              126.39579,
              35.420252
            ],
            [
              126.384805,
              35.393383
            ],
            [
              126.351852,
              35.393383
            ],
            [
              126.329882,
              35.375466
            ],
            [
              126.307913,
              35.366505
            ],
            [
              126.285944,
              35.348582
            ],
            [
              126.263975,
              35.330654
            ],
            [
              126.263975,
              35.303755
            ],
            [
              126.25299,
              35.285818
            ],
            [
              126.25299,
              35.258904
            ],
            [
              126.242005,
              35.231982
            ],
            [
              126.242005,
              35.20505
            ],
            [
              126.231021,
              35.187091
            ],
            [
              126.220036,
              35.169127
            ],
            [
              126.209052,
              35.15116
            ],
            [
              126.187082,
              35.142175
            ],
            [
              126.165113,
              35.133189
            ],
            [
              126.154129,
              35.115213
            ],
            [
              126.132159,
              35.106224
            ],
            [
              126.099205,
              35.088243
            ],
            [
              126.077236,
              35.070258
            ],
            [
              126.055267,
              35.052269
            ],
            [
              126.044282,
              35.034276
            ],
            [
              126.022313,
              35.016279
            ],
            [
              126.011329,
              34.989276
            ],
            [
              126.011329,
              34.962264
            ],
            [
              126.000344,
              34.944251
            ],
            [
              126.000344,
              34.908213
            ],
            [
              126.000344,
              34.881175
            ],
            [
              126.000344,
              34.854127
            ],
            [
              126.000344,
              34.827071
            ],
            [
              126.000344,
              34.800006
            ],
            [
              126.000344,
              34.772931
            ],
            [
              126.000344,
              34.745848
            ],
            [
              126.011329,
              34.727788
            ],
            [
              126.022313,
              34.70069
            ],
            [
              126.022313,
              34.673583
            ],
            [
              126.033298,
              34.655507
            ],
            [
              126.033298,
              34.628386
            ],
            [
              126.033298,
              34.601255
            ],
            [
              126.033298,
              34.574116
            ],
            [
              126.033298,
              34.546968
            ],
            [
              126.033298,
              34.519811
            ],
            [
              126.033298,
              34.492645
            ],
            [
              126.044282,
              34.46547
            ],
            [
              126.044282,
              34.438287
            ],
            [
              126.044282,
              34.411094
            ],
            [
              126.044282,
              34.383893
            ],
            [
              126.055267,
              34.365754
            ],
            [
              126.066252,
              34.347611
            ],
            [
              126.088221,
              34.338538
            ],
            [
              126.11019,
              34.329464
            ],
            [
              126.154129,
              34.329464
            ],
            [
              126.176098,
              34.320389
            ],
            [
              126.209052,
              34.320389
            ],
            [
              126.231021,
              34.329464
            ],
            [
              126.263975,
              34.329464
            ],
            [
              126.307913,
              34.347611
            ],
            [
              126.340867,
              34.347611
            ],
            [
              126.373821,
              34.338538
            ],
            [
              126.417759,
              34.329464
            ],
            [
              126.439728,
              34.320389
            ],
            [
              126.461698,
              34.311313
            ],
            [
              126.483667,
              34.302236
            ],
            [
              126.505636,
              34.28408
            ],
            [
              126.527605,
              34.275
            ],
            [
              126.560559,
              34.275
            ],
            [
              126.582528,
              34.265919
            ],
            [
              126.615482,
              34.265919
            ],
            [
              126.648436,
              34.265919
            ],
            [
              126.692374,
              34.265919
            ],
            [
              126.714344,
              34.275
            ],
            [
              126.736313,
              34.28408
            ],
            [
              126.758282,
              34.293158
            ],
            [
              126.780251,
              34.302236
            ],
            [
              126.802221,
              34.311313
            ],
            [
              126.835174,
              34.311313
            ],
            [
              126.857144,
              34.320389
            ],
            [
              126.890097,
              34.320389
            ],
            [
              126.912067,
              34.329464
            ],
            [
              126.934036,
              34.338538
            ],
            [
              126.956005,
              34.347611
            ],
            [
              126.96699,
              34.365754
            ],
            [
              126.977974,
              34.383893
            ],
            [
              126.999944,
              34.392961
            ],
            [
              127.010928,
              34.411094
            ],
            [
              127.032897,
              34.420159
            ],
            [
              127.054867,
              34.429224
            ],
            [
              127.065851,
              34.447349
            ],
            [
              127.08782,
              34.45641
            ],
            [
              127.098805,
              34.47453
            ],
            [
              127.120774,
              34.492645
            ],
            [
              127.120774,
              34.519811
            ],
            [
              127.153728,
              34.519811
            ],
            [
              127.197667,
              34.519811
            ],
            [
              127.23062,
              34.519811
            ],
            [
              127.263574,
              34.519811
            ],
            [
              127.296528,
              34.519811
            ],
            [
              127.329482,
              34.519811
            ],
            [
              127.362436,
              34.528864
            ],
            [
              127.384405,
              34.537916
            ],
            [
              127.406374,
              34.546968
            ],
            [
              127.417359,
              34.565068
            ],
            [
              127.439328,
              34.574116
            ],
            [
              127.450313,
              34.59221
            ],
            [
              127.472282,
              34.601255
            ],
            [
              127.494251,
              34.6103
            ],
            [
              127.527205,
              34.6103
            ],
            [
              127.571143,
              34.6103
            ],
            [
              127.604097,
              34.6103
            ],
            [
              127.637051,
              34.601255
            ],
            [
              127.670005,
              34.601255
            ],
            [
              127.702959,
              34.601255
            ],
            [
              127.735912,
              34.601255
            ],
            [
              127.746897,
              34.619343
            ],
            [
              127.768866,
              34.628386
            ],
            [
              127.790836,
              34.637427
            ],
            [
              127.80182,
              34.655507
            ],
            [
              127.812805,
              34.673583
            ],
            [
              127.823789,
              34.691655
            ],
            [
              127.834774,
              34.709724
            ],
            [
              127.856743,
              34.727788
            ],
            [
              127.878712,
              34.745848
            ],
            [
              127.911666,
              34.745848
            ],
            [
              127.933635,
              34.754877
            ],
            [
              127.955605,
              34.763905
            ],
            [
              127.977574,
              34.772931
            ],
            [
              127.999543,
              34.781957
            ],
            [
              128.021512,
              34.790982
            ],
            [
              128.043482,
              34.809028
            ],
            [
              128.054466,
              34.827071
            ],
            [
              128.076435,
              34.836091
            ],
            [
              128.08742,
              34.854127
            ],
            [
              128.098405,
              34.87216
            ],
            [
              128.109389,
              34.890189
            ],
            [
              128.131358,
              34.899201
            ],
            [
              128.153328,
              34.908213
            ],
            [
              128.175297,
              34.917224
            ],
            [
              128.197266,
              34.926234
            ],
            [
              128.219235,
              34.935243
            ],
            [
              128.252189,
              34.935243
            ],
            [
              128.285143,
              34.935243
            ],
            [
              128.307112,
              34.926234
            ],
            [
              128.329081,
              34.908213
            ],
            [
              128.362035,
              34.899201
            ],
            [
              128.384004,
              34.890189
            ],
            [
              128.405974,
              34.87216
            ],
            [
              128.427943,
              34.863144
            ],
            [
              128.449912,
              34.854127
            ],
            [
              128.482866,
              34.854127
            ],
            [
              128.504835,
              34.845109
            ],
            [
              128.537789,
              34.845109
            ],
            [
              128.570743,
              34.845109
            ],
            [
              128.603697,
              34.845109
            ],
            [
              128.625666,
              34.854127
            ],
            [
              128.65862,
              34.863144
            ],
            [
              128.680589,
              34.87216
            ],
            [
              128.702558,
              34.890189
            ],
            [
              128.713543,
              34.908213
            ],
            [
              128.746497,
              34.926234
            ],
            [
              128.757481,
              34.944251
            ],
            [
              128.768466,
              34.962264
            ],
            [
              128.77945,
              34.980273
            ],
            [
              128.790435,
              34.998278
            ],
            [
              128.812404,
              35.016279
            ],
            [
              128.823389,
              35.034276
            ],
            [
              128.845358,
              35.043273
            ],
            [
              128.867327,
              35.052269
            ],
            [
              128.889297,
              35.061264
            ],
            [
              128.911266,
              35.070258
            ],
            [
              128.94422,
              35.079251
            ],
            [
              128.977173,
              35.079251
            ],
            [
              128.999143,
              35.088243
            ],
            [
              129.021112,
              35.097234
            ],
            [
              129.043081,
              35.106224
            ],
            [
              129.06505,
              35.115213
            ],
            [
              129.076035,
              35.133189
            ],
            [
              129.08702,
              35.15116
            ],
            [
              129.08702,
              35.178109
            ],
            [
              129.098004,
              35.196071
            ],
            [
              129.119973,
              35.214028
            ],
            [
              129.141943,
              35.231982
            ],
            [
              129.163912,
              35.240957
            ],
            [
              129.196866,
              35.240957
            ],
            [
              129.22982,
              35.249931
            ],
            [
              129.262773,
              35.249931
            ],
            [
              129.295727,
              35.249931
            ],
            [
              129.317696,
              35.258904
            ],
            [
              129.339666,
              35.267876
            ],
            [
              129.361635,
              35.276848
            ],
            [
              129.372619,
              35.294787
            ],
            [
              129.383604,
              35.312723
            ],
            [
              129.394589,
              35.330654
            ],
            [
              129.405573,
              35.348582
            ],
            [
              129.416558,
              35.375466
            ],
            [
              129.427543,
              35.402341
            ],
            [
              129.460496,
              35.420252
            ],
            [
              129.482466,
              35.429207
            ],
            [
              129.49345,
              35.447112
            ],
            [
              129.504435,
              35.465014
            ],
            [
              129.526404,
              35.482912
            ],
            [
              129.537389,
              35.509751
            ],
            [
              129.548373,
              35.527639
            ],
            [
              129.548373,
              35.554463
            ],
            [
              129.548373,
              35.590214
            ],
            [
              129.548373,
              35.62595
            ],
            [
              129.548373,
              35.652741
            ],
            [
              129.548373,
              35.679523
            ],
            [
              129.537389,
              35.697373
            ],
            [
              129.537389,
              35.724141
            ],
            [
              129.537389,
              35.750899
            ],
            [
              129.537389,
              35.777648
            ],
            [
              129.537389,
              35.804388
            ],
            [
              129.537389,
              35.83112
            ],
            [
              129.537389,
              35.857842
            ],
            [
              129.537389,
              35.884555
            ],
            [
              129.548373,
              35.902359
            ],
            [
              129.559358,
              35.929057
            ],
            [
              129.559358,
              35.955747
            ],
            [
              129.559358,
              35.982427
            ],
            [
              129.559358,
              36.009098
            ],
            [
              129.559358,
              36.03576
            ],
            [
              129.559358,
              36.062414
            ],
            [
              129.548373,
              36.089058
            ],
            [
              129.515419,
              36.089058
            ],
            [
              129.482466,
              36.089058
            ],
            [
              129.482466,
              36.106815
            ],
            [
              129.482466,
              36.133445
            ],
            [
              129.482466,
              36.160065
            ],
            [
              129.482466,
              36.186676
            ],
            [
              129.482466,
              36.213278
            ],
            [
              129.482466,
              36.239871
            ],
            [
              129.471481,
              36.257594
            ],
            [
              129.460496,
              36.275314
            ],
            [
              129.460496,
              36.301886
            ],
            [
              129.460496,
              36.328449
            ],
            [
              129.460496,
              36.355002
            ],
            [
              129.460496,
              36.381547
            ],
            [
              129.449512,
              36.399238
            ],
            [
              129.449512,
              36.425768
            ],
            [
              129.438527,
              36.452289
            ],
            [
              129.438527,
              36.4788
            ],
            [
              129.438527,
              36.505302
            ],
            [
              129.438527,
              36.531796
            ],
            [
              129.438527,
              36.55828
            ],
            [
              129.438527,
              36.584755
            ],
            [
              129.438527,
              36.611221
            ],
            [
              129.449512,
              36.62886
            ],
            [
              129.449512,
              36.655311
            ],
            [
              129.460496,
              36.67294
            ],
            [
              129.460496,
              36.699376
            ],
            [
              129.460496,
              36.725803
            ],
            [
              129.471481,
              36.752221
            ],
            [
              129.471481,
              36.778629
            ],
            [
              129.471481,
              36.805029
            ],
            [
              129.471481,
              36.831419
            ],
            [
              129.471481,
              36.8578
            ],
            [
              129.482466,
              36.875383
            ],
            [
              129.471481,
              36.892961
            ],
            [
              129.471481,
              36.919321
            ],
            [
              129.471481,
              36.945672
            ],
            [
              129.471481,
              36.980792
            ],
            [
              129.460496,
              37.007122
            ],
            [
              129.449512,
              37.042214
            ],
            [
              129.449512,
              37.068523
            ],
            [
              129.438527,
              37.086056
            ],
            [
              129.427543,
              37.11235
            ],
            [
              129.427543,
              37.138634
            ],
            [
              129.416558,
              37.156151
            ],
            [
              129.405573,
              37.173665
            ],
            [
              129.394589,
              37.191174
            ],
            [
              129.394589,
              37.217431
            ],
            [
              129.383604,
              37.23493
            ],
            [
              129.372619,
              37.252426
            ],
            [
              129.361635,
              37.269917
            ],
            [
              129.35065,
              37.287404
            ],
            [
              129.339666,
              37.304887
            ],
            [
              129.339666,
              37.331104
            ],
            [
              129.328681,
              37.348577
            ],
            [
              129.317696,
              37.366046
            ],
            [
              129.306712,
              37.383511
            ],
            [
              129.295727,
              37.400972
            ],
            [
              129.284743,
              37.418428
            ],
            [
              129.273758,
              37.462052
            ],
            [
              129.262773,
              37.479495
            ],
            [
              129.251789,
              37.496933
            ],
            [
              129.240804,
              37.514367
            ],
            [
              129.22982,
              37.549224
            ],
            [
              129.218835,
              37.584064
            ],
            [
              129.20785,
              37.601478
            ],
            [
              129.185881,
              37.618888
            ],
            [
              129.163912,
              37.636293
            ],
            [
              129.152927,
              37.653695
            ],
            [
              129.130958,
              37.662395
            ],
            [
              129.119973,
              37.67979
            ],
            [
              129.098004,
              37.688486
            ],
            [
              129.08702,
              37.705876
            ],
            [
              129.06505,
              37.723261
            ],
            [
              129.043081,
              37.731952
            ],
            [
              129.021112,
              37.749332
            ],
            [
              129.010127,
              37.766707
            ],
            [
              128.988158,
              37.775393
            ],
            [
              128.977173,
              37.792762
            ],
            [
              128.966189,
              37.810127
            ],
            [
              128.955204,
              37.827488
            ],
            [
              128.94422,
              37.844845
            ],
            [
              128.933235,
              37.862198
            ],
            [
              128.92225,
              37.879546
            ],
            [
              128.900281,
              37.896891
            ],
            [
              128.889297,
              37.914231
            ],
            [
              128.878312,
              37.931568
            ],
            [
              128.867327,
              37.9489
            ],
            [
              128.856343,
              37.966228
            ],
            [
              128.845358,
              37.983552
            ],
            [
              128.823389,
              37.992213
            ],
            [
              128.812404,
              38.009531
            ],
            [
              128.790435,
              38.026845
            ],
            [
              128.768466,
              38.0355
            ],
            [
              128.746497,
              38.052808
            ],
            [
              128.735512,
              38.070112
            ],
            [
              128.713543,
              38.087411
            ],
            [
              128.702558,
              38.104707
            ],
            [
              128.680589,
              38.113353
            ],
            [
              128.669604,
              38.130642
            ],
            [
              128.647635,
              38.139285
            ],
            [
              128.636651,
              38.156569
            ],
            [
              128.625666,
              38.173848
            ],
            [
              128.614681,
              38.191123
            ],
            [
              128.603697,
              38.208394
            ],
            [
              128.592712,
              38.225661
            ],
            [
              128.581727,
              38.242923
            ],
            [
              128.581727,
              38.26881
            ],
            [
              128.570743,
              38.286062
            ],
            [
              128.559758,
              38.303311
            ],
            [
              128.548774,
              38.320555
            ],
            [
              128.537789,
              38.337795
            ],
            [
              128.526804,
              38.355031
            ],
            [
              128.504835,
              38.363648
            ],
            [
              128.493851,
              38.380878
            ],
            [
              128.482866,
              38.398103
            ],
            [
              128.482866,
              38.423934
            ],
            [
              128.471881,
              38.44115
            ],
            [
              128.460897,
              38.466966
            ],
            [
              128.449912,
              38.492772
            ],
            [
              128.438928,
              38.509971
            ],
            [
              128.438928,
              38.535762
            ],
            [
              128.427943,
              38.552951
            ],
            [
              128.427943,
              38.578727
            ],
            [
              128.416958,
              38.595905
            ],
            [
              128.405974,
              38.61308
            ],
            [
              128.394989,
              38.63025
            ],
            [
              128.384004,
              38.664579
            ],
            [
              128.37302,
              38.698891
            ],
            [
              128.362035,
              38.716041
            ],
            [
              128.351051,
              38.733186
            ],
            [
              128.340066,
              38.750328
            ],
            [
              128.329081,
              38.767465
            ],
            [
              128.296128,
              38.767465
            ],
            [
              128.263174,
              38.767465
            ],
            [
              128.241205,
              38.776033
            ],
            [
              128.219235,
              38.784599
            ],
            [
              128.208251,
              38.801728
            ],
            [
              128.186282,
              38.818853
            ],
            [
              128.175297,
              38.835974
            ],
            [
              128.164312,
              38.853091
            ],
            [
              128.153328,
              38.870204
            ],
            [
              128.131358,
              38.878759
            ],
            [
              128.109389,
              38.895865
            ],
            [
              128.08742,
              38.904417
            ],
            [
              128.065451,
              38.912968
            ],
            [
              128.054466,
              38.930066
            ],
            [
              128.032497,
              38.94716
            ],
            [
              128.021512,
              38.96425
            ],
            [
              127.999543,
              38.972794
            ],
            [
              127.988559,
              38.989878
            ],
            [
              127.977574,
              39.006958
            ],
            [
              127.966589,
              39.024033
            ],
            [
              127.94462,
              39.041105
            ],
            [
              127.933635,
              39.058172
            ],
            [
              127.922651,
              39.075236
            ],
            [
              127.900682,
              39.083766
            ],
            [
              127.889697,
              39.100823
            ],
            [
              127.867728,
              39.10935
            ],
            [
              127.845759,
              39.117876
            ],
            [
              127.823789,
              39.126401
            ],
            [
              127.80182,
              39.134925
            ],
            [
              127.779851,
              39.143448
            ],
            [
              127.757882,
              39.15197
            ],
            [
              127.735912,
              39.16049
            ],
            [
              127.702959,
              39.16049
            ],
            [
              127.680989,
              39.16901
            ],
            [
              127.65902,
              39.177529
            ],
            [
              127.637051,
              39.186047
            ],
            [
              127.615082,
              39.194563
            ],
            [
              127.593113,
              39.203079
            ],
            [
              127.560159,
              39.203079
            ],
            [
              127.538189,
              39.211594
            ],
            [
              127.505236,
              39.220107
            ],
            [
              127.461297,
              39.220107
            ],
            [
              127.428343,
              39.22862
            ],
            [
              127.406374,
              39.245642
            ],
            [
              127.406374,
              39.271167
            ],
            [
              127.406374,
              39.296683
            ],
            [
              127.428343,
              39.288179
            ],
            [
              127.417359,
              39.271167
            ],
            [
              127.384405,
              39.271167
            ],
            [
              127.417359,
              39.279674
            ],
            [
              127.428343,
              39.296683
            ],
            [
              127.417359,
              39.313689
            ],
            [
              127.417359,
              39.339189
            ],
            [
              127.439328,
              39.356184
            ],
            [
              127.450313,
              39.373176
            ],
            [
              127.461297,
              39.390162
            ],
            [
              127.483266,
              39.407145
            ],
            [
              127.494251,
              39.424124
            ],
            [
              127.505236,
              39.441098
            ],
            [
              127.494251,
              39.466552
            ],
            [
              127.483266,
              39.483517
            ],
            [
              127.472282,
              39.500477
            ],
            [
              127.461297,
              39.517433
            ],
            [
              127.450313,
              39.534384
            ],
            [
              127.439328,
              39.551332
            ],
            [
              127.439328,
              39.576746
            ],
            [
              127.439328,
              39.60215
            ],
            [
              127.439328,
              39.627545
            ],
            [
              127.450313,
              39.64447
            ],
            [
              127.450313,
              39.669849
            ],
            [
              127.450313,
              39.69522
            ],
            [
              127.450313,
              39.720581
            ],
            [
              127.450313,
              39.745932
            ],
            [
              127.450313,
              39.771274
            ],
            [
              127.450313,
              39.796607
            ],
            [
              127.450313,
              39.821931
            ],
            [
              127.439328,
              39.838808
            ],
            [
              127.417359,
              39.847245
            ],
            [
              127.384405,
              39.847245
            ],
            [
              127.351451,
              39.847245
            ],
            [
              127.318497,
              39.838808
            ],
            [
              127.285543,
              39.838808
            ],
            [
              127.25259,
              39.838808
            ],
            [
              127.23062,
              39.83037
            ],
            [
              127.208651,
              39.821931
            ],
            [
              127.197667,
              39.805049
            ],
            [
              127.164713,
              39.805049
            ],
            [
              127.142743,
              39.796607
            ],
            [
              127.120774,
              39.788164
            ],
            [
              127.08782,
              39.788164
            ],
            [
              127.054867,
              39.788164
            ],
            [
              127.021913,
              39.77972
            ],
            [
              126.988959,
              39.771274
            ],
            [
              126.956005,
              39.771274
            ],
            [
              126.934036,
              39.77972
            ],
            [
              126.912067,
              39.788164
            ],
            [
              126.901082,
              39.805049
            ],
            [
              126.890097,
              39.821931
            ],
            [
              126.879113,
              39.838808
            ],
            [
              126.868128,
              39.855681
            ],
            [
              126.857144,
              39.87255
            ],
            [
              126.835174,
              39.889415
            ],
            [
              126.82419,
              39.906275
            ],
            [
              126.82419,
              39.931558
            ],
            [
              126.813205,
              39.948409
            ],
            [
              126.802221,
              39.965255
            ],
            [
              126.791236,
              39.982097
            ],
            [
              126.780251,
              40.007352
            ],
            [
              126.769267,
              40.024183
            ],
            [
              126.758282,
              40.041011
            ],
            [
              126.747298,
              40.057834
            ],
            [
              126.725328,
              40.074653
            ],
            [
              126.714344,
              40.091468
            ],
            [
              126.703359,
              40.108279
            ],
            [
              126.68139,
              40.116683
            ],
            [
              126.648436,
              40.125086
            ],
            [
              126.626467,
              40.133487
            ],
            [
              126.604498,
              40.141888
            ],
            [
              126.582528,
              40.150288
            ],
            [
              126.549575,
              40.150288
            ],
            [
              126.516621,
              40.150288
            ],
            [
              126.494651,
              40.158686
            ],
            [
              126.461698,
              40.158686
            ],
            [
              126.428744,
              40.158686
            ],
            [
              126.39579,
              40.167084
            ],
            [
              126.362836,
              40.167084
            ],
            [
              126.329882,
              40.167084
            ],
            [
              126.307913,
              40.175481
            ],
            [
              126.274959,
              40.175481
            ],
            [
              126.242005,
              40.175481
            ],
            [
              126.209052,
              40.183876
            ],
            [
              126.176098,
              40.183876
            ],
            [
              126.154129,
              40.192271
            ],
            [
              126.121175,
              40.192271
            ],
            [
              126.099205,
              40.200664
            ],
            [
              126.066252,
              40.200664
            ],
            [
              126.044282,
              40.209057
            ],
            [
              126.011329,
              40.209057
            ],
            [
              125.989359,
              40.217448
            ],
            [
              125.96739,
              40.225838
            ],
            [
              125.934436,
              40.225838
            ],
            [
              125.901482,
              40.225838
            ],
            [
              125.879513,
              40.234228
            ],
            [
              125.857544,
              40.242616
            ],
            [
              125.846559,
              40.259389
            ],
            [
              125.835575,
              40.276158
            ],
            [
              125.835575,
              40.301305
            ],
            [
              125.813606,
              40.309684
            ],
            [
              125.802621,
              40.326441
            ],
            [
              125.780652,
              40.334818
            ],
            [
              125.747698,
              40.334818
            ],
            [
              125.725729,
              40.343194
            ],
            [
              125.692775,
              40.343194
            ],
            [
              125.670806,
              40.351569
            ],
            [
              125.648836,
              40.359942
            ],
            [
              125.626867,
              40.368315
            ],
            [
              125.604898,
              40.376687
            ],
            [
              125.571944,
              40.385057
            ],
            [
              125.53899,
              40.385057
            ],
            [
              125.506036,
              40.385057
            ],
            [
              125.473083,
              40.385057
            ],
            [
              125.451113,
              40.376687
            ],
            [
              125.407175,
              40.376687
            ],
            [
              125.374221,
              40.376687
            ],
            [
              125.352252,
              40.368315
            ],
            [
              125.330283,
              40.359942
            ],
            [
              125.297329,
              40.359942
            ],
            [
              125.27536,
              40.351569
            ],
            [
              125.25339,
              40.343194
            ],
            [
              125.220437,
              40.334818
            ],
            [
              125.198467,
              40.326441
            ],
            [
              125.165514,
              40.326441
            ],
            [
              125.143544,
              40.318063
            ],
            [
              125.121575,
              40.309684
            ],
            [
              125.099606,
              40.301305
            ],
            [
              125.077637,
              40.292924
            ],
            [
              125.055667,
              40.284542
            ],
            [
              125.033698,
              40.276158
            ],
            [
              125.022714,
              40.259389
            ],
            [
              125.000744,
              40.251003
            ],
            [
              124.98976,
              40.234228
            ],
            [
              124.967791,
              40.225838
            ],
            [
              124.945821,
              40.217448
            ],
            [
              124.912868,
              40.217448
            ],
            [
              124.879914,
              40.217448
            ],
            [
              124.857944,
              40.225838
            ],
            [
              124.824991,
              40.225838
            ],
            [
              124.792037,
              40.225838
            ],
            [
              124.759083,
              40.225838
            ],
            [
              124.726129,
              40.225838
            ],
            [
              124.70416,
              40.217448
            ],
            [
              124.682191,
              40.209057
            ],
            [
              124.660221,
              40.200664
            ],
            [
              124.638252,
              40.192271
            ],
            [
              124.627268,
              40.175481
            ],
            [
              124.605298,
              40.167084
            ],
            [
              124.594314,
              40.150288
            ],
            [
              124.583329,
              40.133487
            ],
            [
              124.583329,
              40.108279
            ],
            [
              124.583329,
              40.083061
            ],
            [
              124.572345,
              40.066244
            ],
            [
              124.550375,
              40.049423
            ],
            [
              124.528406,
              40.041011
            ],
            [
              124.517422,
              40.024183
            ],
            [
              124.506437,
              40.007352
            ],
            [
              124.506437,
              39.982097
            ],
            [
              124.495452,
              39.965255
            ],
            [
              124.484468,
              39.948409
            ],
            [
              124.473483,
              39.931558
            ],
            [
              124.473483,
              39.906275
            ],
            [
              124.484468,
              39.889415
            ],
            [
              124.484468,
              39.864116
            ],
            [
              124.495452,
              39.847245
            ],
            [
              124.506437,
              39.83037
            ],
            [
              124.517422,
              39.813491
            ],
            [
              124.528406,
              39.796607
            ],
            [
              124.539391,
              39.77972
            ],
            [
              124.56136,
              39.771274
            ],
            [
              124.572345,
              39.754381
            ],
            [
              124.583329,
              39.737483
            ],
            [
              124.605298,
              39.729032
            ],
            [
              124.616283,
              39.712128
            ],
            [
              124.638252,
              39.703674
            ],
            [
              124.660221,
              39.686764
            ],
            [
              124.693175,
              39.678307
            ],
            [
              124.715145,
              39.669849
            ],
            [
              124.748098,
              39.661391
            ],
            [
              124.770068,
              39.652931
            ],
            [
              124.803021,
              39.652931
            ],
            [
              124.814006,
              39.636008
            ],
            [
              124.835975,
              39.627545
            ],
            [
              124.84696,
              39.610616
            ],
            [
              124.868929,
              39.60215
            ],
            [
              124.901883,
              39.60215
            ],
            [
              124.934837,
              39.60215
            ],
            [
              124.967791,
              39.60215
            ],
            [
              124.98976,
              39.610616
            ],
            [
              125.000744,
              39.627545
            ],
            [
              125.022714,
              39.636008
            ],
            [
              125.044683,
              39.627545
            ],
            [
              125.055667,
              39.610616
            ],
            [
              125.077637,
              39.60215
            ],
            [
              125.099606,
              39.593683
            ],
            [
              125.121575,
              39.585215
            ],
            [
              125.143544,
              39.576746
            ],
            [
              125.176498,
              39.576746
            ],
            [
              125.198467,
              39.568275
            ],
            [
              125.231421,
              39.559804
            ],
            [
              125.264375,
              39.559804
            ],
            [
              125.286344,
              39.551332
            ],
            [
              125.319298,
              39.551332
            ],
            [
              125.330283,
              39.534384
            ],
            [
              125.341267,
              39.517433
            ],
            [
              125.341267,
              39.491997
            ],
            [
              125.341267,
              39.466552
            ],
            [
              125.330283,
              39.449584
            ],
            [
              125.319298,
              39.432612
            ],
            [
              125.319298,
              39.407145
            ],
            [
              125.319298,
              39.38167
            ],
            [
              125.330283,
              39.364681
            ],
            [
              125.341267,
              39.347687
            ],
            [
              125.363237,
              39.339189
            ],
            [
              125.374221,
              39.32219
            ],
            [
              125.385206,
              39.305187
            ],
            [
              125.407175,
              39.288179
            ],
            [
              125.407175,
              39.26266
            ],
            [
              125.407175,
              39.237131
            ],
            [
              125.407175,
              39.211594
            ],
            [
              125.407175,
              39.186047
            ],
            [
              125.385206,
              39.177529
            ],
            [
              125.363237,
              39.16901
            ],
            [
              125.341267,
              39.16049
            ],
            [
              125.319298,
              39.15197
            ],
            [
              125.297329,
              39.143448
            ],
            [
              125.286344,
              39.126401
            ],
            [
              125.27536,
              39.10935
            ],
            [
              125.264375,
              39.092295
            ],
            [
              125.264375,
              39.066705
            ],
            [
              125.25339,
              39.049639
            ],
            [
              125.242406,
              39.03257
            ],
            [
              125.231421,
              39.015496
            ],
            [
              125.220437,
              38.998418
            ],
            [
              125.209452,
              38.981336
            ],
            [
              125.209452,
              38.955706
            ],
            [
              125.198467,
              38.938614
            ],
            [
              125.187483,
              38.921517
            ],
            [
              125.176498,
              38.904417
            ],
            [
              125.165514,
              38.887312
            ],
            [
              125.143544,
              38.878759
            ],
            [
              125.121575,
              38.861648
            ],
            [
              125.110591,
              38.844533
            ],
            [
              125.099606,
              38.827414
            ],
            [
              125.088621,
              38.810291
            ],
            [
              125.077637,
              38.793164
            ],
            [
              125.088621,
              38.776033
            ],
            [
              125.110591,
              38.758897
            ],
            [
              125.13256,
              38.750328
            ],
            [
              125.165514,
              38.741758
            ],
            [
              125.187483,
              38.733186
            ],
            [
              125.198467,
              38.750328
            ],
            [
              125.198467,
              38.776033
            ],
            [
              125.209452,
              38.793164
            ],
            [
              125.220437,
              38.767465
            ],
            [
              125.242406,
              38.758897
            ],
            [
              125.25339,
              38.741758
            ],
            [
              125.27536,
              38.724614
            ],
            [
              125.286344,
              38.707466
            ],
            [
              125.297329,
              38.690314
            ],
            [
              125.297329,
              38.664579
            ],
            [
              125.286344,
              38.647417
            ],
            [
              125.27536,
              38.63025
            ],
            [
              125.25339,
              38.621666
            ],
            [
              125.220437,
              38.61308
            ],
            [
              125.187483,
              38.61308
            ],
            [
              125.154529,
              38.61308
            ],
            [
              125.121575,
              38.61308
            ],
            [
              125.099606,
              38.595905
            ],
            [
              125.066652,
              38.595905
            ],
            [
              125.044683,
              38.587317
            ],
            [
              125.011729,
              38.578727
            ],
            [
              124.98976,
              38.570136
            ],
            [
              124.967791,
              38.578727
            ],
            [
              124.956806,
              38.561544
            ],
            [
              124.934837,
              38.552951
            ],
            [
              124.923852,
              38.535762
            ],
            [
              124.912868,
              38.518569
            ],
            [
              124.901883,
              38.501372
            ],
            [
              124.901883,
              38.475569
            ],
            [
              124.901883,
              38.449756
            ],
            [
              124.901883,
              38.423934
            ],
            [
              124.890898,
              38.406715
            ],
            [
              124.879914,
              38.389491
            ],
            [
              124.857944,
              38.380878
            ],
            [
              124.835975,
              38.372263
            ],
            [
              124.824991,
              38.355031
            ],
            [
              124.814006,
              38.337795
            ],
            [
              124.803021,
              38.320555
            ],
            [
              124.803021,
              38.294687
            ],
            [
              124.792037,
              38.277436
            ],
            [
              124.781052,
              38.260182
            ],
            [
              124.781052,
              38.234292
            ],
            [
              124.770068,
              38.217028
            ],
            [
              124.781052,
              38.182486
            ],
            [
              124.781052,
              38.156569
            ],
            [
              124.792037,
              38.139285
            ],
            [
              124.803021,
              38.121998
            ],
            [
              124.824991,
              38.113353
            ],
            [
              124.857944,
              38.113353
            ],
            [
              124.879914,
              38.104707
            ],
            [
              124.912868,
              38.104707
            ],
            [
              124.934837,
              38.096059
            ],
            [
              124.967791,
              38.096059
            ],
            [
              124.978775,
              38.113353
            ],
            [
              124.967791,
              38.096059
            ],
            [
              124.956806,
              38.078762
            ],
            [
              124.956806,
              38.052808
            ],
            [
              124.967791,
              38.0355
            ],
            [
              124.967791,
              38.009531
            ],
            [
              124.978775,
              37.992213
            ],
            [
              124.978775,
              37.966228
            ],
            [
              124.98976,
              37.9489
            ],
            [
              125.011729,
              37.931568
            ],
            [
              125.033698,
              37.9229
            ],
            [
              125.044683,
              37.905561
            ],
            [
              125.055667,
              37.888219
            ],
            [
              125.077637,
              37.879546
            ],
            [
              125.088621,
              37.862198
            ],
            [
              125.110591,
              37.853522
            ],
            [
              125.13256,
              37.844845
            ],
            [
              125.154529,
              37.827488
            ],
            [
              125.187483,
              37.810127
            ],
            [
              125.209452,
              37.801445
            ],
            [
              125.231421,
              37.792762
            ],
            [
              125.264375,
              37.784078
            ],
            [
              125.297329,
              37.784078
            ],
            [
              125.319298,
              37.775393
            ],
            [
              125.352252,
              37.775393
            ],
            [
              125.385206,
              37.775393
            ],
            [
              125.41816,
              37.775393
            ],
            [
              125.440129,
              37.784078
            ],
            [
              125.484067,
              37.784078
            ],
            [
              125.517021,
              37.784078
            ],
            [
              125.53899,
              37.792762
            ],
            [
              125.571944,
              37.801445
            ],
            [
              125.593913,
              37.810127
            ],
            [
              125.615883,
              37.818808
            ],
            [
              125.637852,
              37.827488
            ],
            [
              125.659821,
              37.836167
            ],
            [
              125.68179,
              37.853522
            ],
            [
              125.703759,
              37.862198
            ],
            [
              125.714744,
              37.879546
            ],
            [
              125.736713,
              37.888219
            ],
            [
              125.758683,
              37.896891
            ],
            [
              125.780652,
              37.905561
            ],
            [
              125.813606,
              37.914231
            ],
            [
              125.846559,
              37.914231
            ],
            [
              125.835575,
              37.896891
            ],
            [
              125.846559,
              37.879546
            ],
            [
              125.857544,
              37.862198
            ],
            [
              125.868529,
              37.836167
            ],
            [
              125.879513,
              37.818808
            ],
            [
              125.890498,
              37.801445
            ],
            [
              125.912467,
              37.784078
            ],
            [
              125.934436,
              37.775393
            ],
            [
              125.956406,
              37.766707
            ],
            [
              125.978375,
              37.75802
            ],
            [
              126.000344,
              37.749332
            ],
            [
              126.033298,
              37.749332
            ],
            [
              126.044282,
              37.731952
            ],
            [
              126.055267,
              37.714569
            ],
            [
              126.066252,
              37.697182
            ],
            [
              126.088221,
              37.688486
            ],
            [
              126.11019,
              37.67979
            ],
            [
              126.132159,
              37.671093
            ],
            [
              126.165113,
              37.671093
            ],
            [
              126.198067,
              37.671093
            ],
            [
              126.231021,
              37.671093
            ],
            [
              126.263975,
              37.662395
            ],
            [
              126.274959,
              37.644995
            ],
            [
              126.285944,
              37.618888
            ],
            [
              126.307913,
              37.610183
            ],
            [
              126.318898,
              37.592771
            ],
            [
              126.329882,
              37.566646
            ],
            [
              126.329882,
              37.540511
            ],
            [
              126.329882,
              37.514367
            ],
            [
              126.329882,
              37.488214
            ],
            [
              126.351852,
              37.479495
            ],
            [
              126.362836,
              37.462052
            ],
            [
              126.384805,
              37.45333
            ],
            [
              126.406775,
              37.444606
            ],
            [
              126.417759,
              37.427155
            ],
            [
              126.428744,
              37.409701
            ],
            [
              126.439728,
              37.392242
            ],
            [
              126.439728,
              37.366046
            ],
            [
              126.450713,
              37.348577
            ],
            [
              126.461698,
              37.322366
            ],
            [
              126.461698,
              37.296146
            ],
            [
              126.472682,
              37.278661
            ],
            [
              126.483667,
              37.261172
            ],
            [
              126.494651,
              37.243679
            ],
            [
              126.505636,
              37.226181
            ],
            [
              126.516621,
              37.20868
            ],
            [
              126.527605,
              37.191174
            ],
            [
              126.53859,
              37.173665
            ],
            [
              126.549575,
              37.156151
            ],
            [
              126.53859,
              37.129873
            ],
            [
              126.527605,
              37.11235
            ],
            [
              126.505636,
              37.094822
            ],
            [
              126.483667,
              37.086056
            ],
            [
              126.461698,
              37.07729
            ],
            [
              126.439728,
              37.068523
            ],
            [
              126.417759,
              37.059754
            ],
            [
              126.39579,
              37.050985
            ],
            [
              126.373821,
              37.042214
            ],
            [
              126.351852,
              37.033443
            ],
            [
              126.318898,
              37.033443
            ],
            [
              126.296928,
              37.02467
            ],
            [
              126.274959,
              37.015897
            ],
            [
              126.25299,
              37.007122
            ],
            [
              126.25299,
              36.980792
            ],
            [
              126.242005,
              36.963234
            ],
            [
              126.231021,
              36.945672
            ],
            [
              126.220036,
              36.928106
            ],
            [
              126.198067,
              36.919321
            ],
            [
              126.187082,
              36.901749
            ],
            [
              126.165113,
              36.892961
            ],
            [
              126.154129,
              36.875383
            ],
            [
              126.143144,
              36.8578
            ],
            [
              126.121175,
              36.849008
            ],
            [
              126.121175,
              36.849008
            ],
            [
              126.099205,
              36.849008
            ]
          ]
        ]
      }
    },
    {
      "type": "Feature",
      "properties": {
        "NAME": "Jin",
        "name": "Jin",
        "color": "#ef4444",
        "fill": "#ef4444",
        "fill-opacity": 0.5,
        "stroke": "#ef4444",
        "stroke-width": 2,
        "originalType": "polyline",
        "CODE": "10"
      },
      "geometry": {
        "type": "Polygon",
        "coordinates": [
          [
            [
              121.498187,
              39.309164
            ],
            [
              121.629996,
              39.275158
            ],
            [
              121.717869,
              39.241136
            ],
            [
              121.805741,
              39.275158
            ],
            [
              121.937551,
              39.275158
            ],
            [
              122.113296,
              39.343152
            ],
            [
              122.376914,
              39.343152
            ],
            [
              122.640532,
              39.343152
            ],
            [
              122.772341,
              39.377125
            ],
            [
              122.816277,
              39.44502
            ],
            [
              122.860214,
              39.512849
            ],
            [
              122.860214,
              39.614468
            ],
            [
              122.992023,
              39.614468
            ],
            [
              123.079895,
              39.648308
            ],
            [
              123.123832,
              39.715938
            ],
            [
              123.211704,
              39.749729
            ],
            [
              123.299577,
              39.783503
            ],
            [
              123.38745,
              39.81726
            ],
            [
              123.519259,
              39.851
            ],
            [
              123.651068,
              39.884724
            ],
            [
              123.738941,
              39.918432
            ],
            [
              123.826813,
              39.952123
            ],
            [
              123.914686,
              39.985797
            ],
            [
              124.134368,
              39.985797
            ],
            [
              124.266177,
              39.985797
            ],
            [
              124.397986,
              40.019455
            ],
            [
              124.529795,
              40.019455
            ],
            [
              124.573731,
              40.08672
            ],
            [
              124.617667,
              40.15392
            ],
            [
              124.70554,
              40.187494
            ],
            [
              124.793413,
              40.221053
            ],
            [
              124.925222,
              40.221053
            ],
            [
              125.057031,
              40.221053
            ],
            [
              125.18884,
              40.221053
            ],
            [
              125.276713,
              40.254594
            ],
            [
              125.320649,
              40.321627
            ],
            [
              125.408522,
              40.355119
            ],
            [
              125.496394,
              40.388594
            ],
            [
              125.584267,
              40.422052
            ],
            [
              125.540331,
              40.488919
            ],
            [
              125.496394,
              40.555719
            ],
            [
              125.452458,
              40.622453
            ],
            [
              125.408522,
              40.68912
            ],
            [
              125.364585,
              40.75572
            ],
            [
              125.320649,
              40.822254
            ],
            [
              125.320649,
              40.92193
            ],
            [
              125.320649,
              41.021456
            ],
            [
              125.320649,
              41.120831
            ],
            [
              125.320649,
              41.253098
            ],
            [
              125.276713,
              41.319131
            ],
            [
              125.276713,
              41.418055
            ],
            [
              125.18884,
              41.450997
            ],
            [
              125.100967,
              41.51683
            ],
            [
              125.057031,
              41.582595
            ],
            [
              125.013095,
              41.648294
            ],
            [
              124.969158,
              41.713926
            ],
            [
              124.925222,
              41.779491
            ],
            [
              124.881285,
              41.844989
            ],
            [
              124.881285,
              41.94311
            ],
            [
              124.881285,
              42.041081
            ],
            [
              124.925222,
              42.106311
            ],
            [
              124.969158,
              42.171474
            ],
            [
              124.969158,
              42.269092
            ],
            [
              124.969158,
              42.36656
            ],
            [
              124.925222,
              42.431455
            ],
            [
              124.837349,
              42.496282
            ],
            [
              124.749476,
              42.561042
            ],
            [
              124.617667,
              42.658057
            ],
            [
              124.485858,
              42.722649
            ],
            [
              124.441922,
              42.787175
            ],
            [
              124.397986,
              42.851633
            ],
            [
              124.310113,
              42.916024
            ],
            [
              124.266177,
              42.980347
            ],
            [
              124.178304,
              43.012484
            ],
            [
              124.090431,
              43.076707
            ],
            [
              124.002559,
              43.108793
            ],
            [
              123.914686,
              43.140862
            ],
            [
              123.87075,
              43.204951
            ],
            [
              123.782877,
              43.268972
            ],
            [
              123.782877,
              43.364877
            ],
            [
              123.782877,
              43.460631
            ],
            [
              123.738941,
              43.556234
            ],
            [
              123.695004,
              43.619885
            ],
            [
              123.651068,
              43.683469
            ],
            [
              123.563195,
              43.746985
            ],
            [
              123.519259,
              43.810434
            ],
            [
              123.475323,
              43.873816
            ],
            [
              123.431386,
              43.93713
            ],
            [
              123.431386,
              44.031975
            ],
            [
              123.475323,
              44.126669
            ],
            [
              123.475323,
              44.221211
            ],
            [
              123.475323,
              44.315602
            ],
            [
              123.431386,
              44.409841
            ],
            [
              123.38745,
              44.472582
            ],
            [
              123.343513,
              44.535257
            ],
            [
              123.299577,
              44.629142
            ],
            [
              123.255641,
              44.722876
            ],
            [
              123.167768,
              44.785281
            ],
            [
              123.123832,
              44.847618
            ],
            [
              123.035959,
              44.878761
            ],
            [
              122.948086,
              44.940998
            ],
            [
              122.816277,
              44.972091
            ],
            [
              122.728405,
              45.003167
            ],
            [
              122.640532,
              45.034226
            ],
            [
              122.508723,
              45.065268
            ],
            [
              122.42085,
              45.096294
            ],
            [
              122.201169,
              45.158294
            ],
            [
              122.025423,
              45.158294
            ],
            [
              121.937551,
              45.189269
            ],
            [
              121.849678,
              45.251169
            ],
            [
              121.761805,
              45.282093
            ],
            [
              121.629996,
              45.313001
            ],
            [
              121.542123,
              45.343892
            ],
            [
              121.454251,
              45.405623
            ],
            [
              121.366378,
              45.436463
            ],
            [
              121.278505,
              45.467286
            ],
            [
              121.146696,
              45.528882
            ],
            [
              121.058824,
              45.590411
            ],
            [
              120.970951,
              45.651873
            ],
            [
              120.927015,
              45.713267
            ],
            [
              120.883078,
              45.774593
            ],
            [
              120.839142,
              45.835853
            ],
            [
              120.795206,
              45.897045
            ],
            [
              120.751269,
              45.958169
            ],
            [
              120.751269,
              46.04973
            ],
            [
              120.751269,
              46.141139
            ],
            [
              120.795206,
              46.201994
            ],
            [
              120.839142,
              46.293151
            ],
            [
              120.927015,
              46.384156
            ],
            [
              120.970951,
              46.444742
            ],
            [
              121.014887,
              46.50526
            ],
            [
              121.190633,
              46.626096
            ],
            [
              121.234569,
              46.686413
            ],
            [
              121.322442,
              46.716546
            ],
            [
              121.454251,
              46.776762
            ],
            [
              121.629996,
              46.866959
            ],
            [
              121.761805,
              46.927007
            ],
            [
              121.849678,
              46.986987
            ],
            [
              122.025423,
              47.046901
            ],
            [
              122.06936,
              47.106747
            ],
            [
              122.157232,
              47.136644
            ],
            [
              122.201169,
              47.19639
            ],
            [
              122.289041,
              47.226237
            ],
            [
              122.332978,
              47.285882
            ],
            [
              122.42085,
              47.345459
            ],
            [
              122.464787,
              47.434699
            ],
            [
              122.552659,
              47.494108
            ],
            [
              122.596596,
              47.55345
            ],
            [
              122.640532,
              47.612725
            ],
            [
              122.684468,
              47.701512
            ],
            [
              122.728405,
              47.76062
            ],
            [
              122.772341,
              47.81966
            ],
            [
              122.816277,
              47.908095
            ],
            [
              122.816277,
              47.996378
            ],
            [
              122.860214,
              48.05515
            ],
            [
              122.860214,
              48.143183
            ],
            [
              122.860214,
              48.231065
            ],
            [
              122.860214,
              48.318796
            ],
            [
              122.816277,
              48.3772
            ],
            [
              122.728405,
              48.406376
            ],
            [
              122.640532,
              48.3772
            ],
            [
              122.552659,
              48.318796
            ],
            [
              122.508723,
              48.260325
            ],
            [
              122.42085,
              48.231065
            ],
            [
              122.332978,
              48.201788
            ],
            [
              122.289041,
              48.143183
            ],
            [
              122.201169,
              48.113856
            ],
            [
              122.113296,
              48.05515
            ],
            [
              122.06936,
              47.996378
            ],
            [
              121.981487,
              47.966967
            ],
            [
              121.937551,
              47.908095
            ],
            [
              121.893614,
              47.849155
            ],
            [
              121.805741,
              47.81966
            ],
            [
              121.761805,
              47.76062
            ],
            [
              121.717869,
              47.701512
            ],
            [
              121.629996,
              47.642338
            ],
            [
              121.58606,
              47.583096
            ],
            [
              121.498187,
              47.55345
            ],
            [
              121.454251,
              47.494108
            ],
            [
              121.366378,
              47.464412
            ],
            [
              121.278505,
              47.434699
            ],
            [
              121.234569,
              47.375222
            ],
            [
              121.146696,
              47.345459
            ],
            [
              121.10276,
              47.256068
            ],
            [
              121.058824,
              47.19639
            ],
            [
              120.970951,
              47.166525
            ],
            [
              120.927015,
              47.106747
            ],
            [
              120.795206,
              47.046901
            ],
            [
              120.751269,
              46.986987
            ],
            [
              120.663397,
              46.957006
            ],
            [
              120.575524,
              46.896991
            ],
            [
              120.487651,
              46.866959
            ],
            [
              120.355842,
              46.776762
            ],
            [
              120.224033,
              46.716546
            ],
            [
              120.13616,
              46.686413
            ],
            [
              120.004351,
              46.626096
            ],
            [
              119.916479,
              46.595912
            ],
            [
              119.78467,
              46.595912
            ],
            [
              119.696797,
              46.565712
            ],
            [
              119.564988,
              46.535494
            ],
            [
              119.433179,
              46.535494
            ],
            [
              119.345306,
              46.50526
            ],
            [
              119.213497,
              46.50526
            ],
            [
              119.125625,
              46.47501
            ],
            [
              118.949879,
              46.444742
            ],
            [
              118.862007,
              46.414457
            ],
            [
              118.774134,
              46.384156
            ],
            [
              118.686261,
              46.353838
            ],
            [
              118.598388,
              46.323503
            ],
            [
              118.510516,
              46.293151
            ],
            [
              118.378707,
              46.232397
            ],
            [
              118.290834,
              46.171575
            ],
            [
              118.202961,
              46.141139
            ],
            [
              118.159025,
              46.080216
            ],
            [
              118.071152,
              46.04973
            ],
            [
              117.98328,
              45.988706
            ],
            [
              117.939343,
              45.927615
            ],
            [
              117.851471,
              45.866457
            ],
            [
              117.807534,
              45.805231
            ],
            [
              117.719662,
              45.743938
            ],
            [
              117.631789,
              45.682578
            ],
            [
              117.587853,
              45.62115
            ],
            [
              117.543916,
              45.528882
            ],
            [
              117.49998,
              45.467286
            ],
            [
              117.49998,
              45.374766
            ],
            [
              117.49998,
              45.282093
            ],
            [
              117.456044,
              45.220228
            ],
            [
              117.456044,
              45.127303
            ],
            [
              117.368171,
              45.065268
            ],
            [
              117.324235,
              44.972091
            ],
            [
              117.280298,
              44.878761
            ],
            [
              117.236362,
              44.816458
            ],
            [
              117.192425,
              44.754086
            ],
            [
              117.148489,
              44.660403
            ],
            [
              117.104553,
              44.566569
            ],
            [
              117.060616,
              44.503928
            ],
            [
              117.01668,
              44.44122
            ],
            [
              116.928807,
              44.409841
            ],
            [
              116.884871,
              44.347031
            ],
            [
              116.796998,
              44.315602
            ],
            [
              116.709126,
              44.252691
            ],
            [
              116.621253,
              44.221211
            ],
            [
              116.53338,
              44.189714
            ],
            [
              116.445508,
              44.1582
            ],
            [
              116.357635,
              44.126669
            ],
            [
              116.269762,
              44.095121
            ],
            [
              116.137953,
              44.095121
            ],
            [
              116.050081,
              44.063557
            ],
            [
              115.874335,
              44.063557
            ],
            [
              115.69859,
              44.000377
            ],
            [
              115.610717,
              43.968762
            ],
            [
              115.522844,
              43.905481
            ],
            [
              115.434972,
              43.873816
            ],
            [
              115.347099,
              43.842133
            ],
            [
              115.259226,
              43.810434
            ],
            [
              115.171354,
              43.778718
            ],
            [
              115.083481,
              43.746985
            ],
            [
              114.995608,
              43.715235
            ],
            [
              114.819863,
              43.651685
            ],
            [
              114.73199,
              43.619885
            ],
            [
              114.600181,
              43.588068
            ],
            [
              114.512309,
              43.556234
            ],
            [
              114.424436,
              43.524383
            ],
            [
              114.336563,
              43.492516
            ],
            [
              114.24869,
              43.460631
            ],
            [
              114.160818,
              43.42873
            ],
            [
              114.072945,
              43.396812
            ],
            [
              114.029009,
              43.332925
            ],
            [
              113.941136,
              43.300957
            ],
            [
              113.853263,
              43.23697
            ],
            [
              113.809327,
              43.172915
            ],
            [
              113.721454,
              43.140862
            ],
            [
              113.633582,
              43.108793
            ],
            [
              113.545709,
              43.076707
            ],
            [
              113.457836,
              43.044604
            ],
            [
              113.369964,
              43.012484
            ],
            [
              113.282091,
              42.980347
            ],
            [
              113.150282,
              42.948194
            ],
            [
              113.062409,
              42.916024
            ],
            [
              112.974537,
              42.883837
            ],
            [
              112.886664,
              42.851633
            ],
            [
              112.754855,
              42.851633
            ],
            [
              112.666982,
              42.819412
            ],
            [
              112.535173,
              42.787175
            ],
            [
              112.403364,
              42.754921
            ],
            [
              112.271555,
              42.722649
            ],
            [
              112.139746,
              42.690362
            ],
            [
              111.964001,
              42.658057
            ],
            [
              111.876128,
              42.625736
            ],
            [
              111.788255,
              42.593397
            ],
            [
              111.656446,
              42.593397
            ],
            [
              111.568574,
              42.561042
            ],
            [
              111.436765,
              42.528671
            ],
            [
              111.304956,
              42.528671
            ],
            [
              111.173146,
              42.528671
            ],
            [
              111.041337,
              42.496282
            ],
            [
              110.865592,
              42.496282
            ],
            [
              110.64591,
              42.463877
            ],
            [
              110.470165,
              42.431455
            ],
            [
              110.338356,
              42.431455
            ],
            [
              110.206547,
              42.399016
            ],
            [
              110.074738,
              42.399016
            ],
            [
              109.942929,
              42.399016
            ],
            [
              109.723247,
              42.36656
            ],
            [
              109.503565,
              42.36656
            ],
            [
              109.415693,
              42.334088
            ],
            [
              109.283884,
              42.301598
            ],
            [
              109.196011,
              42.269092
            ],
            [
              109.108138,
              42.23657
            ],
            [
              108.976329,
              42.20403
            ],
            [
              108.888457,
              42.171474
            ],
            [
              108.84452,
              42.106311
            ],
            [
              108.756648,
              42.073704
            ],
            [
              108.800584,
              42.008441
            ],
            [
              108.756648,
              41.94311
            ],
            [
              108.756648,
              41.844989
            ],
            [
              108.756648,
              41.746717
            ],
            [
              108.756648,
              41.648294
            ],
            [
              108.756648,
              41.549721
            ],
            [
              108.756648,
              41.450997
            ],
            [
              108.712711,
              41.385097
            ],
            [
              108.712711,
              41.286123
            ],
            [
              108.712711,
              41.186998
            ],
            [
              108.668775,
              41.087723
            ],
            [
              108.624839,
              40.988297
            ],
            [
              108.580902,
              40.888721
            ],
            [
              108.536966,
              40.822254
            ],
            [
              108.49303,
              40.75572
            ],
            [
              108.449093,
              40.68912
            ],
            [
              108.405157,
              40.622453
            ],
            [
              108.317284,
              40.555719
            ],
            [
              108.273348,
              40.488919
            ],
            [
              108.185475,
              40.422052
            ],
            [
              108.097602,
              40.355119
            ],
            [
              108.053666,
              40.288119
            ],
            [
              108.00973,
              40.221053
            ],
            [
              107.965793,
              40.15392
            ],
            [
              107.877921,
              40.053096
            ],
            [
              107.877921,
              39.952123
            ],
            [
              107.921857,
              39.884724
            ],
            [
              107.965793,
              39.81726
            ],
            [
              108.00973,
              39.749729
            ],
            [
              108.097602,
              39.715938
            ],
            [
              108.185475,
              39.682132
            ],
            [
              108.273348,
              39.614468
            ],
            [
              108.361221,
              39.546738
            ],
            [
              108.405157,
              39.478943
            ],
            [
              108.49303,
              39.411081
            ],
            [
              108.536966,
              39.343152
            ],
            [
              108.624839,
              39.275158
            ],
            [
              108.668775,
              39.207098
            ],
            [
              108.668775,
              39.07078
            ],
            [
              108.668775,
              38.968368
            ],
            [
              108.668775,
              38.865807
            ],
            [
              108.712711,
              38.763099
            ],
            [
              108.756648,
              38.694544
            ],
            [
              108.800584,
              38.625924
            ],
            [
              108.888457,
              38.591589
            ],
            [
              108.932393,
              38.52287
            ],
            [
              109.020266,
              38.488486
            ],
            [
              109.108138,
              38.454086
            ],
            [
              109.283884,
              38.419669
            ],
            [
              109.503565,
              38.350786
            ],
            [
              109.591438,
              38.31632
            ],
            [
              109.767184,
              38.247338
            ],
            [
              109.986865,
              38.212823
            ],
            [
              110.118674,
              38.212823
            ],
            [
              110.206547,
              38.178291
            ],
            [
              110.29442,
              38.143743
            ],
            [
              110.382292,
              38.074598
            ],
            [
              110.470165,
              38.005388
            ],
            [
              110.558038,
              37.970758
            ],
            [
              110.64591,
              37.936112
            ],
            [
              110.733783,
              37.901449
            ],
            [
              110.821656,
              37.86677
            ],
            [
              110.909528,
              37.832075
            ],
            [
              111.041337,
              37.797364
            ],
            [
              111.217083,
              37.797364
            ],
            [
              111.304956,
              37.762636
            ],
            [
              111.436765,
              37.762636
            ],
            [
              111.524637,
              37.693131
            ],
            [
              111.61251,
              37.658355
            ],
            [
              111.656446,
              37.588752
            ],
            [
              111.524637,
              37.553927
            ],
            [
              111.392828,
              37.553927
            ],
            [
              111.304956,
              37.519085
            ],
            [
              111.173146,
              37.484227
            ],
            [
              111.041337,
              37.449352
            ],
            [
              110.821656,
              37.379555
            ],
            [
              110.689847,
              37.344631
            ],
            [
              110.601974,
              37.309692
            ],
            [
              110.470165,
              37.274736
            ],
            [
              110.338356,
              37.239764
            ],
            [
              110.250483,
              37.204776
            ],
            [
              110.162611,
              37.169772
            ],
            [
              110.030802,
              37.134751
            ],
            [
              109.942929,
              37.099714
            ],
            [
              109.81112,
              37.064661
            ],
            [
              109.723247,
              37.029592
            ],
            [
              109.635374,
              36.994507
            ],
            [
              109.547502,
              36.959405
            ],
            [
              109.371756,
              36.924287
            ],
            [
              109.32782,
              36.854003
            ],
            [
              109.283884,
              36.783654
            ],
            [
              109.239947,
              36.71324
            ],
            [
              109.196011,
              36.642762
            ],
            [
              109.108138,
              36.536924
            ],
            [
              109.064202,
              36.466285
            ],
            [
              109.020266,
              36.395581
            ],
            [
              108.976329,
              36.324813
            ],
            [
              108.932393,
              36.25398
            ],
            [
              108.932393,
              36.147611
            ],
            [
              108.888457,
              36.076618
            ],
            [
              108.84452,
              36.00556
            ],
            [
              108.800584,
              35.898854
            ],
            [
              108.800584,
              35.792004
            ],
            [
              108.712711,
              35.720691
            ],
            [
              108.668775,
              35.577873
            ],
            [
              108.624839,
              35.506368
            ],
            [
              108.580902,
              35.434799
            ],
            [
              108.536966,
              35.327327
            ],
            [
              108.536966,
              35.219712
            ],
            [
              108.449093,
              35.183808
            ],
            [
              108.361221,
              35.111954
            ],
            [
              108.229412,
              35.076003
            ],
            [
              108.141539,
              35.004053
            ],
            [
              108.053666,
              34.968054
            ],
            [
              107.965793,
              34.93204
            ],
            [
              107.877921,
              34.896009
            ],
            [
              107.702175,
              34.896009
            ],
            [
              107.52643,
              34.859963
            ],
            [
              107.394621,
              34.859963
            ],
            [
              107.306748,
              34.823902
            ],
            [
              107.218876,
              34.859963
            ],
            [
              107.04313,
              34.93204
            ],
            [
              106.955258,
              34.968054
            ],
            [
              106.867385,
              35.004053
            ],
            [
              106.779512,
              35.040036
            ],
            [
              106.735576,
              35.111954
            ],
            [
              106.647703,
              35.147889
            ],
            [
              106.55983,
              35.183808
            ],
            [
              106.384085,
              35.183808
            ],
            [
              106.20834,
              35.147889
            ],
            [
              106.164403,
              35.076003
            ],
            [
              106.076531,
              35.040036
            ],
            [
              105.988658,
              34.93204
            ],
            [
              105.900785,
              34.859963
            ],
            [
              105.856849,
              34.787824
            ],
            [
              105.768976,
              34.715621
            ],
            [
              105.681104,
              34.679496
            ],
            [
              105.549295,
              34.679496
            ],
            [
              105.417486,
              34.643355
            ],
            [
              105.285677,
              34.643355
            ],
            [
              105.153867,
              34.643355
            ],
            [
              104.934186,
              34.607199
            ],
            [
              104.846313,
              34.571027
            ],
            [
              104.714504,
              34.571027
            ],
            [
              104.626631,
              34.534838
            ],
            [
              104.494822,
              34.534838
            ],
            [
              104.363013,
              34.534838
            ],
            [
              104.231204,
              34.498635
            ],
            [
              104.143332,
              34.462415
            ],
            [
              103.92365,
              34.42618
            ],
            [
              103.572159,
              34.353662
            ],
            [
              103.484286,
              34.31738
            ],
            [
              103.396414,
              34.244768
            ],
            [
              103.308541,
              34.172094
            ],
            [
              103.220668,
              34.135733
            ],
            [
              103.132796,
              34.099357
            ],
            [
              103.044923,
              34.062965
            ],
            [
              102.95705,
              34.026557
            ],
            [
              102.869178,
              33.990134
            ],
            [
              102.561623,
              33.917241
            ],
            [
              102.517687,
              33.844285
            ],
            [
              102.517687,
              33.734734
            ],
            [
              102.561623,
              33.661623
            ],
            [
              102.60556,
              33.588449
            ],
            [
              102.60556,
              33.478572
            ],
            [
              102.649496,
              33.405243
            ],
            [
              102.693432,
              33.331852
            ],
            [
              102.737369,
              33.2584
            ],
            [
              102.781305,
              33.184885
            ],
            [
              102.781305,
              33.074498
            ],
            [
              102.781305,
              32.963971
            ],
            [
              102.737369,
              32.89021
            ],
            [
              102.737369,
              32.779454
            ],
            [
              102.825241,
              32.742504
            ],
            [
              102.913114,
              32.705539
            ],
            [
              103.000987,
              32.668559
            ],
            [
              103.088859,
              32.631563
            ],
            [
              103.176732,
              32.594552
            ],
            [
              103.264605,
              32.520485
            ],
            [
              103.352477,
              32.483428
            ],
            [
              103.44035,
              32.446356
            ],
            [
              103.528223,
              32.409269
            ],
            [
              103.616095,
              32.372166
            ],
            [
              103.703968,
              32.335048
            ],
            [
              103.879714,
              32.297915
            ],
            [
              104.011523,
              32.223604
            ],
            [
              104.187268,
              32.223604
            ],
            [
              104.319077,
              32.223604
            ],
            [
              104.363013,
              32.149232
            ],
            [
              104.450886,
              32.112023
            ],
            [
              104.538759,
              32.074798
            ],
            [
              104.626631,
              32.037559
            ],
            [
              104.75844,
              32.000305
            ],
            [
              104.890249,
              31.963035
            ],
            [
              105.022058,
              31.963035
            ],
            [
              105.153867,
              31.92575
            ],
            [
              105.24174,
              31.888451
            ],
            [
              105.373549,
              31.888451
            ],
            [
              105.505358,
              31.888451
            ],
            [
              105.637167,
              31.888451
            ],
            [
              105.856849,
              31.851136
            ],
            [
              105.988658,
              31.851136
            ],
            [
              106.076531,
              31.888451
            ],
            [
              106.164403,
              31.92575
            ],
            [
              106.296212,
              31.888451
            ],
            [
              106.428021,
              31.888451
            ],
            [
              106.603767,
              31.888451
            ],
            [
              106.823449,
              31.888451
            ],
            [
              106.999194,
              31.92575
            ],
            [
              107.218876,
              31.92575
            ],
            [
              107.350685,
              31.92575
            ],
            [
              107.482494,
              31.92575
            ],
            [
              107.570366,
              31.888451
            ],
            [
              107.746112,
              31.851136
            ],
            [
              108.053666,
              31.813806
            ],
            [
              108.273348,
              31.813806
            ],
            [
              108.49303,
              31.77646
            ],
            [
              108.580902,
              31.7391
            ],
            [
              108.668775,
              31.77646
            ],
            [
              108.800584,
              31.77646
            ],
            [
              108.888457,
              31.813806
            ],
            [
              109.020266,
              31.813806
            ],
            [
              109.152075,
              31.813806
            ],
            [
              109.283884,
              31.813806
            ],
            [
              109.371756,
              31.851136
            ],
            [
              109.591438,
              31.888451
            ],
            [
              109.679311,
              31.92575
            ],
            [
              109.942929,
              31.92575
            ],
            [
              110.074738,
              31.92575
            ],
            [
              110.338356,
              31.963035
            ],
            [
              110.514101,
              32.000305
            ],
            [
              110.64591,
              31.963035
            ],
            [
              110.865592,
              32.000305
            ],
            [
              111.041337,
              32.000305
            ],
            [
              111.261019,
              32.074798
            ],
            [
              111.480701,
              32.074798
            ],
            [
              111.568574,
              32.112023
            ],
            [
              111.656446,
              32.149232
            ],
            [
              111.788255,
              32.186425
            ],
            [
              111.876128,
              32.223604
            ],
            [
              112.007937,
              32.223604
            ],
            [
              112.139746,
              32.223604
            ],
            [
              112.271555,
              32.223604
            ],
            [
              112.359428,
              32.260767
            ],
            [
              112.491237,
              32.260767
            ],
            [
              112.623046,
              32.186425
            ],
            [
              112.710918,
              32.149232
            ],
            [
              112.798791,
              32.112023
            ],
            [
              112.9306,
              32.074798
            ],
            [
              113.062409,
              32.074798
            ],
            [
              113.238155,
              32.074798
            ],
            [
              113.4139,
              32.074798
            ],
            [
              113.545709,
              32.074798
            ],
            [
              113.721454,
              32.112023
            ],
            [
              113.809327,
              32.074798
            ],
            [
              113.941136,
              32.037559
            ],
            [
              114.029009,
              32.000305
            ],
            [
              114.116881,
              31.963035
            ],
            [
              114.204754,
              31.92575
            ],
            [
              114.424436,
              31.92575
            ],
            [
              114.644118,
              31.92575
            ],
            [
              114.775927,
              31.92575
            ],
            [
              115.434972,
              31.92575
            ],
            [
              115.69859,
              31.92575
            ],
            [
              116.094017,
              32.037559
            ],
            [
              116.357635,
              32.074798
            ],
            [
              116.489444,
              32.112023
            ],
            [
              116.665189,
              32.186425
            ],
            [
              116.753062,
              32.223604
            ],
            [
              116.884871,
              32.260767
            ],
            [
              116.972744,
              32.335048
            ],
            [
              117.01668,
              32.409269
            ],
            [
              117.060616,
              32.483428
            ],
            [
              117.104553,
              32.557526
            ],
            [
              117.148489,
              32.631563
            ],
            [
              117.192425,
              32.742504
            ],
            [
              117.236362,
              32.816388
            ],
            [
              117.280298,
              32.927099
            ],
            [
              117.324235,
              33.000829
            ],
            [
              117.368171,
              33.074498
            ],
            [
              117.456044,
              33.111309
            ],
            [
              117.543916,
              33.148105
            ],
            [
              117.631789,
              33.2584
            ],
            [
              117.719662,
              33.331852
            ],
            [
              117.807534,
              33.368555
            ],
            [
              117.851471,
              33.478572
            ],
            [
              118.071152,
              33.625044
            ],
            [
              118.202961,
              33.698186
            ],
            [
              118.290834,
              33.734734
            ],
            [
              118.378707,
              33.807783
            ],
            [
              118.422643,
              33.88077
            ],
            [
              118.510516,
              33.917241
            ],
            [
              118.642325,
              33.990134
            ],
            [
              118.730197,
              34.062965
            ],
            [
              118.81807,
              34.099357
            ],
            [
              118.905943,
              34.135733
            ],
            [
              119.037752,
              34.172094
            ],
            [
              119.169561,
              34.208439
            ],
            [
              119.257434,
              34.281082
            ],
            [
              119.389243,
              34.31738
            ],
            [
              119.477115,
              34.353662
            ],
            [
              119.652861,
              34.353662
            ],
            [
              119.828606,
              34.353662
            ],
            [
              119.916479,
              34.31738
            ],
            [
              120.048288,
              34.281082
            ],
            [
              120.180097,
              34.281082
            ],
            [
              120.267969,
              34.244768
            ],
            [
              120.311906,
              34.31738
            ],
            [
              120.355842,
              34.389929
            ],
            [
              120.487651,
              34.462415
            ],
            [
              120.443715,
              34.534838
            ],
            [
              120.355842,
              34.571027
            ],
            [
              120.267969,
              34.607199
            ],
            [
              120.13616,
              34.643355
            ],
            [
              120.048288,
              34.715621
            ],
            [
              119.916479,
              34.75173
            ],
            [
              119.828606,
              34.787824
            ],
            [
              119.740733,
              34.823902
            ],
            [
              119.696797,
              34.896009
            ],
            [
              119.652861,
              34.968054
            ],
            [
              119.608924,
              35.040036
            ],
            [
              119.564988,
              35.111954
            ],
            [
              119.608924,
              35.183808
            ],
            [
              119.608924,
              35.291471
            ],
            [
              119.564988,
              35.363167
            ],
            [
              119.608924,
              35.434799
            ],
            [
              119.696797,
              35.470592
            ],
            [
              119.740733,
              35.542128
            ],
            [
              119.828606,
              35.649314
            ],
            [
              119.872542,
              35.720691
            ],
            [
              119.916479,
              35.792004
            ],
            [
              120.004351,
              35.863254
            ],
            [
              120.092224,
              35.934439
            ],
            [
              120.180097,
              36.00556
            ],
            [
              120.267969,
              36.076618
            ],
            [
              120.355842,
              36.147611
            ],
            [
              120.443715,
              36.21854
            ],
            [
              120.487651,
              36.289404
            ],
            [
              120.575524,
              36.324813
            ],
            [
              120.707333,
              36.360205
            ],
            [
              120.795206,
              36.395581
            ],
            [
              120.883078,
              36.430941
            ],
            [
              120.970951,
              36.466285
            ],
            [
              121.058824,
              36.501612
            ],
            [
              121.146696,
              36.536924
            ],
            [
              121.234569,
              36.607499
            ],
            [
              121.322442,
              36.642762
            ],
            [
              121.366378,
              36.71324
            ],
            [
              121.454251,
              36.748455
            ],
            [
              121.542123,
              36.783654
            ],
            [
              121.629996,
              36.818836
            ],
            [
              121.717869,
              36.854003
            ],
            [
              121.849678,
              36.889153
            ],
            [
              121.937551,
              36.924287
            ],
            [
              122.06936,
              36.924287
            ],
            [
              122.157232,
              36.959405
            ],
            [
              122.289041,
              36.959405
            ],
            [
              122.376914,
              36.994507
            ],
            [
              122.596596,
              36.959405
            ],
            [
              122.816277,
              36.924287
            ],
            [
              122.860214,
              36.994507
            ],
            [
              122.948086,
              37.064661
            ],
            [
              122.992023,
              37.134751
            ],
            [
              123.035959,
              37.204776
            ],
            [
              123.079895,
              37.274736
            ],
            [
              123.035959,
              37.344631
            ],
            [
              122.992023,
              37.414462
            ],
            [
              122.816277,
              37.449352
            ],
            [
              122.728405,
              37.484227
            ],
            [
              122.596596,
              37.519085
            ],
            [
              122.464787,
              37.519085
            ],
            [
              122.332978,
              37.519085
            ],
            [
              122.157232,
              37.519085
            ],
            [
              122.025423,
              37.519085
            ],
            [
              121.673932,
              37.553927
            ],
            [
              121.58606,
              37.588752
            ],
            [
              121.410314,
              37.623562
            ],
            [
              121.190633,
              37.658355
            ],
            [
              121.10276,
              37.693131
            ],
            [
              120.970951,
              37.693131
            ],
            [
              120.839142,
              37.727892
            ],
            [
              120.707333,
              37.762636
            ],
            [
              120.61946,
              37.797364
            ],
            [
              120.487651,
              37.797364
            ],
            [
              120.399779,
              37.86677
            ],
            [
              120.267969,
              37.901449
            ],
            [
              120.13616,
              37.901449
            ],
            [
              120.004351,
              37.901449
            ],
            [
              119.872542,
              37.936112
            ],
            [
              119.696797,
              37.936112
            ],
            [
              119.608924,
              37.970758
            ],
            [
              119.433179,
              38.005388
            ],
            [
              119.30137,
              38.040001
            ],
            [
              119.213497,
              38.074598
            ],
            [
              119.125625,
              38.109179
            ],
            [
              118.993816,
              38.109179
            ],
            [
              118.774134,
              38.178291
            ],
            [
              118.378707,
              38.281837
            ],
            [
              118.246898,
              38.31632
            ],
            [
              118.115089,
              38.350786
            ],
            [
              118.027216,
              38.385235
            ],
            [
              118.027216,
              38.488486
            ],
            [
              118.027216,
              38.591589
            ],
            [
              118.071152,
              38.660242
            ],
            [
              118.071152,
              38.763099
            ],
            [
              118.159025,
              38.797351
            ],
            [
              118.202961,
              38.865807
            ],
            [
              118.290834,
              38.934197
            ],
            [
              118.378707,
              38.968368
            ],
            [
              118.466579,
              39.036659
            ],
            [
              118.598388,
              39.07078
            ],
            [
              118.686261,
              39.104884
            ],
            [
              118.774134,
              39.138972
            ],
            [
              118.862007,
              39.173043
            ],
            [
              118.993816,
              39.207098
            ],
            [
              119.037752,
              39.275158
            ],
            [
              119.081688,
              39.377125
            ],
            [
              119.125625,
              39.478943
            ],
            [
              119.257434,
              39.512849
            ],
            [
              119.345306,
              39.546738
            ],
            [
              119.521052,
              39.546738
            ],
            [
              119.564988,
              39.614468
            ],
            [
              119.652861,
              39.682132
            ],
            [
              119.740733,
              39.749729
            ],
            [
              119.828606,
              39.783503
            ],
            [
              119.916479,
              39.81726
            ],
            [
              120.004351,
              39.851
            ],
            [
              120.13616,
              39.952123
            ],
            [
              120.224033,
              39.985797
            ],
            [
              120.355842,
              39.985797
            ],
            [
              120.575524,
              40.019455
            ],
            [
              120.970951,
              40.08672
            ],
            [
              120.927015,
              40.15392
            ],
            [
              120.970951,
              40.254594
            ],
            [
              121.014887,
              40.321627
            ],
            [
              121.058824,
              40.388594
            ],
            [
              121.10276,
              40.455494
            ],
            [
              121.190633,
              40.488919
            ],
            [
              121.278505,
              40.555719
            ],
            [
              121.366378,
              40.589094
            ],
            [
              121.498187,
              40.589094
            ],
            [
              121.58606,
              40.622453
            ],
            [
              121.761805,
              40.622453
            ],
            [
              121.761805,
              40.522327
            ],
            [
              121.805741,
              40.455494
            ],
            [
              121.805741,
              40.355119
            ],
            [
              121.805741,
              40.254594
            ],
            [
              121.717869,
              40.187494
            ],
            [
              121.673932,
              40.120328
            ],
            [
              121.58606,
              40.053096
            ],
            [
              121.542123,
              39.985797
            ],
            [
              121.498187,
              39.884724
            ],
            [
              121.454251,
              39.81726
            ],
            [
              121.410314,
              39.749729
            ],
            [
              121.322442,
              39.682132
            ],
            [
              121.278505,
              39.614468
            ],
            [
              121.234569,
              39.546738
            ],
            [
              121.190633,
              39.44502
            ],
            [
              121.190633,
              39.343152
            ],
            [
              121.234569,
              39.275158
            ],
            [
              121.366378,
              39.241136
            ],
            [
              121.58606,
              39.241136
            ],
            [
              121.498187,
              39.275158
            ],
            [
              121.542123,
              39.343152
            ],
            [
              121.629996,
              39.343152
            ],
            [
              121.498187,
              39.309164
            ]
          ]
        ]
      }
    },
    {
      "type": "Feature",
      "properties": {
        "NAME": "Jurchen",
        "name": "Jurchen",
        "color": "#ef4444",
        "fill": "#ef4444",
        "fill-opacity": 0.5,
        "stroke": "#ef4444",
        "stroke-width": 2,
        "originalType": "polyline",
        "CODE": "9"
      },
      "geometry": {
        "type": "Polygon",
        "coordinates": [
          [
            [
              134.906858,
              43.152958
            ],
            [
              134.928826,
              43.185004
            ],
            [
              134.950794,
              43.217033
            ],
            [
              134.972762,
              43.297033
            ],
            [
              134.972762,
              43.344983
            ],
            [
              134.99473,
              43.376928
            ],
            [
              135.016699,
              43.408856
            ],
            [
              135.038667,
              43.440768
            ],
            [
              135.104571,
              43.472663
            ],
            [
              135.148508,
              43.504541
            ],
            [
              135.192444,
              43.536402
            ],
            [
              135.214412,
              43.568247
            ],
            [
              135.23638,
              43.600074
            ],
            [
              135.23638,
              43.647784
            ],
            [
              135.258348,
              43.679569
            ],
            [
              135.280317,
              43.711338
            ],
            [
              135.302285,
              43.75896
            ],
            [
              135.346221,
              43.806543
            ],
            [
              135.390157,
              43.854089
            ],
            [
              135.434094,
              43.869929
            ],
            [
              135.47803,
              43.885765
            ],
            [
              135.499998,
              43.917424
            ],
            [
              135.521967,
              43.964881
            ],
            [
              135.543935,
              44.028099
            ],
            [
              135.565903,
              44.075468
            ],
            [
              135.609839,
              44.107026
            ],
            [
              135.631807,
              44.154332
            ],
            [
              135.653776,
              44.185848
            ],
            [
              135.675744,
              44.217347
            ],
            [
              135.741648,
              44.264564
            ],
            [
              135.763616,
              44.296022
            ],
            [
              135.807553,
              44.311744
            ],
            [
              135.829521,
              44.343176
            ],
            [
              135.851489,
              44.374591
            ],
            [
              135.895425,
              44.405989
            ],
            [
              135.939362,
              44.43737
            ],
            [
              136.005266,
              44.468735
            ],
            [
              136.027234,
              44.500083
            ],
            [
              136.071171,
              44.531414
            ],
            [
              136.137075,
              44.578378
            ],
            [
              136.224948,
              44.640939
            ],
            [
              136.246916,
              44.672194
            ],
            [
              136.312821,
              44.734653
            ],
            [
              136.378725,
              44.781454
            ],
            [
              136.488566,
              44.843795
            ],
            [
              136.532502,
              44.874941
            ],
            [
              136.554471,
              44.90607
            ],
            [
              136.576439,
              44.937181
            ],
            [
              136.598407,
              44.968276
            ],
            [
              136.664311,
              44.983818
            ],
            [
              136.708248,
              45.014887
            ],
            [
              136.730216,
              45.04594
            ],
            [
              136.79612,
              45.06146
            ],
            [
              136.818089,
              45.092488
            ],
            [
              136.862025,
              45.154492
            ],
            [
              136.949898,
              45.200952
            ],
            [
              136.993834,
              45.21643
            ],
            [
              137.015802,
              45.262838
            ],
            [
              137.081707,
              45.340102
            ],
            [
              137.103675,
              45.370978
            ],
            [
              137.103675,
              45.41726
            ],
            [
              137.125643,
              45.463505
            ],
            [
              137.125643,
              45.509711
            ],
            [
              137.147611,
              45.55588
            ],
            [
              137.169579,
              45.602011
            ],
            [
              137.191548,
              45.632744
            ],
            [
              137.213516,
              45.66346
            ],
            [
              137.235484,
              45.694159
            ],
            [
              137.257452,
              45.724841
            ],
            [
              137.27942,
              45.755506
            ],
            [
              137.301388,
              45.786155
            ],
            [
              137.323357,
              45.832096
            ],
            [
              137.455166,
              45.908581
            ],
            [
              137.565006,
              45.969693
            ],
            [
              137.630911,
              46.015482
            ],
            [
              137.652879,
              46.061234
            ],
            [
              137.674847,
              46.122178
            ],
            [
              137.696815,
              46.152624
            ],
            [
              137.740752,
              46.198262
            ],
            [
              137.784688,
              46.274242
            ],
            [
              137.806656,
              46.33495
            ],
            [
              137.828625,
              46.365279
            ],
            [
              137.872561,
              46.441027
            ],
            [
              137.894529,
              46.486425
            ],
            [
              137.916497,
              46.51667
            ],
            [
              137.938465,
              46.546897
            ],
            [
              137.960434,
              46.577108
            ],
            [
              138.00437,
              46.607302
            ],
            [
              138.070274,
              46.63748
            ],
            [
              138.114211,
              46.652562
            ],
            [
              138.136179,
              46.682714
            ],
            [
              138.180115,
              46.697784
            ],
            [
              138.202083,
              46.72791
            ],
            [
              138.267988,
              46.773069
            ],
            [
              138.311924,
              46.803154
            ],
            [
              138.355861,
              46.833222
            ],
            [
              138.377829,
              46.863273
            ],
            [
              138.421765,
              46.893307
            ],
            [
              138.465701,
              46.923325
            ],
            [
              138.48767,
              46.953326
            ],
            [
              138.531606,
              46.983309
            ],
            [
              138.553574,
              47.013276
            ],
            [
              138.597511,
              47.043227
            ],
            [
              138.619479,
              47.07316
            ],
            [
              138.663415,
              47.103077
            ],
            [
              138.707351,
              47.14792
            ],
            [
              138.72932,
              47.177795
            ],
            [
              138.773256,
              47.207653
            ],
            [
              138.795224,
              47.252408
            ],
            [
              138.861129,
              47.297126
            ],
            [
              138.883097,
              47.326916
            ],
            [
              138.927033,
              47.40132
            ],
            [
              138.970969,
              47.445911
            ],
            [
              139.014906,
              47.505308
            ],
            [
              139.08081,
              47.564638
            ],
            [
              139.124747,
              47.594277
            ],
            [
              139.168683,
              47.653506
            ],
            [
              139.234588,
              47.727448
            ],
            [
              139.256556,
              47.771763
            ],
            [
              139.278524,
              47.801285
            ],
            [
              139.32246,
              47.845537
            ],
            [
              139.344428,
              47.875017
            ],
            [
              139.366397,
              47.90448
            ],
            [
              139.388365,
              47.933927
            ],
            [
              139.410333,
              47.963357
            ],
            [
              139.432301,
              48.007471
            ],
            [
              139.454269,
              48.036859
            ],
            [
              139.498206,
              48.06623
            ],
            [
              139.520174,
              48.095585
            ],
            [
              139.542142,
              48.124923
            ],
            [
              139.586078,
              48.168898
            ],
            [
              139.608046,
              48.198194
            ],
            [
              139.651983,
              48.242107
            ],
            [
              139.695919,
              48.285981
            ],
            [
              139.739855,
              48.31521
            ],
            [
              139.761824,
              48.344423
            ],
            [
              139.783792,
              48.373618
            ],
            [
              139.827728,
              48.41738
            ],
            [
              139.871664,
              48.446534
            ],
            [
              139.893633,
              48.475671
            ],
            [
              139.937569,
              48.54844
            ],
            [
              139.981505,
              48.606581
            ],
            [
              140.025442,
              48.664654
            ],
            [
              140.069378,
              48.737152
            ],
            [
              140.135283,
              48.795075
            ],
            [
              140.179219,
              48.852931
            ],
            [
              140.201187,
              48.881834
            ],
            [
              140.201187,
              48.925157
            ],
            [
              140.267092,
              48.982863
            ],
            [
              140.311028,
              49.026099
            ],
            [
              140.332996,
              49.054902
            ],
            [
              140.354964,
              49.098075
            ],
            [
              140.376932,
              49.126836
            ],
            [
              140.398901,
              49.155581
            ],
            [
              140.420869,
              49.21302
            ],
            [
              140.442837,
              49.256056
            ],
            [
              140.464805,
              49.284725
            ],
            [
              140.486773,
              49.313378
            ],
            [
              140.508741,
              49.342014
            ],
            [
              140.53071,
              49.370634
            ],
            [
              140.552678,
              49.399237
            ],
            [
              140.574646,
              49.427823
            ],
            [
              140.64055,
              49.427823
            ],
            [
              140.618582,
              49.456393
            ],
            [
              140.618582,
              49.499216
            ],
            [
              140.64055,
              49.527744
            ],
            [
              140.662519,
              49.556256
            ],
            [
              140.662519,
              49.598992
            ],
            [
              140.684487,
              49.64169
            ],
            [
              140.684487,
              49.684351
            ],
            [
              140.684487,
              49.726975
            ],
            [
              140.684487,
              49.769561
            ],
            [
              140.684487,
              49.81211
            ],
            [
              140.684487,
              49.854622
            ],
            [
              140.706455,
              49.897096
            ],
            [
              140.706455,
              49.939533
            ],
            [
              140.706455,
              49.981932
            ],
            [
              140.706455,
              50.024294
            ],
            [
              140.706455,
              50.066619
            ],
            [
              140.728423,
              50.094815
            ],
            [
              140.750391,
              50.122994
            ],
            [
              140.750391,
              50.179303
            ],
            [
              140.750391,
              50.221491
            ],
            [
              140.728423,
              50.263642
            ],
            [
              140.706455,
              50.291722
            ],
            [
              140.684487,
              50.319785
            ],
            [
              140.662519,
              50.361849
            ],
            [
              140.64055,
              50.38987
            ],
            [
              140.618582,
              50.417876
            ],
            [
              140.596614,
              50.445865
            ],
            [
              140.574646,
              50.501792
            ],
            [
              140.574646,
              50.543695
            ],
            [
              140.53071,
              50.571609
            ],
            [
              140.508741,
              50.599507
            ],
            [
              140.442837,
              50.599507
            ],
            [
              140.376932,
              50.599507
            ],
            [
              140.332996,
              50.58556
            ],
            [
              140.28906,
              50.557654
            ],
            [
              140.245123,
              50.529732
            ],
            [
              140.201187,
              50.487817
            ],
            [
              140.157251,
              50.459853
            ],
            [
              140.113314,
              50.445865
            ],
            [
              140.069378,
              50.417876
            ],
            [
              140.04741,
              50.38987
            ],
            [
              140.003474,
              50.375862
            ],
            [
              139.981505,
              50.347831
            ],
            [
              139.937569,
              50.319785
            ],
            [
              139.915601,
              50.291722
            ],
            [
              139.893633,
              50.263642
            ],
            [
              139.849696,
              50.235545
            ],
            [
              139.80576,
              50.19337
            ],
            [
              139.761824,
              50.165232
            ],
            [
              139.761824,
              50.122994
            ],
            [
              139.739855,
              50.066619
            ],
            [
              139.717887,
              50.038407
            ],
            [
              139.695919,
              49.996057
            ],
            [
              139.651983,
              49.925391
            ],
            [
              139.630015,
              49.897096
            ],
            [
              139.608046,
              49.868784
            ],
            [
              139.586078,
              49.826285
            ],
            [
              139.56411,
              49.783748
            ],
            [
              139.542142,
              49.741175
            ],
            [
              139.542142,
              49.698563
            ],
            [
              139.520174,
              49.670135
            ],
            [
              139.520174,
              49.627461
            ],
            [
              139.520174,
              49.584751
            ],
            [
              139.520174,
              49.542002
            ],
            [
              139.542142,
              49.513482
            ],
            [
              139.542142,
              49.470672
            ],
            [
              139.520174,
              49.44211
            ],
            [
              139.520174,
              49.399237
            ],
            [
              139.498206,
              49.356326
            ],
            [
              139.476237,
              49.327698
            ],
            [
              139.454269,
              49.299054
            ],
            [
              139.410333,
              49.270393
            ],
            [
              139.388365,
              49.241715
            ],
            [
              139.344428,
              49.227369
            ],
            [
              139.278524,
              49.169947
            ],
            [
              139.168683,
              49.098075
            ],
            [
              139.014906,
              48.982863
            ],
            [
              138.927033,
              48.93959
            ],
            [
              138.861129,
              48.881834
            ],
            [
              138.817192,
              48.867385
            ],
            [
              138.773256,
              48.838473
            ],
            [
              138.72932,
              48.809545
            ],
            [
              138.641447,
              48.7806
            ],
            [
              138.531606,
              48.737152
            ],
            [
              138.465701,
              48.722661
            ],
            [
              138.421765,
              48.708165
            ],
            [
              138.377829,
              48.693666
            ],
            [
              138.311924,
              48.664654
            ],
            [
              138.267988,
              48.650142
            ],
            [
              138.224052,
              48.635626
            ],
            [
              138.180115,
              48.621105
            ],
            [
              138.136179,
              48.606581
            ],
            [
              138.092243,
              48.592052
            ],
            [
              138.048306,
              48.577519
            ],
            [
              138.00437,
              48.562982
            ],
            [
              137.960434,
              48.533895
            ],
            [
              137.894529,
              48.504791
            ],
            [
              137.850593,
              48.490233
            ],
            [
              137.806656,
              48.475671
            ],
            [
              137.76272,
              48.446534
            ],
            [
              137.696815,
              48.41738
            ],
            [
              137.652879,
              48.402797
            ],
            [
              137.608943,
              48.373618
            ],
            [
              137.565006,
              48.359023
            ],
            [
              137.52107,
              48.344423
            ],
            [
              137.455166,
              48.329819
            ],
            [
              137.411229,
              48.344423
            ],
            [
              137.345325,
              48.344423
            ],
            [
              137.27942,
              48.344423
            ],
            [
              137.191548,
              48.329819
            ],
            [
              137.125643,
              48.329819
            ],
            [
              137.015802,
              48.329819
            ],
            [
              136.949898,
              48.31521
            ],
            [
              136.905961,
              48.300598
            ],
            [
              136.840057,
              48.300598
            ],
            [
              136.708248,
              48.300598
            ],
            [
              136.620375,
              48.300598
            ],
            [
              136.554471,
              48.300598
            ],
            [
              136.510534,
              48.285981
            ],
            [
              136.466598,
              48.271361
            ],
            [
              136.400693,
              48.256736
            ],
            [
              136.356757,
              48.242107
            ],
            [
              136.312821,
              48.227473
            ],
            [
              136.268884,
              48.212836
            ],
            [
              136.246916,
              48.183548
            ],
            [
              136.20298,
              48.154244
            ],
            [
              136.181012,
              48.124923
            ],
            [
              136.137075,
              48.095585
            ],
            [
              136.093139,
              48.06623
            ],
            [
              136.049203,
              48.051547
            ],
            [
              135.983298,
              48.036859
            ],
            [
              135.917394,
              48.022167
            ],
            [
              135.873457,
              47.99277
            ],
            [
              135.829521,
              47.978066
            ],
            [
              135.741648,
              47.963357
            ],
            [
              135.697712,
              47.948644
            ],
            [
              135.631807,
              47.948644
            ],
            [
              135.565903,
              47.948644
            ],
            [
              135.170476,
              47.90448
            ],
            [
              135.038667,
              47.875017
            ],
            [
              134.928826,
              47.860279
            ],
            [
              134.88489,
              47.875017
            ],
            [
              134.840953,
              47.889751
            ],
            [
              134.775049,
              47.889751
            ],
            [
              134.665208,
              47.90448
            ],
            [
              134.511431,
              47.933927
            ],
            [
              134.40159,
              47.948644
            ],
            [
              134.335685,
              47.948644
            ],
            [
              134.247813,
              47.963357
            ],
            [
              134.203876,
              47.978066
            ],
            [
              134.072067,
              47.978066
            ],
            [
              133.91829,
              47.933927
            ],
            [
              133.852385,
              47.919206
            ],
            [
              133.786481,
              47.90448
            ],
            [
              133.742545,
              47.889751
            ],
            [
              133.698608,
              47.875017
            ],
            [
              133.654672,
              47.860279
            ],
            [
              133.632704,
              47.83079
            ],
            [
              133.588767,
              47.81604
            ],
            [
              133.544831,
              47.786526
            ],
            [
              133.456958,
              47.756995
            ],
            [
              133.303181,
              47.742224
            ],
            [
              133.215309,
              47.727448
            ],
            [
              133.149404,
              47.727448
            ],
            [
              133.083499,
              47.742224
            ],
            [
              132.973659,
              47.742224
            ],
            [
              132.84185,
              47.742224
            ],
            [
              132.732009,
              47.742224
            ],
            [
              132.578232,
              47.742224
            ],
            [
              132.446423,
              47.742224
            ],
            [
              132.336582,
              47.742224
            ],
            [
              132.270677,
              47.742224
            ],
            [
              132.138868,
              47.727448
            ],
            [
              132.094932,
              47.712668
            ],
            [
              132.050995,
              47.697884
            ],
            [
              132.007059,
              47.683095
            ],
            [
              131.941155,
              47.668303
            ],
            [
              131.919186,
              47.638705
            ],
            [
              131.853282,
              47.653506
            ],
            [
              131.787377,
              47.638705
            ],
            [
              131.721473,
              47.6239
            ],
            [
              131.677537,
              47.609091
            ],
            [
              131.589664,
              47.609091
            ],
            [
              131.501791,
              47.609091
            ],
            [
              131.457855,
              47.594277
            ],
            [
              131.39195,
              47.579459
            ],
            [
              131.304078,
              47.579459
            ],
            [
              131.238173,
              47.579459
            ],
            [
              131.1503,
              47.579459
            ],
            [
              130.974555,
              47.594277
            ],
            [
              130.908651,
              47.594277
            ],
            [
              130.79881,
              47.609091
            ],
            [
              130.623064,
              47.6239
            ],
            [
              130.469287,
              47.638705
            ],
            [
              130.403383,
              47.638705
            ],
            [
              130.337478,
              47.638705
            ],
            [
              130.271574,
              47.653506
            ],
            [
              130.205669,
              47.668303
            ],
            [
              130.161733,
              47.697884
            ],
            [
              130.095828,
              47.742224
            ],
            [
              130.007955,
              47.771763
            ],
            [
              129.964019,
              47.801285
            ],
            [
              129.920083,
              47.83079
            ],
            [
              129.876146,
              47.845537
            ],
            [
              129.83221,
              47.860279
            ],
            [
              129.722369,
              47.889751
            ],
            [
              129.634497,
              47.889751
            ],
            [
              129.568592,
              47.889751
            ],
            [
              129.502688,
              47.90448
            ],
            [
              129.436783,
              47.90448
            ],
            [
              129.370879,
              47.90448
            ],
            [
              129.326942,
              47.933927
            ],
            [
              129.239069,
              47.978066
            ],
            [
              129.173165,
              48.036859
            ],
            [
              129.10726,
              48.08091
            ],
            [
              129.063324,
              48.154244
            ],
            [
              129.019388,
              48.212836
            ],
            [
              128.99742,
              48.256736
            ],
            [
              128.975451,
              48.300598
            ],
            [
              128.909547,
              48.373618
            ],
            [
              128.843642,
              48.431959
            ],
            [
              128.777738,
              48.475671
            ],
            [
              128.733802,
              48.504791
            ],
            [
              128.711833,
              48.533895
            ],
            [
              128.667897,
              48.562982
            ],
            [
              128.645929,
              48.592052
            ],
            [
              128.623961,
              48.621105
            ],
            [
              128.580024,
              48.650142
            ],
            [
              128.536088,
              48.679162
            ],
            [
              128.492152,
              48.693666
            ],
            [
              128.426247,
              48.722661
            ],
            [
              128.338374,
              48.7806
            ],
            [
              128.294438,
              48.795075
            ],
            [
              128.27247,
              48.824011
            ],
            [
              128.250502,
              48.867385
            ],
            [
              128.206565,
              48.896279
            ],
            [
              128.184597,
              48.93959
            ],
            [
              128.140661,
              48.997279
            ],
            [
              128.096725,
              49.054902
            ],
            [
              128.052788,
              49.083688
            ],
            [
              128.008852,
              49.112458
            ],
            [
              127.986884,
              49.141211
            ],
            [
              127.964916,
              49.169947
            ],
            [
              127.942947,
              49.198667
            ],
            [
              127.899011,
              49.227369
            ],
            [
              127.877043,
              49.256056
            ],
            [
              127.833106,
              49.270393
            ],
            [
              127.78917,
              49.284725
            ],
            [
              127.701297,
              49.299054
            ],
            [
              127.635393,
              49.299054
            ],
            [
              127.54752,
              49.299054
            ],
            [
              127.481616,
              49.284725
            ],
            [
              127.349807,
              49.256056
            ],
            [
              127.283902,
              49.256056
            ],
            [
              127.19603,
              49.241715
            ],
            [
              127.130125,
              49.227369
            ],
            [
              127.042252,
              49.184309
            ],
            [
              126.998316,
              49.169947
            ],
            [
              126.932411,
              49.141211
            ],
            [
              126.866507,
              49.112458
            ],
            [
              126.668793,
              49.069297
            ],
            [
              126.536984,
              49.011691
            ],
            [
              126.47108,
              48.997279
            ],
            [
              126.405175,
              48.982863
            ],
            [
              126.273366,
              48.982863
            ],
            [
              126.207462,
              48.968443
            ],
            [
              126.141557,
              48.954019
            ],
            [
              126.075653,
              48.954019
            ],
            [
              125.98778,
              48.968443
            ],
            [
              125.834003,
              48.954019
            ],
            [
              125.790067,
              48.93959
            ],
            [
              125.74613,
              48.925157
            ],
            [
              125.680226,
              48.925157
            ],
            [
              125.614321,
              48.896279
            ],
            [
              125.548417,
              48.896279
            ],
            [
              125.50448,
              48.881834
            ],
            [
              125.438576,
              48.867385
            ],
            [
              125.350703,
              48.867385
            ],
            [
              125.26283,
              48.867385
            ],
            [
              125.15299,
              48.881834
            ],
            [
              125.087085,
              48.896279
            ],
            [
              125.021181,
              48.91072
            ],
            [
              124.933308,
              48.91072
            ],
            [
              124.845435,
              48.91072
            ],
            [
              124.779531,
              48.91072
            ],
            [
              124.713626,
              48.91072
            ],
            [
              124.647722,
              48.896279
            ],
            [
              124.537881,
              48.881834
            ],
            [
              124.42804,
              48.867385
            ],
            [
              124.340167,
              48.867385
            ],
            [
              124.230326,
              48.852931
            ],
            [
              124.120486,
              48.852931
            ],
            [
              124.076549,
              48.838473
            ],
            [
              124.010645,
              48.838473
            ],
            [
              123.966708,
              48.824011
            ],
            [
              123.900804,
              48.809545
            ],
            [
              123.856867,
              48.795075
            ],
            [
              123.790963,
              48.7806
            ],
            [
              123.747027,
              48.766122
            ],
            [
              123.70309,
              48.751639
            ],
            [
              123.637186,
              48.737152
            ],
            [
              123.593249,
              48.708165
            ],
            [
              123.549313,
              48.693666
            ],
            [
              123.439472,
              48.664654
            ],
            [
              123.395536,
              48.650142
            ],
            [
              123.3516,
              48.635626
            ],
            [
              123.307663,
              48.621105
            ],
            [
              123.241759,
              48.621105
            ],
            [
              123.197822,
              48.592052
            ],
            [
              123.153886,
              48.577519
            ],
            [
              123.087981,
              48.577519
            ],
            [
              123.066013,
              48.54844
            ],
            [
              123.022077,
              48.533895
            ],
            [
              122.978141,
              48.519345
            ],
            [
              122.912236,
              48.490233
            ],
            [
              122.8683,
              48.461105
            ],
            [
              122.846332,
              48.431959
            ],
            [
              122.890268,
              48.41738
            ],
            [
              122.912236,
              48.38821
            ],
            [
              122.934204,
              48.359023
            ],
            [
              122.934204,
              48.31521
            ],
            [
              122.934204,
              48.271361
            ],
            [
              122.934204,
              48.227473
            ],
            [
              122.956172,
              48.198194
            ],
            [
              122.956172,
              48.154244
            ],
            [
              122.956172,
              48.110256
            ],
            [
              122.934204,
              48.08091
            ],
            [
              122.912236,
              48.051547
            ],
            [
              122.890268,
              48.022167
            ],
            [
              122.890268,
              47.978066
            ],
            [
              122.890268,
              47.933927
            ],
            [
              122.890268,
              47.889751
            ],
            [
              122.890268,
              47.845537
            ],
            [
              122.8683,
              47.801285
            ],
            [
              122.846332,
              47.771763
            ],
            [
              122.824363,
              47.727448
            ],
            [
              122.802395,
              47.697884
            ],
            [
              122.780427,
              47.668303
            ],
            [
              122.758459,
              47.638705
            ],
            [
              122.736491,
              47.609091
            ],
            [
              122.714523,
              47.579459
            ],
            [
              122.692554,
              47.549811
            ],
            [
              122.648618,
              47.534981
            ],
            [
              122.62665,
              47.505308
            ],
            [
              122.604682,
              47.475618
            ],
            [
              122.560745,
              47.460767
            ],
            [
              122.538777,
              47.431052
            ],
            [
              122.516809,
              47.40132
            ],
            [
              122.516809,
              47.35669
            ],
            [
              122.494841,
              47.326916
            ],
            [
              122.472873,
              47.297126
            ],
            [
              122.428936,
              47.282224
            ],
            [
              122.406968,
              47.252408
            ],
            [
              122.363032,
              47.237494
            ],
            [
              122.319095,
              47.222576
            ],
            [
              122.275159,
              47.192726
            ],
            [
              122.231223,
              47.16286
            ],
            [
              122.187286,
              47.14792
            ],
            [
              122.14335,
              47.118029
            ],
            [
              122.099414,
              47.088121
            ],
            [
              122.055477,
              47.07316
            ],
            [
              122.033509,
              47.043227
            ],
            [
              121.989573,
              47.013276
            ],
            [
              121.945637,
              46.998295
            ],
            [
              121.923668,
              46.96832
            ],
            [
              121.857764,
              46.953326
            ],
            [
              121.813828,
              46.923325
            ],
            [
              121.747923,
              46.908318
            ],
            [
              121.703987,
              46.893307
            ],
            [
              121.66005,
              46.878292
            ],
            [
              121.616114,
              46.848249
            ],
            [
              121.572178,
              46.81819
            ],
            [
              121.528241,
              46.788114
            ],
            [
              121.484305,
              46.75802
            ],
            [
              121.440369,
              46.742968
            ],
            [
              121.396432,
              46.72791
            ],
            [
              121.352496,
              46.712849
            ],
            [
              121.30856,
              46.682714
            ],
            [
              121.264623,
              46.66764
            ],
            [
              121.220687,
              46.63748
            ],
            [
              121.176751,
              46.622393
            ],
            [
              121.154782,
              46.592207
            ],
            [
              121.110846,
              46.577108
            ],
            [
              121.088878,
              46.546897
            ],
            [
              121.06691,
              46.51667
            ],
            [
              121.022973,
              46.501549
            ],
            [
              121.022973,
              46.456164
            ],
            [
              121.001005,
              46.425885
            ],
            [
              120.979037,
              46.39559
            ],
            [
              120.935101,
              46.365279
            ],
            [
              120.935101,
              46.319779
            ],
            [
              120.913132,
              46.289425
            ],
            [
              120.891164,
              46.259055
            ],
            [
              120.869196,
              46.228667
            ],
            [
              120.847228,
              46.198262
            ],
            [
              120.847228,
              46.152624
            ],
            [
              120.847228,
              46.106948
            ],
            [
              120.847228,
              46.061234
            ],
            [
              120.847228,
              46.015482
            ],
            [
              120.869196,
              45.98496
            ],
            [
              120.891164,
              45.939145
            ],
            [
              120.913132,
              45.908581
            ],
            [
              120.935101,
              45.878
            ],
            [
              120.935101,
              45.832096
            ],
            [
              120.957069,
              45.801473
            ],
            [
              120.957069,
              45.755506
            ],
            [
              120.979037,
              45.724841
            ],
            [
              121.001005,
              45.694159
            ],
            [
              121.022973,
              45.66346
            ],
            [
              121.06691,
              45.632744
            ],
            [
              121.088878,
              45.602011
            ],
            [
              121.132814,
              45.586638
            ],
            [
              121.176751,
              45.571261
            ],
            [
              121.220687,
              45.55588
            ],
            [
              121.286591,
              45.525105
            ],
            [
              121.374464,
              45.509711
            ],
            [
              121.440369,
              45.494313
            ],
            [
              121.484305,
              45.478911
            ],
            [
              121.528241,
              45.463505
            ],
            [
              121.550209,
              45.432679
            ],
            [
              121.616114,
              45.401837
            ],
            [
              121.638082,
              45.370978
            ],
            [
              121.682018,
              45.355542
            ],
            [
              121.703987,
              45.324658
            ],
            [
              121.747923,
              45.309209
            ],
            [
              121.791859,
              45.2783
            ],
            [
              121.835796,
              45.262838
            ],
            [
              121.879732,
              45.247373
            ],
            [
              121.923668,
              45.21643
            ],
            [
              122.011541,
              45.200952
            ],
            [
              122.055477,
              45.18547
            ],
            [
              122.099414,
              45.169983
            ],
            [
              122.209255,
              45.169983
            ],
            [
              122.275159,
              45.154492
            ],
            [
              122.319095,
              45.138998
            ],
            [
              122.363032,
              45.123499
            ],
            [
              122.472873,
              45.107995
            ],
            [
              122.516809,
              45.092488
            ],
            [
              122.560745,
              45.076976
            ],
            [
              122.604682,
              45.06146
            ],
            [
              122.648618,
              45.04594
            ],
            [
              122.692554,
              45.030416
            ],
            [
              122.758459,
              45.014887
            ],
            [
              122.802395,
              44.999355
            ],
            [
              122.8683,
              44.999355
            ],
            [
              122.912236,
              44.983818
            ],
            [
              122.956172,
              44.968276
            ],
            [
              123.000109,
              44.937181
            ],
            [
              123.044045,
              44.921628
            ],
            [
              123.087981,
              44.90607
            ],
            [
              123.153886,
              44.890507
            ],
            [
              123.197822,
              44.874941
            ],
            [
              123.21979,
              44.843795
            ],
            [
              123.241759,
              44.812633
            ],
            [
              123.263727,
              44.781454
            ],
            [
              123.285695,
              44.734653
            ],
            [
              123.307663,
              44.703432
            ],
            [
              123.329631,
              44.672194
            ],
            [
              123.329631,
              44.625305
            ],
            [
              123.3516,
              44.578378
            ],
            [
              123.3516,
              44.531414
            ],
            [
              123.373568,
              44.500083
            ],
            [
              123.395536,
              44.468735
            ],
            [
              123.417504,
              44.421682
            ],
            [
              123.439472,
              44.374591
            ],
            [
              123.46144,
              44.311744
            ],
            [
              123.483409,
              44.264564
            ],
            [
              123.483409,
              44.217347
            ],
            [
              123.483409,
              44.170092
            ],
            [
              123.483409,
              44.122799
            ],
            [
              123.483409,
              44.075468
            ],
            [
              123.505377,
              44.043893
            ],
            [
              123.505377,
              43.996499
            ],
            [
              123.505377,
              43.949066
            ],
            [
              123.505377,
              43.901597
            ],
            [
              123.527345,
              43.869929
            ],
            [
              123.549313,
              43.838244
            ],
            [
              123.593249,
              43.806543
            ],
            [
              123.615218,
              43.774825
            ],
            [
              123.637186,
              43.74309
            ],
            [
              123.659154,
              43.711338
            ],
            [
              123.70309,
              43.695456
            ],
            [
              123.725058,
              43.663679
            ],
            [
              123.725058,
              43.615982
            ],
            [
              123.747027,
              43.584163
            ],
            [
              123.747027,
              43.536402
            ],
            [
              123.768995,
              43.488604
            ],
            [
              123.768995,
              43.440768
            ],
            [
              123.768995,
              43.392894
            ],
            [
              123.790963,
              43.344983
            ],
            [
              123.812931,
              43.297033
            ],
            [
              123.812931,
              43.249046
            ],
            [
              123.856867,
              43.217033
            ],
            [
              123.878836,
              43.185004
            ],
            [
              123.922772,
              43.168983
            ],
            [
              123.966708,
              43.136928
            ],
            [
              124.010645,
              43.120895
            ],
            [
              124.208358,
              43.072768
            ],
            [
              124.252295,
              43.040663
            ],
            [
              124.274263,
              43.008542
            ],
            [
              124.296231,
              42.976403
            ],
            [
              124.340167,
              42.960327
            ],
            [
              124.362135,
              42.928163
            ],
            [
              124.406072,
              42.895983
            ],
            [
              124.450008,
              42.879886
            ],
            [
              124.471976,
              42.84768
            ],
            [
              124.515913,
              42.831571
            ],
            [
              124.537881,
              42.79934
            ],
            [
              124.559849,
              42.767092
            ],
            [
              124.603785,
              42.750962
            ],
            [
              124.625753,
              42.718689
            ],
            [
              124.647722,
              42.686399
            ],
            [
              124.691658,
              42.654092
            ],
            [
              124.713626,
              42.621769
            ],
            [
              124.735594,
              42.589428
            ],
            [
              124.757562,
              42.557071
            ],
            [
              124.779531,
              42.524697
            ],
            [
              124.823467,
              42.492307
            ],
            [
              124.867403,
              42.476105
            ],
            [
              124.91134,
              42.459899
            ],
            [
              124.933308,
              42.427475
            ],
            [
              124.955276,
              42.395034
            ],
            [
              124.955276,
              42.346341
            ],
            [
              124.955276,
              42.297611
            ],
            [
              124.977244,
              42.265103
            ],
            [
              124.977244,
              42.216309
            ],
            [
              124.977244,
              42.167478
            ],
            [
              124.955276,
              42.118609
            ],
            [
              124.933308,
              42.069702
            ],
            [
              124.91134,
              42.037077
            ],
            [
              124.889372,
              42.004435
            ],
            [
              124.889372,
              41.95544
            ],
            [
              124.889372,
              41.906408
            ],
            [
              124.91134,
              41.873698
            ],
            [
              124.933308,
              41.840972
            ],
            [
              124.933308,
              41.791852
            ],
            [
              124.955276,
              41.759084
            ],
            [
              124.977244,
              41.7263
            ],
            [
              124.999212,
              41.677092
            ],
            [
              125.021181,
              41.644265
            ],
            [
              125.043149,
              41.611422
            ],
            [
              125.065117,
              41.578562
            ],
            [
              125.109053,
              41.562126
            ],
            [
              125.15299,
              41.545686
            ],
            [
              125.174958,
              41.512792
            ],
            [
              125.218894,
              41.49634
            ],
            [
              125.240862,
              41.463421
            ],
            [
              125.26283,
              41.430486
            ],
            [
              125.284799,
              41.397534
            ],
            [
              125.306767,
              41.364566
            ],
            [
              125.328735,
              41.331581
            ],
            [
              125.350703,
              41.26556
            ],
            [
              125.372671,
              41.232525
            ],
            [
              125.372671,
              41.18294
            ],
            [
              125.372671,
              41.133318
            ],
            [
              125.372671,
              41.083659
            ],
            [
              125.372671,
              41.033962
            ],
            [
              125.372671,
              40.984227
            ],
            [
              125.372671,
              40.934455
            ],
            [
              125.394639,
              40.901253
            ],
            [
              125.394639,
              40.851418
            ],
            [
              125.416608,
              40.818174
            ],
            [
              125.416608,
              40.768277
            ],
            [
              125.438576,
              40.734991
            ],
            [
              125.438576,
              40.66837
            ],
            [
              125.460544,
              40.635035
            ],
            [
              125.482512,
              40.601682
            ],
            [
              125.50448,
              40.568313
            ],
            [
              125.526448,
              40.534928
            ],
            [
              125.548417,
              40.501526
            ],
            [
              125.592353,
              40.484818
            ],
            [
              125.636289,
              40.468107
            ],
            [
              125.658258,
              40.434671
            ],
            [
              125.702194,
              40.417948
            ],
            [
              125.74613,
              40.401219
            ],
            [
              125.790067,
              40.384487
            ],
            [
              125.834003,
              40.367751
            ],
            [
              125.877939,
              40.35101
            ],
            [
              125.943844,
              40.300763
            ],
            [
              125.98778,
              40.267245
            ],
            [
              126.031716,
              40.250479
            ],
            [
              126.097621,
              40.267245
            ],
            [
              126.163525,
              40.267245
            ],
            [
              126.251398,
              40.250479
            ],
            [
              126.295334,
              40.23371
            ],
            [
              126.361239,
              40.216936
            ],
            [
              126.47108,
              40.216936
            ],
            [
              126.536984,
              40.216936
            ],
            [
              126.668793,
              40.216936
            ],
            [
              126.756666,
              40.216936
            ],
            [
              126.822571,
              40.216936
            ],
            [
              126.844539,
              40.183376
            ],
            [
              126.866507,
              40.149799
            ],
            [
              126.888475,
              40.116205
            ],
            [
              126.910443,
              40.065784
            ],
            [
              126.932411,
              40.032149
            ],
            [
              126.95438,
              39.998498
            ],
            [
              126.998316,
              39.96483
            ],
            [
              127.042252,
              39.94799
            ],
            [
              127.108157,
              39.94799
            ],
            [
              127.152093,
              39.931145
            ],
            [
              127.19603,
              39.914297
            ],
            [
              127.261934,
              39.914297
            ],
            [
              127.327839,
              39.914297
            ],
            [
              127.393743,
              39.914297
            ],
            [
              127.459648,
              39.897444
            ],
            [
              127.503584,
              39.914297
            ],
            [
              127.591457,
              39.931145
            ],
            [
              127.635393,
              39.94799
            ],
            [
              127.679329,
              39.96483
            ],
            [
              127.723266,
              39.981666
            ],
            [
              127.767202,
              39.998498
            ],
            [
              127.855075,
              39.998498
            ],
            [
              127.899011,
              40.015326
            ],
            [
              127.986884,
              40.015326
            ],
            [
              128.03082,
              40.032149
            ],
            [
              128.096725,
              40.065784
            ],
            [
              128.118693,
              40.099403
            ],
            [
              128.184597,
              40.116205
            ],
            [
              128.250502,
              40.133004
            ],
            [
              128.294438,
              40.149799
            ],
            [
              128.338374,
              40.166589
            ],
            [
              128.404279,
              40.166589
            ],
            [
              128.492152,
              40.183376
            ],
            [
              128.558056,
              40.200158
            ],
            [
              128.645929,
              40.216936
            ],
            [
              128.711833,
              40.23371
            ],
            [
              128.733802,
              40.267245
            ],
            [
              128.75577,
              40.300763
            ],
            [
              128.799706,
              40.334265
            ],
            [
              128.843642,
              40.35101
            ],
            [
              128.909547,
              40.367751
            ],
            [
              128.953483,
              40.401219
            ],
            [
              128.975451,
              40.434671
            ],
            [
              129.019388,
              40.451391
            ],
            [
              129.041356,
              40.484818
            ],
            [
              129.085292,
              40.518229
            ],
            [
              129.129229,
              40.534928
            ],
            [
              129.173165,
              40.568313
            ],
            [
              129.217101,
              40.585
            ],
            [
              129.239069,
              40.618361
            ],
            [
              129.283006,
              40.635035
            ],
            [
              129.304974,
              40.66837
            ],
            [
              129.326942,
              40.701689
            ],
            [
              129.370879,
              40.718342
            ],
            [
              129.436783,
              40.751636
            ],
            [
              129.480719,
              40.784914
            ],
            [
              129.524656,
              40.801546
            ],
            [
              129.59056,
              40.868034
            ],
            [
              129.634497,
              40.917856
            ],
            [
              129.634497,
              40.967641
            ],
            [
              129.656465,
              41.033962
            ],
            [
              129.678433,
              41.067097
            ],
            [
              129.700401,
              41.100216
            ],
            [
              129.722369,
              41.149863
            ],
            [
              129.744337,
              41.18294
            ],
            [
              129.766306,
              41.216001
            ],
            [
              129.788274,
              41.26556
            ],
            [
              129.788274,
              41.315082
            ],
            [
              129.810242,
              41.348075
            ],
            [
              129.810242,
              41.397534
            ],
            [
              129.83221,
              41.430486
            ],
            [
              129.854178,
              41.463421
            ],
            [
              129.898115,
              41.49634
            ],
            [
              129.920083,
              41.545686
            ],
            [
              129.942051,
              41.578562
            ],
            [
              129.964019,
              41.611422
            ],
            [
              129.985987,
              41.644265
            ],
            [
              129.985987,
              41.693499
            ],
            [
              130.029924,
              41.709901
            ],
            [
              130.051892,
              41.742694
            ],
            [
              130.07386,
              41.77547
            ],
            [
              130.095828,
              41.80823
            ],
            [
              130.117796,
              41.840972
            ],
            [
              130.161733,
              41.873698
            ],
            [
              130.205669,
              41.890055
            ],
            [
              130.271574,
              41.922756
            ],
            [
              130.31551,
              41.95544
            ],
            [
              130.403383,
              41.971776
            ],
            [
              130.491255,
              42.004435
            ],
            [
              130.55716,
              42.020758
            ],
            [
              130.623064,
              42.037077
            ],
            [
              130.667001,
              42.053392
            ],
            [
              130.886682,
              42.134903
            ],
            [
              130.974555,
              42.167478
            ],
            [
              131.04046,
              42.183759
            ],
            [
              131.062428,
              42.232578
            ],
            [
              131.106364,
              42.297611
            ],
            [
              131.128332,
              42.346341
            ],
            [
              131.172269,
              42.378807
            ],
            [
              131.194237,
              42.411257
            ],
            [
              131.238173,
              42.443689
            ],
            [
              131.282109,
              42.476105
            ],
            [
              131.304078,
              42.508504
            ],
            [
              131.348014,
              42.524697
            ],
            [
              131.369982,
              42.557071
            ],
            [
              131.413918,
              42.621769
            ],
            [
              131.457855,
              42.654092
            ],
            [
              131.501791,
              42.686399
            ],
            [
              131.545727,
              42.718689
            ],
            [
              131.567696,
              42.750962
            ],
            [
              131.611632,
              42.783218
            ],
            [
              131.655568,
              42.79934
            ],
            [
              131.721473,
              42.84768
            ],
            [
              131.787377,
              42.879886
            ],
            [
              131.87525,
              42.895983
            ],
            [
              131.941155,
              42.928163
            ],
            [
              132.007059,
              42.928163
            ],
            [
              132.072964,
              42.944247
            ],
            [
              132.160836,
              42.960327
            ],
            [
              132.270677,
              42.960327
            ],
            [
              132.35855,
              42.976403
            ],
            [
              132.468391,
              42.976403
            ],
            [
              132.534295,
              42.976403
            ],
            [
              132.6002,
              42.976403
            ],
            [
              132.666104,
              42.976403
            ],
            [
              132.775945,
              42.976403
            ],
            [
              132.907754,
              42.976403
            ],
            [
              133.127436,
              42.992474
            ],
            [
              133.281213,
              42.992474
            ],
            [
              133.391054,
              42.992474
            ],
            [
              133.456958,
              42.992474
            ],
            [
              133.522863,
              42.992474
            ],
            [
              133.632704,
              42.992474
            ],
            [
              133.808449,
              43.024605
            ],
            [
              133.984195,
              43.056718
            ],
            [
              134.072067,
              43.056718
            ],
            [
              134.116004,
              43.072768
            ],
            [
              134.379622,
              43.088815
            ],
            [
              134.489462,
              43.088815
            ],
            [
              134.64324,
              43.072768
            ],
            [
              134.687176,
              43.056718
            ],
            [
              134.775049,
              43.072768
            ],
            [
              134.818985,
              43.088815
            ],
            [
              134.862921,
              43.104857
            ],
            [
              134.906858,
              43.136928
            ],
            [
              134.88489,
              43.168983
            ],
            [
              135.082603,
              43.168983
            ],
            [
              135.082603,
              43.168983
            ],
            [
              134.906858,
              43.152958
            ]
          ]
        ]
      }
    },
    {
      "type": "Feature",
      "properties": {
        "NAME": "Mongol Empire",
        "name": "Mongol Empire",
        "color": "#ef4444",
        "fill": "#ef4444",
        "fill-opacity": 0.5,
        "stroke": "#ef4444",
        "stroke-width": 2,
        "originalType": "polyline",
        "CODE": "13"
      },
      "geometry": {
        "type": "Polygon",
        "coordinates": [
          [
            [
              93.953751,
              46.355504
            ],
            [
              93.953751,
              46.264452
            ],
            [
              93.909814,
              46.203666
            ],
            [
              93.865878,
              46.142812
            ],
            [
              93.821942,
              46.081891
            ],
            [
              93.821942,
              45.990384
            ],
            [
              93.778005,
              45.929295
            ],
            [
              93.778005,
              45.837535
            ],
            [
              93.734069,
              45.776278
            ],
            [
              93.690133,
              45.653561
            ],
            [
              93.690133,
              45.561346
            ],
            [
              93.734069,
              45.46898
            ],
            [
              93.734069,
              45.345589
            ],
            [
              93.734069,
              45.221929
            ],
            [
              93.734069,
              45.097999
            ],
            [
              93.778005,
              45.004874
            ],
            [
              93.821942,
              44.942707
            ],
            [
              93.865878,
              44.84933
            ],
            [
              93.909814,
              44.786994
            ],
            [
              93.953751,
              44.724591
            ],
            [
              94.041623,
              44.662121
            ],
            [
              94.129496,
              44.599583
            ],
            [
              94.217369,
              44.536978
            ],
            [
              94.261305,
              44.411566
            ],
            [
              94.261305,
              44.285884
            ],
            [
              94.261305,
              44.191445
            ],
            [
              94.217369,
              44.096855
            ],
            [
              94.217369,
              44.002114
            ],
            [
              94.261305,
              43.907221
            ],
            [
              94.305241,
              43.748729
            ],
            [
              94.305241,
              43.653432
            ],
            [
              94.393114,
              43.589817
            ],
            [
              94.43705,
              43.430484
            ],
            [
              94.480987,
              43.366633
            ],
            [
              94.568859,
              43.302714
            ],
            [
              94.656732,
              43.27073
            ],
            [
              94.744605,
              43.238729
            ],
            [
              94.832477,
              43.206711
            ],
            [
              94.92035,
              43.142624
            ],
            [
              95.052159,
              43.110556
            ],
            [
              95.183968,
              43.110556
            ],
            [
              95.271841,
              43.078471
            ],
            [
              95.359714,
              43.046369
            ],
            [
              95.535459,
              43.046369
            ],
            [
              95.755141,
              42.982114
            ],
            [
              96.062695,
              42.949961
            ],
            [
              96.326313,
              42.917792
            ],
            [
              96.502059,
              42.917792
            ],
            [
              96.589931,
              42.949961
            ],
            [
              96.72174,
              42.949961
            ],
            [
              96.853549,
              42.949961
            ],
            [
              96.941422,
              42.917792
            ],
            [
              97.336849,
              42.917792
            ],
            [
              97.556531,
              42.917792
            ],
            [
              97.68834,
              42.917792
            ],
            [
              97.864085,
              42.917792
            ],
            [
              98.039831,
              42.917792
            ],
            [
              98.215576,
              42.917792
            ],
            [
              98.303449,
              42.885606
            ],
            [
              98.391321,
              42.853403
            ],
            [
              98.52313,
              42.853403
            ],
            [
              98.654939,
              42.821183
            ],
            [
              98.830685,
              42.788947
            ],
            [
              99.00643,
              42.788947
            ],
            [
              99.182175,
              42.756694
            ],
            [
              99.270048,
              42.724424
            ],
            [
              99.401857,
              42.756694
            ],
            [
              99.533666,
              42.724424
            ],
            [
              99.665475,
              42.692137
            ],
            [
              99.797284,
              42.659833
            ],
            [
              99.885157,
              42.627512
            ],
            [
              99.929093,
              42.562821
            ],
            [
              99.97303,
              42.498063
            ],
            [
              100.060902,
              42.433237
            ],
            [
              100.148775,
              42.368344
            ],
            [
              100.236648,
              42.303385
            ],
            [
              100.32452,
              42.238358
            ],
            [
              100.412393,
              42.205819
            ],
            [
              100.500266,
              42.140691
            ],
            [
              100.632075,
              42.042874
            ],
            [
              100.763884,
              42.010235
            ],
            [
              100.851756,
              41.977579
            ],
            [
              100.895693,
              41.912217
            ],
            [
              100.983566,
              41.879511
            ],
            [
              101.071438,
              41.846788
            ],
            [
              101.159311,
              41.814048
            ],
            [
              101.422929,
              41.650099
            ],
            [
              101.598674,
              41.584402
            ],
            [
              101.686547,
              41.551528
            ],
            [
              101.77442,
              41.518638
            ],
            [
              101.862292,
              41.485731
            ],
            [
              101.950165,
              41.452807
            ],
            [
              102.081974,
              41.452807
            ],
            [
              102.301656,
              41.485731
            ],
            [
              102.477401,
              41.518638
            ],
            [
              102.653147,
              41.518638
            ],
            [
              102.784956,
              41.518638
            ],
            [
              102.960701,
              41.518638
            ],
            [
              103.09251,
              41.485731
            ],
            [
              103.268255,
              41.452807
            ],
            [
              103.487937,
              41.452807
            ],
            [
              103.663682,
              41.419866
            ],
            [
              103.795491,
              41.419866
            ],
            [
              103.9273,
              41.386909
            ],
            [
              104.05911,
              41.386909
            ],
            [
              104.190919,
              41.386909
            ],
            [
              104.322728,
              41.419866
            ],
            [
              104.454537,
              41.452807
            ],
            [
              104.542409,
              41.485731
            ],
            [
              104.630282,
              41.551528
            ],
            [
              104.718155,
              41.617258
            ],
            [
              104.849964,
              41.650099
            ],
            [
              104.937836,
              41.715729
            ],
            [
              104.981773,
              41.781292
            ],
            [
              105.069645,
              41.814048
            ],
            [
              105.201454,
              41.846788
            ],
            [
              105.245391,
              41.912217
            ],
            [
              105.421136,
              41.912217
            ],
            [
              105.728691,
              41.912217
            ],
            [
              106.036245,
              41.977579
            ],
            [
              106.343799,
              42.075497
            ],
            [
              106.519545,
              42.140691
            ],
            [
              106.651354,
              42.205819
            ],
            [
              106.827099,
              42.205819
            ],
            [
              106.958908,
              42.205819
            ],
            [
              107.222526,
              42.205819
            ],
            [
              107.354335,
              42.205819
            ],
            [
              107.530081,
              42.173264
            ],
            [
              107.617953,
              42.140691
            ],
            [
              107.749762,
              42.108102
            ],
            [
              107.881571,
              42.108102
            ],
            [
              108.01338,
              42.108102
            ],
            [
              108.145189,
              42.108102
            ],
            [
              108.276998,
              42.108102
            ],
            [
              108.364871,
              42.140691
            ],
            [
              108.49668,
              42.140691
            ],
            [
              108.584553,
              42.173264
            ],
            [
              108.716362,
              42.205819
            ],
            [
              108.848171,
              42.238358
            ],
            [
              108.936044,
              42.270879
            ],
            [
              109.111789,
              42.303385
            ],
            [
              109.419343,
              42.335873
            ],
            [
              109.682961,
              42.335873
            ],
            [
              109.770834,
              42.368344
            ],
            [
              109.858707,
              42.400799
            ],
            [
              109.990516,
              42.465658
            ],
            [
              110.078389,
              42.498063
            ],
            [
              110.210198,
              42.53045
            ],
            [
              110.342007,
              42.562821
            ],
            [
              110.737434,
              42.659833
            ],
            [
              111.088924,
              42.788947
            ],
            [
              111.176797,
              42.821183
            ],
            [
              111.352542,
              42.821183
            ],
            [
              111.484351,
              42.821183
            ],
            [
              111.616161,
              42.821183
            ],
            [
              111.835842,
              42.821183
            ],
            [
              111.923715,
              42.788947
            ],
            [
              112.09946,
              42.821183
            ],
            [
              112.275206,
              42.853403
            ],
            [
              112.363078,
              42.885606
            ],
            [
              112.450951,
              42.917792
            ],
            [
              112.538824,
              42.949961
            ],
            [
              112.626696,
              42.982114
            ],
            [
              112.802442,
              43.01425
            ],
            [
              112.890314,
              43.046369
            ],
            [
              113.022123,
              43.078471
            ],
            [
              113.197869,
              43.110556
            ],
            [
              113.417551,
              43.142624
            ],
            [
              113.505423,
              43.174676
            ],
            [
              113.681169,
              43.238729
            ],
            [
              113.944787,
              43.302714
            ],
            [
              114.032659,
              43.334682
            ],
            [
              114.120532,
              43.366633
            ],
            [
              114.208405,
              43.430484
            ],
            [
              114.296277,
              43.494267
            ],
            [
              114.38415,
              43.526134
            ],
            [
              114.472023,
              43.557984
            ],
            [
              114.559895,
              43.589817
            ],
            [
              114.647768,
              43.621633
            ],
            [
              114.779577,
              43.653432
            ],
            [
              114.86745,
              43.685215
            ],
            [
              114.999259,
              43.748729
            ],
            [
              115.131068,
              43.843875
            ],
            [
              115.218941,
              43.907221
            ],
            [
              115.306813,
              43.9705
            ],
            [
              115.438622,
              44.065292
            ],
            [
              115.526495,
              44.096855
            ],
            [
              115.614368,
              44.128402
            ],
            [
              115.746177,
              44.159932
            ],
            [
              115.790113,
              44.222942
            ],
            [
              115.921922,
              44.222942
            ],
            [
              116.009795,
              44.254421
            ],
            [
              116.097667,
              44.285884
            ],
            [
              116.18554,
              44.317329
            ],
            [
              116.317349,
              44.38017
            ],
            [
              116.405222,
              44.411566
            ],
            [
              116.493095,
              44.442944
            ],
            [
              116.580967,
              44.50565
            ],
            [
              116.66884,
              44.568289
            ],
            [
              116.756713,
              44.599583
            ],
            [
              116.800649,
              44.662121
            ],
            [
              116.844585,
              44.724591
            ],
            [
              116.888522,
              44.786994
            ],
            [
              116.976394,
              44.84933
            ],
            [
              117.064267,
              44.880473
            ],
            [
              117.15214,
              44.942707
            ],
            [
              117.196076,
              45.004874
            ],
            [
              117.196076,
              45.097999
            ],
            [
              117.15214,
              45.159997
            ],
            [
              117.108203,
              45.252869
            ],
            [
              117.064267,
              45.345589
            ],
            [
              117.020331,
              45.46898
            ],
            [
              116.976394,
              45.561346
            ],
            [
              116.976394,
              45.653561
            ],
            [
              116.888522,
              45.745624
            ],
            [
              116.844585,
              45.868139
            ],
            [
              116.800649,
              45.929295
            ],
            [
              116.756713,
              46.051406
            ],
            [
              116.756713,
              46.142812
            ],
            [
              116.712776,
              46.203666
            ],
            [
              116.712776,
              46.32517
            ],
            [
              116.712776,
              46.416122
            ],
            [
              116.66884,
              46.537156
            ],
            [
              116.624904,
              46.627754
            ],
            [
              116.624904,
              46.748317
            ],
            [
              116.580967,
              46.838562
            ],
            [
              116.580967,
              46.958654
            ],
            [
              116.580967,
              47.048546
            ],
            [
              116.537031,
              47.10839
            ],
            [
              116.537031,
              47.198031
            ],
            [
              116.537031,
              47.28752
            ],
            [
              116.537031,
              47.376858
            ],
            [
              116.537031,
              47.466044
            ],
            [
              116.537031,
              47.55508
            ],
            [
              116.537031,
              47.643965
            ],
            [
              116.537031,
              47.732699
            ],
            [
              116.537031,
              47.821281
            ],
            [
              116.580967,
              47.909713
            ],
            [
              116.580967,
              47.997994
            ],
            [
              116.580967,
              48.115468
            ],
            [
              116.624904,
              48.174104
            ],
            [
              116.624904,
              48.261933
            ],
            [
              116.624904,
              48.349611
            ],
            [
              116.66884,
              48.407979
            ],
            [
              116.66884,
              48.524516
            ],
            [
              116.66884,
              48.640784
            ],
            [
              116.712776,
              48.698818
            ],
            [
              116.756713,
              48.872519
            ],
            [
              116.800649,
              48.987986
            ],
            [
              116.844585,
              49.074411
            ],
            [
              116.888522,
              49.160686
            ],
            [
              116.932458,
              49.246811
            ],
            [
              116.976394,
              49.304144
            ],
            [
              116.976394,
              49.390019
            ],
            [
              117.020331,
              49.447186
            ],
            [
              117.064267,
              49.504286
            ],
            [
              117.108203,
              49.561319
            ],
            [
              117.15214,
              49.618286
            ],
            [
              117.15214,
              49.732021
            ],
            [
              117.15214,
              49.817147
            ],
            [
              117.15214,
              49.930417
            ],
            [
              117.15214,
              50.04342
            ],
            [
              117.15214,
              50.127999
            ],
            [
              117.15214,
              50.212428
            ],
            [
              117.064267,
              50.268632
            ],
            [
              117.020331,
              50.324769
            ],
            [
              116.932458,
              50.352813
            ],
            [
              116.800649,
              50.40885
            ],
            [
              116.66884,
              50.464822
            ],
            [
              116.580967,
              50.492783
            ],
            [
              116.449158,
              50.520728
            ],
            [
              116.317349,
              50.548655
            ],
            [
              116.229477,
              50.576567
            ],
            [
              116.18554,
              50.63234
            ],
            [
              116.097667,
              50.688047
            ],
            [
              116.053731,
              50.743688
            ],
            [
              115.965858,
              50.827026
            ],
            [
              115.877986,
              50.854772
            ],
            [
              115.834049,
              50.910215
            ],
            [
              115.746177,
              50.937912
            ],
            [
              115.658304,
              50.965592
            ],
            [
              115.526495,
              50.993256
            ],
            [
              115.35075,
              50.993256
            ],
            [
              115.175004,
              50.993256
            ],
            [
              115.043195,
              50.993256
            ],
            [
              114.911386,
              50.993256
            ],
            [
              114.779577,
              50.993256
            ],
            [
              114.647768,
              50.993256
            ],
            [
              114.515959,
              50.993256
            ],
            [
              114.340214,
              50.993256
            ],
            [
              114.164468,
              50.993256
            ],
            [
              114.076596,
              50.993256
            ],
            [
              113.812978,
              50.993256
            ],
            [
              113.593296,
              50.965592
            ],
            [
              113.373614,
              50.937912
            ],
            [
              113.285742,
              50.910215
            ],
            [
              113.153933,
              50.910215
            ],
            [
              113.06606,
              50.882502
            ],
            [
              112.934251,
              50.882502
            ],
            [
              112.802442,
              50.854772
            ],
            [
              112.626696,
              50.827026
            ],
            [
              112.275206,
              50.743688
            ],
            [
              111.923715,
              50.688047
            ],
            [
              111.616161,
              50.63234
            ],
            [
              111.308606,
              50.576567
            ],
            [
              111.176797,
              50.576567
            ],
            [
              110.957115,
              50.520728
            ],
            [
              110.78137,
              50.520728
            ],
            [
              110.429879,
              50.548655
            ],
            [
              109.990516,
              50.604462
            ],
            [
              109.902643,
              50.63234
            ],
            [
              109.770834,
              50.660202
            ],
            [
              109.595089,
              50.715876
            ],
            [
              109.46328,
              50.771484
            ],
            [
              109.375407,
              50.799263
            ],
            [
              109.199662,
              50.827026
            ],
            [
              109.023916,
              50.882502
            ],
            [
              108.936044,
              50.910215
            ],
            [
              108.804235,
              50.937912
            ],
            [
              108.628489,
              50.965592
            ],
            [
              108.233062,
              50.965592
            ],
            [
              107.881571,
              50.993256
            ],
            [
              107.354335,
              51.020903
            ],
            [
              107.090717,
              51.048534
            ],
            [
              106.958908,
              51.048534
            ],
            [
              106.827099,
              51.048534
            ],
            [
              106.343799,
              51.048534
            ],
            [
              106.080181,
              51.048534
            ],
            [
              105.684754,
              51.020903
            ],
            [
              105.509009,
              50.993256
            ],
            [
              105.245391,
              50.965592
            ],
            [
              105.069645,
              50.937912
            ],
            [
              104.849964,
              50.910215
            ],
            [
              104.718155,
              50.882502
            ],
            [
              104.630282,
              50.854772
            ],
            [
              104.542409,
              50.827026
            ],
            [
              104.454537,
              50.799263
            ],
            [
              104.366664,
              50.771484
            ],
            [
              104.278791,
              50.743688
            ],
            [
              104.190919,
              50.715876
            ],
            [
              104.05911,
              50.715876
            ],
            [
              103.9273,
              50.688047
            ],
            [
              103.795491,
              50.660202
            ],
            [
              103.707619,
              50.63234
            ],
            [
              103.487937,
              50.604462
            ],
            [
              103.268255,
              50.576567
            ],
            [
              103.180383,
              50.548655
            ],
            [
              103.048574,
              50.548655
            ],
            [
              102.916765,
              50.548655
            ],
            [
              102.653147,
              50.548655
            ],
            [
              102.521338,
              50.548655
            ],
            [
              102.389528,
              50.548655
            ],
            [
              102.12591,
              50.548655
            ],
            [
              101.950165,
              50.548655
            ],
            [
              101.554738,
              50.548655
            ],
            [
              101.335056,
              50.548655
            ],
            [
              101.247184,
              50.576567
            ],
            [
              101.071438,
              50.604462
            ],
            [
              100.939629,
              50.604462
            ],
            [
              100.80782,
              50.63234
            ],
            [
              100.632075,
              50.520728
            ],
            [
              100.544202,
              50.464822
            ],
            [
              100.456329,
              50.40885
            ],
            [
              100.368457,
              50.324769
            ],
            [
              100.32452,
              50.268632
            ],
            [
              100.236648,
              50.240538
            ],
            [
              100.148775,
              50.184302
            ],
            [
              100.016966,
              50.156159
            ],
            [
              99.621539,
              50.07163
            ],
            [
              99.313984,
              49.986952
            ],
            [
              99.182175,
              49.958692
            ],
            [
              99.050366,
              49.930417
            ],
            [
              98.962494,
              49.902124
            ],
            [
              98.874621,
              49.873815
            ],
            [
              98.742812,
              49.873815
            ],
            [
              98.611003,
              49.84549
            ],
            [
              98.52313,
              49.817147
            ],
            [
              98.259512,
              49.788788
            ],
            [
              98.083767,
              49.760413
            ],
            [
              97.951958,
              49.760413
            ],
            [
              97.776212,
              49.760413
            ],
            [
              97.600467,
              49.732021
            ],
            [
              97.380785,
              49.703612
            ],
            [
              97.20504,
              49.675187
            ],
            [
              97.029295,
              49.646745
            ],
            [
              96.897486,
              49.618286
            ],
            [
              96.809613,
              49.589811
            ],
            [
              96.633868,
              49.561319
            ],
            [
              96.502059,
              49.561319
            ],
            [
              96.23844,
              49.532811
            ],
            [
              96.018759,
              49.504286
            ],
            [
              95.88695,
              49.475744
            ],
            [
              95.755141,
              49.475744
            ],
            [
              95.667268,
              49.447186
            ],
            [
              95.579395,
              49.418611
            ],
            [
              95.359714,
              49.390019
            ],
            [
              95.271841,
              49.332786
            ],
            [
              95.183968,
              49.304144
            ],
            [
              95.096096,
              49.275486
            ],
            [
              94.92035,
              49.246811
            ],
            [
              94.832477,
              49.218119
            ],
            [
              94.744605,
              49.189411
            ],
            [
              94.700668,
              49.131945
            ],
            [
              94.612796,
              49.103186
            ],
            [
              94.524923,
              49.04562
            ],
            [
              94.43705,
              48.987986
            ],
            [
              94.393114,
              48.930286
            ],
            [
              94.349178,
              48.872519
            ],
            [
              94.261305,
              48.814686
            ],
            [
              94.305241,
              48.756785
            ],
            [
              94.305241,
              48.66981
            ],
            [
              94.305241,
              48.582683
            ],
            [
              94.261305,
              48.495407
            ],
            [
              94.217369,
              48.407979
            ],
            [
              94.173432,
              48.349611
            ],
            [
              94.041623,
              48.261933
            ],
            [
              93.953751,
              48.174104
            ],
            [
              93.909814,
              48.115468
            ],
            [
              93.865878,
              48.027388
            ],
            [
              93.778005,
              47.968584
            ],
            [
              93.690133,
              47.880253
            ],
            [
              93.646196,
              47.821281
            ],
            [
              93.60226,
              47.732699
            ],
            [
              93.558324,
              47.643965
            ],
            [
              93.514387,
              47.525418
            ],
            [
              93.514387,
              47.436332
            ],
            [
              93.514387,
              47.347095
            ],
            [
              93.470451,
              47.28752
            ],
            [
              93.470451,
              47.198031
            ],
            [
              93.514387,
              47.138287
            ],
            [
              93.558324,
              47.078477
            ],
            [
              93.558324,
              46.988635
            ],
            [
              93.60226,
              46.928656
            ],
            [
              93.60226,
              46.838562
            ],
            [
              93.646196,
              46.748317
            ],
            [
              93.690133,
              46.65792
            ],
            [
              93.734069,
              46.597572
            ],
            [
              93.778005,
              46.506923
            ],
            [
              93.821942,
              46.446406
            ],
            [
              93.865878,
              46.385822
            ],
            [
              93.909814,
              46.32517
            ],
            [
              93.953751,
              46.294819
            ],
            [
              93.953751,
              46.355504
            ]
          ]
        ]
      }
    }
  ]
}