{
  "type": "FeatureCollection",
  "features": [
    {
      "type": "Feature",
      "properties": {
        "CODE": "6",
        "NAME": "Goryeo",
        "name": "Goryeo",
        "color": "#ef4444",
        "fill": "#ef4444",
        "fill-opacity": 0.5,
        "stroke": "#ef4444",
        "stroke-width": 2,
        "originalType": "polyline"
      },
      "geometry": {
        "type": "Polygon",
        "coordinates": [
          [
            [
              128.47290170295156,
              38.45905067702728
            ],
            [
              128.47290170295156,
              38.484859930835
            ],
            [
              128.46191709227838,
              38.50206096717533
            ],
            [
              128.4509324816052,
              38.53645071841698
            ],
            [
              128.43994787093203,
              38.55363943218342
            ],
            [
              128.42896326025888,
              38.570824037293065
            ],
            [
              128.4179786495857,
              38.58800453318245
            ],
            [
              128.40699403891253,
              38.60518091928988
            ],
            [
              128.39600942823935,
              38.622353195055105
            ],
            [
              128.37404020689303,
              38.63952135991961
            ],
            [
              128.36305559621985,
              38.6566854133264
            ],
            [
              128.3410863748735,
              38.673845354720164
            ],
            [
              128.33010176420032,
              38.691001183547165
            ],
            [
              128.308132542854,
              38.699577555575495
            ],
            [
              128.2971479321808,
              38.71672721451759
            ],
            [
              128.27517871083447,
              38.72530050129389
            ],
            [
              128.25320948948814,
              38.73387275951559
            ],
            [
              128.2312402681418,
              38.75101419002137
            ],
            [
              128.20927104679546,
              38.75958336216888
            ],
            [
              128.1873018254491,
              38.768151505488476
            ],
            [
              128.17631721477593,
              38.78528470537198
            ],
            [
              128.1543479934296,
              38.793849761800004
            ],
            [
              128.13237877208323,
              38.810976787289896
            ],
            [
              128.1104095507369,
              38.8195387562165
            ],
            [
              128.08844032939058,
              38.836659606095736
            ],
            [
              128.06647110804423,
              38.84521848691376
            ],
            [
              128.05548649737102,
              38.86233315997077
            ],
            [
              128.02253266535152,
              38.87088895207574
            ],
            [
              127.97859422265886,
              38.896550149894445
            ],
            [
              127.9566250013125,
              38.913652465693694
            ],
            [
              127.93465577996619,
              38.92220207856995
            ],
            [
              127.91268655861982,
              38.93075066134229
            ],
            [
              127.90170194794665,
              38.947844736310536
            ],
            [
              127.89071733727346,
              38.96493469007028
            ],
            [
              127.87973272660031,
              38.98202052209501
            ],
            [
              127.86874811592713,
              38.999102231859844
            ],
            [
              127.84677889458078,
              39.007641540731164
            ],
            [
              127.8357942839076,
              39.02471706612535
            ],
            [
              127.82480967323447,
              39.05032262236935
            ],
            [
              127.8028404518881,
              39.067387837877014
            ],
            [
              127.79185584121493,
              39.084448928524004
            ],
            [
              127.76988661986863,
              39.09297792686361
            ],
            [
              127.75890200919544,
              39.11003282925372
            ],
            [
              127.73693278784909,
              39.12708360549762
            ],
            [
              127.71496356650275,
              39.13560744615489
            ],
            [
              127.6929943451564,
              39.14413025508392
            ],
            [
              127.67102512381004,
              39.15265203222109
            ],
            [
              127.64905590246373,
              39.16117277750281
            ],
            [
              127.62708668111736,
              39.16969249086557
            ],
            [
              127.60511745977105,
              39.178211172245994
            ],
            [
              127.57216362775152,
              39.178211172245994
            ],
            [
              127.55019440640517,
              39.18672882158083
            ],
            [
              127.51724057438564,
              39.18672882158083
            ],
            [
              127.49527135303933,
              39.195245438806865
            ],
            [
              127.47330213169298,
              39.20376102386099
            ],
            [
              127.44034829967349,
              39.20376102386099
            ],
            [
              127.41837907832712,
              39.212275576680256
            ],
            [
              127.40739446765393,
              39.229301585362755
            ],
            [
              127.39640985698077,
              39.24632346435237
            ],
            [
              127.3854252463076,
              39.26334121314882
            ],
            [
              127.3854252463076,
              39.2888600911406
            ],
            [
              127.3854252463076,
              39.3143696733992
            ],
            [
              127.39640985698077,
              39.33137089645101
            ],
            [
              127.40739446765393,
              39.34836798683154
            ],
            [
              127.4293636890003,
              39.35686498211665
            ],
            [
              127.4623175210198,
              39.35686498211665
            ],
            [
              127.48428674236617,
              39.365360944049996
            ],
            [
              127.50625596371246,
              39.373855872570466
            ],
            [
              127.52822518505883,
              39.38234976761702
            ],
            [
              127.55019440640517,
              39.39084262912879
            ],
            [
              127.56117901707833,
              39.40782525130465
            ],
            [
              127.56117901707833,
              39.433291431540106
            ],
            [
              127.56117901707833,
              39.4587483066918
            ],
            [
              127.56117901707833,
              39.48419587513622
            ],
            [
              127.56117901707833,
              39.509634135257706
            ],
            [
              127.56117901707833,
              39.535063085448584
            ],
            [
              127.55019440640517,
              39.552010545935126
            ],
            [
              127.55019440640517,
              39.57742397602378
            ],
            [
              127.539209795732,
              39.594361088303216
            ],
            [
              127.539209795732,
              39.619758993882485
            ],
            [
              127.539209795732,
              39.64514758265591
            ],
            [
              127.539209795732,
              39.670526853057964
            ],
            [
              127.539209795732,
              39.69589680353104
            ],
            [
              127.52822518505883,
              39.71280492534245
            ],
            [
              127.51724057438564,
              39.72970890381704
            ],
            [
              127.52822518505883,
              39.74660873849912
            ],
            [
              127.56117901707833,
              39.763504428934525
            ],
            [
              127.5831482384247,
              39.771950719918244
            ],
            [
              127.60511745977105,
              39.780395974670704
            ],
            [
              127.61610207044419,
              39.79728337525669
            ],
            [
              127.62708668111736,
              39.822606702996055
            ],
            [
              127.63807129179054,
              39.83948373874335
            ],
            [
              127.67102512381004,
              39.847920701626045
            ],
            [
              127.6929943451564,
              39.85635662777397
            ],
            [
              127.71496356650275,
              39.873225369643954
            ],
            [
              127.74791739852226,
              39.873225369643954
            ],
            [
              127.76988661986863,
              39.881658185255354
            ],
            [
              127.8028404518881,
              39.881658185255354
            ],
            [
              127.82480967323447,
              39.89008996391077
            ],
            [
              127.85776350525397,
              39.89852070555513
            ],
            [
              127.87973272660031,
              39.915379077590835
            ],
            [
              127.89071733727346,
              39.93223330092392
            ],
            [
              127.91268655861982,
              39.940658856690284
            ],
            [
              127.93465577996619,
              39.95750685615025
            ],
            [
              127.94564039063933,
              39.97435070581771
            ],
            [
              127.9566250013125,
              39.99119040525944
            ],
            [
              127.97859422265886,
              40.008025954043696
            ],
            [
              128.00056344400517,
              40.01644217180479
            ],
            [
              128.02253266535152,
              40.02485735174034
            ],
            [
              128.0445018866979,
              40.033271493796825
            ],
            [
              128.06647110804423,
              40.041684597920764
            ],
            [
              128.08844032939058,
              40.05009666405888
            ],
            [
              128.09942494006376,
              40.06691768216466
            ],
            [
              128.13237877208323,
              40.07532663402616
            ],
            [
              128.16533260410276,
              40.07532663402616
            ],
            [
              128.1982864361223,
              40.07532663402616
            ],
            [
              128.22025565746858,
              40.06691768216466
            ],
            [
              128.25320948948814,
              40.06691768216466
            ],
            [
              128.28616332150764,
              40.05850769215788
            ],
            [
              128.31911715352717,
              40.05850769215788
            ],
            [
              128.35207098554667,
              40.05850769215788
            ],
            [
              128.38502481756618,
              40.08373454768941
            ],
            [
              128.40699403891253,
              40.09214142310157
            ],
            [
              128.42896326025888,
              40.10054726020988
            ],
            [
              128.4509324816052,
              40.10895205896166
            ],
            [
              128.47290170295156,
              40.12575854118549
            ],
            [
              128.50585553497106,
              40.15096047553621
            ],
            [
              128.5388093669906,
              40.159359043048255
            ],
            [
              128.56077858833692,
              40.17615306185301
            ],
            [
              128.58274780968327,
              40.18454851304198
            ],
            [
              128.6047170310296,
              40.19294292535307
            ],
            [
              128.62668625237595,
              40.20972863313517
            ],
            [
              128.65964008439545,
              40.218119928503256
            ],
            [
              128.68160930574183,
              40.226510184787564
            ],
            [
              128.69259391641498,
              40.243287579900034
            ],
            [
              128.70357852708815,
              40.260060818063906
            ],
            [
              128.7145631377613,
              40.276829898871995
            ],
            [
              128.7145631377613,
              40.31035558679976
            ],
            [
              128.7145631377613,
              40.33548893668079
            ],
            [
              128.70357852708815,
              40.35223930439008
            ],
            [
              128.68160930574183,
              40.36061292843161
            ],
            [
              128.70357852708815,
              40.36898551253139
            ],
            [
              128.73653235910766,
              40.36898551253139
            ],
            [
              128.75850158045404,
              40.377357056639866
            ],
            [
              128.78047080180033,
              40.385727560707494
            ],
            [
              128.8024400231467,
              40.40246544852267
            ],
            [
              128.8353938551662,
              40.410832832171636
            ],
            [
              128.85736307651257,
              40.41919917558261
            ],
            [
              128.89031690853207,
              40.42756447870662
            ],
            [
              128.9122861298784,
              40.43592874149468
            ],
            [
              128.93425535122472,
              40.44429196389798
            ],
            [
              128.9562245725711,
              40.452654145867704
            ],
            [
              128.9891784045906,
              40.461015287355195
            ],
            [
              129.01114762593696,
              40.46937538831191
            ],
            [
              129.02213223661013,
              40.48609246843921
            ],
            [
              129.04410145795643,
              40.49444944751311
            ],
            [
              129.0660706793028,
              40.50280538586291
            ],
            [
              129.08803990064914,
              40.5111602834405
            ],
            [
              129.1100091219955,
              40.51951414019792
            ],
            [
              129.12099373266867,
              40.53621873106062
            ],
            [
              129.12099373266867,
              40.561267810008545
            ],
            [
              129.13197834334184,
              40.57796199052198
            ],
            [
              129.142962954015,
              40.5946520062323
            ],
            [
              129.15394756468817,
              40.61133785676267
            ],
            [
              129.17591678603452,
              40.61967921996802
            ],
            [
              129.19788600738082,
              40.636358822025265
            ],
            [
              129.2198552287272,
              40.64469706078385
            ],
            [
              129.24182445007355,
              40.65303425796706
            ],
            [
              129.27477828209305,
              40.66137041352851
            ],
            [
              129.2967475034394,
              40.66970552742186
            ],
            [
              129.31871672478573,
              40.678039599600986
            ],
            [
              129.3297013354589,
              40.694704618631945
            ],
            [
              129.34068594613208,
              40.711365470253654
            ],
            [
              129.3626551674784,
              40.72802215409978
            ],
            [
              129.37363977815156,
              40.7446746698055
            ],
            [
              129.39560899949794,
              40.76132301700754
            ],
            [
              129.41757822084426,
              40.76964562730658
            ],
            [
              129.43954744219062,
              40.77796719534413
            ],
            [
              129.47250127421012,
              40.77796719534413
            ],
            [
              129.50545510622965,
              40.77796719534413
            ],
            [
              129.52742432757597,
              40.78628772107521
            ],
            [
              129.56037815959553,
              40.79460720445494
            ],
            [
              129.60431660228818,
              40.79460720445494
            ],
            [
              129.62628582363456,
              40.802925645438506
            ],
            [
              129.64825504498086,
              40.81124304398118
            ],
            [
              129.6702242663272,
              40.81955940003835
            ],
            [
              129.69219348767356,
              40.83618898451825
            ],
            [
              129.71416270901992,
              40.85281439852308
            ],
            [
              129.73613193036627,
              40.86943564169933
            ],
            [
              129.7581011517126,
              40.87774469911664
            ],
            [
              129.7581011517126,
              40.90266561415918
            ],
            [
              129.7581011517126,
              40.92757714247123
            ],
            [
              129.76908576238574,
              40.94417961258331
            ],
            [
              129.76908576238574,
              40.96907549374407
            ],
            [
              129.78007037305892,
              40.98566753134536
            ],
            [
              129.78007037305892,
              41.0105477621344
            ],
            [
              129.78007037305892,
              41.0354186011691
            ],
            [
              129.78007037305892,
              41.060280047310144
            ],
            [
              129.78007037305892,
              41.08513209942572
            ],
            [
              129.78007037305892,
              41.10997475639159
            ],
            [
              129.78007037305892,
              41.13480801709092
            ],
            [
              129.78007037305892,
              41.15963188041435
            ],
            [
              129.78007037305892,
              41.19271574480202
            ],
            [
              129.78007037305892,
              41.21751767664307
            ],
            [
              129.78007037305892,
              41.242310207464485
            ],
            [
              129.78007037305892,
              41.26709333618927
            ],
            [
              129.79105498373207,
              41.283610198090315
            ],
            [
              129.80203959440524,
              41.30012288049122
            ],
            [
              129.81302420507842,
              41.3331357055396
            ],
            [
              129.8240088157516,
              41.349635847564315
            ],
            [
              129.8349934264248,
              41.36613180884334
            ],
            [
              129.84597803709795,
              41.38262358906889
            ],
            [
              129.8240088157516,
              41.399111187934714
            ],
            [
              129.80203959440524,
              41.41559460513602
            ],
            [
              129.79105498373207,
              41.43207384036949
            ],
            [
              129.78007037305892,
              41.44854889333323
            ],
            [
              129.76908576238574,
              41.465019763726815
            ],
            [
              129.7581011517126,
              41.4897182263446
            ],
            [
              129.7471165410394,
              41.506178639008105
            ],
            [
              129.73613193036627,
              41.52263486806146
            ],
            [
              129.73613193036627,
              41.54731136673008
            ],
            [
              129.7251473196931,
              41.563757135475655
            ],
            [
              129.7251473196931,
              41.58841794231826
            ],
            [
              129.7251473196931,
              41.61306933276521
            ],
            [
              129.7251473196931,
              41.63771130585052
            ],
            [
              129.7251473196931,
              41.66234386061543
            ],
            [
              129.73613193036627,
              41.67876033092174
            ],
            [
              129.7471165410394,
              41.70337718637551
            ],
            [
              129.7581011517126,
              41.72798462098823
            ],
            [
              129.76908576238574,
              41.74438434313565
            ],
            [
              129.76908576238574,
              41.76897607427943
            ],
            [
              129.7471165410394,
              41.77717122397037
            ],
            [
              129.7251473196931,
              41.78536532659296
            ],
            [
              129.69219348767356,
              41.78536532659296
            ],
            [
              129.6702242663272,
              41.79355838211341
            ],
            [
              129.64825504498086,
              41.801750390497986
            ],
            [
              129.62628582363456,
              41.80994135171311
            ],
            [
              129.60431660228818,
              41.81813126572523
            ],
            [
              129.56037815959553,
              41.81813126572523
            ],
            [
              129.53840893824915,
              41.80994135171311
            ],
            [
              129.51643971690282,
              41.801750390497986
            ],
            [
              129.49447049555647,
              41.79355838211341
            ],
            [
              129.47250127421012,
              41.77717122397037
            ],
            [
              129.4505320528638,
              41.760779877553965
            ],
            [
              129.42856283151744,
              41.75258263382804
            ],
            [
              129.41757822084426,
              41.73618500551096
            ],
            [
              129.38462438882476,
              41.72798462098823
            ],
            [
              129.3626551674784,
              41.71978318960178
            ],
            [
              129.34068594613208,
              41.711580711386055
            ],
            [
              129.31871672478573,
              41.70337718637551
            ],
            [
              129.28576289276623,
              41.69517261460481
            ],
            [
              129.2528090607467,
              41.69517261460481
            ],
            [
              129.2198552287272,
              41.68696699610862
            ],
            [
              129.19788600738082,
              41.67876033092174
            ],
            [
              129.17591678603452,
              41.67055261907901
            ],
            [
              129.16493217536134,
              41.65413405556603
            ],
            [
              129.142962954015,
              41.645923203965985
            ],
            [
              129.12099373266867,
              41.63771130585052
            ],
            [
              129.0990245113223,
              41.62949836125491
            ],
            [
              129.08803990064914,
              41.61306933276521
            ],
            [
              129.0660706793028,
              41.604853248942206
            ],
            [
              129.04410145795643,
              41.59663611878129
            ],
            [
              129.02213223661013,
              41.580198719589
            ],
            [
              129.00016301526375,
              41.57197845062943
            ],
            [
              128.9891784045906,
              41.55553477416381
            ],
            [
              128.96720918324428,
              41.54731136673008
            ],
            [
              128.9562245725711,
              41.53086141364241
            ],
            [
              128.93425535122472,
              41.52263486806146
            ],
            [
              128.92327074055154,
              41.506178639008105
            ],
            [
              128.90130151920522,
              41.497948955609196
            ],
            [
              128.89031690853207,
              41.48148645125131
            ],
            [
              128.8683476871857,
              41.47325363036632
            ],
            [
              128.85736307651257,
              41.45678485137003
            ],
            [
              128.8353938551662,
              41.44854889333323
            ],
            [
              128.824409244493,
              41.43207384036949
            ],
            [
              128.8134246338199,
              41.41559460513602
            ],
            [
              128.79145541247354,
              41.407353419262435
            ],
            [
              128.78047080180033,
              41.39086791119084
            ],
            [
              128.75850158045404,
              41.37437822160696
            ],
            [
              128.74751696978083,
              41.357884350816306
            ],
            [
              128.72554774843448,
              41.34138629912591
            ],
            [
              128.7145631377613,
              41.32488406684416
            ],
            [
              128.69259391641498,
              41.31663138307836
            ],
            [
              128.67062469506862,
              41.29186706174793
            ],
            [
              128.6486554737223,
              41.26709333618927
            ],
            [
              128.62668625237595,
              41.25057229510311
            ],
            [
              128.6047170310296,
              41.234047075148396
            ],
            [
              128.59373242035645,
              41.21751767664307
            ],
            [
              128.58274780968327,
              41.20098409990667
            ],
            [
              128.58274780968327,
              41.17617590132118
            ],
            [
              128.5717631990101,
              41.15135830352757
            ],
            [
              128.5717631990101,
              41.1265313076227
            ],
            [
              128.56077858833692,
              41.10997475639159
            ],
            [
              128.5388093669906,
              41.10169491471093
            ],
            [
              128.51684014564427,
              41.09341402904185
            ],
            [
              128.49487092429789,
              41.08513209942572
            ],
            [
              128.47290170295156,
              41.07684912590401
            ],
            [
              128.4509324816052,
              41.06856510851828
            ],
            [
              128.4179786495857,
              41.06856510851828
            ],
            [
              128.39600942823935,
              41.05199394232134
            ],
            [
              128.37404020689303,
              41.04370679359367
            ],
            [
              128.35207098554667,
              41.0354186011691
            ],
            [
              128.3410863748735,
              41.01883908539732
            ],
            [
              128.31911715352717,
              41.0105477621344
            ],
            [
              128.308132542854,
              40.99396198506601
            ],
            [
              128.28616332150764,
              40.97737203422382
            ],
            [
              128.26419410016132,
              40.96907549374407
            ],
            [
              128.25320948948814,
              40.9524792828809
            ],
            [
              128.2312402681418,
              40.94417961258331
            ],
            [
              128.20927104679546,
              40.93587889909903
            ],
            [
              128.1982864361223,
              40.91927434274309
            ],
            [
              128.16533260410276,
              40.91927434274309
            ],
            [
              128.13237877208323,
              40.90266561415918
            ],
            [
              128.12139416141005,
              40.88605271369488
            ],
            [
              128.1104095507369,
              40.86943564169933
            ],
            [
              128.09942494006376,
              40.84450221285218
            ],
            [
              128.08844032939058,
              40.82787471356553
            ],
            [
              128.06647110804423,
              40.81955940003835
            ],
            [
              128.0445018866979,
              40.802925645438506
            ],
            [
              128.02253266535152,
              40.79460720445494
            ],
            [
              127.98957883333203,
              40.79460720445494
            ],
            [
              127.9566250013125,
              40.79460720445494
            ],
            [
              127.923671169293,
              40.79460720445494
            ],
            [
              127.89071733727346,
              40.79460720445494
            ],
            [
              127.86874811592713,
              40.78628772107521
            ],
            [
              127.84677889458078,
              40.77796719534413
            ],
            [
              127.81382506256129,
              40.77796719534413
            ],
            [
              127.79185584121493,
              40.76964562730658
            ],
            [
              127.76988661986863,
              40.76132301700754
            ],
            [
              127.75890200919544,
              40.7446746698055
            ],
            [
              127.73693278784909,
              40.73634893299292
            ],
            [
              127.7259481771759,
              40.719694333171496
            ],
            [
              127.70397895582957,
              40.711365470253654
            ],
            [
              127.6929943451564,
              40.694704618631945
            ],
            [
              127.67102512381004,
              40.68637263001968
            ],
            [
              127.64905590246373,
              40.678039599600986
            ],
            [
              127.62708668111736,
              40.66970552742186
            ],
            [
              127.60511745977105,
              40.66137041352851
            ],
            [
              127.5831482384247,
              40.65303425796706
            ],
            [
              127.56117901707833,
              40.64469706078385
            ],
            [
              127.539209795732,
              40.62801954173782
            ],
            [
              127.49527135303933,
              40.62801954173782
            ],
            [
              127.47330213169298,
              40.636358822025265
            ],
            [
              127.44034829967349,
              40.64469706078385
            ],
            [
              127.41837907832712,
              40.65303425796706
            ],
            [
              127.37444063563443,
              40.66137041352851
            ],
            [
              127.35247141428808,
              40.66970552742186
            ],
            [
              127.31951758226859,
              40.66970552742186
            ],
            [
              127.28656375024906,
              40.66970552742186
            ],
            [
              127.26459452890273,
              40.678039599600986
            ],
            [
              127.23164069688318,
              40.678039599600986
            ],
            [
              127.22065608621004,
              40.694704618631945
            ],
            [
              127.19868686486369,
              40.70303556539189
            ],
            [
              127.17671764351734,
              40.711365470253654
            ],
            [
              127.15474842217102,
              40.719694333171496
            ],
            [
              127.1217945901515,
              40.719694333171496
            ],
            [
              127.08884075813197,
              40.719694333171496
            ],
            [
              127.05588692611248,
              40.719694333171496
            ],
            [
              127.03391770476613,
              40.72802215409978
            ],
            [
              126.98997926207346,
              40.72802215409978
            ],
            [
              126.95702543005395,
              40.73634893299292
            ],
            [
              126.9240715980344,
              40.7446746698055
            ],
            [
              126.90210237668809,
              40.75299936449214
            ],
            [
              126.88013315534174,
              40.76132301700754
            ],
            [
              126.85816393399537,
              40.76964562730658
            ],
            [
              126.83619471264906,
              40.77796719534413
            ],
            [
              126.8142254913027,
              40.78628772107521
            ],
            [
              126.80324088062953,
              40.802925645438506
            ],
            [
              126.7812716592832,
              40.81124304398118
            ],
            [
              126.77028704861002,
              40.82787471356553
            ],
            [
              126.75930243793684,
              40.84450221285218
            ],
            [
              126.74831782726366,
              40.861125541486835
            ],
            [
              126.73733321659053,
              40.87774469911664
            ],
            [
              126.72634860591734,
              40.894359685390285
            ],
            [
              126.71536399524416,
              40.91927434274309
            ],
            [
              126.704379384571,
              40.93587889909903
            ],
            [
              126.704379384571,
              40.960777909948824
            ],
            [
              126.69339477389781,
              40.97737203422382
            ],
            [
              126.69339477389781,
              41.002255395343184
            ],
            [
              126.68241016322467,
              41.01883908539732
            ],
            [
              126.6714255525515,
              41.0354186011691
            ],
            [
              126.66044094187832,
              41.05199394232134
            ],
            [
              126.63847172053195,
              41.06856510851828
            ],
            [
              126.59453327783928,
              41.06856510851828
            ],
            [
              126.5505948351466,
              41.06856510851828
            ],
            [
              126.50665639245393,
              41.06856510851828
            ],
            [
              126.49567178178074,
              41.08513209942572
            ],
            [
              126.48468717110757,
              41.10169491471093
            ],
            [
              126.47370256043438,
              41.118253554042575
            ],
            [
              126.46271794976124,
              41.13480801709092
            ],
            [
              126.4297641177417,
              41.13480801709092
            ],
            [
              126.4077948963954,
              41.15135830352757
            ],
            [
              126.37484106437586,
              41.15135830352757
            ],
            [
              126.35287184302953,
              41.143083682406164
            ],
            [
              126.33090262168317,
              41.13480801709092
            ],
            [
              126.30893340033681,
              41.1265313076227
            ],
            [
              126.2869641789905,
              41.118253554042575
            ],
            [
              126.26499495764413,
              41.10997475639159
            ],
            [
              126.25401034697096,
              41.09341402904185
            ],
            [
              126.23204112562463,
              41.08513209942572
            ],
            [
              126.22105651495147,
              41.06856510851828
            ],
            [
              126.1990872936051,
              41.060280047310144
            ],
            [
              126.18810268293194,
              41.04370679359367
            ],
            [
              126.17711807225878,
              41.0271293650896
            ],
            [
              126.1661334615856,
              41.0105477621344
            ],
            [
              126.1661334615856,
              40.98566753134536
            ],
            [
              126.15514885091241,
              40.96907549374407
            ],
            [
              126.14416424023923,
              40.9524792828809
            ],
            [
              126.1331796295661,
              40.93587889909903
            ],
            [
              126.11121040821973,
              40.92757714247123
            ],
            [
              126.10022579754657,
              40.91097049995795
            ],
            [
              126.07825657620026,
              40.90266561415918
            ],
            [
              126.0562873548539,
              40.894359685390285
            ],
            [
              126.03431813350757,
              40.87774469911664
            ],
            [
              126.00136430148804,
              40.87774469911664
            ],
            [
              125.96841046946854,
              40.86943564169933
            ],
            [
              125.935456637449,
              40.86943564169933
            ],
            [
              125.9025028054295,
              40.86943564169933
            ],
            [
              125.86954897341,
              40.86943564169933
            ],
            [
              125.84757975206364,
              40.861125541486835
            ],
            [
              125.82561053071727,
              40.85281439852308
            ],
            [
              125.80364130937097,
              40.84450221285218
            ],
            [
              125.7816720880246,
              40.83618898451825
            ],
            [
              125.7597028666783,
              40.82787471356553
            ],
            [
              125.73773364533193,
              40.81955940003835
            ],
            [
              125.71576442398558,
              40.81124304398118
            ],
            [
              125.68281059196607,
              40.81124304398118
            ],
            [
              125.6608413706197,
              40.802925645438506
            ],
            [
              125.6388721492734,
              40.78628772107521
            ],
            [
              125.61690292792704,
              40.76964562730658
            ],
            [
              125.60591831725387,
              40.75299936449214
            ],
            [
              125.58394909590754,
              40.7446746698055
            ],
            [
              125.56197987456117,
              40.73634893299292
            ],
            [
              125.54001065321486,
              40.72802215409978
            ],
            [
              125.52902604254167,
              40.711365470253654
            ],
            [
              125.50705682119533,
              40.70303556539189
            ],
            [
              125.48508759984901,
              40.694704618631945
            ],
            [
              125.4411491571563,
              40.68637263001968
            ],
            [
              125.41917993580998,
              40.678039599600986
            ],
            [
              125.39721071446361,
              40.66970552742186
            ],
            [
              125.3752414931173,
              40.66137041352851
            ],
            [
              125.35327227177093,
              40.65303425796706
            ],
            [
              125.33130305042458,
              40.636358822025265
            ],
            [
              125.30933382907827,
              40.62801954173782
            ],
            [
              125.2873646077319,
              40.61967921996802
            ],
            [
              125.26539538638558,
              40.61133785676267
            ],
            [
              125.23244155436605,
              40.61133785676267
            ],
            [
              125.21047233301974,
              40.60299545216847
            ],
            [
              125.18850311167337,
              40.5946520062323
            ],
            [
              125.15554927965387,
              40.58630751900113
            ],
            [
              125.13358005830753,
              40.57796199052198
            ],
            [
              125.11161083696116,
              40.56961542084204
            ],
            [
              125.07865700494165,
              40.552919158068846
            ],
            [
              125.03471856224897,
              40.53621873106062
            ],
            [
              125.00176473022944,
              40.51951414019792
            ],
            [
              124.97979550888313,
              40.50280538586291
            ],
            [
              124.95782628753678,
              40.49444944751311
            ],
            [
              124.94684167686358,
              40.47773444868937
            ],
            [
              124.92487245551727,
              40.46937538831191
            ],
            [
              124.91388784484408,
              40.452654145867704
            ],
            [
              124.89191862349773,
              40.44429196389798
            ],
            [
              124.8809340128246,
              40.42756447870662
            ],
            [
              124.85896479147823,
              40.410832832171636
            ],
            [
              124.84798018080507,
              40.394097024684896
            ],
            [
              124.82601095945874,
              40.385727560707494
            ],
            [
              124.81502634878555,
              40.36898551253139
            ],
            [
              124.79305712743918,
              40.36061292843161
            ],
            [
              124.77108790609287,
              40.35223930439008
            ],
            [
              124.7491186847465,
              40.34386464045654
            ],
            [
              124.72714946340017,
              40.33548893668079
            ],
            [
              124.70518024205384,
              40.318734409802374
            ],
            [
              124.68321102070749,
              40.31035558679976
            ],
            [
              124.66124179936115,
              40.301975724155085
            ],
            [
              124.63927257801481,
              40.29359482191864
            ],
            [
              124.61730335666844,
              40.28521288014079
            ],
            [
              124.59533413532213,
              40.26844587816282
            ],
            [
              124.57336491397577,
              40.260060818063906
            ],
            [
              124.5623803033026,
              40.243287579900034
            ],
            [
              124.55139569262947,
              40.226510184787564
            ],
            [
              124.54041108195628,
              40.20972863313517
            ],
            [
              124.54041108195628,
              40.18454851304198
            ],
            [
              124.5294264712831,
              40.159359043048255
            ],
            [
              124.51844186060993,
              40.14256086935362
            ],
            [
              124.49647263926359,
              40.134160224552666
            ],
            [
              124.47450341791723,
              40.11735581930437
            ],
            [
              124.45253419657088,
              40.10895205896166
            ],
            [
              124.44154958589775,
              40.09214142310157
            ],
            [
              124.43056497522457,
              40.07532663402616
            ],
            [
              124.41958036455138,
              40.05850769215788
            ],
            [
              124.4085957538782,
              40.041684597920764
            ],
            [
              124.39761114320503,
              40.01644217180479
            ],
            [
              124.38662653253189,
              39.99960869851068
            ],
            [
              124.38662653253189,
              39.97435070581771
            ],
            [
              124.38662653253189,
              39.94908337511718
            ],
            [
              124.38662653253189,
              39.923806707872544
            ],
            [
              124.38662653253189,
              39.89852070555513
            ],
            [
              124.4085957538782,
              39.881658185255354
            ],
            [
              124.41958036455138,
              39.864791517131756
            ],
            [
              124.44154958589775,
              39.85635662777397
            ],
            [
              124.46351880724404,
              39.83948373874335
            ],
            [
              124.48548802859041,
              39.822606702996055
            ],
            [
              124.50745724993673,
              39.805725520977795
            ],
            [
              124.5294264712831,
              39.79728337525669
            ],
            [
              124.54041108195628,
              39.780395974670704
            ],
            [
              124.55139569262947,
              39.763504428934525
            ],
            [
              124.5623803033026,
              39.74660873849912
            ],
            [
              124.57336491397577,
              39.72970890381704
            ],
            [
              124.58434952464894,
              39.70435138232532
            ],
            [
              124.59533413532213,
              39.67898453884001
            ],
            [
              124.60631874599531,
              39.66206813172818
            ],
            [
              124.61730335666844,
              39.64514758265591
            ],
            [
              124.62828796734162,
              39.62822289208508
            ],
            [
              124.65025718868797,
              39.619758993882485
            ],
            [
              124.68321102070749,
              39.619758993882485
            ],
            [
              124.70518024205384,
              39.611294060479196
            ],
            [
              124.72714946340017,
              39.60282809193331
            ],
            [
              124.7601032954197,
              39.60282809193331
            ],
            [
              124.79305712743918,
              39.60282809193331
            ],
            [
              124.82601095945874,
              39.60282809193331
            ],
            [
              124.85896479147823,
              39.594361088303216
            ],
            [
              124.89191862349773,
              39.594361088303216
            ],
            [
              124.92487245551727,
              39.594361088303216
            ],
            [
              124.95782628753678,
              39.594361088303216
            ],
            [
              124.9907801195563,
              39.594361088303216
            ],
            [
              125.00176473022944,
              39.611294060479196
            ],
            [
              125.0237339515758,
              39.60282809193331
            ],
            [
              125.05668778359531,
              39.60282809193331
            ],
            [
              125.07865700494165,
              39.594361088303216
            ],
            [
              125.10062622628801,
              39.58589304964721
            ],
            [
              125.13358005830753,
              39.58589304964721
            ],
            [
              125.15554927965387,
              39.57742397602378
            ],
            [
              125.18850311167337,
              39.57742397602378
            ],
            [
              125.22145694369287,
              39.568953867491494
            ],
            [
              125.24342616503921,
              39.56048272410905
            ],
            [
              125.2544107757124,
              39.54353733302865
            ],
            [
              125.26539538638558,
              39.526587803253946
            ],
            [
              125.2873646077319,
              39.5181114865039
            ],
            [
              125.2873646077319,
              39.49267632951438
            ],
            [
              125.2983492184051,
              39.475714386499895
            ],
            [
              125.2983492184051,
              39.4502637156398
            ],
            [
              125.30933382907827,
              39.433291431540106
            ],
            [
              125.32031843975145,
              39.416315011847466
            ],
            [
              125.33130305042458,
              39.39933445704487
            ],
            [
              125.32031843975145,
              39.38234976761702
            ],
            [
              125.32031843975145,
              39.35686498211665
            ],
            [
              125.32031843975145,
              39.33137089645101
            ],
            [
              125.33130305042458,
              39.3143696733992
            ],
            [
              125.34228766109777,
              39.297364318168604
            ],
            [
              125.36425688244411,
              39.2888600911406
            ],
            [
              125.3752414931173,
              39.27184853856865
            ],
            [
              125.3752414931173,
              39.24632346435237
            ],
            [
              125.36425688244411,
              39.22078909720177
            ],
            [
              125.35327227177093,
              39.20376102386099
            ],
            [
              125.34228766109777,
              39.18672882158083
            ],
            [
              125.32031843975145,
              39.178211172245994
            ],
            [
              125.2983492184051,
              39.16969249086557
            ],
            [
              125.27637999705873,
              39.16117277750281
            ],
            [
              125.2544107757124,
              39.15265203222109
            ],
            [
              125.23244155436605,
              39.14413025508392
            ],
            [
              125.22145694369287,
              39.12708360549762
            ],
            [
              125.21047233301974,
              39.11003282925372
            ],
            [
              125.19948772234655,
              39.09297792686361
            ],
            [
              125.1775185010002,
              39.07591889884033
            ],
            [
              125.166533890327,
              39.05885574569849
            ],
            [
              125.15554927965387,
              39.041788467954234
            ],
            [
              125.1445646689807,
              39.007641540731164
            ],
            [
              125.13358005830753,
              38.99056189229268
            ],
            [
              125.12259544763434,
              38.96493469007028
            ],
            [
              125.12259544763434,
              38.93929821394448
            ],
            [
              125.11161083696116,
              38.92220207856995
            ],
            [
              125.11161083696116,
              38.896550149894445
            ],
            [
              125.10062622628801,
              38.87944371447582
            ],
            [
              125.10062622628801,
              38.85377633822781
            ],
            [
              125.10062622628801,
              38.828099695840905
            ],
            [
              125.10062622628801,
              38.80241378912854
            ],
            [
              125.10062622628801,
              38.776718619912174
            ],
            [
              125.12259544763434,
              38.75958336216888
            ],
            [
              125.1445646689807,
              38.74244398911421
            ],
            [
              125.15554927965387,
              38.72530050129389
            ],
            [
              125.1445646689807,
              38.70815289925525
            ],
            [
              125.13358005830753,
              38.691001183547165
            ],
            [
              125.11161083696116,
              38.68242378323907
            ],
            [
              125.08964161561484,
              38.673845354720164
            ],
            [
              125.06767239426847,
              38.66526589805958
            ],
            [
              125.04570317292216,
              38.6566854133264
            ],
            [
              125.0237339515758,
              38.64810390058995
            ],
            [
              125.00176473022944,
              38.63093779138481
            ],
            [
              124.97979550888313,
              38.622353195055105
            ],
            [
              124.95782628753678,
              38.613767571000224
            ],
            [
              124.94684167686358,
              38.59659323999395
            ],
            [
              124.92487245551727,
              38.58800453318245
            ],
            [
              124.9029032341709,
              38.570824037293065
            ],
            [
              124.89191862349773,
              38.55363943218342
            ],
            [
              124.8809340128246,
              38.52785482096397
            ],
            [
              124.8699494021514,
              38.51065994527221
            ],
            [
              124.85896479147823,
              38.4934609623392
            ],
            [
              124.84798018080507,
              38.467654788107595
            ],
            [
              124.84798018080507,
              38.44183937579131
            ],
            [
              124.83699557013188,
              38.41601472732588
            ],
            [
              124.82601095945874,
              38.398793164781196
            ],
            [
              124.81502634878555,
              38.372953127057386
            ],
            [
              124.80404173811237,
              38.329865885271296
            ],
            [
              124.80404173811237,
              38.30400123605953
            ],
            [
              124.80404173811237,
              38.27812736116021
            ],
            [
              124.79305712743918,
              38.260872986826556
            ],
            [
              124.77108790609287,
              38.25224426256093
            ],
            [
              124.7491186847465,
              38.24361451366147
            ],
            [
              124.72714946340017,
              38.234983740202246
            ],
            [
              124.71616485272703,
              38.217719119901545
            ],
            [
              124.69419563138067,
              38.20908527320884
            ],
            [
              124.68321102070749,
              38.19181450711142
            ],
            [
              124.66124179936115,
              38.183177587856
            ],
            [
              124.6722264100343,
              38.16590067730608
            ],
            [
              124.69419563138067,
              38.14861967120404
            ],
            [
              124.70518024205384,
              38.131334570151374
            ],
            [
              124.72714946340017,
              38.12269048420703
            ],
            [
              124.7491186847465,
              38.114045374751385
            ],
            [
              124.77108790609287,
              38.105399241860034
            ],
            [
              124.79305712743918,
              38.096752085608756
            ],
            [
              124.82601095945874,
              38.096752085608756
            ],
            [
              124.84798018080507,
              38.08810390607344
            ],
            [
              124.8699494021514,
              38.07080447745454
            ],
            [
              124.8809340128246,
              38.0535009566122
            ],
            [
              124.89191862349773,
              38.03619334415699
            ],
            [
              124.9029032341709,
              38.01888164070109
            ],
            [
              124.91388784484408,
              38.00156584685829
            ],
            [
              124.92487245551727,
              37.97558448796536
            ],
            [
              124.92487245551727,
              37.94959392917114
            ],
            [
              124.92487245551727,
              37.92359417256791
            ],
            [
              124.93585706619044,
              37.9062558926423
            ],
            [
              124.93585706619044,
              37.88024081102978
            ],
            [
              124.94684167686358,
              37.8628923163858
            ],
            [
              124.96881089820994,
              37.85421653722865
            ],
            [
              124.97979550888313,
              37.83686191563774
            ],
            [
              125.00176473022944,
              37.81950321020409
            ],
            [
              125.0237339515758,
              37.81082232624388
            ],
            [
              125.04570317292216,
              37.80214042156037
            ],
            [
              125.06767239426847,
              37.79345749623288
            ],
            [
              125.10062622628801,
              37.79345749623288
            ],
            [
              125.13358005830753,
              37.79345749623288
            ],
            [
              125.15554927965387,
              37.7847735503409
            ],
            [
              125.1775185010002,
              37.76740259718176
            ],
            [
              125.18850311167337,
              37.750027562720575
            ],
            [
              125.19948772234655,
              37.732648447596645
            ],
            [
              125.22145694369287,
              37.715265252450926
            ],
            [
              125.24342616503921,
              37.706572125070686
            ],
            [
              125.26539538638558,
              37.69787797792606
            ],
            [
              125.2873646077319,
              37.68918281109772
            ],
            [
              125.32031843975145,
              37.68918281109772
            ],
            [
              125.35327227177093,
              37.68918281109772
            ],
            [
              125.38622610379043,
              37.68918281109772
            ],
            [
              125.40819532513679,
              37.69787797792606
            ],
            [
              125.43016454648314,
              37.706572125070686
            ],
            [
              125.45213376782947,
              37.715265252450926
            ],
            [
              125.48508759984901,
              37.72395735998639
            ],
            [
              125.50705682119533,
              37.732648447596645
            ],
            [
              125.52902604254167,
              37.74133851520143
            ],
            [
              125.550995263888,
              37.750027562720575
            ],
            [
              125.57296448523435,
              37.75871559007401
            ],
            [
              125.58394909590754,
              37.77608858396398
            ],
            [
              125.59493370658072,
              37.79345749623288
            ],
            [
              125.60591831725387,
              37.81082232624388
            ],
            [
              125.62788753860023,
              37.81950321020409
            ],
            [
              125.6388721492734,
              37.83686191563774
            ],
            [
              125.6608413706197,
              37.85421653722865
            ],
            [
              125.68281059196607,
              37.8628923163858
            ],
            [
              125.70477981331244,
              37.87156707434572
            ],
            [
              125.72674903465874,
              37.88024081102978
            ],
            [
              125.7597028666783,
              37.87156707434572
            ],
            [
              125.7816720880246,
              37.8628923163858
            ],
            [
              125.80364130937097,
              37.85421653722865
            ],
            [
              125.82561053071727,
              37.84553973695305
            ],
            [
              125.84757975206364,
              37.828183073361764
            ],
            [
              125.86954897341,
              37.81950321020409
            ],
            [
              125.88053358408315,
              37.79345749623288
            ],
            [
              125.9025028054295,
              37.77608858396398
            ],
            [
              125.92447202677586,
              37.76740259718176
            ],
            [
              125.94644124812217,
              37.75871559007401
            ],
            [
              125.97939508014171,
              37.75871559007401
            ],
            [
              126.0123489121612,
              37.750027562720575
            ],
            [
              126.04530274418073,
              37.750027562720575
            ],
            [
              126.06727196552707,
              37.74133851520143
            ],
            [
              126.0892411868734,
              37.732648447596645
            ],
            [
              126.12219501889292,
              37.732648447596645
            ],
            [
              126.14416424023923,
              37.72395735998639
            ],
            [
              126.17711807225878,
              37.72395735998639
            ],
            [
              126.1990872936051,
              37.715265252450926
            ],
            [
              126.22105651495147,
              37.706572125070686
            ],
            [
              126.24302573629782,
              37.69787797792606
            ],
            [
              126.26499495764413,
              37.68918281109772
            ],
            [
              126.2869641789905,
              37.680486624666315
            ],
            [
              126.29794878966366,
              37.663091193317584
            ],
            [
              126.31991801100997,
              37.65439194856215
            ],
            [
              126.33090262168317,
              37.63699040129466
            ],
            [
              126.34188723235634,
              37.61958477756026
            ],
            [
              126.35287184302953,
              37.60217507801064
            ],
            [
              126.37484106437586,
              37.593468700009225
            ],
            [
              126.38582567504903,
              37.57605288796238
            ],
            [
              126.4077948963954,
              37.55863300173686
            ],
            [
              126.4297641177417,
              37.54992153101248
            ],
            [
              126.47370256043438,
              37.54120904199014
            ],
            [
              126.49567178178074,
              37.53249553475233
            ],
            [
              126.48468717110757,
              37.515065465960404
            ],
            [
              126.48468717110757,
              37.48891272822334
            ],
            [
              126.47370256043438,
              37.471472481000504
            ],
            [
              126.46271794976124,
              37.45402816356901
            ],
            [
              126.45173333908807,
              37.43657977659642
            ],
            [
              126.4297641177417,
              37.427854057241255
            ],
            [
              126.41877950706854,
              37.410399567212146
            ],
            [
              126.39681028572221,
              37.40167079670615
            ],
            [
              126.38582567504903,
              37.3842102051318
            ],
            [
              126.37484106437586,
              37.358011692629255
            ],
            [
              126.37484106437586,
              37.33180403198686
            ],
            [
              126.37484106437586,
              37.3055872254954
            ],
            [
              126.37484106437586,
              37.27936127545409
            ],
            [
              126.38582567504903,
              37.26187223014923
            ],
            [
              126.38582567504903,
              37.235631045990615
            ],
            [
              126.39681028572221,
              37.21813184675392
            ],
            [
              126.41877950706854,
              37.20938072445488
            ],
            [
              126.44074872841487,
              37.20062858715059
            ],
            [
              126.46271794976124,
              37.19187543492753
            ],
            [
              126.48468717110757,
              37.18312126787232
            ],
            [
              126.50665639245393,
              37.17436608607173
            ],
            [
              126.52862561380023,
              37.16560988961254
            ],
            [
              126.5505948351466,
              37.15685267858175
            ],
            [
              126.57256405649296,
              37.139335213153466
            ],
            [
              126.5835486671661,
              37.12181369048445
            ],
            [
              126.57256405649296,
              37.104288111274066
            ],
            [
              126.5505948351466,
              37.09552380068481
            ],
            [
              126.52862561380023,
              37.07799213797705
            ],
            [
              126.50665639245393,
              37.06922478603442
            ],
            [
              126.47370256043438,
              37.06922478603442
            ],
            [
              126.44074872841487,
              37.06045642048338
            ],
            [
              126.4077948963954,
              37.06045642048338
            ],
            [
              126.37484106437586,
              37.06045642048338
            ],
            [
              126.35287184302953,
              37.05168704141211
            ],
            [
              126.33090262168317,
              37.04291664890894
            ],
            [
              126.30893340033681,
              37.034145243062255
            ],
            [
              126.2869641789905,
              37.01659939169251
            ],
            [
              126.27597956831731,
              36.99904948801225
            ],
            [
              126.25401034697096,
              36.990273016777785
            ],
            [
              126.23204112562463,
              36.981495532732474
            ],
            [
              126.2100719042783,
              36.97271703596545
            ],
            [
              126.17711807225878,
              36.97271703596545
            ],
            [
              126.14416424023923,
              36.97271703596545
            ],
            [
              126.10022579754657,
              36.97271703596545
            ],
            [
              126.06727196552707,
              36.97271703596545
            ],
            [
              126.04530274418073,
              36.96393752656595
            ],
            [
              126.02333352283438,
              36.95515700462336
            ],
            [
              126.0123489121612,
              36.93759292346676
            ],
            [
              126.0123489121612,
              36.91123920989845
            ],
            [
              126.00136430148804,
              36.87608675749555
            ],
            [
              126.00136430148804,
              36.849711795618326
            ],
            [
              126.00136430148804,
              36.823327731394606
            ],
            [
              126.00136430148804,
              36.7969345672797
            ],
            [
              126.0123489121612,
              36.77053230573753
            ],
            [
              126.03431813350757,
              36.75292574513711
            ],
            [
              126.04530274418073,
              36.73531514306909
            ],
            [
              126.0562873548539,
              36.71770050026985
            ],
            [
              126.07825657620026,
              36.70008181747751
            ],
            [
              126.06727196552707,
              36.67364621992067
            ],
            [
              126.06727196552707,
              36.64720153654824
            ],
            [
              126.06727196552707,
              36.62074776987274
            ],
            [
              126.06727196552707,
              36.59428492241539
            ],
            [
              126.07825657620026,
              36.576637980480584
            ],
            [
              126.0892411868734,
              36.558987004518606
            ],
            [
              126.10022579754657,
              36.541331995282846
            ],
            [
              126.12219501889292,
              36.5236729535284
            ],
            [
              126.1331796295661,
              36.50600988001204
            ],
            [
              126.15514885091241,
              36.488342775492335
            ],
            [
              126.17711807225878,
              36.47950771184369
            ],
            [
              126.1990872936051,
              36.470671640729435
            ],
            [
              126.22105651495147,
              36.46183456224484
            ],
            [
              126.24302573629782,
              36.45299647648532
            ],
            [
              126.26499495764413,
              36.44415738354637
            ],
            [
              126.2869641789905,
              36.43531728352358
            ],
            [
              126.30893340033681,
              36.41763406260961
            ],
            [
              126.33090262168317,
              36.40879094191015
            ],
            [
              126.35287184302953,
              36.3999468145104
            ],
            [
              126.35287184302953,
              36.373408393071415
            ],
            [
              126.36385645370267,
              36.35571108037622
            ],
            [
              126.38582567504903,
              36.34686091479758
            ],
            [
              126.39681028572221,
              36.329157565662165
            ],
            [
              126.4077948963954,
              36.311450193202425
            ],
            [
              126.4297641177417,
              36.2937387981957
            ],
            [
              126.44074872841487,
              36.27602338142098
            ],
            [
              126.45173333908807,
              36.25830394365904
            ],
            [
              126.46271794976124,
              36.24058048569229
            ],
            [
              126.46271794976124,
              36.21398776257412
            ],
            [
              126.47370256043438,
              36.19625425752998
            ],
            [
              126.47370256043438,
              36.16964646748692
            ],
            [
              126.47370256043438,
              36.14302964084415
            ],
            [
              126.48468717110757,
              36.125280070737446
            ],
            [
              126.49567178178074,
              36.10752648634916
            ],
            [
              126.49567178178074,
              36.08088858473281
            ],
            [
              126.49567178178074,
              36.05424165547412
            ],
            [
              126.49567178178074,
              36.02758570127917
            ],
            [
              126.48468717110757,
              36.00092072486276
            ],
            [
              126.47370256043438,
              35.98313906291783
            ],
            [
              126.47370256043438,
              35.95645905552238
            ],
            [
              126.46271794976124,
              35.92977003318772
            ],
            [
              126.46271794976124,
              35.90307199866075
            ],
            [
              126.45173333908807,
              35.87636495469708
            ],
            [
              126.45173333908807,
              35.849648904061105
            ],
            [
              126.45173333908807,
              35.82292384952602
            ],
            [
              126.45173333908807,
              35.79618979387371
            ],
            [
              126.45173333908807,
              35.76944673989487
            ],
            [
              126.45173333908807,
              35.742694690388966
            ],
            [
              126.44074872841487,
              35.724854994589776
            ],
            [
              126.44074872841487,
              35.69808795878372
            ],
            [
              126.4297641177417,
              35.680238274727934
            ],
            [
              126.41877950706854,
              35.662384596835544
            ],
            [
              126.4077948963954,
              35.64452692594682
            ],
            [
              126.39681028572221,
              35.61773293458825
            ],
            [
              126.39681028572221,
              35.58199364516368
            ],
            [
              126.38582567504903,
              35.564118016237394
            ],
            [
              126.38582567504903,
              35.53729709497019
            ],
            [
              126.38582567504903,
              35.51046720280664
            ],
            [
              126.38582567504903,
              35.483628342631235
            ],
            [
              126.37484106437586,
              35.465730788380725
            ],
            [
              126.36385645370267,
              35.43887698795325
            ],
            [
              126.36385645370267,
              35.41201422724952
            ],
            [
              126.35287184302953,
              35.385142509186466
            ],
            [
              126.34188723235634,
              35.36722305561159
            ],
            [
              126.33090262168317,
              35.34929962315744
            ],
            [
              126.30893340033681,
              35.340336415122735
            ],
            [
              126.29794878966366,
              35.32240701598317
            ],
            [
              126.27597956831731,
              35.304473640144764
            ],
            [
              126.25401034697096,
              35.29550546123697
            ],
            [
              126.23204112562463,
              35.286536288482836
            ],
            [
              126.2100719042783,
              35.27756612199202
            ],
            [
              126.18810268293194,
              35.259622808239634
            ],
            [
              126.1661334615856,
              35.24167552085947
            ],
            [
              126.15514885091241,
              35.22372426073291
            ],
            [
              126.14416424023923,
              35.20576902874306
            ],
            [
              126.12219501889292,
              35.18780982577483
            ],
            [
              126.11121040821973,
              35.16984665271486
            ],
            [
              126.10022579754657,
              35.14289445114674
            ],
            [
              126.0892411868734,
              35.12492135674803
            ],
            [
              126.07825657620026,
              35.10694429537466
            ],
            [
              126.07825657620026,
              35.0799712671945
            ],
            [
              126.06727196552707,
              35.06198429230207
            ],
            [
              126.06727196552707,
              35.03499639805234
            ],
            [
              126.06727196552707,
              35.00799958821342
            ],
            [
              126.06727196552707,
              34.98099386583565
            ],
            [
              126.06727196552707,
              34.953979233978316
            ],
            [
              126.06727196552707,
              34.92695569570955
            ],
            [
              126.06727196552707,
              34.89992325410652
            ],
            [
              126.07825657620026,
              34.87288191225525
            ],
            [
              126.0892411868734,
              34.85484940796675
            ],
            [
              126.10022579754657,
              34.836812950307
            ],
            [
              126.10022579754657,
              34.809750853261505
            ],
            [
              126.10022579754657,
              34.782679866319235
            ],
            [
              126.0892411868734,
              34.76462760440231
            ],
            [
              126.06727196552707,
              34.7465713937369
            ],
            [
              126.0562873548539,
              34.710447129881935
            ],
            [
              126.04530274418073,
              34.683343573454714
            ],
            [
              126.04530274418073,
              34.65623114179016
            ],
            [
              126.04530274418073,
              34.62910983805501
            ],
            [
              126.03431813350757,
              34.61102404153801
            ],
            [
              126.03431813350757,
              34.583887958080076
            ],
            [
              126.03431813350757,
              34.55674301104012
            ],
            [
              126.03431813350757,
              34.52958920361783
            ],
            [
              126.04530274418073,
              34.51148174448586
            ],
            [
              126.04530274418073,
              34.48431317689456
            ],
            [
              126.0562873548539,
              34.466195880631155
            ],
            [
              126.0892411868734,
              34.45713575749753
            ],
            [
              126.12219501889292,
              34.439012561825656
            ],
            [
              126.14416424023923,
              34.429949489527466
            ],
            [
              126.1661334615856,
              34.42088543441457
            ],
            [
              126.18810268293194,
              34.41182039660735
            ],
            [
              126.2100719042783,
              34.402754376226106
            ],
            [
              126.24302573629782,
              34.393687373391444
            ],
            [
              126.27597956831731,
              34.393687373391444
            ],
            [
              126.29794878966366,
              34.38461938822392
            ],
            [
              126.33090262168317,
              34.37555042084431
            ],
            [
              126.35287184302953,
              34.36648047137344
            ],
            [
              126.38582567504903,
              34.35740953993224
            ],
            [
              126.4077948963954,
              34.34833762664183
            ],
            [
              126.44074872841487,
              34.34833762664183
            ],
            [
              126.46271794976124,
              34.33926473162334
            ],
            [
              126.49567178178074,
              34.33019085499812
            ],
            [
              126.56157944581977,
              34.32111599688752
            ],
            [
              126.5835486671661,
              34.31204015741309
            ],
            [
              126.61650249918563,
              34.30296333669641
            ],
            [
              126.64945633120513,
              34.30296333669641
            ],
            [
              126.6714255525515,
              34.29388553485927
            ],
            [
              126.71536399524416,
              34.27572698831106
            ],
            [
              126.77028704861002,
              34.27572698831106
            ],
            [
              126.79225626995637,
              34.26664624384404
            ],
            [
              126.82521010197588,
              34.26664624384404
            ],
            [
              126.86914854466856,
              34.257564518744566
            ],
            [
              126.91308698736123,
              34.257564518744566
            ],
            [
              126.93505620870758,
              34.248481813135015
            ],
            [
              126.9680100407271,
              34.248481813135015
            ],
            [
              126.98997926207346,
              34.257564518744566
            ],
            [
              127.0119484834198,
              34.26664624384404
            ],
            [
              127.03391770476613,
              34.27572698831106
            ],
            [
              127.06687153678561,
              34.284806752023506
            ],
            [
              127.09982536880514,
              34.29388553485927
            ],
            [
              127.1217945901515,
              34.30296333669641
            ],
            [
              127.14376381149783,
              34.31204015741309
            ],
            [
              127.17671764351734,
              34.32111599688752
            ],
            [
              127.19868686486369,
              34.33019085499812
            ],
            [
              127.23164069688318,
              34.34833762664183
            ],
            [
              127.26459452890273,
              34.36648047137344
            ],
            [
              127.28656375024906,
              34.37555042084431
            ],
            [
              127.3085329715954,
              34.393687373391444
            ],
            [
              127.33050219294176,
              34.402754376226106
            ],
            [
              127.35247141428808,
              34.41182039660735
            ],
            [
              127.37444063563443,
              34.429949489527466
            ],
            [
              127.40739446765393,
              34.439012561825656
            ],
            [
              127.4293636890003,
              34.448074651189046
            ],
            [
              127.44034829967349,
              34.466195880631155
            ],
            [
              127.4623175210198,
              34.47525502047009
            ],
            [
              127.48428674236617,
              34.48431317689456
            ],
            [
              127.51724057438564,
              34.493370349785025
            ],
            [
              127.56117901707833,
              34.493370349785025
            ],
            [
              127.5831482384247,
              34.5024265390219
            ],
            [
              127.61610207044419,
              34.5024265390219
            ],
            [
              127.64905590246373,
              34.5024265390219
            ],
            [
              127.6929943451564,
              34.5024265390219
            ],
            [
              127.7259481771759,
              34.5024265390219
            ],
            [
              127.75890200919544,
              34.5024265390219
            ],
            [
              127.79185584121493,
              34.5024265390219
            ],
            [
              127.82480967323447,
              34.5024265390219
            ],
            [
              127.84677889458078,
              34.51148174448586
            ],
            [
              127.86874811592713,
              34.52053596605755
            ],
            [
              127.89071733727346,
              34.52958920361783
            ],
            [
              127.91268655861982,
              34.53864145704765
            ],
            [
              127.93465577996619,
              34.54769272622801
            ],
            [
              127.9566250013125,
              34.56579231136525
            ],
            [
              127.97859422265886,
              34.57484062708474
            ],
            [
              128.00056344400517,
              34.59293430423291
            ],
            [
              128.02253266535152,
              34.61102404153801
            ],
            [
              128.0445018866979,
              34.638151258223154
            ],
            [
              128.05548649737102,
              34.65623114179016
            ],
            [
              128.06647110804423,
              34.674307082214476
            ],
            [
              128.0774557187174,
              34.69237907855738
            ],
            [
              128.08844032939058,
              34.710447129881935
            ],
            [
              128.09942494006376,
              34.7285112352529
            ],
            [
              128.1104095507369,
              34.7465713937369
            ],
            [
              128.13237877208323,
              34.75559999260509
            ],
            [
              128.1543479934296,
              34.76462760440231
            ],
            [
              128.17631721477593,
              34.77365422901237
            ],
            [
              128.22025565746858,
              34.77365422901237
            ],
            [
              128.25320948948814,
              34.77365422901237
            ],
            [
              128.28616332150764,
              34.77365422901237
            ],
            [
              128.33010176420032,
              34.77365422901237
            ],
            [
              128.36305559621985,
              34.77365422901237
            ],
            [
              128.39600942823935,
              34.77365422901237
            ],
            [
              128.42896326025888,
              34.77365422901237
            ],
            [
              128.47290170295156,
              34.77365422901237
            ],
            [
              128.50585553497106,
              34.77365422901237
            ],
            [
              128.5388093669906,
              34.77365422901237
            ],
            [
              128.5717631990101,
              34.77365422901237
            ],
            [
              128.59373242035645,
              34.76462760440231
            ],
            [
              128.61570164170277,
              34.75559999260509
            ],
            [
              128.6486554737223,
              34.75559999260509
            ],
            [
              128.68160930574183,
              34.75559999260509
            ],
            [
              128.70357852708815,
              34.76462760440231
            ],
            [
              128.72554774843448,
              34.782679866319235
            ],
            [
              128.73653235910766,
              34.800728178559574
            ],
            [
              128.75850158045404,
              34.81877254019701
            ],
            [
              128.76948619112716,
              34.84583167325076
            ],
            [
              128.78047080180033,
              34.87288191225525
            ],
            [
              128.79145541247354,
              34.890910462253245
            ],
            [
              128.79145541247354,
              34.917945870949055
            ],
            [
              128.8134246338199,
              34.93596453121066
            ],
            [
              128.824409244493,
              34.953979233978316
            ],
            [
              128.8463784658394,
              34.971989978340744
            ],
            [
              128.85736307651257,
              34.98999676338836
            ],
            [
              128.87933229785887,
              34.998998670885356
            ],
            [
              128.90130151920522,
              35.0169995152593
            ],
            [
              128.93425535122472,
              35.025998451909935
            ],
            [
              128.9562245725711,
              35.03499639805234
            ],
            [
              128.9891784045906,
              35.0529893183611
            ],
            [
              129.03311684728325,
              35.06198429230207
            ],
            [
              129.0660706793028,
              35.06198429230207
            ],
            [
              129.08803990064914,
              35.07097827528401
            ],
            [
              129.0990245113223,
              35.08896326792122
            ],
            [
              129.12099373266867,
              35.10694429537466
            ],
            [
              129.13197834334184,
              35.12492135674803
            ],
            [
              129.15394756468817,
              35.13390839987507
            ],
            [
              129.17591678603452,
              35.15187951045155
            ],
            [
              129.1869013967077,
              35.16984665271486
            ],
            [
              129.208870618054,
              35.17882873545083
            ],
            [
              129.23083983940037,
              35.19678992357586
            ],
            [
              129.2528090607467,
              35.214747141165624
            ],
            [
              129.26379367141988,
              35.23270038733435
            ],
            [
              129.28576289276623,
              35.24167552085947
            ],
            [
              129.30773211411255,
              35.259622808239634
            ],
            [
              129.31871672478573,
              35.27756612199202
            ],
            [
              129.34068594613208,
              35.29550546123697
            ],
            [
              129.35167055680526,
              35.31344082509668
            ],
            [
              129.37363977815156,
              35.33137221269494
            ],
            [
              129.38462438882476,
              35.34929962315744
            ],
            [
              129.40659361017111,
              35.36722305561159
            ],
            [
              129.41757822084426,
              35.385142509186466
            ],
            [
              129.43954744219062,
              35.40305798301298
            ],
            [
              129.4505320528638,
              35.42096947622382
            ],
            [
              129.461516663537,
              35.44782925049247
            ],
            [
              129.461516663537,
              35.47468006351447
            ],
            [
              129.4834858848833,
              35.50152191238454
            ],
            [
              129.4834858848833,
              35.528354794206344
            ],
            [
              129.4834858848833,
              35.55517870609227
            ],
            [
              129.49447049555647,
              35.57305632929661
            ],
            [
              129.49447049555647,
              35.59986528489666
            ],
            [
              129.50545510622965,
              35.61773293458825
            ],
            [
              129.51643971690282,
              35.64452692594682
            ],
            [
              129.51643971690282,
              35.671311934958844
            ],
            [
              129.51643971690282,
              35.69808795878372
            ],
            [
              129.52742432757597,
              35.71593364816429
            ],
            [
              129.53840893824915,
              35.742694690388966
            ],
            [
              129.54939354892232,
              35.76944673989487
            ],
            [
              129.54939354892232,
              35.79618979387371
            ],
            [
              129.57136277026868,
              35.831833201299425
            ],
            [
              129.58234738094183,
              35.849648904061105
            ],
            [
              129.58234738094183,
              35.87636495469708
            ],
            [
              129.59333199161503,
              35.89417065158503
            ],
            [
              129.60431660228818,
              35.91197234468785
            ],
            [
              129.60431660228818,
              35.93866737545647
            ],
            [
              129.60431660228818,
              35.965353393116175
            ],
            [
              129.61530121296136,
              35.98313906291783
            ],
            [
              129.61530121296136,
              36.009810052636006
            ],
            [
              129.61530121296136,
              36.03647202194742
            ],
            [
              129.61530121296136,
              36.06312496813154
            ],
            [
              129.61530121296136,
              36.08976888847634
            ],
            [
              129.61530121296136,
              36.11640378027873
            ],
            [
              129.59333199161503,
              36.125280070737446
            ],
            [
              129.56037815959553,
              36.125280070737446
            ],
            [
              129.52742432757597,
              36.125280070737446
            ],
            [
              129.50545510622965,
              36.13415535762575
            ],
            [
              129.50545510622965,
              36.16077519587395
            ],
            [
              129.50545510622965,
              36.18738599841383
            ],
            [
              129.50545510622965,
              36.21398776257412
            ],
            [
              129.50545510622965,
              36.24058048569229
            ],
            [
              129.50545510622965,
              36.26716416511454
            ],
            [
              129.50545510622965,
              36.2937387981957
            ],
            [
              129.50545510622965,
              36.3203043822993
            ],
            [
              129.50545510622965,
              36.34686091479758
            ],
            [
              129.50545510622965,
              36.373408393071415
            ],
            [
              129.50545510622965,
              36.3999468145104
            ],
            [
              129.49447049555647,
              36.42647617651273
            ],
            [
              129.49447049555647,
              36.45299647648532
            ],
            [
              129.4834858848833,
              36.470671640729435
            ],
            [
              129.4834858848833,
              36.49717683158014
            ],
            [
              129.4834858848833,
              36.5236729535284
            ],
            [
              129.47250127421012,
              36.5501600040128
            ],
            [
              129.47250127421012,
              36.576637980480584
            ],
            [
              129.461516663537,
              36.59428492241539
            ],
            [
              129.461516663537,
              36.62074776987274
            ],
            [
              129.461516663537,
              36.64720153654824
            ],
            [
              129.461516663537,
              36.67364621992067
            ],
            [
              129.461516663537,
              36.70008181747751
            ],
            [
              129.461516663537,
              36.726508326714786
            ],
            [
              129.461516663537,
              36.75292574513711
            ],
            [
              129.461516663537,
              36.77933407025773
            ],
            [
              129.461516663537,
              36.80573329959845
            ],
            [
              129.461516663537,
              36.83212343068962
            ],
            [
              129.461516663537,
              36.85850446107024
            ],
            [
              129.461516663537,
              36.893665007345916
            ],
            [
              129.461516663537,
              36.92002479321259
            ],
            [
              129.461516663537,
              36.9463754702271
            ],
            [
              129.461516663537,
              36.97271703596545
            ],
            [
              129.461516663537,
              36.99904948801225
            ],
            [
              129.461516663537,
              37.02537282396056
            ],
            [
              129.461516663537,
              37.05168704141211
            ],
            [
              129.461516663537,
              37.07799213797705
            ],
            [
              129.461516663537,
              37.104288111274066
            ],
            [
              129.461516663537,
              37.1305749589304
            ],
            [
              129.461516663537,
              37.15685267858175
            ],
            [
              129.4505320528638,
              37.17436608607173
            ],
            [
              129.43954744219062,
              37.20062858715059
            ],
            [
              129.42856283151744,
              37.21813184675392
            ],
            [
              129.42856283151744,
              37.24437912275578
            ],
            [
              129.41757822084426,
              37.27061726060564
            ],
            [
              129.39560899949794,
              37.29684625798448
            ],
            [
              129.39560899949794,
              37.32306611258179
            ],
            [
              129.38462438882476,
              37.340540935186425
            ],
            [
              129.37363977815156,
              37.358011692629255
            ],
            [
              129.3626551674784,
              37.37547838423202
            ],
            [
              129.35167055680526,
              37.392941009317944
            ],
            [
              129.3297013354589,
              37.40167079670615
            ],
            [
              129.30773211411255,
              37.427854057241255
            ],
            [
              129.2967475034394,
              37.44530447873357
            ],
            [
              129.27477828209305,
              37.462750831019164
            ],
            [
              129.2528090607467,
              37.480193113429635
            ],
            [
              129.24182445007355,
              37.497631325298386
            ],
            [
              129.2198552287272,
              37.50634890457173
            ],
            [
              129.208870618054,
              37.523781009381516
            ],
            [
              129.1869013967077,
              37.54120904199014
            ],
            [
              129.17591678603452,
              37.55863300173686
            ],
            [
              129.15394756468817,
              37.567343454080905
            ],
            [
              129.142962954015,
              37.593468700009225
            ],
            [
              129.13197834334184,
              37.61088043722156
            ],
            [
              129.1100091219955,
              37.62828809894515
            ],
            [
              129.0990245113223,
              37.65439194856215
            ],
            [
              129.07705528997596,
              37.680486624666315
            ],
            [
              129.0660706793028,
              37.69787797792606
            ],
            [
              129.04410145795643,
              37.715265252450926
            ],
            [
              129.03311684728325,
              37.732648447596645
            ],
            [
              129.01114762593696,
              37.75871559007401
            ],
            [
              128.9891784045906,
              37.7847735503409
            ],
            [
              128.96720918324428,
              37.80214042156037
            ],
            [
              128.9562245725711,
              37.828183073361764
            ],
            [
              128.94523996189793,
              37.84553973695305
            ],
            [
              128.93425535122472,
              37.8628923163858
            ],
            [
              128.92327074055154,
              37.88024081102978
            ],
            [
              128.9122861298784,
              37.89758522025647
            ],
            [
              128.90130151920522,
              37.91492554343883
            ],
            [
              128.89031690853207,
              37.93226177995159
            ],
            [
              128.87933229785887,
              37.94959392917114
            ],
            [
              128.85736307651257,
              37.96692199047538
            ],
            [
              128.8463784658394,
              37.99290641623407
            ],
            [
              128.824409244493,
              38.00156584685829
            ],
            [
              128.8134246338199,
              38.01888164070109
            ],
            [
              128.8024400231467,
              38.03619334415699
            ],
            [
              128.79145541247354,
              38.0535009566122
            ],
            [
              128.78047080180033,
              38.07080447745454
            ],
            [
              128.76948619112716,
              38.08810390607344
            ],
            [
              128.75850158045404,
              38.105399241860034
            ],
            [
              128.73653235910766,
              38.12269048420703
            ],
            [
              128.7145631377613,
              38.14861967120404
            ],
            [
              128.69259391641498,
              38.174539644562586
            ],
            [
              128.68160930574183,
              38.20045040225395
            ],
            [
              128.67062469506862,
              38.217719119901545
            ],
            [
              128.65964008439545,
              38.234983740202246
            ],
            [
              128.63767086304912,
              38.25224426256093
            ],
            [
              128.62668625237595,
              38.269500686384276
            ],
            [
              128.61570164170277,
              38.28675301108054
            ],
            [
              128.59373242035645,
              38.31262381097109
            ],
            [
              128.5717631990101,
              38.329865885271296
            ],
            [
              128.54979397766374,
              38.35572130681616
            ],
            [
              128.5388093669906,
              38.381567498723
            ],
            [
              128.51684014564427,
              38.398793164781196
            ],
            [
              128.50585553497106,
              38.41601472732588
            ],
            [
              128.49487092429789,
              38.43323218577916
            ],
            [
              128.48388631362474,
              38.45044553956462
            ],
            [
              128.48388631362474,
              38.45044553956462
            ],
            [
              128.47290170295156,
              38.45905067702728
            ]
          ]
        ]
      }
    },
    {
      "type": "Feature",
      "properties": {
        "NAME": "Ming",
        "name": "Ming",
        "color": "#eab308",
        "fill": "#ef4444",
        "fill-opacity": 0.5,
        "stroke": "#ef4444",
        "stroke-width": 2,
        "originalType": "polyline"
      },
      "geometry": {
        "type": "Polygon",
        "coordinates": [
          [
            [
              121.11189786826802,
              32.96028247704306
            ],
            [
              121.017856,
              33.037693
            ],
            [
              120.97392,
              33.148127
            ],
            [
              120.929984,
              33.221672
            ],
            [
              120.842111,
              33.258422
            ],
            [
              120.798175,
              33.368577
            ],
            [
              120.798175,
              33.478594
            ],
            [
              120.754238,
              33.625066
            ],
            [
              120.710302,
              33.698208
            ],
            [
              120.666365,
              33.807805
            ],
            [
              120.622429,
              33.880792
            ],
            [
              120.578493,
              33.990156
            ],
            [
              120.49062,
              34.026579
            ],
            [
              120.446684,
              34.099379
            ],
            [
              120.402747,
              34.172116
            ],
            [
              120.270938,
              34.281104
            ],
            [
              120.183066,
              34.353684
            ],
            [
              120.139129,
              34.426202
            ],
            [
              120.095193,
              34.498656
            ],
            [
              119.963384,
              34.53486
            ],
            [
              119.875511,
              34.571048
            ],
            [
              119.787639,
              34.607221
            ],
            [
              119.699766,
              34.643377
            ],
            [
              119.65583,
              34.751752
            ],
            [
              119.392212,
              34.896031
            ],
            [
              119.348275,
              34.968076
            ],
            [
              119.392212,
              35.040057
            ],
            [
              119.348275,
              35.111975
            ],
            [
              119.392212,
              35.18383
            ],
            [
              119.436148,
              35.291493
            ],
            [
              119.480084,
              35.363189
            ],
            [
              119.567957,
              35.434821
            ],
            [
              119.611893,
              35.506389
            ],
            [
              119.65583,
              35.577894
            ],
            [
              119.699766,
              35.649335
            ],
            [
              119.743702,
              35.720712
            ],
            [
              119.831575,
              35.792026
            ],
            [
              119.919448,
              35.827658
            ],
            [
              120.051257,
              35.863275
            ],
            [
              120.139129,
              35.93446
            ],
            [
              120.227002,
              35.970029
            ],
            [
              120.402747,
              36.112144
            ],
            [
              120.49062,
              36.147632
            ],
            [
              120.534556,
              36.218561
            ],
            [
              120.622429,
              36.254001
            ],
            [
              120.710302,
              36.289426
            ],
            [
              120.798175,
              36.324834
            ],
            [
              120.886047,
              36.360226
            ],
            [
              120.97392,
              36.430962
            ],
            [
              121.061793,
              36.466306
            ],
            [
              121.149665,
              36.501634
            ],
            [
              121.325411,
              36.572241
            ],
            [
              121.45722,
              36.642783
            ],
            [
              121.545092,
              36.678031
            ],
            [
              121.676901,
              36.713262
            ],
            [
              121.80871,
              36.748476
            ],
            [
              121.896583,
              36.818858
            ],
            [
              121.984456,
              36.854024
            ],
            [
              122.072328,
              36.924308
            ],
            [
              122.204137,
              36.959426
            ],
            [
              122.379883,
              36.994528
            ],
            [
              122.511692,
              36.994528
            ],
            [
              122.643501,
              37.029613
            ],
            [
              122.731374,
              37.064682
            ],
            [
              122.77531,
              37.134772
            ],
            [
              122.863183,
              37.169793
            ],
            [
              122.863183,
              37.274757
            ],
            [
              122.863183,
              37.379576
            ],
            [
              122.77531,
              37.414483
            ],
            [
              122.731374,
              37.484248
            ],
            [
              122.643501,
              37.519106
            ],
            [
              122.511692,
              37.519106
            ],
            [
              122.423819,
              37.553948
            ],
            [
              122.248074,
              37.553948
            ],
            [
              122.116265,
              37.553948
            ],
            [
              121.984456,
              37.588773
            ],
            [
              121.80871,
              37.623583
            ],
            [
              121.676901,
              37.623583
            ],
            [
              121.589029,
              37.658376
            ],
            [
              121.45722,
              37.658376
            ],
            [
              121.325411,
              37.693152
            ],
            [
              121.237538,
              37.727913
            ],
            [
              121.149665,
              37.797385
            ],
            [
              121.017856,
              37.832096
            ],
            [
              120.929984,
              37.866791
            ],
            [
              120.842111,
              37.90147
            ],
            [
              120.754238,
              37.936132
            ],
            [
              120.578493,
              37.90147
            ],
            [
              120.446684,
              37.866791
            ],
            [
              120.358811,
              37.832096
            ],
            [
              120.227002,
              37.797385
            ],
            [
              120.139129,
              37.762657
            ],
            [
              119.963384,
              37.727913
            ],
            [
              119.743702,
              37.693152
            ],
            [
              119.65583,
              37.727913
            ],
            [
              119.567957,
              37.762657
            ],
            [
              119.480084,
              37.797385
            ],
            [
              119.392212,
              37.866791
            ],
            [
              119.348275,
              37.936132
            ],
            [
              119.304339,
              38.005408
            ],
            [
              119.260403,
              38.074619
            ],
            [
              119.216466,
              38.143764
            ],
            [
              119.17253,
              38.212844
            ],
            [
              119.128593,
              38.31634
            ],
            [
              119.040721,
              38.350806
            ],
            [
              118.952848,
              38.419689
            ],
            [
              118.821039,
              38.454106
            ],
            [
              118.68923,
              38.488507
            ],
            [
              118.557421,
              38.522891
            ],
            [
              118.425612,
              38.522891
            ],
            [
              118.337739,
              38.557259
            ],
            [
              118.20593,
              38.557259
            ],
            [
              117.986249,
              38.59161
            ],
            [
              117.898376,
              38.72885
            ],
            [
              117.85444,
              38.797372
            ],
            [
              117.85444,
              38.900031
            ],
            [
              117.898376,
              38.968388
            ],
            [
              117.942312,
              39.036679
            ],
            [
              118.030185,
              39.104904
            ],
            [
              118.118058,
              39.138992
            ],
            [
              118.161994,
              39.207119
            ],
            [
              118.249867,
              39.275179
            ],
            [
              118.293803,
              39.343173
            ],
            [
              118.513485,
              39.343173
            ],
            [
              118.733166,
              39.309184
            ],
            [
              118.821039,
              39.275179
            ],
            [
              118.952848,
              39.275179
            ],
            [
              119.040721,
              39.241157
            ],
            [
              119.17253,
              39.241157
            ],
            [
              119.304339,
              39.241157
            ],
            [
              119.436148,
              39.241157
            ],
            [
              119.787639,
              39.241157
            ],
            [
              119.919448,
              39.275179
            ],
            [
              119.963384,
              39.377145
            ],
            [
              119.963384,
              39.478963
            ],
            [
              119.963384,
              39.580632
            ],
            [
              119.919448,
              39.648328
            ],
            [
              119.919448,
              39.749749
            ],
            [
              119.875511,
              39.81728
            ],
            [
              119.875511,
              39.918452
            ],
            [
              119.875511,
              40.019475
            ],
            [
              119.919448,
              40.120349
            ],
            [
              119.919448,
              40.221073
            ],
            [
              119.963384,
              40.288139
            ],
            [
              120.00732,
              40.388614
            ],
            [
              120.00732,
              40.488939
            ],
            [
              120.051257,
              40.555739
            ],
            [
              120.051257,
              40.655815
            ],
            [
              120.00732,
              40.722449
            ],
            [
              119.963384,
              40.789016
            ],
            [
              119.919448,
              40.855516
            ],
            [
              119.831575,
              40.92195
            ],
            [
              119.787639,
              40.988317
            ],
            [
              119.699766,
              41.021475
            ],
            [
              119.611893,
              41.054617
            ],
            [
              119.524021,
              41.087742
            ],
            [
              119.436148,
              41.120851
            ],
            [
              119.348275,
              41.153943
            ],
            [
              119.260403,
              41.187018
            ],
            [
              119.128593,
              41.187018
            ],
            [
              118.996784,
              41.220076
            ],
            [
              118.864975,
              41.253118
            ],
            [
              118.645294,
              41.253118
            ],
            [
              118.381676,
              41.253118
            ],
            [
              118.20593,
              41.253118
            ],
            [
              118.030185,
              41.220076
            ],
            [
              117.85444,
              41.187018
            ],
            [
              117.678694,
              41.153943
            ],
            [
              117.502949,
              41.120851
            ],
            [
              117.415076,
              41.087742
            ],
            [
              117.151458,
              41.021475
            ],
            [
              117.063585,
              40.988317
            ],
            [
              116.931776,
              40.92195
            ],
            [
              116.843904,
              40.888741
            ],
            [
              116.756031,
              40.822274
            ],
            [
              116.536349,
              40.75574
            ],
            [
              116.40454,
              40.722449
            ],
            [
              116.140922,
              40.68914
            ],
            [
              116.009113,
              40.68914
            ],
            [
              115.877304,
              40.68914
            ],
            [
              115.745495,
              40.655815
            ],
            [
              115.613686,
              40.655815
            ],
            [
              115.481877,
              40.655815
            ],
            [
              115.262195,
              40.655815
            ],
            [
              115.130386,
              40.622473
            ],
            [
              114.998577,
              40.589114
            ],
            [
              114.910705,
              40.522347
            ],
            [
              114.822832,
              40.455514
            ],
            [
              114.778896,
              40.388614
            ],
            [
              114.559214,
              40.221073
            ],
            [
              114.515277,
              40.120349
            ],
            [
              114.471341,
              40.019475
            ],
            [
              114.471341,
              39.918452
            ],
            [
              114.427405,
              39.81728
            ],
            [
              114.34982972519113,
              39.79902835827324
            ],
            [
              114.27018641432221,
              39.777921384062964
            ],
            [
              114.23036013397603,
              39.70295228062178
            ],
            [
              114.18228681979653,
              39.632121563458306
            ],
            [
              114.03946679655292,
              39.60566911547335
            ],
            [
              113.89252774115552,
              39.54215115729437
            ],
            [
              113.59865859988632,
              39.446777865546274
            ],
            [
              113.37891914369317,
              39.36614987789368
            ],
            [
              113.23746708580936,
              39.27690527612288
            ],
            [
              113.197187,
              39.173064
            ],
            [
              113.109314,
              39.138992
            ],
            [
              113.021442,
              39.0708
            ],
            [
              112.977505,
              38.934218
            ],
            [
              112.933569,
              38.865828
            ],
            [
              112.889633,
              38.797372
            ],
            [
              112.80176,
              38.694565
            ],
            [
              112.713887,
              38.59161
            ],
            [
              112.669951,
              38.522891
            ],
            [
              112.626015,
              38.454106
            ],
            [
              112.538142,
              38.350806
            ],
            [
              112.494206,
              38.281858
            ],
            [
              112.450269,
              38.212844
            ],
            [
              112.362397,
              38.143764
            ],
            [
              112.274524,
              38.074619
            ],
            [
              112.186651,
              38.040022
            ],
            [
              112.054842,
              38.040022
            ],
            [
              111.96697,
              38.005408
            ],
            [
              111.835161,
              37.970779
            ],
            [
              111.747288,
              37.936132
            ],
            [
              111.615479,
              37.936132
            ],
            [
              111.48367,
              37.936132
            ],
            [
              111.395797,
              37.90147
            ],
            [
              111.263988,
              37.90147
            ],
            [
              111.044306,
              37.866791
            ],
            [
              110.912497,
              37.832096
            ],
            [
              110.780688,
              37.832096
            ],
            [
              110.692816,
              37.797385
            ],
            [
              110.341325,
              37.727913
            ],
            [
              109.989834,
              37.588773
            ],
            [
              109.638343,
              37.484248
            ],
            [
              109.374725,
              37.414483
            ],
            [
              109.286853,
              37.344652
            ],
            [
              109.111107,
              37.274757
            ],
            [
              109.023235,
              37.239785
            ],
            [
              108.847489,
              37.204797
            ],
            [
              108.759617,
              37.169793
            ],
            [
              108.627808,
              37.099735
            ],
            [
              108.495998,
              36.994528
            ],
            [
              108.408126,
              36.959426
            ],
            [
              108.276317,
              36.889174
            ],
            [
              108.056635,
              36.854024
            ],
            [
              107.749081,
              36.783675
            ],
            [
              107.529399,
              36.678031
            ],
            [
              107.441526,
              36.642783
            ],
            [
              107.090036,
              36.430962
            ],
            [
              106.91429,
              36.360226
            ],
            [
              106.826417,
              36.324834
            ],
            [
              106.694608,
              36.254001
            ],
            [
              106.606736,
              36.218561
            ],
            [
              106.387054,
              36.112144
            ],
            [
              106.299181,
              36.076639
            ],
            [
              106.167372,
              36.005582
            ],
            [
              106.167372,
              35.898876
            ],
            [
              106.167372,
              35.720712
            ],
            [
              106.255245,
              35.54215
            ],
            [
              106.255245,
              35.434821
            ],
            [
              106.299181,
              35.327349
            ],
            [
              106.343118,
              35.219733
            ],
            [
              106.387054,
              35.14791
            ],
            [
              106.43099,
              35.076024
            ],
            [
              106.518863,
              35.040057
            ],
            [
              106.606736,
              34.968076
            ],
            [
              106.694608,
              34.896031
            ],
            [
              106.738545,
              34.823923
            ],
            [
              106.826417,
              34.715643
            ],
            [
              106.870354,
              34.643377
            ],
            [
              106.91429,
              34.571048
            ],
            [
              107.002163,
              34.498656
            ],
            [
              107.002163,
              34.389951
            ],
            [
              107.002163,
              34.24479
            ],
            [
              106.958226,
              34.026579
            ],
            [
              106.870354,
              33.807805
            ],
            [
              106.782481,
              33.698208
            ],
            [
              106.782481,
              33.588471
            ],
            [
              106.738545,
              33.515235
            ],
            [
              106.606736,
              33.405265
            ],
            [
              106.474927,
              33.331874
            ],
            [
              106.387054,
              33.258422
            ],
            [
              106.299181,
              33.221672
            ],
            [
              106.211309,
              33.184907
            ],
            [
              106.035563,
              33.037693
            ],
            [
              105.947691,
              32.963994
            ],
            [
              105.815882,
              32.890232
            ],
            [
              105.728009,
              32.779476
            ],
            [
              105.684073,
              32.705561
            ],
            [
              105.640136,
              32.631585
            ],
            [
              105.420454,
              32.446378
            ],
            [
              105.288645,
              32.335071
            ],
            [
              105.156836,
              32.223626
            ],
            [
              105.1129,
              32.112045
            ],
            [
              105.068964,
              31.925773
            ],
            [
              105.025027,
              31.701747
            ],
            [
              104.981091,
              31.589531
            ],
            [
              104.937155,
              31.439699
            ],
            [
              104.937155,
              31.327167
            ],
            [
              104.893218,
              31.252071
            ],
            [
              104.849282,
              31.176916
            ],
            [
              104.761409,
              31.139315
            ],
            [
              104.585664,
              31.026425
            ],
            [
              104.497791,
              30.988765
            ],
            [
              104.27811,
              30.951091
            ],
            [
              104.102364,
              30.951091
            ],
            [
              103.79481,
              30.951091
            ],
            [
              103.663001,
              30.951091
            ],
            [
              103.531192,
              30.951091
            ],
            [
              103.443319,
              31.026425
            ],
            [
              103.31151,
              31.1017
            ],
            [
              103.091828,
              31.214501
            ],
            [
              102.960019,
              31.327167
            ],
            [
              102.872147,
              31.402203
            ],
            [
              102.784274,
              31.439699
            ],
            [
              102.608529,
              31.439699
            ],
            [
              102.081292,
              31.439699
            ],
            [
              101.773738,
              31.514645
            ],
            [
              101.641929,
              31.477179
            ],
            [
              101.554056,
              31.439699
            ],
            [
              101.51012,
              31.364693
            ],
            [
              101.51012,
              31.214501
            ],
            [
              101.51012,
              31.1017
            ],
            [
              101.554056,
              31.026425
            ],
            [
              101.641929,
              30.951091
            ],
            [
              101.685865,
              30.875697
            ],
            [
              101.773738,
              30.762495
            ],
            [
              101.817674,
              30.649159
            ],
            [
              101.78287111037918,
              30.51494087420983
            ],
            [
              101.84055549958434,
              30.36338805592581
            ],
            [
              101.80071408316357,
              30.244827284152514
            ],
            [
              101.80620108067716,
              30.152247661690165
            ],
            [
              101.79521363136145,
              30.080969803578387
            ],
            [
              101.76088219686388,
              30.041742212255826
            ],
            [
              101.71418974173724,
              29.975147168943217
            ],
            [
              101.62631173013276,
              29.869214902698104
            ],
            [
              101.53017407129938,
              29.761983802110787
            ],
            [
              101.378311,
              29.623189
            ],
            [
              101.290438,
              29.584987
            ],
            [
              101.158629,
              29.546769
            ],
            [
              101.070757,
              29.508537
            ],
            [
              100.982884,
              29.470291
            ],
            [
              100.938947,
              29.393755
            ],
            [
              100.763202,
              29.278843
            ],
            [
              100.675329,
              29.202163
            ],
            [
              100.631393,
              29.125426
            ],
            [
              100.631393,
              29.010213
            ],
            [
              100.675329,
              28.933333
            ],
            [
              100.719266,
              28.856395
            ],
            [
              100.895011,
              28.817905
            ],
            [
              101.070757,
              28.817905
            ],
            [
              101.158629,
              28.779401
            ],
            [
              101.290438,
              28.740882
            ],
            [
              101.422247,
              28.740882
            ],
            [
              101.554056,
              28.740882
            ],
            [
              101.99342,
              28.740882
            ],
            [
              102.169165,
              28.779401
            ],
            [
              102.300974,
              28.779401
            ],
            [
              102.564592,
              28.779401
            ],
            [
              102.872147,
              28.856395
            ],
            [
              103.091828,
              28.856395
            ],
            [
              103.223637,
              28.856395
            ],
            [
              103.355446,
              28.856395
            ],
            [
              103.750873,
              28.933333
            ],
            [
              104.102364,
              29.048632
            ],
            [
              104.234173,
              29.087036
            ],
            [
              104.409919,
              29.163802
            ],
            [
              104.717473,
              29.278843
            ],
            [
              104.761409,
              29.355465
            ],
            [
              104.849282,
              29.393755
            ],
            [
              104.981091,
              29.393755
            ],
            [
              105.1129,
              29.393755
            ],
            [
              105.332582,
              29.355465
            ],
            [
              105.464391,
              29.317161
            ],
            [
              105.5962,
              29.317161
            ],
            [
              105.728009,
              29.278843
            ],
            [
              105.859818,
              29.278843
            ],
            [
              105.991627,
              29.24051
            ],
            [
              106.123436,
              29.202163
            ],
            [
              106.167372,
              29.125426
            ],
            [
              106.167372,
              29.010213
            ],
            [
              106.167372,
              28.894871
            ],
            [
              106.123436,
              28.779401
            ],
            [
              106.035563,
              28.70235
            ],
            [
              105.903754,
              28.663803
            ],
            [
              105.815882,
              28.586666
            ],
            [
              105.728009,
              28.548077
            ],
            [
              105.684073,
              28.470856
            ],
            [
              105.640136,
              28.393578
            ],
            [
              105.5962,
              28.316244
            ],
            [
              105.508327,
              28.200137
            ],
            [
              105.376518,
              28.122663
            ],
            [
              105.244709,
              28.045132
            ],
            [
              105.156836,
              28.006346
            ],
            [
              105.025027,
              27.967545
            ],
            [
              104.805346,
              27.967545
            ],
            [
              104.585664,
              27.967545
            ],
            [
              104.409919,
              27.967545
            ],
            [
              104.27811,
              27.967545
            ],
            [
              104.102364,
              28.006346
            ],
            [
              103.970555,
              28.006346
            ],
            [
              103.750873,
              28.006346
            ],
            [
              103.619064,
              28.006346
            ],
            [
              103.487255,
              28.006346
            ],
            [
              103.223637,
              27.967545
            ],
            [
              103.135765,
              27.928731
            ],
            [
              103.003956,
              27.928731
            ],
            [
              102.82821,
              27.851061
            ],
            [
              102.740338,
              27.812205
            ],
            [
              102.520656,
              27.812205
            ],
            [
              102.300974,
              27.773335
            ],
            [
              102.125229,
              27.734451
            ],
            [
              102.037356,
              27.695553
            ],
            [
              101.729802,
              27.578777
            ],
            [
              101.641929,
              27.539824
            ],
            [
              101.51012,
              27.500857
            ],
            [
              101.378311,
              27.500857
            ],
            [
              101.290438,
              27.461876
            ],
            [
              101.202566,
              27.422882
            ],
            [
              101.070757,
              27.383874
            ],
            [
              100.982884,
              27.344852
            ],
            [
              100.895011,
              27.266766
            ],
            [
              100.807138,
              27.227703
            ],
            [
              100.719266,
              27.149535
            ],
            [
              100.675329,
              27.071313
            ],
            [
              100.587457,
              26.993036
            ],
            [
              100.54352,
              26.914705
            ],
            [
              100.499584,
              26.797106
            ],
            [
              100.499584,
              26.600836
            ],
            [
              100.411711,
              26.482912
            ],
            [
              100.367775,
              26.404229
            ],
            [
              100.323839,
              26.325492
            ],
            [
              100.235966,
              26.207287
            ],
            [
              100.19203,
              26.128416
            ],
            [
              100.016284,
              26.010011
            ],
            [
              99.884475,
              25.970515
            ],
            [
              99.796603,
              25.891485
            ],
            [
              99.70873,
              25.812402
            ],
            [
              99.620857,
              25.733267
            ],
            [
              99.532985,
              25.614464
            ],
            [
              99.489048,
              25.535197
            ],
            [
              99.489048,
              25.416197
            ],
            [
              99.445112,
              25.336799
            ],
            [
              99.401175,
              25.257349
            ],
            [
              99.357239,
              25.177846
            ],
            [
              99.313303,
              25.098292
            ],
            [
              99.269366,
              25.018686
            ],
            [
              99.22543,
              24.89918
            ],
            [
              99.181494,
              24.819445
            ],
            [
              99.181494,
              24.699747
            ],
            [
              99.22543,
              24.619884
            ],
            [
              99.269366,
              24.539969
            ],
            [
              99.313303,
              24.460004
            ],
            [
              99.357239,
              24.379989
            ],
            [
              99.401175,
              24.299922
            ],
            [
              99.445112,
              24.219805
            ],
            [
              99.532985,
              24.179727
            ],
            [
              99.620857,
              24.099535
            ],
            [
              99.664794,
              24.019292
            ],
            [
              99.752666,
              23.979152
            ],
            [
              99.840539,
              23.938999
            ],
            [
              99.928412,
              23.858656
            ],
            [
              100.016284,
              23.818466
            ],
            [
              100.104157,
              23.778263
            ],
            [
              100.19203,
              23.738048
            ],
            [
              100.279902,
              23.65758
            ],
            [
              100.367775,
              23.617328
            ],
            [
              100.455648,
              23.577064
            ],
            [
              100.675329,
              23.456195
            ],
            [
              100.982884,
              23.294866
            ],
            [
              101.290438,
              23.254503
            ],
            [
              101.378311,
              23.214128
            ],
            [
              101.378311,
              23.092929
            ],
            [
              101.334375,
              23.012069
            ],
            [
              101.158629,
              23.012069
            ],
            [
              101.02682,
              23.012069
            ],
            [
              100.851075,
              23.092929
            ],
            [
              100.54352,
              23.133341
            ],
            [
              100.279902,
              23.17374
            ],
            [
              100.104157,
              23.214128
            ],
            [
              99.972348,
              23.254503
            ],
            [
              99.884475,
              23.294866
            ],
            [
              99.796603,
              23.375555
            ],
            [
              99.70873,
              23.415882
            ],
            [
              99.620857,
              23.456195
            ],
            [
              99.532985,
              23.496497
            ],
            [
              99.445112,
              23.536787
            ],
            [
              99.093621,
              23.456195
            ],
            [
              99.005748,
              23.375555
            ],
            [
              98.830003,
              23.254503
            ],
            [
              98.786067,
              23.17374
            ],
            [
              98.74213,
              23.092929
            ],
            [
              98.698194,
              23.012069
            ],
            [
              98.698194,
              22.890688
            ],
            [
              98.74213,
              22.728677
            ],
            [
              98.786067,
              22.6476
            ],
            [
              98.830003,
              22.566475
            ],
            [
              98.873939,
              22.444698
            ],
            [
              98.917876,
              22.363453
            ],
            [
              98.961812,
              22.282161
            ],
            [
              99.005748,
              22.200822
            ],
            [
              99.049685,
              22.119436
            ],
            [
              99.137557,
              22.078725
            ],
            [
              99.181494,
              21.997269
            ],
            [
              99.269366,
              21.956523
            ],
            [
              99.357239,
              21.915765
            ],
            [
              99.445112,
              21.834215
            ],
            [
              99.532985,
              21.752618
            ],
            [
              99.620857,
              21.670975
            ],
            [
              99.70873,
              21.589286
            ],
            [
              99.752666,
              21.507551
            ],
            [
              99.796603,
              21.425769
            ],
            [
              99.884475,
              21.343942
            ],
            [
              99.928412,
              21.262069
            ],
            [
              99.972348,
              21.139174
            ],
            [
              100.016284,
              21.057188
            ],
            [
              100.060221,
              20.975156
            ],
            [
              100.148093,
              20.934123
            ],
            [
              100.19203,
              20.852024
            ],
            [
              100.279902,
              20.810957
            ],
            [
              100.367775,
              20.728791
            ],
            [
              100.54352,
              20.687691
            ],
            [
              100.587457,
              20.605458
            ],
            [
              100.675329,
              20.52318
            ],
            [
              100.719266,
              20.440858
            ],
            [
              100.763202,
              20.358492
            ],
            [
              100.763202,
              20.23486
            ],
            [
              100.719266,
              20.152385
            ],
            [
              100.587457,
              20.069865
            ],
            [
              100.367775,
              20.069865
            ],
            [
              100.235966,
              20.028589
            ],
            [
              100.148093,
              19.987302
            ],
            [
              99.928412,
              19.987302
            ],
            [
              99.620857,
              19.987302
            ],
            [
              99.401175,
              19.946005
            ],
            [
              99.181494,
              19.946005
            ],
            [
              99.049685,
              19.946005
            ],
            [
              98.786067,
              19.904696
            ],
            [
              98.654258,
              19.863377
            ],
            [
              98.522449,
              19.863377
            ],
            [
              98.39064,
              19.863377
            ],
            [
              98.258831,
              19.822047
            ],
            [
              98.170958,
              19.780706
            ],
            [
              97.775531,
              19.65662
            ],
            [
              97.687658,
              19.615236
            ],
            [
              97.643722,
              19.532437
            ],
            [
              97.599785,
              19.449596
            ],
            [
              97.555849,
              19.366712
            ],
            [
              97.599785,
              19.283786
            ],
            [
              97.643722,
              19.200818
            ],
            [
              97.731594,
              19.159318
            ],
            [
              97.819467,
              19.117808
            ],
            [
              98.039149,
              19.076288
            ],
            [
              98.170958,
              19.034757
            ],
            [
              98.346703,
              18.951664
            ],
            [
              98.434576,
              18.910101
            ],
            [
              98.522449,
              18.868529
            ],
            [
              98.873939,
              18.826946
            ],
            [
              98.961812,
              18.785353
            ],
            [
              99.049685,
              18.74375
            ],
            [
              99.093621,
              18.660513
            ],
            [
              99.137557,
              18.577234
            ],
            [
              99.181494,
              18.493915
            ],
            [
              99.269366,
              18.452241
            ],
            [
              99.313303,
              18.368861
            ],
            [
              99.401175,
              18.285441
            ],
            [
              99.445112,
              18.201981
            ],
            [
              99.489048,
              18.118481
            ],
            [
              99.532985,
              18.034941
            ],
            [
              99.620857,
              17.951361
            ],
            [
              99.664794,
              17.867742
            ],
            [
              99.752666,
              17.784084
            ],
            [
              99.796603,
              17.700386
            ],
            [
              99.840539,
              17.616649
            ],
            [
              99.884475,
              17.532874
            ],
            [
              99.928412,
              17.449059
            ],
            [
              99.972348,
              17.365206
            ],
            [
              100.016284,
              17.281315
            ],
            [
              100.060221,
              17.197385
            ],
            [
              100.104157,
              17.07142
            ],
            [
              100.148093,
              16.987395
            ],
            [
              100.19203,
              16.903333
            ],
            [
              100.323839,
              16.819234
            ],
            [
              100.455648,
              16.735097
            ],
            [
              100.54352,
              16.693015
            ],
            [
              100.631393,
              16.650923
            ],
            [
              100.763202,
              16.608822
            ],
            [
              100.938947,
              16.566712
            ],
            [
              101.02682,
              16.482464
            ],
            [
              101.246502,
              16.440326
            ],
            [
              101.422247,
              16.398179
            ],
            [
              101.597993,
              16.398179
            ],
            [
              101.949483,
              16.398179
            ],
            [
              102.169165,
              16.356023
            ],
            [
              102.388847,
              16.313858
            ],
            [
              102.608529,
              16.313858
            ],
            [
              102.82821,
              16.356023
            ],
            [
              103.399383,
              16.356023
            ],
            [
              103.750873,
              16.313858
            ],
            [
              103.882682,
              16.313858
            ],
            [
              104.190237,
              16.356023
            ],
            [
              104.322046,
              16.356023
            ],
            [
              104.673537,
              16.398179
            ],
            [
              105.025027,
              16.440326
            ],
            [
              105.156836,
              16.440326
            ],
            [
              105.288645,
              16.482464
            ],
            [
              105.508327,
              16.482464
            ],
            [
              105.728009,
              16.482464
            ],
            [
              105.859818,
              16.440326
            ],
            [
              105.947691,
              16.398179
            ],
            [
              106.035563,
              16.356023
            ],
            [
              106.211309,
              16.271684
            ],
            [
              106.343118,
              16.271684
            ],
            [
              106.43099,
              16.229501
            ],
            [
              106.650672,
              16.187309
            ],
            [
              106.826417,
              16.187309
            ],
            [
              106.958226,
              16.187309
            ],
            [
              107.090036,
              16.145107
            ],
            [
              107.353654,
              16.145107
            ],
            [
              107.529399,
              16.145107
            ],
            [
              107.661208,
              16.145107
            ],
            [
              107.924826,
              16.271684
            ],
            [
              108.012699,
              16.356023
            ],
            [
              107.968762,
              16.440326
            ],
            [
              107.88089,
              16.566712
            ],
            [
              107.793017,
              16.608822
            ],
            [
              107.749081,
              16.693015
            ],
            [
              107.661208,
              16.77717
            ],
            [
              107.617272,
              16.861288
            ],
            [
              107.529399,
              16.903333
            ],
            [
              107.353654,
              17.029412
            ],
            [
              107.265781,
              17.155406
            ],
            [
              107.177908,
              17.197385
            ],
            [
              107.090036,
              17.281315
            ],
            [
              107.046099,
              17.449059
            ],
            [
              106.91429,
              17.574766
            ],
            [
              106.782481,
              17.700386
            ],
            [
              106.650672,
              17.867742
            ],
            [
              106.606736,
              17.951361
            ],
            [
              106.562799,
              18.034941
            ],
            [
              106.518863,
              18.118481
            ],
            [
              106.43099,
              18.160236
            ],
            [
              106.387054,
              18.243716
            ],
            [
              106.299181,
              18.327156
            ],
            [
              106.255245,
              18.410556
            ],
            [
              106.211309,
              18.53558
            ],
            [
              106.167372,
              18.618879
            ],
            [
              106.123436,
              18.702136
            ],
            [
              106.0795,
              18.785353
            ],
            [
              106.035563,
              18.910101
            ],
            [
              106.035563,
              19.076288
            ],
            [
              105.947691,
              19.283786
            ],
            [
              105.947691,
              19.408159
            ],
            [
              105.947691,
              19.573842
            ],
            [
              105.903754,
              19.65662
            ],
            [
              105.903754,
              19.780706
            ],
            [
              105.991627,
              19.904696
            ],
            [
              106.0795,
              19.946005
            ],
            [
              106.167372,
              20.069865
            ],
            [
              106.299181,
              20.152385
            ],
            [
              106.387054,
              20.23486
            ],
            [
              106.43099,
              20.317292
            ],
            [
              106.518863,
              20.440858
            ],
            [
              106.650672,
              20.52318
            ],
            [
              106.738545,
              20.605458
            ],
            [
              106.826417,
              20.728791
            ],
            [
              106.91429,
              20.76988
            ],
            [
              106.958226,
              20.852024
            ],
            [
              107.046099,
              20.934123
            ],
            [
              107.133972,
              21.016177
            ],
            [
              107.177908,
              21.098187
            ],
            [
              107.265781,
              21.139174
            ],
            [
              107.39759,
              21.18015
            ],
            [
              107.617272,
              21.343942
            ],
            [
              107.749081,
              21.384861
            ],
            [
              107.793017,
              21.466666
            ],
            [
              108.056635,
              21.548424
            ],
            [
              108.23238,
              21.589286
            ],
            [
              108.320253,
              21.548424
            ],
            [
              108.452062,
              21.507551
            ],
            [
              108.539935,
              21.425769
            ],
            [
              108.627808,
              21.384861
            ],
            [
              108.759617,
              21.262069
            ],
            [
              108.891426,
              21.139174
            ],
            [
              109.023235,
              21.098187
            ],
            [
              109.067171,
              21.016177
            ],
            [
              109.155044,
              20.893079
            ],
            [
              109.242916,
              20.852024
            ],
            [
              109.330789,
              20.76988
            ],
            [
              109.374725,
              20.687691
            ],
            [
              109.418662,
              20.605458
            ],
            [
              109.374725,
              20.482024
            ],
            [
              109.330789,
              20.39968
            ],
            [
              109.242916,
              20.358492
            ],
            [
              109.155044,
              20.276082
            ],
            [
              108.979298,
              20.193628
            ],
            [
              108.891426,
              20.152385
            ],
            [
              108.803553,
              20.11113
            ],
            [
              108.71568,
              20.069865
            ],
            [
              108.759617,
              19.946005
            ],
            [
              108.71568,
              19.822047
            ],
            [
              108.71568,
              19.697993
            ],
            [
              108.671744,
              19.573842
            ],
            [
              108.671744,
              19.449596
            ],
            [
              108.671744,
              19.325254
            ],
            [
              108.671744,
              19.200818
            ],
            [
              108.71568,
              19.117808
            ],
            [
              108.671744,
              18.993215
            ],
            [
              108.671744,
              18.868529
            ],
            [
              108.671744,
              18.74375
            ],
            [
              108.671744,
              18.618879
            ],
            [
              108.759617,
              18.493915
            ],
            [
              108.847489,
              18.452241
            ],
            [
              108.979298,
              18.410556
            ],
            [
              109.111107,
              18.410556
            ],
            [
              109.19898,
              18.368861
            ],
            [
              109.330789,
              18.368861
            ],
            [
              109.462598,
              18.410556
            ],
            [
              109.68228,
              18.410556
            ],
            [
              109.858025,
              18.452241
            ],
            [
              109.945898,
              18.53558
            ],
            [
              110.077707,
              18.577234
            ],
            [
              110.16558,
              18.618879
            ],
            [
              110.16558,
              18.74375
            ],
            [
              110.209516,
              18.826946
            ],
            [
              110.297389,
              18.951664
            ],
            [
              110.341325,
              19.117808
            ],
            [
              110.429198,
              19.200818
            ],
            [
              110.51707,
              19.242307
            ],
            [
              110.604943,
              19.325254
            ],
            [
              110.736752,
              19.408159
            ],
            [
              110.956434,
              19.532437
            ],
            [
              111.307924,
              19.65662
            ],
            [
              111.48367,
              19.739355
            ],
            [
              111.571542,
              19.780706
            ],
            [
              111.615479,
              19.863377
            ],
            [
              111.615479,
              19.987302
            ],
            [
              111.571542,
              20.069865
            ],
            [
              111.527606,
              20.152385
            ],
            [
              111.439733,
              20.23486
            ],
            [
              111.351861,
              20.276082
            ],
            [
              111.263988,
              20.317292
            ],
            [
              111.176115,
              20.39968
            ],
            [
              111.088243,
              20.482024
            ],
            [
              110.956434,
              20.564324
            ],
            [
              110.912497,
              20.64658
            ],
            [
              110.868561,
              20.728791
            ],
            [
              110.824625,
              20.810957
            ],
            [
              110.824625,
              20.934123
            ],
            [
              110.824625,
              21.057188
            ],
            [
              110.868561,
              21.139174
            ],
            [
              110.912497,
              21.262069
            ],
            [
              111.044306,
              21.343942
            ],
            [
              111.263988,
              21.384861
            ],
            [
              111.48367,
              21.466666
            ],
            [
              111.571542,
              21.548424
            ],
            [
              111.659415,
              21.589286
            ],
            [
              111.791224,
              21.630136
            ],
            [
              111.96697,
              21.670975
            ],
            [
              112.054842,
              21.711803
            ],
            [
              112.142715,
              21.752618
            ],
            [
              112.31846,
              21.752618
            ],
            [
              112.494206,
              21.793423
            ],
            [
              112.713887,
              21.874996
            ],
            [
              112.889633,
              21.915765
            ],
            [
              113.021442,
              21.915765
            ],
            [
              113.109314,
              21.997269
            ],
            [
              113.416869,
              22.078725
            ],
            [
              113.548678,
              22.119436
            ],
            [
              113.812296,
              22.200822
            ],
            [
              113.900169,
              22.241498
            ],
            [
              113.988041,
              22.282161
            ],
            [
              114.163787,
              22.322813
            ],
            [
              114.251659,
              22.404081
            ],
            [
              114.471341,
              22.485302
            ],
            [
              114.559214,
              22.525894
            ],
            [
              114.691023,
              22.525894
            ],
            [
              114.910705,
              22.525894
            ],
            [
              115.174323,
              22.607043
            ],
            [
              115.350068,
              22.6476
            ],
            [
              115.481877,
              22.6476
            ],
            [
              115.56975,
              22.688145
            ],
            [
              115.833368,
              22.769198
            ],
            [
              116.009113,
              22.809707
            ],
            [
              116.140922,
              22.809707
            ],
            [
              116.228795,
              22.850203
            ],
            [
              116.360604,
              22.850203
            ],
            [
              116.40454,
              22.93116
            ],
            [
              116.492413,
              22.97162
            ],
            [
              116.624222,
              22.97162
            ],
            [
              116.712095,
              23.012069
            ],
            [
              116.799967,
              23.052505
            ],
            [
              116.88784,
              23.092929
            ],
            [
              116.975713,
              23.133341
            ],
            [
              117.063585,
              23.17374
            ],
            [
              117.151458,
              23.254503
            ],
            [
              117.283267,
              23.335217
            ],
            [
              117.327203,
              23.415882
            ],
            [
              117.459012,
              23.496497
            ],
            [
              117.546885,
              23.577064
            ],
            [
              117.634758,
              23.617328
            ],
            [
              117.678694,
              23.69782
            ],
            [
              117.766567,
              23.778263
            ],
            [
              117.85444,
              23.858656
            ],
            [
              117.898376,
              23.938999
            ],
            [
              117.986249,
              24.05942
            ],
            [
              118.030185,
              24.139637
            ],
            [
              118.249867,
              24.179727
            ],
            [
              118.337739,
              24.219805
            ],
            [
              118.425612,
              24.25987
            ],
            [
              118.557421,
              24.339962
            ],
            [
              118.645294,
              24.379989
            ],
            [
              118.952848,
              24.460004
            ],
            [
              119.040721,
              24.499993
            ],
            [
              119.128593,
              24.539969
            ],
            [
              119.216466,
              24.619884
            ],
            [
              119.260403,
              24.699747
            ],
            [
              119.348275,
              24.779559
            ],
            [
              119.436148,
              24.859319
            ],
            [
              119.480084,
              24.978864
            ],
            [
              119.567957,
              25.257349
            ],
            [
              119.567957,
              25.455877
            ],
            [
              119.611893,
              25.614464
            ],
            [
              119.699766,
              25.733267
            ],
            [
              119.743702,
              25.812402
            ],
            [
              119.831575,
              25.970515
            ],
            [
              119.919448,
              26.049492
            ],
            [
              119.963384,
              26.128416
            ],
            [
              120.095193,
              26.207287
            ],
            [
              120.139129,
              26.325492
            ],
            [
              120.183066,
              26.404229
            ],
            [
              120.270938,
              26.482912
            ],
            [
              120.314875,
              26.640117
            ],
            [
              120.358811,
              26.718638
            ],
            [
              120.402747,
              26.836319
            ],
            [
              120.446684,
              26.914705
            ],
            [
              120.49062,
              27.032181
            ],
            [
              120.578493,
              27.110431
            ],
            [
              120.666365,
              27.227703
            ],
            [
              120.710302,
              27.305816
            ],
            [
              120.798175,
              27.383874
            ],
            [
              120.842111,
              27.461876
            ],
            [
              120.929984,
              27.539824
            ],
            [
              121.061793,
              27.617716
            ],
            [
              121.149665,
              27.656642
            ],
            [
              121.193602,
              27.734451
            ],
            [
              121.237538,
              27.812205
            ],
            [
              121.281474,
              27.889903
            ],
            [
              121.369347,
              27.928731
            ],
            [
              121.45722,
              28.006346
            ],
            [
              121.545092,
              28.083904
            ],
            [
              121.632965,
              28.161407
            ],
            [
              121.676901,
              28.238854
            ],
            [
              121.720838,
              28.316244
            ],
            [
              121.764774,
              28.393578
            ],
            [
              121.80871,
              28.470856
            ],
            [
              121.852647,
              28.548077
            ],
            [
              121.896583,
              28.663803
            ],
            [
              121.940519,
              28.740882
            ],
            [
              121.984456,
              28.817905
            ],
            [
              122.028392,
              28.894871
            ],
            [
              122.072328,
              29.010213
            ],
            [
              122.116265,
              29.087036
            ],
            [
              122.160201,
              29.163802
            ],
            [
              122.204137,
              29.24051
            ],
            [
              122.248074,
              29.317161
            ],
            [
              122.29201,
              29.393755
            ],
            [
              122.335947,
              29.470291
            ],
            [
              122.379883,
              29.584987
            ],
            [
              122.379883,
              29.699552
            ],
            [
              122.379883,
              29.813987
            ],
            [
              122.379883,
              29.928291
            ],
            [
              122.423819,
              30.004421
            ],
            [
              122.379883,
              30.118506
            ],
            [
              122.379883,
              30.270415
            ],
            [
              122.335947,
              30.346281
            ],
            [
              122.29201,
              30.422089
            ],
            [
              122.248074,
              30.53569
            ],
            [
              122.204137,
              30.611351
            ],
            [
              122.204137,
              30.724731
            ],
            [
              122.204137,
              30.875697
            ],
            [
              122.160201,
              30.951091
            ],
            [
              122.204137,
              31.026425
            ],
            [
              122.248074,
              31.139315
            ],
            [
              122.204137,
              31.252071
            ],
            [
              122.204137,
              31.364693
            ],
            [
              122.204137,
              31.477179
            ],
            [
              122.160201,
              31.552095
            ],
            [
              122.116265,
              31.626951
            ],
            [
              122.116265,
              31.739123
            ],
            [
              122.028392,
              31.851158
            ],
            [
              121.984456,
              31.963057
            ],
            [
              121.940519,
              32.037582
            ],
            [
              121.896583,
              32.112045
            ],
            [
              121.852647,
              32.186448
            ],
            [
              121.80871,
              32.26079
            ],
            [
              121.764774,
              32.335071
            ],
            [
              121.720838,
              32.409291
            ],
            [
              121.676901,
              32.48345
            ],
            [
              121.589029,
              32.557548
            ],
            [
              121.501156,
              32.631585
            ],
            [
              121.413283,
              32.668581
            ],
            [
              121.325411,
              32.742526
            ],
            [
              121.281474,
              32.81641
            ],
            [
              121.193602,
              32.853329
            ],
            [
              121.149665,
              32.927121
            ],
            [
              121.105729,
              32.963994
            ],
            [
              121.11189786826802,
              32.96028247704306
            ]
          ]
        ]
      }
    },
    {
      "type": "Feature",
      "properties": {
        "NAME": "Yuan",
        "name": "Yuan",
        "color": "#22d3ee",
        "fill": "#ef4444",
        "fill-opacity": 0.5,
        "stroke": "#ef4444",
        "stroke-width": 2,
        "originalType": "polyline"
      },
      "geometry": {
        "type": "Polygon",
        "coordinates": [
          [
            [
              138.32609234019708,
              46.75489853759157
            ],
            [
              138.23453430613296,
              46.453162278350995
            ],
            [
              137.88304356233843,
              46.210452093170694
            ],
            [
              137.61942550449248,
              45.966664620292235
            ],
            [
              137.53155281854384,
              45.783116833060355
            ],
            [
              137.3558074466465,
              45.66041481979155
            ],
            [
              137.2679347606979,
              45.537443314458294
            ],
            [
              137.18006207474926,
              45.41420229287405
            ],
            [
              137.00431670285198,
              45.29069173578147
            ],
            [
              136.8285713309547,
              45.16691162888572
            ],
            [
              136.6528259590574,
              44.98073604369294
            ],
            [
              136.38920790121148,
              44.85628203261352
            ],
            [
              136.12558984336556,
              44.79395394156163
            ],
            [
              136.03771715741692,
              44.669095592910075
            ],
            [
              135.8619717855196,
              44.54396769857409
            ],
            [
              135.68622641362234,
              44.48130267662613
            ],
            [
              135.59835372767367,
              44.29290334273568
            ],
            [
              135.51048104172503,
              44.16696692919311
            ],
            [
              135.4226083557764,
              44.040761065951614
            ],
            [
              135.33473566982775,
              43.91428579015531
            ],
            [
              135.2468629838791,
              43.787541144273185
            ],
            [
              135.15899029793047,
              43.66052717613154
            ],
            [
              134.89537224008453,
              43.59691921263208
            ],
            [
              134.71962686818722,
              43.4695013625752
            ],
            [
              134.54388149628994,
              43.341814333477494
            ],
            [
              134.3681361243927,
              43.27786989745938
            ],
            [
              134.1923907524954,
              43.21385819217308
            ],
            [
              134.01664538059808,
              43.085633010999935
            ],
            [
              133.75302732275213,
              43.02141955458119
            ],
            [
              133.57728195085488,
              42.892790961358266
            ],
            [
              133.4015365789576,
              42.82837584611342
            ],
            [
              133.13791852111166,
              42.82837584611342
            ],
            [
              132.96217314921432,
              42.892790961358266
            ],
            [
              132.69855509136843,
              42.892790961358266
            ],
            [
              132.6106824054198,
              43.02141955458119
            ],
            [
              132.34706434757385,
              43.02141955458119
            ],
            [
              132.17131897567657,
              43.085633010999935
            ],
            [
              131.81982823188198,
              42.95713886783242
            ],
            [
              131.64408285998474,
              42.892790961358266
            ],
            [
              131.4683374880874,
              42.82837584611342
            ],
            [
              131.38046480213876,
              42.69934403488668
            ],
            [
              131.20471943024148,
              42.57004352882898
            ],
            [
              131.11684674429284,
              42.440474428282144
            ],
            [
              130.94110137239556,
              42.31063683928503
            ],
            [
              130.76535600049831,
              42.245617396320434
            ],
            [
              130.58961062860098,
              42.180530873605534
            ],
            [
              130.4138652567037,
              42.11537728601165
            ],
            [
              130.15024719885776,
              42.05015664877223
            ],
            [
              129.88662914101184,
              42.05015664877223
            ],
            [
              129.71088376911453,
              41.91951428810619
            ],
            [
              129.53513839721725,
              41.788603920752664
            ],
            [
              129.35939302531995,
              41.72304827652619
            ],
            [
              129.1836476534227,
              41.657425681712276
            ],
            [
              129.00790228152542,
              41.59173615410617
            ],
            [
              128.9200295955768,
              41.46015637354839
            ],
            [
              128.8321569096281,
              41.3283090846296
            ],
            [
              128.74428422367947,
              41.19619444309169
            ],
            [
              128.56853885178217,
              41.0638126106724
            ],
            [
              128.3927934798849,
              40.99752155007239
            ],
            [
              128.2170481079876,
              40.93116375513627
            ],
            [
              128.04130273609036,
              40.86473924778138
            ],
            [
              127.86555736419304,
              40.79824805030546
            ],
            [
              127.68981199229572,
              40.73169018538789
            ],
            [
              127.4261939344498,
              40.73169018538789
            ],
            [
              127.16257587660391,
              40.73169018538789
            ],
            [
              127.07470319065523,
              40.86473924778138
            ],
            [
              126.89895781875798,
              40.93116375513627
            ],
            [
              126.72321244686066,
              40.99752155007239
            ],
            [
              126.63533976091202,
              41.13003691539855
            ],
            [
              126.45959438901474,
              41.0638126106724
            ],
            [
              126.28384901711746,
              40.99752155007239
            ],
            [
              126.10810364522017,
              40.86473924778138
            ],
            [
              125.93235827332285,
              40.79824805030546
            ],
            [
              125.75661290142557,
              40.73169018538789
            ],
            [
              125.49299484357965,
              40.73169018538789
            ],
            [
              125.31724947168236,
              40.66506567609027
            ],
            [
              125.05363141383641,
              40.59837454585769
            ],
            [
              124.87788604193915,
              40.53161681851952
            ],
            [
              124.79001335599051,
              40.397901669771
            ],
            [
              124.61426798409323,
              40.33094429794943
            ],
            [
              124.5263952981446,
              40.1968300862926
            ],
            [
              124.43852261219594,
              40.062450091001594
            ],
            [
              124.26277724029865,
              39.99516049110309
            ],
            [
              124.08703186840134,
              39.92780452601202
            ],
            [
              123.73554112460681,
              39.92780452601202
            ],
            [
              123.20830500891492,
              39.86038222345246
            ],
            [
              122.944686951069,
              39.79289361154289
            ],
            [
              122.68106889322306,
              39.79289361154289
            ],
            [
              122.41745083537711,
              39.725338718797325
            ],
            [
              122.32957814942847,
              39.59003020683706
            ],
            [
              122.15383277753119,
              39.45445692362789
            ],
            [
              121.97808740563394,
              39.31861911161183
            ],
            [
              121.80234203373661,
              39.25060108481757
            ],
            [
              121.45085128994204,
              39.25060108481757
            ],
            [
              121.45085128994204,
              39.45445692362789
            ],
            [
              121.53872397589068,
              39.59003020683706
            ],
            [
              121.62659666183932,
              39.725338718797325
            ],
            [
              121.71446934778798,
              39.86038222345246
            ],
            [
              121.80234203373661,
              40.062450091001594
            ],
            [
              121.71446934778798,
              40.1968300862926
            ],
            [
              121.62659666183932,
              40.33094429794943
            ],
            [
              121.62659666183932,
              40.53161681851952
            ],
            [
              121.71446934778798,
              40.66506567609027
            ],
            [
              121.62659666183932,
              40.79824805030546
            ],
            [
              121.3629786039934,
              40.86473924778138
            ],
            [
              121.09936054614748,
              40.79824805030546
            ],
            [
              120.92361517425019,
              40.73169018538789
            ],
            [
              120.83574248830155,
              40.59837454585769
            ],
            [
              120.74786980235287,
              40.46479251829036
            ],
            [
              120.57212443045559,
              40.33094429794943
            ],
            [
              120.39637905855832,
              40.26392042820161
            ],
            [
              120.22063368666105,
              40.33094429794943
            ],
            [
              120.13276100071243,
              40.46479251829036
            ],
            [
              120.04488831476375,
              40.59837454585769
            ],
            [
              119.95701562881511,
              40.73169018538789
            ],
            [
              119.87867272581803,
              40.85120762020378
            ],
            [
              119.76742297956154,
              40.95603476239238
            ],
            [
              119.42977951312325,
              41.13003691539855
            ],
            [
              119.07828876932868,
              41.26228517297032
            ],
            [
              118.11168922389355,
              41.26228517297032
            ],
            [
              117.84807116604766,
              41.19619444309169
            ],
            [
              117.40870773630442,
              41.0638126106724
            ],
            [
              117.23296236440713,
              40.99752155007239
            ],
            [
              116.70572624871531,
              40.86473924778138
            ],
            [
              116.529980876818,
              40.79824805030546
            ],
            [
              116.0801360420131,
              40.71604998169274
            ],
            [
              115.74506760967984,
              40.695232090080374
            ],
            [
              115.25206706667987,
              40.69001659459915
            ],
            [
              115.0446886311157,
              40.653566775286485
            ],
            [
              114.77252715784513,
              40.46479251829036
            ],
            [
              114.59678178594781,
              40.33094429794943
            ],
            [
              114.50890909999917,
              40.1968300862926
            ],
            [
              114.42103641405056,
              40.062450091001594
            ],
            [
              114.42103641405056,
              39.86038222345246
            ],
            [
              114.24529104215326,
              39.79289361154289
            ],
            [
              114.15741835620464,
              39.65771757412616
            ],
            [
              113.89380029835868,
              39.59003020683706
            ],
            [
              113.71805492646138,
              39.52227664663598
            ],
            [
              113.54230955456411,
              39.45445692362789
            ],
            [
              113.36656418266683,
              39.38657106831788
            ],
            [
              113.19081881076957,
              39.25060108481757
            ],
            [
              113.10294612482092,
              39.114366948209856
            ],
            [
              112.92720075292362,
              39.046150903029044
            ],
            [
              112.92720075292362,
              38.84110725628754
            ],
            [
              112.83932806697494,
              38.704082237523714
            ],
            [
              112.7514553810263,
              38.56679413881018
            ],
            [
              112.66358269507766,
              38.4292432447914
            ],
            [
              112.57571000912903,
              38.29142984670936
            ],
            [
              112.39996463723178,
              38.22242480146844
            ],
            [
              112.2242192653345,
              38.15335424243078
            ],
            [
              112.04847389343718,
              38.084218207869306
            ],
            [
              111.60911046369397,
              38.015016736474394
            ],
            [
              111.43336509179669,
              37.945749867354685
            ],
            [
              111.2576197198994,
              37.87641764003784
            ],
            [
              111.08187434800207,
              37.80702009447155
            ],
            [
              110.9061289761048,
              37.73755727102425
            ],
            [
              110.46676554636163,
              37.66802921048584
            ],
            [
              110.29102017446431,
              37.5984359540688
            ],
            [
              110.02740211661838,
              37.52877754340859
            ],
            [
              109.85165674472108,
              37.45905402056489
            ],
            [
              109.67591137282382,
              37.389265428022064
            ],
            [
              109.50016600092651,
              37.31941180869018
            ],
            [
              109.23654794308057,
              37.24949320590568
            ],
            [
              109.06080257118329,
              37.17950966343225
            ],
            [
              108.88505719928601,
              37.10946122546157
            ],
            [
              108.62143914144006,
              37.03934793661409
            ],
            [
              108.44569376954277,
              36.96916984193994
            ],
            [
              108.26994839764549,
              36.89892698691942
            ],
            [
              108.00633033979959,
              36.828619417464175
            ],
            [
              107.83058496790231,
              36.75824717991756
            ],
            [
              107.56696691005632,
              36.75824717991756
            ],
            [
              107.39122153815904,
              36.61730888808817
            ],
            [
              107.21547616626178,
              36.54674292865862
            ],
            [
              107.0397307943645,
              36.47611249084571
            ],
            [
              106.86398542246721,
              36.405417623163785
            ],
            [
              106.68824005056992,
              36.33465837456357
            ],
            [
              106.51249467867262,
              36.192946932598005
            ],
            [
              106.33674930677535,
              36.05097856531171
            ],
            [
              106.2488766208267,
              35.9087536800971
            ],
            [
              106.16100393487808,
              35.76627269139949
            ],
            [
              106.16100393487808,
              35.552071938339374
            ],
            [
              106.16100393487808,
              35.33729735512821
            ],
            [
              106.30368178654157,
              35.164820763734966
            ],
            [
              106.4025385582338,
              34.962488445687924
            ],
            [
              106.59477799779779,
              34.85887560257639
            ],
            [
              106.75406518013108,
              34.69193315605927
            ],
            [
              106.84744784800287,
              34.5472754528961
            ],
            [
              106.95183254066961,
              34.41597066295402
            ],
            [
              106.95185047972096,
              34.2345150897893
            ],
            [
              106.89693005100304,
              34.0207969867612
            ],
            [
              106.8200235117466,
              33.81567727235791
            ],
            [
              106.60036736462126,
              33.52540191156795
            ],
            [
              106.51249467867262,
              33.378761424577455
            ],
            [
              106.42462199272398,
              33.23187325111336
            ],
            [
              106.2488766208267,
              33.1583364531274
            ],
            [
              106.16100393487808,
              33.011077781059974
            ],
            [
              105.98525856298077,
              32.93735604693971
            ],
            [
              105.89738587703214,
              32.78972813592555
            ],
            [
              105.72164050513481,
              32.71582210179204
            ],
            [
              105.54589513323755,
              32.567826236680276
            ],
            [
              105.4580224472889,
              32.419585795117456
            ],
            [
              105.28227707539163,
              32.34537404217932
            ],
            [
              105.19440438944297,
              32.196767844125034
            ],
            [
              105.01865901754569,
              32.12237354927468
            ],
            [
              104.93078633159706,
              31.973402947125994
            ],
            [
              104.8429136456484,
              31.82419017281598
            ],
            [
              104.91116189372106,
              31.594913827927066
            ],
            [
              104.83974739733641,
              31.34191361877744
            ],
            [
              104.66673010782364,
              31.163468556519966
            ],
            [
              104.4689806863365,
              31.057653591279934
            ],
            [
              104.1586264469263,
              31.020006108411092
            ],
            [
              103.87024037900322,
              31.043548835757342
            ],
            [
              103.51871375710594,
              31.123523440226943
            ],
            [
              103.32371035705467,
              31.219871501531863
            ],
            [
              103.1836273857213,
              31.33019693664343
            ],
            [
              103.05452850013154,
              31.414616816928003
            ],
            [
              102.89522337874692,
              31.505985095079858
            ],
            [
              102.70294806108016,
              31.503643721109302
            ],
            [
              102.47035112503504,
              31.525040595041915
            ],
            [
              102.20673306718908,
              31.525040595041915
            ],
            [
              102.0309876952918,
              31.450102820825517
            ],
            [
              101.7673696374459,
              31.450102820825517
            ],
            [
              101.59162426554859,
              31.37510505418588
            ],
            [
              101.41587889365127,
              31.224929866408303
            ],
            [
              101.32800620770263,
              31.074515682009004
            ],
            [
              101.50375157959995,
              30.92386315890585
            ],
            [
              101.59162426554859,
              30.772972962645092
            ],
            [
              101.67949695149723,
              30.621845766411234
            ],
            [
              101.67949695149723,
              30.394712088524784
            ],
            [
              101.7673696374459,
              30.242995387750135
            ],
            [
              101.67949695149723,
              30.091044103430917
            ],
            [
              101.59162426554859,
              29.938858943233296
            ],
            [
              101.50375157959995,
              29.786440622507474
            ],
            [
              101.41587889365127,
              29.55737754918544
            ],
            [
              101.24013352175402,
              29.480907399332988
            ],
            [
              101.03577220751605,
              29.451537828709423
            ],
            [
              100.85451685369561,
              29.291172215316518
            ],
            [
              100.6250247201135,
              29.09769238489496
            ],
            [
              100.36140666226757,
              29.09769238489496
            ],
            [
              100.18566129037029,
              29.02087718691482
            ],
            [
              100.00991591847303,
              28.94400481213526
            ],
            [
              99.74629786062708,
              28.94400481213526
            ],
            [
              99.48267980278112,
              28.94400481213526
            ],
            [
              99.21906174493523,
              28.94400481213526
            ],
            [
              99.04331637303791,
              28.86707535647761
            ],
            [
              98.77969831519196,
              28.86707535647761
            ],
            [
              98.51608025734606,
              28.86707535647761
            ],
            [
              98.25246219950014,
              28.86707535647761
            ],
            [
              98.07671682760285,
              28.94400481213526
            ],
            [
              97.72522608380825,
              29.02087718691482
            ],
            [
              97.37373534001372,
              29.09769238489496
            ],
            [
              96.93437191027046,
              29.09769238489496
            ],
            [
              96.58288116647591,
              29.174450310636946
            ],
            [
              96.40713579457861,
              29.251150869184585
            ],
            [
              96.14351773673265,
              29.251150869184585
            ],
            [
              95.96777236483538,
              29.3277939660639
            ],
            [
              95.70415430698947,
              29.3277939660639
            ],
            [
              95.52840893509216,
              29.404379507283245
            ],
            [
              95.3526635631949,
              29.480907399332988
            ],
            [
              95.17691819129759,
              29.55737754918544
            ],
            [
              95.08904550534895,
              29.710144252596262
            ],
            [
              94.82542744750305,
              29.86267888292669
            ],
            [
              94.64968207560574,
              30.014980713287695
            ],
            [
              94.5618093896571,
              30.167049024484488
            ],
            [
              94.47393670370846,
              30.772972962645092
            ],
            [
              94.29819133181114,
              31.37510505418588
            ],
            [
              94.2103186458625,
              31.67473584628406
            ],
            [
              94.12244595991388,
              32.04791855817127
            ],
            [
              94.12244595991388,
              32.27110136688266
            ],
            [
              94.03457327396524,
              32.419585795117456
            ],
            [
              93.9467005880166,
              32.567826236680276
            ],
            [
              93.85882790206793,
              32.71582210179204
            ],
            [
              93.77095521611929,
              32.8635728081794
            ],
            [
              93.50733715827336,
              32.93735604693971
            ],
            [
              93.33159178637608,
              33.011077781059974
            ],
            [
              93.1558464144788,
              33.084737939860325
            ],
            [
              92.98010104258148,
              33.1583364531274
            ],
            [
              92.80435567068423,
              33.23187325111336
            ],
            [
              92.54073761283827,
              33.23187325111336
            ],
            [
              92.364992240941,
              33.30534826453594
            ],
            [
              91.92562881119778,
              33.378761424577455
            ],
            [
              91.39839269550593,
              33.378761424577455
            ],
            [
              91.04690195171133,
              33.378761424577455
            ],
            [
              90.60753852196812,
              33.45211266288463
            ],
            [
              90.25604777817355,
              33.45211266288463
            ],
            [
              89.90455703437895,
              33.45211266288463
            ],
            [
              89.64093897653306,
              33.45211266288463
            ],
            [
              89.3773209186871,
              33.45211266288463
            ],
            [
              89.02583017489253,
              33.45211266288463
            ],
            [
              88.76221211704662,
              33.45211266288463
            ],
            [
              88.49859405920068,
              33.378761424577455
            ],
            [
              88.23497600135472,
              33.378761424577455
            ],
            [
              87.79561257161156,
              33.30534826453594
            ],
            [
              87.44412182781696,
              33.23187325111336
            ],
            [
              87.00475839807375,
              33.23187325111336
            ],
            [
              86.65326765427916,
              33.23187325111336
            ],
            [
              86.30177691048458,
              33.23187325111336
            ],
            [
              86.12603153858733,
              33.30534826453594
            ],
            [
              85.68666810884409,
              33.378761424577455
            ],
            [
              85.42305005099814,
              33.378761424577455
            ],
            [
              85.15943199315224,
              33.378761424577455
            ],
            [
              84.54432319151171,
              33.52540191156795
            ],
            [
              84.01708707581986,
              33.598629103201105
            ],
            [
              83.84134170392255,
              33.744897047924994
            ],
            [
              83.40197827417937,
              33.890915966891
            ],
            [
              82.9626148444361,
              33.96383187805597
            ],
            [
              82.78686947253884,
              34.0366853373115
            ],
            [
              82.61112410064156,
              34.10947628045905
            ],
            [
              82.43537872874425,
              34.25487036392953
            ],
            [
              82.25963335684699,
              34.327473378147324
            ],
            [
              82.17176067089835,
              34.47249103971459
            ],
            [
              81.99601529900103,
              34.544905563699956
            ],
            [
              81.73239724115514,
              34.61725713500307
            ],
            [
              81.55665186925782,
              34.761771177840565
            ],
            [
              80.94154306761733,
              34.97806859812596
            ],
            [
              79.79919815028494,
              35.193796238796146
            ],
            [
              79.44770740649038,
              35.26557856584306
            ],
            [
              79.09621666269582,
              35.26557856584306
            ],
            [
              78.74472591890125,
              35.12195043046699
            ],
            [
              78.04174443131208,
              34.83393352964874
            ],
            [
              77.77812637346618,
              34.68954569307987
            ],
            [
              77.60238100156884,
              34.544905563699956
            ],
            [
              77.42663562967158,
              34.47249103971459
            ],
            [
              76.81152682803106,
              34.40001362404569
            ],
            [
              76.63578145613377,
              34.327473378147324
            ],
            [
              76.4600360842365,
              34.40001362404569
            ],
            [
              75.93279996854461,
              34.40001362404569
            ],
            [
              75.58130922475009,
              34.40001362404569
            ],
            [
              75.22981848095549,
              34.40001362404569
            ],
            [
              74.79045505121228,
              34.40001362404569
            ],
            [
              73.8238555057772,
              34.40001362404569
            ],
            [
              72.85725596034213,
              34.40001362404569
            ],
            [
              72.59363790249618,
              34.40001362404569
            ],
            [
              72.41789253059888,
              34.327473378147324
            ],
            [
              71.89065641490703,
              34.40001362404569
            ],
            [
              71.62703835706111,
              34.40001362404569
            ],
            [
              71.71491104300975,
              34.544905563699956
            ],
            [
              71.89065641490703,
              34.68954569307987
            ],
            [
              72.06640178680433,
              34.761771177840565
            ],
            [
              72.2421471587016,
              34.83393352964874
            ],
            [
              72.50576521654754,
              34.90603268932096
            ],
            [
              72.68151058844482,
              34.97806859812596
            ],
            [
              72.76938327439345,
              35.12195043046699
            ],
            [
              72.85725596034213,
              35.26557856584306
            ],
            [
              73.0330013322394,
              35.40895255062044
            ],
            [
              73.12087401818805,
              35.552071938339374
            ],
            [
              73.20874670413667,
              35.694936289692805
            ],
            [
              73.8238555057772,
              35.97989816170816
            ],
            [
              74.26321893552043,
              36.192946932598005
            ],
            [
              74.52683699336633,
              36.26383479443302
            ],
            [
              74.70258236526364,
              36.405417623163785
            ],
            [
              74.87832773716092,
              36.54674292865862
            ],
            [
              75.05407310905818,
              36.68781032105572
            ],
            [
              75.22981848095549,
              36.89892698691942
            ],
            [
              75.31769116690414,
              37.03934793661409
            ],
            [
              75.49343653880143,
              37.17950966343225
            ],
            [
              75.66918191069871,
              37.24949320590568
            ],
            [
              75.75705459664735,
              37.389265428022064
            ],
            [
              75.75705459664735,
              37.73755727102425
            ],
            [
              75.66918191069871,
              38.15335424243078
            ],
            [
              75.66918191069871,
              38.360369340297225
            ],
            [
              75.58130922475009,
              38.49805152316628
            ],
            [
              75.49343653880143,
              38.63547105552469
            ],
            [
              75.40556385285275,
              38.772627649432664
            ],
            [
              75.22981848095549,
              38.84110725628754
            ],
            [
              75.05407310905818,
              38.90952102353413
            ],
            [
              74.87832773716092,
              38.97786891702708
            ],
            [
              74.43896430741769,
              38.97786891702708
            ],
            [
              73.8238555057772,
              38.97786891702708
            ],
            [
              73.56023744793126,
              38.97786891702708
            ],
            [
              73.29661939008531,
              38.90952102353413
            ],
            [
              73.0330013322394,
              38.90952102353413
            ],
            [
              72.76938327439345,
              38.90952102353413
            ],
            [
              72.50576521654754,
              38.97786891702708
            ],
            [
              72.2421471587016,
              38.97786891702708
            ],
            [
              71.89065641490703,
              38.97786891702708
            ],
            [
              71.71491104300975,
              39.046150903029044
            ],
            [
              71.4512929851638,
              39.046150903029044
            ],
            [
              71.01192955542058,
              39.046150903029044
            ],
            [
              70.30894806783145,
              39.046150903029044
            ],
            [
              69.86958463808821,
              39.046150903029044
            ],
            [
              69.51809389429366,
              39.114366948209856
            ],
            [
              69.16660315049909,
              39.18251701964553
            ],
            [
              69.07873046455045,
              39.45445692362789
            ],
            [
              68.99085777860176,
              39.59003020683706
            ],
            [
              68.90298509265314,
              39.79289361154289
            ],
            [
              68.90298509265314,
              39.99516049110309
            ],
            [
              68.99085777860176,
              40.26392042820161
            ],
            [
              68.99085777860176,
              40.46479251829036
            ],
            [
              69.07873046455045,
              40.59837454585769
            ],
            [
              69.25447583644771,
              40.73169018538789
            ],
            [
              69.51809389429366,
              40.86473924778138
            ],
            [
              69.86958463808821,
              40.99752155007239
            ],
            [
              70.13320269593414,
              41.13003691539855
            ],
            [
              70.57256612567737,
              41.26228517297032
            ],
            [
              70.83618418352332,
              41.39426615804041
            ],
            [
              71.1876749273179,
              41.52597971187286
            ],
            [
              71.62703835706111,
              41.657425681712276
            ],
            [
              71.80278372895839,
              41.72304827652619
            ],
            [
              72.2421471587016,
              41.91951428810619
            ],
            [
              72.59363790249618,
              42.05015664877223
            ],
            [
              72.94512864629077,
              42.180530873605534
            ],
            [
              73.99960087767447,
              42.37558918798902
            ],
            [
              74.61470967931501,
              42.50529254637318
            ],
            [
              75.22981848095549,
              42.69934403488668
            ],
            [
              75.40556385285275,
              42.76389353340361
            ],
            [
              75.49343653880143,
              42.95713886783242
            ],
            [
              75.58130922475009,
              43.085633010999935
            ],
            [
              75.75705459664735,
              43.14977922683312
            ],
            [
              75.93279996854461,
              43.27786989745938
            ],
            [
              76.19641802639056,
              43.533243938946754
            ],
            [
              76.37216339828788,
              43.66052717613154
            ],
            [
              76.4600360842365,
              43.787541144273185
            ],
            [
              76.63578145613377,
              43.850947135611804
            ],
            [
              76.81152682803106,
              43.97755710209369
            ],
            [
              76.89939951397973,
              44.103897676587636
            ],
            [
              77.25089025777432,
              44.35577049571019
            ],
            [
              77.51450831562023,
              44.60656533806315
            ],
            [
              77.6902536875175,
              44.669095592910075
            ],
            [
              77.95387174536344,
              44.73155846125528
            ],
            [
              78.30536248915803,
              44.73155846125528
            ],
            [
              78.4811078610553,
              44.85628203261352
            ],
            [
              79.00834397674718,
              44.91854273351587
            ],
            [
              79.44770740649038,
              44.98073604369294
            ],
            [
              79.62345277838767,
              45.04286196288747
            ],
            [
              79.88707083623362,
              45.16691162888572
            ],
            [
              80.0628162081309,
              45.22883537675768
            ],
            [
              80.3264342659768,
              45.29069173578147
            ],
            [
              80.50217963787412,
              45.41420229287405
            ],
            [
              80.67792500977139,
              45.47585649451704
            ],
            [
              80.67792500977139,
              45.66041481979155
            ],
            [
              80.3264342659768,
              46.08869304126669
            ],
            [
              80.0628162081309,
              46.271230619897665
            ],
            [
              79.62345277838767,
              46.69479560027489
            ],
            [
              78.92047129079852,
              47.23453599918047
            ],
            [
              78.6568532329526,
              47.532039801504936
            ],
            [
              78.56898054700392,
              47.76883447462547
            ],
            [
              78.4811078610553,
              47.945726132275695
            ],
            [
              78.39323517510665,
              48.06331870576168
            ],
            [
              78.30536248915803,
              48.239205058139916
            ],
            [
              78.21748980320939,
              48.414488766030644
            ],
            [
              78.12961711726075,
              48.589170259401214
            ],
            [
              78.12961711726075,
              48.76324998917077
            ],
            [
              78.04174443131208,
              48.93672842696305
            ],
            [
              77.8659990594148,
              49.109606064860074
            ],
            [
              77.6902536875175,
              49.33917589276941
            ],
            [
              77.51450831562023,
              49.51065369097745
            ],
            [
              77.42663562967158,
              49.6815324741681
            ],
            [
              77.33876294372295,
              49.79511916143485
            ],
            [
              77.25089025777432,
              49.908440052227775
            ],
            [
              77.16301757182563,
              50.021495326269594
            ],
            [
              77.07514488587701,
              50.134285167003355
            ],
            [
              76.98727219992837,
              50.2468097615607
            ],
            [
              76.81152682803106,
              50.35906930073018
            ],
            [
              76.63578145613377,
              50.415099735158066
            ],
            [
              76.54790877018516,
              50.526962056896366
            ],
            [
              76.54790877018516,
              50.69425954799
            ],
            [
              76.4600360842365,
              50.80546084553108
            ],
            [
              76.37216339828788,
              50.916398095380806
            ],
            [
              76.37216339828788,
              51.08230934558032
            ],
            [
              76.37216339828788,
              51.24762769665073
            ],
            [
              76.37216339828788,
              51.467131171424015
            ],
            [
              76.54790877018516,
              51.57648870786479
            ],
            [
              76.63578145613377,
              51.74003291334718
            ],
            [
              76.81152682803106,
              51.95717451363693
            ],
            [
              76.89939951397973,
              52.06535271130033
            ],
            [
              77.07514488587701,
              52.173269501780375
            ],
            [
              77.16301757182563,
              52.33465509622304
            ],
            [
              77.33876294372295,
              52.44191946818393
            ],
            [
              77.77812637346618,
              52.65566691378877
            ],
            [
              78.4811078610553,
              52.92138899904895
            ],
            [
              79.79919815028494,
              53.1854903152357
            ],
            [
              80.85367038166869,
              53.39560730620113
            ],
            [
              81.64452455520649,
              53.60469201719859
            ],
            [
              81.82026992710377,
              53.6568021698736
            ],
            [
              81.9081426130524,
              53.76082949916374
            ],
            [
              82.17176067089835,
              53.91638860357521
            ],
            [
              82.52325141469292,
              54.12290277475014
            ],
            [
              82.69899678659021,
              54.17437121629639
            ],
            [
              82.78686947253884,
              54.27711624340574
            ],
            [
              82.87474215848748,
              54.37960571779032
            ],
            [
              83.05048753038479,
              54.43075471901981
            ],
            [
              83.13836021633342,
              54.5328614435339
            ],
            [
              83.31410558823069,
              54.63471339122804
            ],
            [
              83.489850960128,
              54.736310876767526
            ],
            [
              83.66559633202527,
              54.83765421723584
            ],
            [
              83.84134170392255,
              54.938743732107795
            ],
            [
              84.01708707581986,
              54.98919340542826
            ],
            [
              84.19283244771712,
              55.089902786085645
            ],
            [
              84.45645050556307,
              55.1903591501192
            ],
            [
              84.80794124935767,
              55.1903591501192
            ],
            [
              85.07155930720356,
              55.240492553198415
            ],
            [
              85.77454079479273,
              55.1903591501192
            ],
            [
              85.95028616669,
              55.14016257475685
            ],
            [
              86.56539496833054,
              54.938743732107795
            ],
            [
              86.82901302617645,
              54.83765421723584
            ],
            [
              87.09263108402239,
              54.736310876767526
            ],
            [
              87.26837645591966,
              54.68554392200577
            ],
            [
              87.44412182781696,
              54.63471339122804
            ],
            [
              87.70773988566287,
              54.63471339122804
            ],
            [
              88.05923062945747,
              54.5328614435339
            ],
            [
              88.23497600135472,
              54.481839947950725
            ],
            [
              88.49859405920068,
              54.43075471901981
            ],
            [
              88.9379574889439,
              54.27711624340574
            ],
            [
              89.3773209186871,
              54.12290277475014
            ],
            [
              89.99242972032762,
              53.91638860357521
            ],
            [
              90.87115657981404,
              53.812746749029664
            ],
            [
              91.22264732360863,
              53.76082949916374
            ],
            [
              91.48626538145457,
              53.76082949916374
            ],
            [
              92.10137418309506,
              53.91638860357521
            ],
            [
              92.89222835663287,
              54.07137033047555
            ],
            [
              93.9467005880166,
              54.37960571779032
            ],
            [
              94.64968207560574,
              54.63471339122804
            ],
            [
              95.17691819129759,
              54.83765421723584
            ],
            [
              95.61628162104086,
              55.03957974322255
            ],
            [
              95.96777236483538,
              55.14016257475685
            ],
            [
              96.14351773673265,
              55.1903591501192
            ],
            [
              96.31926310862997,
              55.240492553198415
            ],
            [
              96.67075385242454,
              55.34057000731943
            ],
            [
              97.28586265406504,
              55.53996866895282
            ],
            [
              97.90097145570553,
              55.68885726703683
            ],
            [
              98.77969831519196,
              55.88649703695739
            ],
            [
              99.30693443088387,
              55.935750413781584
            ],
            [
              99.6584251746784,
              56.03406958967032
            ],
            [
              99.92204323252435,
              56.08313547526266
            ],
            [
              100.09778860442165,
              56.13213895051973
            ],
            [
              100.36140666226757,
              56.22995884449121
            ],
            [
              100.53715203416483,
              56.278775350752994
            ],
            [
              100.88864277795946,
              56.42485163455404
            ],
            [
              101.50375157959995,
              56.57036899556122
            ],
            [
              101.7673696374459,
              56.61875078523306
            ],
            [
              102.64609649693233,
              56.85973177296868
            ],
            [
              103.0854599266755,
              56.90774269457823
            ],
            [
              103.34907798452146,
              57.00357962530786
            ],
            [
              103.8763141002133,
              57.051405725805985
            ],
            [
              104.05205947211063,
              57.099170310833664
            ],
            [
              104.40355021590521,
              57.099170310833664
            ],
            [
              104.8429136456484,
              57.099170310833664
            ],
            [
              105.10653170349433,
              57.099170310833664
            ],
            [
              105.37014976134027,
              57.146873426361736
            ],
            [
              105.63376781918619,
              57.146873426361736
            ],
            [
              106.2488766208267,
              57.146873426361736
            ],
            [
              106.68824005056992,
              57.146873426361736
            ],
            [
              107.74271228195364,
              57.242095433358685
            ],
            [
              108.00633033979959,
              57.242095433358685
            ],
            [
              108.35782108359413,
              57.242095433358685
            ],
            [
              108.88505719928601,
              57.194515118472424
            ],
            [
              109.32442062902919,
              57.146873426361736
            ],
            [
              109.67591137282382,
              57.099170310833664
            ],
            [
              110.20314748851564,
              57.00357962530786
            ],
            [
              110.37889286041295,
              56.90774269457823
            ],
            [
              110.55463823231027,
              56.85973177296868
            ],
            [
              110.73038360420752,
              56.81165915313404
            ],
            [
              110.9061289761048,
              56.7635247896716
            ],
            [
              111.08187434800207,
              56.667070650832606
            ],
            [
              111.34549240584806,
              56.57036899556122
            ],
            [
              111.52123777774533,
              56.5219252370014
            ],
            [
              111.6969831496426,
              56.37622170163657
            ],
            [
              111.87272852153987,
              56.327529621772776
            ],
            [
              112.04847389343718,
              56.22995884449121
            ],
            [
              112.2242192653345,
              56.18108005902566
            ],
            [
              112.39996463723178,
              56.08313547526266
            ],
            [
              112.7514553810263,
              56.03406958967032
            ],
            [
              113.19081881076957,
              55.98494125028609
            ],
            [
              113.45443686861547,
              55.88649703695739
            ],
            [
              113.63018224051275,
              55.837181076743974
            ],
            [
              113.80592761241004,
              55.78780249020238
            ],
            [
              114.069545670256,
              55.68885726703683
            ],
            [
              114.24529104215326,
              55.58966102659186
            ],
            [
              114.42103641405056,
              55.53996866895282
            ],
            [
              114.59678178594781,
              55.4403952681502
            ],
            [
              114.8603998437938,
              55.39051414111919
            ],
            [
              115.1240179016397,
              55.29056282516222
            ],
            [
              115.29976327353698,
              55.1903591501192
            ],
            [
              115.65125401733158,
              55.089902786085645
            ],
            [
              116.09061744707479,
              54.98919340542826
            ],
            [
              116.35423550492068,
              54.938743732107795
            ],
            [
              116.88147162061259,
              54.938743732107795
            ],
            [
              117.76019848009902,
              54.98919340542826
            ],
            [
              119.34190682717463,
              55.03957974322255
            ],
            [
              120.13276100071243,
              55.03957974322255
            ],
            [
              120.57212443045559,
              55.03957974322255
            ],
            [
              121.09936054614748,
              54.98919340542826
            ],
            [
              121.53872397589068,
              54.98919340542826
            ],
            [
              121.80234203373661,
              54.938743732107795
            ],
            [
              121.97808740563394,
              54.888230682811525
            ],
            [
              122.15383277753119,
              54.787014295224125
            ],
            [
              122.41745083537711,
              54.68554392200577
            ],
            [
              122.85681426512036,
              54.43075471901981
            ],
            [
              123.03255963701763,
              54.32839290546594
            ],
            [
              123.12043232296628,
              54.2257756931251
            ],
            [
              123.20830500891492,
              54.12290277475014
            ],
            [
              123.38405038081218,
              54.01977384562159
            ],
            [
              123.55979575270949,
              53.864599771487
            ],
            [
              123.91128649650406,
              53.76082949916374
            ],
            [
              124.26277724029865,
              53.50027855391714
            ],
            [
              124.96575872788777,
              53.08004400778043
            ],
            [
              125.49299484357965,
              52.86837437943847
            ],
            [
              126.10810364522017,
              52.65566691378877
            ],
            [
              126.45959438901474,
              52.44191946818393
            ],
            [
              126.63533976091202,
              52.33465509622304
            ],
            [
              126.8110851328093,
              52.28092513483534
            ],
            [
              127.07470319065523,
              52.28092513483534
            ],
            [
              127.4261939344498,
              52.227129947255115
            ],
            [
              127.86555736419304,
              52.227129947255115
            ],
            [
              128.3927934798849,
              52.28092513483534
            ],
            [
              128.8321569096281,
              52.33465509622304
            ],
            [
              129.35939302531995,
              52.38831986331144
            ],
            [
              129.79875645506323,
              52.38831986331144
            ],
            [
              130.15024719885776,
              52.44191946818393
            ],
            [
              131.11684674429284,
              52.54892332056043
            ],
            [
              131.64408285998474,
              52.65566691378877
            ],
            [
              131.90770091783065,
              52.70894119542561
            ],
            [
              132.17131897567657,
              52.70894119542561
            ],
            [
              132.34706434757385,
              52.76215051128964
            ],
            [
              132.78642777731707,
              52.81529489476997
            ],
            [
              133.31366389300896,
              52.86837437943847
            ],
            [
              134.01664538059808,
              53.08004400778043
            ],
            [
              134.63175418223858,
              53.238116463402115
            ],
            [
              135.07111761198183,
              53.34317492362127
            ],
            [
              135.51048104172503,
              53.44797517106796
            ],
            [
              135.68622641362234,
              53.50027855391714
            ],
            [
              136.12558984336556,
              53.55251749061512
            ],
            [
              136.30133521526284,
              53.60469201719859
            ],
            [
              136.4770805871601,
              53.55251749061512
            ],
            [
              136.74069864500603,
              53.55251749061512
            ],
            [
              137.18006207474926,
              53.50027855391714
            ],
            [
              137.61942550449248,
              53.50027855391714
            ],
            [
              137.97091624828707,
              53.50027855391714
            ],
            [
              138.32240699208162,
              53.6568021698736
            ],
            [
              138.58602504992757,
              53.76082949916374
            ],
            [
              138.93751579372213,
              53.864599771487
            ],
            [
              139.1132611656194,
              53.96811328249785
            ],
            [
              139.2890065375167,
              54.01977384562159
            ],
            [
              139.6404972813113,
              54.01977384562159
            ],
            [
              139.81624265320858,
              53.96811328249785
            ],
            [
              139.99198802510585,
              53.864599771487
            ],
            [
              140.16773339700313,
              53.6568021698736
            ],
            [
              140.34347876890044,
              53.50027855391714
            ],
            [
              140.34347876890044,
              53.34317492362127
            ],
            [
              140.43135145484908,
              53.238116463402115
            ],
            [
              140.51922414079772,
              53.13279950830393
            ],
            [
              140.60709682674636,
              53.027223779015365
            ],
            [
              140.694969512695,
              52.86837437943847
            ],
            [
              140.694969512695,
              52.65566691378877
            ],
            [
              140.78284219864364,
              52.49545394311327
            ],
            [
              140.87071488459227,
              52.11934376690108
            ],
            [
              140.87071488459227,
              51.95717451363693
            ],
            [
              140.87071488459227,
              51.68558375222915
            ],
            [
              140.87071488459227,
              51.52184276574537
            ],
            [
              140.87071488459227,
              51.35751091067014
            ],
            [
              140.78284219864364,
              51.19258741152436
            ],
            [
              140.694969512695,
              50.749893215841254
            ],
            [
              140.60709682674636,
              50.47106397892577
            ],
            [
              140.43135145484908,
              50.35906930073018
            ],
            [
              140.2556060829518,
              50.07792341419035
            ],
            [
              140.16773339700313,
              49.908440052227775
            ],
            [
              139.99198802510585,
              49.6815324741681
            ],
            [
              139.90411533915722,
              49.51065369097745
            ],
            [
              139.90411533915722,
              49.22452429789909
            ],
            [
              139.81624265320858,
              49.109606064860074
            ],
            [
              139.81624265320858,
              48.87896906129479
            ],
            [
              139.72836996725994,
              48.70529024651398
            ],
            [
              139.55262459536266,
              48.589170259401214
            ],
            [
              139.37687922346532,
              48.414488766030644
            ],
            [
              139.2890065375167,
              48.239205058139916
            ],
            [
              139.20113385156807,
              48.1220144760579
            ],
            [
              139.20113385156807,
              47.945726132275695
            ],
            [
              139.1132611656194,
              47.709736453917046
            ],
            [
              139.1132611656194,
              47.532039801504936
            ],
            [
              139.1132611656194,
              47.35373899921149
            ],
            [
              139.02538847967077,
              47.23453599918047
            ],
            [
              138.93751579372213,
              47.11506425502356
            ],
            [
              138.8496431077735,
              46.9953236814838
            ],
            [
              138.6738977358762,
              46.87531419780361
            ],
            [
              138.4981523639789,
              46.815208590662515
            ],
            [
              138.32240699208162,
              46.75503572775781
            ],
            [
              138.32240699208162,
              46.75503572775781
            ],
            [
              138.32609234019708,
              46.75489853759157
            ]
          ]
        ]
      }
    }
  ]
}